timestamp,dirname,filename,uri,thumbnail,md5,name,xyxy_mm,file_format,DPI,brightness,driver,usb_port,device_id,host_id,sane_device,target_base_dir,scan_metadata,custom_label,crop,box,conf,scale,json_parent_dir,json_path,IMAGE_FILENAME,DATASET,DRYMASS_MG
2026-01-13T16:09:56.394761,/data/d3dbcf42e05429343a8e1a5966e3bcf0/Epson Perfection V850/2026-01-13/2026-01-13_16-09-56/top_left,2026-01-13_16-09-56.top_left.jpg,/data/d3dbcf42e05429343a8e1a5966e3bcf0/Epson Perfection V850/2026-01-13/2026-01-13_16-09-56/top_left/2026-01-13_16-09-56.top_left.jpg,2026-01-13_16-09-56.top_left.thumb.jpg,788d0971822fc839506e3180de7f3b36,top_left,"[22.0, 45.0, 110.0, 135.0]",jpg,3200,0,epsonscan2,esci2:usb:ES00FE:337,Epson Perfection V850,d3dbcf42e05429343a8e1a5966e3bcf0,epsonscan2:Epson Perfection V850::esci2:usb:ES00FE:337,/data,{},DROSO_01_MEL_19_F,crop_2026-01-13_16-09-56.top_left_CROPNUMBER_32_UUID_DROSO_01_MEL_19_F.png,"[5863, 6268, 6305, 6968]",0.9342623353004456,0.6028218259357906,00_data/01_segmented/crops,00_data/01_segmented/crops/crop_2026-01-13_16-09-56.top_left_CROPNUMBER_32_UUID_DROSO_01_MEL_19_F.json,00_data/01_segmented/crops/crop_2026-01-13_16-09-56.top_left_CROPNUMBER_32_UUID_DROSO_01_MEL_19_F.png,crops,
2026-01-13T16:04:10.629205,/data/d3dbcf42e05429343a8e1a5966e3bcf0/Epson Perfection V850/2026-01-13/2026-01-13_16-04-10/top_right,2026-01-13_16-04-10.top_right.jpg,/data/d3dbcf42e05429343a8e1a5966e3bcf0/Epson Perfection V850/2026-01-13/2026-01-13_16-04-10/top_right/2026-01-13_16-04-10.top_right.jpg,2026-01-13_16-04-10.top_right.thumb.jpg,3126fa75aee2fe2913a08ebebfa0ed4f,top_right,"[110.5, 45.0, 200.0, 135.0]",jpg,3200,0,epsonscan2,esci2:usb:ES00FE:337,Epson Perfection V850,d3dbcf42e05429343a8e1a5966e3bcf0,epsonscan2:Epson Perfection V850::esci2:usb:ES00FE:337,/data,{},DROSO_05_SIM_19_M,crop_2026-01-13_16-04-10.top_right_CROPNUMBER_17_UUID_DROSO_05_SIM_19_M.png,"[3329, 6101, 3690, 6457]",0.9269987344741821,1.0,00_data/01_segmented/crops,00_data/01_segmented/crops/crop_2026-01-13_16-04-10.top_right_CROPNUMBER_17_UUID_DROSO_05_SIM_19_M.json,00_data/01_segmented/crops/crop_2026-01-13_16-04-10.top_right_CROPNUMBER_17_UUID_DROSO_05_SIM_19_M.png,crops,
2026-01-13T15:40:38.651010,/data/d3dbcf42e05429343a8e1a5966e3bcf0/Epson Perfection V850/2026-01-13/2026-01-13_15-40-38/top_right,2026-01-13_15-40-38.top_right.jpg,/data/d3dbcf42e05429343a8e1a5966e3bcf0/Epson Perfection V850/2026-01-13/2026-01-13_15-40-38/top_right/2026-01-13_15-40-38.top_right.jpg,2026-01-13_15-40-38.top_right.thumb.jpg,b3a9f59be4eab6b9c284088e08fe2da7,top_right,"[110.5, 45.0, 200.0, 135.0]",jpg,3200,0,epsonscan2,esci2:usb:ES00FE:337,Epson Perfection V850,d3dbcf42e05429343a8e1a5966e3bcf0,epsonscan2:Epson Perfection V850::esci2:usb:ES00FE:337,/data,{},DROSO_01_SIM_19_M,crop_2026-01-13_15-40-38.top_right_CROPNUMBER_5_UUID_DROSO_01_SIM_19_M.png,"[4644, 6503, 4929, 6919]",0.9424480199813843,1.0,00_data/01_segmented/crops,00_data/01_segmented/crops/crop_2026-01-13_15-40-38.top_right_CROPNUMBER_5_UUID_DROSO_01_SIM_19_M.json,00_data/01_segmented/crops/crop_2026-01-13_15-40-38.top_right_CROPNUMBER_5_UUID_DROSO_01_SIM_19_M.png,crops,
2026-01-13T16:22:42.229986,/data/d3dbcf42e05429343a8e1a5966e3bcf0/Epson Perfection V850/2026-01-13/2026-01-13_16-22-42/top_left,2026-01-13_16-22-42.top_left.jpg,/data/d3dbcf42e05429343a8e1a5966e3bcf0/Epson Perfection V850/2026-01-13/2026-01-13_16-22-42/top_left/2026-01-13_16-22-42.top_left.jpg,2026-01-13_16-22-42.top_left.thumb.jpg,f331f82ac6dcbf4a1318ddee5307a618,top_left,"[22.0, 45.0, 110.0, 135.0]",jpg,3200,0,epsonscan2,esci2:usb:ES00FE:337,Epson Perfection V850,d3dbcf42e05429343a8e1a5966e3bcf0,epsonscan2:Epson Perfection V850::esci2:usb:ES00FE:337,/data,{},DROSO_03_MEL_19_F,crop_2026-01-13_16-22-42.top_left_CROPNUMBER_30_UUID_DROSO_03_MEL_19_F.png,"[3382, 6526, 3728, 7038]",0.9313243627548218,0.6028218259357906,00_data/01_segmented/crops,00_data/01_segmented/crops/crop_2026-01-13_16-22-42.top_left_CROPNUMBER_30_UUID_DROSO_03_MEL_19_F.json,00_data/01_segmented/crops/crop_2026-01-13_16-22-42.top_left_CROPNUMBER_30_UUID_DROSO_03_MEL_19_F.png,crops,
2026-01-13T15:40:38.651010,/data/d3dbcf42e05429343a8e1a5966e3bcf0/Epson Perfection V850/2026-01-13/2026-01-13_15-40-38/top_right,2026-01-13_15-40-38.top_right.jpg,/data/d3dbcf42e05429343a8e1a5966e3bcf0/Epson Perfection V850/2026-01-13/2026-01-13_15-40-38/top_right/2026-01-13_15-40-38.top_right.jpg,2026-01-13_15-40-38.top_right.thumb.jpg,b3a9f59be4eab6b9c284088e08fe2da7,top_right,"[110.5, 45.0, 200.0, 135.0]",jpg,3200,0,epsonscan2,esci2:usb:ES00FE:337,Epson Perfection V850,d3dbcf42e05429343a8e1a5966e3bcf0,epsonscan2:Epson Perfection V850::esci2:usb:ES00FE:337,/data,{},DROSO_01_SIM_19_M,crop_2026-01-13_15-40-38.top_right_CROPNUMBER_2_UUID_DROSO_01_SIM_19_M.png,"[8275, 8657, 8570, 9088]",0.9474691152572632,0.6027106630904797,00_data/01_segmented/crops,00_data/01_segmented/crops/crop_2026-01-13_15-40-38.top_right_CROPNUMBER_2_UUID_DROSO_01_SIM_19_M.json,00_data/01_segmented/crops/crop_2026-01-13_15-40-38.top_right_CROPNUMBER_2_UUID_DROSO_01_SIM_19_M.png,crops,
2026-01-13T15:58:15.447485,/data/d3dbcf42e05429343a8e1a5966e3bcf0/Epson Perfection V850/2026-01-13/2026-01-13_15-58-15/top_left,2026-01-13_15-58-15.top_left.jpg,/data/d3dbcf42e05429343a8e1a5966e3bcf0/Epson Perfection V850/2026-01-13/2026-01-13_15-58-15/top_left/2026-01-13_15-58-15.top_left.jpg,2026-01-13_15-58-15.top_left.thumb.jpg,06b4b76a8baf9e9d6a949609e6c4b9d4,top_left,"[22.0, 45.0, 110.0, 135.0]",jpg,3200,0,epsonscan2,esci2:usb:ES00FE:337,Epson Perfection V850,d3dbcf42e05429343a8e1a5966e3bcf0,epsonscan2:Epson Perfection V850::esci2:usb:ES00FE:337,/data,{},DROSO_04_SIM_19_F,crop_2026-01-13_15-58-15.top_left_CROPNUMBER_1_UUID_DROSO_04_SIM_19_F.png,"[2390, 7059, 2838, 7419]",0.951957106590271,1.0,00_data/01_segmented/crops,00_data/01_segmented/crops/crop_2026-01-13_15-58-15.top_left_CROPNUMBER_1_UUID_DROSO_04_SIM_19_F.json,00_data/01_segmented/crops/crop_2026-01-13_15-58-15.top_left_CROPNUMBER_1_UUID_DROSO_04_SIM_19_F.png,crops,
2026-01-13T16:09:56.394761,/data/d3dbcf42e05429343a8e1a5966e3bcf0/Epson Perfection V850/2026-01-13/2026-01-13_16-09-56/top_right,2026-01-13_16-09-56.top_right.jpg,/data/d3dbcf42e05429343a8e1a5966e3bcf0/Epson Perfection V850/2026-01-13/2026-01-13_16-09-56/top_right/2026-01-13_16-09-56.top_right.jpg,2026-01-13_16-09-56.top_right.thumb.jpg,aee7ff74e98fd3cb0d78628f63d1119f,top_right,"[110.5, 45.0, 200.0, 135.0]",jpg,3200,0,epsonscan2,esci2:usb:ES00FE:337,Epson Perfection V850,d3dbcf42e05429343a8e1a5966e3bcf0,epsonscan2:Epson Perfection V850::esci2:usb:ES00FE:337,/data,{},DROSO_01_MEL_19_M,crop_2026-01-13_16-09-56.top_right_CROPNUMBER_11_UUID_DROSO_01_MEL_19_M.png,"[6605, 4873, 7111, 5196]",0.9443588256835938,0.6027106630904797,00_data/01_segmented/crops,00_data/01_segmented/crops/crop_2026-01-13_16-09-56.top_right_CROPNUMBER_11_UUID_DROSO_01_MEL_19_M.json,00_data/01_segmented/crops/crop_2026-01-13_16-09-56.top_right_CROPNUMBER_11_UUID_DROSO_01_MEL_19_M.png,crops,
2026-01-13T16:17:02.422812,/data/d3dbcf42e05429343a8e1a5966e3bcf0/Epson Perfection V850/2026-01-13/2026-01-13_16-17-02/top_left,2026-01-13_16-17-02.top_left.jpg,/data/d3dbcf42e05429343a8e1a5966e3bcf0/Epson Perfection V850/2026-01-13/2026-01-13_16-17-02/top_left/2026-01-13_16-17-02.top_left.jpg,2026-01-13_16-17-02.top_left.thumb.jpg,73a37d7ec44337a23e2a64e1230cb14f,top_left,"[22.0, 45.0, 110.0, 135.0]",jpg,3200,0,epsonscan2,esci2:usb:ES00FE:337,Epson Perfection V850,d3dbcf42e05429343a8e1a5966e3bcf0,epsonscan2:Epson Perfection V850::esci2:usb:ES00FE:337,/data,{},DROSO_02_MEL_19_F,crop_2026-01-13_16-17-02.top_left_CROPNUMBER_5_UUID_DROSO_02_MEL_19_F.png,"[3970, 6429, 4437, 6896]",0.9459187388420105,1.0,00_data/01_segmented/crops,00_data/01_segmented/crops/crop_2026-01-13_16-17-02.top_left_CROPNUMBER_5_UUID_DROSO_02_MEL_19_F.json,00_data/01_segmented/crops/crop_2026-01-13_16-17-02.top_left_CROPNUMBER_5_UUID_DROSO_02_MEL_19_F.png,crops,
2026-01-13T15:40:38.651010,/data/d3dbcf42e05429343a8e1a5966e3bcf0/Epson Perfection V850/2026-01-13/2026-01-13_15-40-38/top_left,2026-01-13_15-40-38.top_left.jpg,/data/d3dbcf42e05429343a8e1a5966e3bcf0/Epson Perfection V850/2026-01-13/2026-01-13_15-40-38/top_left/2026-01-13_15-40-38.top_left.jpg,2026-01-13_15-40-38.top_left.thumb.jpg,16a144e86ca9c5e7bb9b16ddead6411f,top_left,"[22.0, 45.0, 110.0, 135.0]",jpg,3200,0,epsonscan2,esci2:usb:ES00FE:337,Epson Perfection V850,d3dbcf42e05429343a8e1a5966e3bcf0,epsonscan2:Epson Perfection V850::esci2:usb:ES00FE:337,/data,{},DROSO_01_SIM_19_F,crop_2026-01-13_15-40-38.top_left_CROPNUMBER_14_UUID_DROSO_01_SIM_19_F.png,"[5791, 9534, 6276, 9915]",0.932274341583252,0.6028218259357906,00_data/01_segmented/crops,00_data/01_segmented/crops/crop_2026-01-13_15-40-38.top_left_CROPNUMBER_14_UUID_DROSO_01_SIM_19_F.json,00_data/01_segmented/crops/crop_2026-01-13_15-40-38.top_left_CROPNUMBER_14_UUID_DROSO_01_SIM_19_F.png,crops,
2026-01-13T15:46:54.437940,/data/d3dbcf42e05429343a8e1a5966e3bcf0/Epson Perfection V850/2026-01-13/2026-01-13_15-46-54/top_right,2026-01-13_15-46-54.top_right.jpg,/data/d3dbcf42e05429343a8e1a5966e3bcf0/Epson Perfection V850/2026-01-13/2026-01-13_15-46-54/top_right/2026-01-13_15-46-54.top_right.jpg,2026-01-13_15-46-54.top_right.thumb.jpg,8cfcebfb20b3b3b2bc86ba50975b08d9,top_right,"[110.5, 45.0, 200.0, 135.0]",jpg,3200,0,epsonscan2,esci2:usb:ES00FE:337,Epson Perfection V850,d3dbcf42e05429343a8e1a5966e3bcf0,epsonscan2:Epson Perfection V850::esci2:usb:ES00FE:337,/data,{},DROSO_02_SIM_19_M,crop_2026-01-13_15-46-54.top_right_CROPNUMBER_13_UUID_DROSO_02_SIM_19_M.png,"[6819, 7412, 7147, 7746]",0.9374263882637024,1.0,00_data/01_segmented/crops,00_data/01_segmented/crops/crop_2026-01-13_15-46-54.top_right_CROPNUMBER_13_UUID_DROSO_02_SIM_19_M.json,00_data/01_segmented/crops/crop_2026-01-13_15-46-54.top_right_CROPNUMBER_13_UUID_DROSO_02_SIM_19_M.png,crops,
2026-01-13T15:46:54.437940,/data/d3dbcf42e05429343a8e1a5966e3bcf0/Epson Perfection V850/2026-01-13/2026-01-13_15-46-54/top_left,2026-01-13_15-46-54.top_left.jpg,/data/d3dbcf42e05429343a8e1a5966e3bcf0/Epson Perfection V850/2026-01-13/2026-01-13_15-46-54/top_left/2026-01-13_15-46-54.top_left.jpg,2026-01-13_15-46-54.top_left.thumb.jpg,5483407fad8572e990edf163cad31d3d,top_left,"[22.0, 45.0, 110.0, 135.0]",jpg,3200,0,epsonscan2,esci2:usb:ES00FE:337,Epson Perfection V850,d3dbcf42e05429343a8e1a5966e3bcf0,epsonscan2:Epson Perfection V850::esci2:usb:ES00FE:337,/data,{},DROSO_02_SIM_19_F,crop_2026-01-13_15-46-54.top_left_CROPNUMBER_13_UUID_DROSO_02_SIM_19_F.png,"[6529, 5723, 6980, 6151]",0.9288830161094666,0.6028218259357906,00_data/01_segmented/crops,00_data/01_segmented/crops/crop_2026-01-13_15-46-54.top_left_CROPNUMBER_13_UUID_DROSO_02_SIM_19_F.json,00_data/01_segmented/crops/crop_2026-01-13_15-46-54.top_left_CROPNUMBER_13_UUID_DROSO_02_SIM_19_F.png,crops,
2026-01-13T15:58:15.447485,/data/d3dbcf42e05429343a8e1a5966e3bcf0/Epson Perfection V850/2026-01-13/2026-01-13_15-58-15/top_left,2026-01-13_15-58-15.top_left.jpg,/data/d3dbcf42e05429343a8e1a5966e3bcf0/Epson Perfection V850/2026-01-13/2026-01-13_15-58-15/top_left/2026-01-13_15-58-15.top_left.jpg,2026-01-13_15-58-15.top_left.thumb.jpg,06b4b76a8baf9e9d6a949609e6c4b9d4,top_left,"[22.0, 45.0, 110.0, 135.0]",jpg,3200,0,epsonscan2,esci2:usb:ES00FE:337,Epson Perfection V850,d3dbcf42e05429343a8e1a5966e3bcf0,epsonscan2:Epson Perfection V850::esci2:usb:ES00FE:337,/data,{},DROSO_04_SIM_19_F,crop_2026-01-13_15-58-15.top_left_CROPNUMBER_4_UUID_DROSO_04_SIM_19_F.png,"[5320, 9474, 5716, 9921]",0.9445918798446655,1.0,00_data/01_segmented/crops,00_data/01_segmented/crops/crop_2026-01-13_15-58-15.top_left_CROPNUMBER_4_UUID_DROSO_04_SIM_19_F.json,00_data/01_segmented/crops/crop_2026-01-13_15-58-15.top_left_CROPNUMBER_4_UUID_DROSO_04_SIM_19_F.png,crops,
2026-01-13T16:04:10.629205,/data/d3dbcf42e05429343a8e1a5966e3bcf0/Epson Perfection V850/2026-01-13/2026-01-13_16-04-10/top_left,2026-01-13_16-04-10.top_left.jpg,/data/d3dbcf42e05429343a8e1a5966e3bcf0/Epson Perfection V850/2026-01-13/2026-01-13_16-04-10/top_left/2026-01-13_16-04-10.top_left.jpg,2026-01-13_16-04-10.top_left.thumb.jpg,e5f859616a1ebf20cb8f61da5b2008c2,top_left,"[22.0, 45.0, 110.0, 135.0]",jpg,3200,0,epsonscan2,esci2:usb:ES00FE:337,Epson Perfection V850,d3dbcf42e05429343a8e1a5966e3bcf0,epsonscan2:Epson Perfection V850::esci2:usb:ES00FE:337,/data,{},DROSO_05_SIM_19_F,crop_2026-01-13_16-04-10.top_left_CROPNUMBER_21_UUID_DROSO_05_SIM_19_F.png,"[4524, 7234, 5001, 7513]",0.9323686957359314,1.0,00_data/01_segmented/crops,00_data/01_segmented/crops/crop_2026-01-13_16-04-10.top_left_CROPNUMBER_21_UUID_DROSO_05_SIM_19_F.json,00_data/01_segmented/crops/crop_2026-01-13_16-04-10.top_left_CROPNUMBER_21_UUID_DROSO_05_SIM_19_F.png,crops,
2026-01-13T16:17:02.422812,/data/d3dbcf42e05429343a8e1a5966e3bcf0/Epson Perfection V850/2026-01-13/2026-01-13_16-17-02/top_left,2026-01-13_16-17-02.top_left.jpg,/data/d3dbcf42e05429343a8e1a5966e3bcf0/Epson Perfection V850/2026-01-13/2026-01-13_16-17-02/top_left/2026-01-13_16-17-02.top_left.jpg,2026-01-13_16-17-02.top_left.thumb.jpg,73a37d7ec44337a23e2a64e1230cb14f,top_left,"[22.0, 45.0, 110.0, 135.0]",jpg,3200,0,epsonscan2,esci2:usb:ES00FE:337,Epson Perfection V850,d3dbcf42e05429343a8e1a5966e3bcf0,epsonscan2:Epson Perfection V850::esci2:usb:ES00FE:337,/data,{},DROSO_02_MEL_19_F,crop_2026-01-13_16-17-02.top_left_CROPNUMBER_20_UUID_DROSO_02_MEL_19_F.png,"[5214, 7729, 5655, 8244]",0.9363813400268555,1.0,00_data/01_segmented/crops,00_data/01_segmented/crops/crop_2026-01-13_16-17-02.top_left_CROPNUMBER_20_UUID_DROSO_02_MEL_19_F.json,00_data/01_segmented/crops/crop_2026-01-13_16-17-02.top_left_CROPNUMBER_20_UUID_DROSO_02_MEL_19_F.png,crops,
2026-01-13T15:58:15.447485,/data/d3dbcf42e05429343a8e1a5966e3bcf0/Epson Perfection V850/2026-01-13/2026-01-13_15-58-15/top_left,2026-01-13_15-58-15.top_left.jpg,/data/d3dbcf42e05429343a8e1a5966e3bcf0/Epson Perfection V850/2026-01-13/2026-01-13_15-58-15/top_left/2026-01-13_15-58-15.top_left.jpg,2026-01-13_15-58-15.top_left.thumb.jpg,06b4b76a8baf9e9d6a949609e6c4b9d4,top_left,"[22.0, 45.0, 110.0, 135.0]",jpg,3200,0,epsonscan2,esci2:usb:ES00FE:337,Epson Perfection V850,d3dbcf42e05429343a8e1a5966e3bcf0,epsonscan2:Epson Perfection V850::esci2:usb:ES00FE:337,/data,{},DROSO_04_SIM_19_F,crop_2026-01-13_15-58-15.top_left_CROPNUMBER_7_UUID_DROSO_04_SIM_19_F.png,"[4160, 7850, 4576, 8306]",0.9397895932197571,0.6028218259357906,00_data/01_segmented/crops,00_data/01_segmented/crops/crop_2026-01-13_15-58-15.top_left_CROPNUMBER_7_UUID_DROSO_04_SIM_19_F.json,00_data/01_segmented/crops/crop_2026-01-13_15-58-15.top_left_CROPNUMBER_7_UUID_DROSO_04_SIM_19_F.png,crops,
2026-01-13T15:52:35.076944,/data/d3dbcf42e05429343a8e1a5966e3bcf0/Epson Perfection V850/2026-01-13/2026-01-13_15-52-35/top_left,2026-01-13_15-52-35.top_left.jpg,/data/d3dbcf42e05429343a8e1a5966e3bcf0/Epson Perfection V850/2026-01-13/2026-01-13_15-52-35/top_left/2026-01-13_15-52-35.top_left.jpg,2026-01-13_15-52-35.top_left.thumb.jpg,c96bd3e091dcefbdce757afd0a69dc15,top_left,"[22.0, 45.0, 110.0, 135.0]",jpg,3200,0,epsonscan2,esci2:usb:ES00FE:337,Epson Perfection V850,d3dbcf42e05429343a8e1a5966e3bcf0,epsonscan2:Epson Perfection V850::esci2:usb:ES00FE:337,/data,{},DROSO_03_SIM_19_F,crop_2026-01-13_15-52-35.top_left_CROPNUMBER_8_UUID_DROSO_03_SIM_19_F.png,"[4942, 9027, 5315, 9492]",0.9409958124160767,1.0,00_data/01_segmented/crops,00_data/01_segmented/crops/crop_2026-01-13_15-52-35.top_left_CROPNUMBER_8_UUID_DROSO_03_SIM_19_F.json,00_data/01_segmented/crops/crop_2026-01-13_15-52-35.top_left_CROPNUMBER_8_UUID_DROSO_03_SIM_19_F.png,crops,
2026-01-13T15:46:54.437940,/data/d3dbcf42e05429343a8e1a5966e3bcf0/Epson Perfection V850/2026-01-13/2026-01-13_15-46-54/top_right,2026-01-13_15-46-54.top_right.jpg,/data/d3dbcf42e05429343a8e1a5966e3bcf0/Epson Perfection V850/2026-01-13/2026-01-13_15-46-54/top_right/2026-01-13_15-46-54.top_right.jpg,2026-01-13_15-46-54.top_right.thumb.jpg,8cfcebfb20b3b3b2bc86ba50975b08d9,top_right,"[110.5, 45.0, 200.0, 135.0]",jpg,3200,0,epsonscan2,esci2:usb:ES00FE:337,Epson Perfection V850,d3dbcf42e05429343a8e1a5966e3bcf0,epsonscan2:Epson Perfection V850::esci2:usb:ES00FE:337,/data,{},DROSO_02_SIM_19_M,crop_2026-01-13_15-46-54.top_right_CROPNUMBER_14_UUID_DROSO_02_SIM_19_M.png,"[5559, 6115, 6083, 6569]",0.9370055794715881,1.0,00_data/01_segmented/crops,00_data/01_segmented/crops/crop_2026-01-13_15-46-54.top_right_CROPNUMBER_14_UUID_DROSO_02_SIM_19_M.json,00_data/01_segmented/crops/crop_2026-01-13_15-46-54.top_right_CROPNUMBER_14_UUID_DROSO_02_SIM_19_M.png,crops,
2026-01-13T15:40:38.651010,/data/d3dbcf42e05429343a8e1a5966e3bcf0/Epson Perfection V850/2026-01-13/2026-01-13_15-40-38/top_right,2026-01-13_15-40-38.top_right.jpg,/data/d3dbcf42e05429343a8e1a5966e3bcf0/Epson Perfection V850/2026-01-13/2026-01-13_15-40-38/top_right/2026-01-13_15-40-38.top_right.jpg,2026-01-13_15-40-38.top_right.thumb.jpg,b3a9f59be4eab6b9c284088e08fe2da7,top_right,"[110.5, 45.0, 200.0, 135.0]",jpg,3200,0,epsonscan2,esci2:usb:ES00FE:337,Epson Perfection V850,d3dbcf42e05429343a8e1a5966e3bcf0,epsonscan2:Epson Perfection V850::esci2:usb:ES00FE:337,/data,{},DROSO_01_SIM_19_M,crop_2026-01-13_15-40-38.top_right_CROPNUMBER_4_UUID_DROSO_01_SIM_19_M.png,"[6267, 6817, 6713, 7118]",0.9465935826301575,1.0,00_data/01_segmented/crops,00_data/01_segmented/crops/crop_2026-01-13_15-40-38.top_right_CROPNUMBER_4_UUID_DROSO_01_SIM_19_M.json,00_data/01_segmented/crops/crop_2026-01-13_15-40-38.top_right_CROPNUMBER_4_UUID_DROSO_01_SIM_19_M.png,crops,
2026-01-13T16:17:02.422812,/data/d3dbcf42e05429343a8e1a5966e3bcf0/Epson Perfection V850/2026-01-13/2026-01-13_16-17-02/top_right,2026-01-13_16-17-02.top_right.jpg,/data/d3dbcf42e05429343a8e1a5966e3bcf0/Epson Perfection V850/2026-01-13/2026-01-13_16-17-02/top_right/2026-01-13_16-17-02.top_right.jpg,2026-01-13_16-17-02.top_right.thumb.jpg,dba0ed76fe036a6b6c2f125e044f31c3,top_right,"[110.5, 45.0, 200.0, 135.0]",jpg,3200,0,epsonscan2,esci2:usb:ES00FE:337,Epson Perfection V850,d3dbcf42e05429343a8e1a5966e3bcf0,epsonscan2:Epson Perfection V850::esci2:usb:ES00FE:337,/data,{},DROSO_02_MEL_19_M,crop_2026-01-13_16-17-02.top_right_CROPNUMBER_12_UUID_DROSO_02_MEL_19_M.png,"[5065, 5944, 5529, 6330]",0.9389908313751221,0.6027106630904797,00_data/01_segmented/crops,00_data/01_segmented/crops/crop_2026-01-13_16-17-02.top_right_CROPNUMBER_12_UUID_DROSO_02_MEL_19_M.json,00_data/01_segmented/crops/crop_2026-01-13_16-17-02.top_right_CROPNUMBER_12_UUID_DROSO_02_MEL_19_M.png,crops,
2026-01-13T15:46:54.437940,/data/d3dbcf42e05429343a8e1a5966e3bcf0/Epson Perfection V850/2026-01-13/2026-01-13_15-46-54/top_right,2026-01-13_15-46-54.top_right.jpg,/data/d3dbcf42e05429343a8e1a5966e3bcf0/Epson Perfection V850/2026-01-13/2026-01-13_15-46-54/top_right/2026-01-13_15-46-54.top_right.jpg,2026-01-13_15-46-54.top_right.thumb.jpg,8cfcebfb20b3b3b2bc86ba50975b08d9,top_right,"[110.5, 45.0, 200.0, 135.0]",jpg,3200,0,epsonscan2,esci2:usb:ES00FE:337,Epson Perfection V850,d3dbcf42e05429343a8e1a5966e3bcf0,epsonscan2:Epson Perfection V850::esci2:usb:ES00FE:337,/data,{},DROSO_02_SIM_19_M,crop_2026-01-13_15-46-54.top_right_CROPNUMBER_3_UUID_DROSO_02_SIM_19_M.png,"[5616, 7910, 6042, 8313]",0.9480495452880859,1.0,00_data/01_segmented/crops,00_data/01_segmented/crops/crop_2026-01-13_15-46-54.top_right_CROPNUMBER_3_UUID_DROSO_02_SIM_19_M.json,00_data/01_segmented/crops/crop_2026-01-13_15-46-54.top_right_CROPNUMBER_3_UUID_DROSO_02_SIM_19_M.png,crops,
2026-01-13T15:46:54.437940,/data/d3dbcf42e05429343a8e1a5966e3bcf0/Epson Perfection V850/2026-01-13/2026-01-13_15-46-54/top_right,2026-01-13_15-46-54.top_right.jpg,/data/d3dbcf42e05429343a8e1a5966e3bcf0/Epson Perfection V850/2026-01-13/2026-01-13_15-46-54/top_right/2026-01-13_15-46-54.top_right.jpg,2026-01-13_15-46-54.top_right.thumb.jpg,8cfcebfb20b3b3b2bc86ba50975b08d9,top_right,"[110.5, 45.0, 200.0, 135.0]",jpg,3200,0,epsonscan2,esci2:usb:ES00FE:337,Epson Perfection V850,d3dbcf42e05429343a8e1a5966e3bcf0,epsonscan2:Epson Perfection V850::esci2:usb:ES00FE:337,/data,{},DROSO_02_SIM_19_M,crop_2026-01-13_15-46-54.top_right_CROPNUMBER_22_UUID_DROSO_02_SIM_19_M.png,"[4669, 5767, 5186, 6150]",0.9148476123809814,0.4019240267674401,00_data/01_segmented/crops,00_data/01_segmented/crops/crop_2026-01-13_15-46-54.top_right_CROPNUMBER_22_UUID_DROSO_02_SIM_19_M.json,00_data/01_segmented/crops/crop_2026-01-13_15-46-54.top_right_CROPNUMBER_22_UUID_DROSO_02_SIM_19_M.png,crops,
2026-01-13T15:52:35.076944,/data/d3dbcf42e05429343a8e1a5966e3bcf0/Epson Perfection V850/2026-01-13/2026-01-13_15-52-35/top_right,2026-01-13_15-52-35.top_right.jpg,/data/d3dbcf42e05429343a8e1a5966e3bcf0/Epson Perfection V850/2026-01-13/2026-01-13_15-52-35/top_right/2026-01-13_15-52-35.top_right.jpg,2026-01-13_15-52-35.top_right.thumb.jpg,21ba2cf23da353b8d840e52696871b60,top_right,"[110.5, 45.0, 200.0, 135.0]",jpg,3200,0,epsonscan2,esci2:usb:ES00FE:337,Epson Perfection V850,d3dbcf42e05429343a8e1a5966e3bcf0,epsonscan2:Epson Perfection V850::esci2:usb:ES00FE:337,/data,{},DROSO_03_SIM_19_M,crop_2026-01-13_15-52-35.top_right_CROPNUMBER_18_UUID_DROSO_03_SIM_19_M.png,"[3414, 6357, 3718, 6727]",0.9319243431091309,1.0,00_data/01_segmented/crops,00_data/01_segmented/crops/crop_2026-01-13_15-52-35.top_right_CROPNUMBER_18_UUID_DROSO_03_SIM_19_M.json,00_data/01_segmented/crops/crop_2026-01-13_15-52-35.top_right_CROPNUMBER_18_UUID_DROSO_03_SIM_19_M.png,crops,
2026-01-13T15:40:38.651010,/data/d3dbcf42e05429343a8e1a5966e3bcf0/Epson Perfection V850/2026-01-13/2026-01-13_15-40-38/top_right,2026-01-13_15-40-38.top_right.jpg,/data/d3dbcf42e05429343a8e1a5966e3bcf0/Epson Perfection V850/2026-01-13/2026-01-13_15-40-38/top_right/2026-01-13_15-40-38.top_right.jpg,2026-01-13_15-40-38.top_right.thumb.jpg,b3a9f59be4eab6b9c284088e08fe2da7,top_right,"[110.5, 45.0, 200.0, 135.0]",jpg,3200,0,epsonscan2,esci2:usb:ES00FE:337,Epson Perfection V850,d3dbcf42e05429343a8e1a5966e3bcf0,epsonscan2:Epson Perfection V850::esci2:usb:ES00FE:337,/data,{},DROSO_01_SIM_19_M,crop_2026-01-13_15-40-38.top_right_CROPNUMBER_10_UUID_DROSO_01_SIM_19_M.png,"[6034, 9007, 6524, 9386]",0.9357135891914368,0.6027106630904797,00_data/01_segmented/crops,00_data/01_segmented/crops/crop_2026-01-13_15-40-38.top_right_CROPNUMBER_10_UUID_DROSO_01_SIM_19_M.json,00_data/01_segmented/crops/crop_2026-01-13_15-40-38.top_right_CROPNUMBER_10_UUID_DROSO_01_SIM_19_M.png,crops,
2026-01-13T16:09:56.394761,/data/d3dbcf42e05429343a8e1a5966e3bcf0/Epson Perfection V850/2026-01-13/2026-01-13_16-09-56/top_right,2026-01-13_16-09-56.top_right.jpg,/data/d3dbcf42e05429343a8e1a5966e3bcf0/Epson Perfection V850/2026-01-13/2026-01-13_16-09-56/top_right/2026-01-13_16-09-56.top_right.jpg,2026-01-13_16-09-56.top_right.thumb.jpg,aee7ff74e98fd3cb0d78628f63d1119f,top_right,"[110.5, 45.0, 200.0, 135.0]",jpg,3200,0,epsonscan2,esci2:usb:ES00FE:337,Epson Perfection V850,d3dbcf42e05429343a8e1a5966e3bcf0,epsonscan2:Epson Perfection V850::esci2:usb:ES00FE:337,/data,{},DROSO_01_MEL_19_M,crop_2026-01-13_16-09-56.top_right_CROPNUMBER_46_UUID_DROSO_01_MEL_19_M.png,"[5118, 6746, 5590, 7334]",0.9346690773963928,0.6027106630904797,00_data/01_segmented/crops,00_data/01_segmented/crops/crop_2026-01-13_16-09-56.top_right_CROPNUMBER_46_UUID_DROSO_01_MEL_19_M.json,00_data/01_segmented/crops/crop_2026-01-13_16-09-56.top_right_CROPNUMBER_46_UUID_DROSO_01_MEL_19_M.png,crops,
2026-01-13T15:40:38.651010,/data/d3dbcf42e05429343a8e1a5966e3bcf0/Epson Perfection V850/2026-01-13/2026-01-13_15-40-38/top_right,2026-01-13_15-40-38.top_right.jpg,/data/d3dbcf42e05429343a8e1a5966e3bcf0/Epson Perfection V850/2026-01-13/2026-01-13_15-40-38/top_right/2026-01-13_15-40-38.top_right.jpg,2026-01-13_15-40-38.top_right.thumb.jpg,b3a9f59be4eab6b9c284088e08fe2da7,top_right,"[110.5, 45.0, 200.0, 135.0]",jpg,3200,0,epsonscan2,esci2:usb:ES00FE:337,Epson Perfection V850,d3dbcf42e05429343a8e1a5966e3bcf0,epsonscan2:Epson Perfection V850::esci2:usb:ES00FE:337,/data,{},DROSO_01_SIM_19_M,crop_2026-01-13_15-40-38.top_right_CROPNUMBER_13_UUID_DROSO_01_SIM_19_M.png,"[6511, 8137, 6963, 8538]",0.9331393241882324,1.0,00_data/01_segmented/crops,00_data/01_segmented/crops/crop_2026-01-13_15-40-38.top_right_CROPNUMBER_13_UUID_DROSO_01_SIM_19_M.json,00_data/01_segmented/crops/crop_2026-01-13_15-40-38.top_right_CROPNUMBER_13_UUID_DROSO_01_SIM_19_M.png,crops,
2026-01-13T16:09:56.394761,/data/d3dbcf42e05429343a8e1a5966e3bcf0/Epson Perfection V850/2026-01-13/2026-01-13_16-09-56/top_right,2026-01-13_16-09-56.top_right.jpg,/data/d3dbcf42e05429343a8e1a5966e3bcf0/Epson Perfection V850/2026-01-13/2026-01-13_16-09-56/top_right/2026-01-13_16-09-56.top_right.jpg,2026-01-13_16-09-56.top_right.thumb.jpg,aee7ff74e98fd3cb0d78628f63d1119f,top_right,"[110.5, 45.0, 200.0, 135.0]",jpg,3200,0,epsonscan2,esci2:usb:ES00FE:337,Epson Perfection V850,d3dbcf42e05429343a8e1a5966e3bcf0,epsonscan2:Epson Perfection V850::esci2:usb:ES00FE:337,/data,{},DROSO_01_MEL_19_M,crop_2026-01-13_16-09-56.top_right_CROPNUMBER_38_UUID_DROSO_01_MEL_19_M.png,"[5008, 7395, 5467, 7852]",0.9361028075218201,0.6027106630904797,00_data/01_segmented/crops,00_data/01_segmented/crops/crop_2026-01-13_16-09-56.top_right_CROPNUMBER_38_UUID_DROSO_01_MEL_19_M.json,00_data/01_segmented/crops/crop_2026-01-13_16-09-56.top_right_CROPNUMBER_38_UUID_DROSO_01_MEL_19_M.png,crops,
2026-01-13T16:09:56.394761,/data/d3dbcf42e05429343a8e1a5966e3bcf0/Epson Perfection V850/2026-01-13/2026-01-13_16-09-56/top_right,2026-01-13_16-09-56.top_right.jpg,/data/d3dbcf42e05429343a8e1a5966e3bcf0/Epson Perfection V850/2026-01-13/2026-01-13_16-09-56/top_right/2026-01-13_16-09-56.top_right.jpg,2026-01-13_16-09-56.top_right.thumb.jpg,aee7ff74e98fd3cb0d78628f63d1119f,top_right,"[110.5, 45.0, 200.0, 135.0]",jpg,3200,0,epsonscan2,esci2:usb:ES00FE:337,Epson Perfection V850,d3dbcf42e05429343a8e1a5966e3bcf0,epsonscan2:Epson Perfection V850::esci2:usb:ES00FE:337,/data,{},DROSO_01_MEL_19_M,crop_2026-01-13_16-09-56.top_right_CROPNUMBER_37_UUID_DROSO_01_MEL_19_M.png,"[3400, 8862, 3741, 9284]",0.9363518953323364,1.0,00_data/01_segmented/crops,00_data/01_segmented/crops/crop_2026-01-13_16-09-56.top_right_CROPNUMBER_37_UUID_DROSO_01_MEL_19_M.json,00_data/01_segmented/crops/crop_2026-01-13_16-09-56.top_right_CROPNUMBER_37_UUID_DROSO_01_MEL_19_M.png,crops,
2026-01-13T16:22:42.229986,/data/d3dbcf42e05429343a8e1a5966e3bcf0/Epson Perfection V850/2026-01-13/2026-01-13_16-22-42/top_right,2026-01-13_16-22-42.top_right.jpg,/data/d3dbcf42e05429343a8e1a5966e3bcf0/Epson Perfection V850/2026-01-13/2026-01-13_16-22-42/top_right/2026-01-13_16-22-42.top_right.jpg,2026-01-13_16-22-42.top_right.thumb.jpg,a62b428f433471233371d44992128bb0,top_right,"[110.5, 45.0, 200.0, 135.0]",jpg,3200,0,epsonscan2,esci2:usb:ES00FE:337,Epson Perfection V850,d3dbcf42e05429343a8e1a5966e3bcf0,epsonscan2:Epson Perfection V850::esci2:usb:ES00FE:337,/data,{},DROSO_03_MEL_19_M,crop_2026-01-13_16-22-42.top_right_CROPNUMBER_30_UUID_DROSO_03_MEL_19_M.png,"[6897, 8670, 7159, 9148]",0.9268484711647034,0.6027106630904797,00_data/01_segmented/crops,00_data/01_segmented/crops/crop_2026-01-13_16-22-42.top_right_CROPNUMBER_30_UUID_DROSO_03_MEL_19_M.json,00_data/01_segmented/crops/crop_2026-01-13_16-22-42.top_right_CROPNUMBER_30_UUID_DROSO_03_MEL_19_M.png,crops,
2026-01-13T16:09:56.394761,/data/d3dbcf42e05429343a8e1a5966e3bcf0/Epson Perfection V850/2026-01-13/2026-01-13_16-09-56/top_left,2026-01-13_16-09-56.top_left.jpg,/data/d3dbcf42e05429343a8e1a5966e3bcf0/Epson Perfection V850/2026-01-13/2026-01-13_16-09-56/top_left/2026-01-13_16-09-56.top_left.jpg,2026-01-13_16-09-56.top_left.thumb.jpg,788d0971822fc839506e3180de7f3b36,top_left,"[22.0, 45.0, 110.0, 135.0]",jpg,3200,0,epsonscan2,esci2:usb:ES00FE:337,Epson Perfection V850,d3dbcf42e05429343a8e1a5966e3bcf0,epsonscan2:Epson Perfection V850::esci2:usb:ES00FE:337,/data,{},DROSO_01_MEL_19_F,crop_2026-01-13_16-09-56.top_left_CROPNUMBER_5_UUID_DROSO_01_MEL_19_F.png,"[1337, 6380, 1824, 6870]",0.9483683109283447,0.6028218259357906,00_data/01_segmented/crops,00_data/01_segmented/crops/crop_2026-01-13_16-09-56.top_left_CROPNUMBER_5_UUID_DROSO_01_MEL_19_F.json,00_data/01_segmented/crops/crop_2026-01-13_16-09-56.top_left_CROPNUMBER_5_UUID_DROSO_01_MEL_19_F.png,crops,
2026-01-13T16:22:42.229986,/data/d3dbcf42e05429343a8e1a5966e3bcf0/Epson Perfection V850/2026-01-13/2026-01-13_16-22-42/top_right,2026-01-13_16-22-42.top_right.jpg,/data/d3dbcf42e05429343a8e1a5966e3bcf0/Epson Perfection V850/2026-01-13/2026-01-13_16-22-42/top_right/2026-01-13_16-22-42.top_right.jpg,2026-01-13_16-22-42.top_right.thumb.jpg,a62b428f433471233371d44992128bb0,top_right,"[110.5, 45.0, 200.0, 135.0]",jpg,3200,0,epsonscan2,esci2:usb:ES00FE:337,Epson Perfection V850,d3dbcf42e05429343a8e1a5966e3bcf0,epsonscan2:Epson Perfection V850::esci2:usb:ES00FE:337,/data,{},DROSO_03_MEL_19_M,crop_2026-01-13_16-22-42.top_right_CROPNUMBER_34_UUID_DROSO_03_MEL_19_M.png,"[51, 4744, 134, 4940]",0.7551072239875793,1.0,00_data/01_segmented/crops,00_data/01_segmented/crops/crop_2026-01-13_16-22-42.top_right_CROPNUMBER_34_UUID_DROSO_03_MEL_19_M.json,00_data/01_segmented/crops/crop_2026-01-13_16-22-42.top_right_CROPNUMBER_34_UUID_DROSO_03_MEL_19_M.png,crops,
2026-01-13T16:09:56.394761,/data/d3dbcf42e05429343a8e1a5966e3bcf0/Epson Perfection V850/2026-01-13/2026-01-13_16-09-56/top_right,2026-01-13_16-09-56.top_right.jpg,/data/d3dbcf42e05429343a8e1a5966e3bcf0/Epson Perfection V850/2026-01-13/2026-01-13_16-09-56/top_right/2026-01-13_16-09-56.top_right.jpg,2026-01-13_16-09-56.top_right.thumb.jpg,aee7ff74e98fd3cb0d78628f63d1119f,top_right,"[110.5, 45.0, 200.0, 135.0]",jpg,3200,0,epsonscan2,esci2:usb:ES00FE:337,Epson Perfection V850,d3dbcf42e05429343a8e1a5966e3bcf0,epsonscan2:Epson Perfection V850::esci2:usb:ES00FE:337,/data,{},DROSO_01_MEL_19_M,crop_2026-01-13_16-09-56.top_right_CROPNUMBER_54_UUID_DROSO_01_MEL_19_M.png,"[6622, 9179, 6961, 9751]",0.9297385811805725,0.6027106630904797,00_data/01_segmented/crops,00_data/01_segmented/crops/crop_2026-01-13_16-09-56.top_right_CROPNUMBER_54_UUID_DROSO_01_MEL_19_M.json,00_data/01_segmented/crops/crop_2026-01-13_16-09-56.top_right_CROPNUMBER_54_UUID_DROSO_01_MEL_19_M.png,crops,
2026-01-13T15:52:35.076944,/data/d3dbcf42e05429343a8e1a5966e3bcf0/Epson Perfection V850/2026-01-13/2026-01-13_15-52-35/top_right,2026-01-13_15-52-35.top_right.jpg,/data/d3dbcf42e05429343a8e1a5966e3bcf0/Epson Perfection V850/2026-01-13/2026-01-13_15-52-35/top_right/2026-01-13_15-52-35.top_right.jpg,2026-01-13_15-52-35.top_right.thumb.jpg,21ba2cf23da353b8d840e52696871b60,top_right,"[110.5, 45.0, 200.0, 135.0]",jpg,3200,0,epsonscan2,esci2:usb:ES00FE:337,Epson Perfection V850,d3dbcf42e05429343a8e1a5966e3bcf0,epsonscan2:Epson Perfection V850::esci2:usb:ES00FE:337,/data,{},DROSO_03_SIM_19_M,crop_2026-01-13_15-52-35.top_right_CROPNUMBER_24_UUID_DROSO_03_SIM_19_M.png,"[6806, 8112, 7222, 8357]",0.9243320226669312,0.6027106630904797,00_data/01_segmented/crops,00_data/01_segmented/crops/crop_2026-01-13_15-52-35.top_right_CROPNUMBER_24_UUID_DROSO_03_SIM_19_M.json,00_data/01_segmented/crops/crop_2026-01-13_15-52-35.top_right_CROPNUMBER_24_UUID_DROSO_03_SIM_19_M.png,crops,
2026-01-13T15:58:15.447485,/data/d3dbcf42e05429343a8e1a5966e3bcf0/Epson Perfection V850/2026-01-13/2026-01-13_15-58-15/top_right,2026-01-13_15-58-15.top_right.jpg,/data/d3dbcf42e05429343a8e1a5966e3bcf0/Epson Perfection V850/2026-01-13/2026-01-13_15-58-15/top_right/2026-01-13_15-58-15.top_right.jpg,2026-01-13_15-58-15.top_right.thumb.jpg,f4b3f70693284ad9b6a7bd19eb02b3d5,top_right,"[110.5, 45.0, 200.0, 135.0]",jpg,3200,0,epsonscan2,esci2:usb:ES00FE:337,Epson Perfection V850,d3dbcf42e05429343a8e1a5966e3bcf0,epsonscan2:Epson Perfection V850::esci2:usb:ES00FE:337,/data,{},DROSO_04_SIM_19_M,crop_2026-01-13_15-58-15.top_right_CROPNUMBER_22_UUID_DROSO_04_SIM_19_M.png,"[10616, 5884, 10795, 6046]",0.4788045585155487,1.0,00_data/01_segmented/crops,00_data/01_segmented/crops/crop_2026-01-13_15-58-15.top_right_CROPNUMBER_22_UUID_DROSO_04_SIM_19_M.json,00_data/01_segmented/crops/crop_2026-01-13_15-58-15.top_right_CROPNUMBER_22_UUID_DROSO_04_SIM_19_M.png,crops,
2026-01-13T16:04:10.629205,/data/d3dbcf42e05429343a8e1a5966e3bcf0/Epson Perfection V850/2026-01-13/2026-01-13_16-04-10/top_right,2026-01-13_16-04-10.top_right.jpg,/data/d3dbcf42e05429343a8e1a5966e3bcf0/Epson Perfection V850/2026-01-13/2026-01-13_16-04-10/top_right/2026-01-13_16-04-10.top_right.jpg,2026-01-13_16-04-10.top_right.thumb.jpg,3126fa75aee2fe2913a08ebebfa0ed4f,top_right,"[110.5, 45.0, 200.0, 135.0]",jpg,3200,0,epsonscan2,esci2:usb:ES00FE:337,Epson Perfection V850,d3dbcf42e05429343a8e1a5966e3bcf0,epsonscan2:Epson Perfection V850::esci2:usb:ES00FE:337,/data,{},DROSO_05_SIM_19_M,crop_2026-01-13_16-04-10.top_right_CROPNUMBER_1_UUID_DROSO_05_SIM_19_M.png,"[5844, 7706, 6254, 8147]",0.9487023949623108,1.0,00_data/01_segmented/crops,00_data/01_segmented/crops/crop_2026-01-13_16-04-10.top_right_CROPNUMBER_1_UUID_DROSO_05_SIM_19_M.json,00_data/01_segmented/crops/crop_2026-01-13_16-04-10.top_right_CROPNUMBER_1_UUID_DROSO_05_SIM_19_M.png,crops,
2026-01-13T16:22:42.229986,/data/d3dbcf42e05429343a8e1a5966e3bcf0/Epson Perfection V850/2026-01-13/2026-01-13_16-22-42/top_left,2026-01-13_16-22-42.top_left.jpg,/data/d3dbcf42e05429343a8e1a5966e3bcf0/Epson Perfection V850/2026-01-13/2026-01-13_16-22-42/top_left/2026-01-13_16-22-42.top_left.jpg,2026-01-13_16-22-42.top_left.thumb.jpg,f331f82ac6dcbf4a1318ddee5307a618,top_left,"[22.0, 45.0, 110.0, 135.0]",jpg,3200,0,epsonscan2,esci2:usb:ES00FE:337,Epson Perfection V850,d3dbcf42e05429343a8e1a5966e3bcf0,epsonscan2:Epson Perfection V850::esci2:usb:ES00FE:337,/data,{},DROSO_03_MEL_19_F,crop_2026-01-13_16-22-42.top_left_CROPNUMBER_2_UUID_DROSO_03_MEL_19_F.png,"[4209, 7962, 4828, 8395]",0.944076657295227,0.6028218259357906,00_data/01_segmented/crops,00_data/01_segmented/crops/crop_2026-01-13_16-22-42.top_left_CROPNUMBER_2_UUID_DROSO_03_MEL_19_F.json,00_data/01_segmented/crops/crop_2026-01-13_16-22-42.top_left_CROPNUMBER_2_UUID_DROSO_03_MEL_19_F.png,crops,
2026-01-13T16:17:02.422812,/data/d3dbcf42e05429343a8e1a5966e3bcf0/Epson Perfection V850/2026-01-13/2026-01-13_16-17-02/top_right,2026-01-13_16-17-02.top_right.jpg,/data/d3dbcf42e05429343a8e1a5966e3bcf0/Epson Perfection V850/2026-01-13/2026-01-13_16-17-02/top_right/2026-01-13_16-17-02.top_right.jpg,2026-01-13_16-17-02.top_right.thumb.jpg,dba0ed76fe036a6b6c2f125e044f31c3,top_right,"[110.5, 45.0, 200.0, 135.0]",jpg,3200,0,epsonscan2,esci2:usb:ES00FE:337,Epson Perfection V850,d3dbcf42e05429343a8e1a5966e3bcf0,epsonscan2:Epson Perfection V850::esci2:usb:ES00FE:337,/data,{},DROSO_02_MEL_19_M,crop_2026-01-13_16-17-02.top_right_CROPNUMBER_6_UUID_DROSO_02_MEL_19_M.png,"[5335, 7862, 5710, 8304]",0.9437867403030396,1.0,00_data/01_segmented/crops,00_data/01_segmented/crops/crop_2026-01-13_16-17-02.top_right_CROPNUMBER_6_UUID_DROSO_02_MEL_19_M.json,00_data/01_segmented/crops/crop_2026-01-13_16-17-02.top_right_CROPNUMBER_6_UUID_DROSO_02_MEL_19_M.png,crops,
2026-01-13T16:09:56.394761,/data/d3dbcf42e05429343a8e1a5966e3bcf0/Epson Perfection V850/2026-01-13/2026-01-13_16-09-56/top_left,2026-01-13_16-09-56.top_left.jpg,/data/d3dbcf42e05429343a8e1a5966e3bcf0/Epson Perfection V850/2026-01-13/2026-01-13_16-09-56/top_left/2026-01-13_16-09-56.top_left.jpg,2026-01-13_16-09-56.top_left.thumb.jpg,788d0971822fc839506e3180de7f3b36,top_left,"[22.0, 45.0, 110.0, 135.0]",jpg,3200,0,epsonscan2,esci2:usb:ES00FE:337,Epson Perfection V850,d3dbcf42e05429343a8e1a5966e3bcf0,epsonscan2:Epson Perfection V850::esci2:usb:ES00FE:337,/data,{},DROSO_01_MEL_19_F,crop_2026-01-13_16-09-56.top_left_CROPNUMBER_31_UUID_DROSO_01_MEL_19_F.png,"[2595, 5227, 3221, 5689]",0.934431791305542,0.6028218259357906,00_data/01_segmented/crops,00_data/01_segmented/crops/crop_2026-01-13_16-09-56.top_left_CROPNUMBER_31_UUID_DROSO_01_MEL_19_F.json,00_data/01_segmented/crops/crop_2026-01-13_16-09-56.top_left_CROPNUMBER_31_UUID_DROSO_01_MEL_19_F.png,crops,
2026-01-13T16:04:10.629205,/data/d3dbcf42e05429343a8e1a5966e3bcf0/Epson Perfection V850/2026-01-13/2026-01-13_16-04-10/top_right,2026-01-13_16-04-10.top_right.jpg,/data/d3dbcf42e05429343a8e1a5966e3bcf0/Epson Perfection V850/2026-01-13/2026-01-13_16-04-10/top_right/2026-01-13_16-04-10.top_right.jpg,2026-01-13_16-04-10.top_right.thumb.jpg,3126fa75aee2fe2913a08ebebfa0ed4f,top_right,"[110.5, 45.0, 200.0, 135.0]",jpg,3200,0,epsonscan2,esci2:usb:ES00FE:337,Epson Perfection V850,d3dbcf42e05429343a8e1a5966e3bcf0,epsonscan2:Epson Perfection V850::esci2:usb:ES00FE:337,/data,{},DROSO_05_SIM_19_M,crop_2026-01-13_16-04-10.top_right_CROPNUMBER_3_UUID_DROSO_05_SIM_19_M.png,"[3234, 8452, 3518, 8842]",0.9407292604446411,1.0,00_data/01_segmented/crops,00_data/01_segmented/crops/crop_2026-01-13_16-04-10.top_right_CROPNUMBER_3_UUID_DROSO_05_SIM_19_M.json,00_data/01_segmented/crops/crop_2026-01-13_16-04-10.top_right_CROPNUMBER_3_UUID_DROSO_05_SIM_19_M.png,crops,
2026-01-13T16:04:10.629205,/data/d3dbcf42e05429343a8e1a5966e3bcf0/Epson Perfection V850/2026-01-13/2026-01-13_16-04-10/top_left,2026-01-13_16-04-10.top_left.jpg,/data/d3dbcf42e05429343a8e1a5966e3bcf0/Epson Perfection V850/2026-01-13/2026-01-13_16-04-10/top_left/2026-01-13_16-04-10.top_left.jpg,2026-01-13_16-04-10.top_left.thumb.jpg,e5f859616a1ebf20cb8f61da5b2008c2,top_left,"[22.0, 45.0, 110.0, 135.0]",jpg,3200,0,epsonscan2,esci2:usb:ES00FE:337,Epson Perfection V850,d3dbcf42e05429343a8e1a5966e3bcf0,epsonscan2:Epson Perfection V850::esci2:usb:ES00FE:337,/data,{},DROSO_05_SIM_19_F,crop_2026-01-13_16-04-10.top_left_CROPNUMBER_9_UUID_DROSO_05_SIM_19_F.png,"[3222, 8623, 3684, 9030]",0.9379703998565674,0.6028218259357906,00_data/01_segmented/crops,00_data/01_segmented/crops/crop_2026-01-13_16-04-10.top_left_CROPNUMBER_9_UUID_DROSO_05_SIM_19_F.json,00_data/01_segmented/crops/crop_2026-01-13_16-04-10.top_left_CROPNUMBER_9_UUID_DROSO_05_SIM_19_F.png,crops,
2026-01-13T15:52:35.076944,/data/d3dbcf42e05429343a8e1a5966e3bcf0/Epson Perfection V850/2026-01-13/2026-01-13_15-52-35/top_right,2026-01-13_15-52-35.top_right.jpg,/data/d3dbcf42e05429343a8e1a5966e3bcf0/Epson Perfection V850/2026-01-13/2026-01-13_15-52-35/top_right/2026-01-13_15-52-35.top_right.jpg,2026-01-13_15-52-35.top_right.thumb.jpg,21ba2cf23da353b8d840e52696871b60,top_right,"[110.5, 45.0, 200.0, 135.0]",jpg,3200,0,epsonscan2,esci2:usb:ES00FE:337,Epson Perfection V850,d3dbcf42e05429343a8e1a5966e3bcf0,epsonscan2:Epson Perfection V850::esci2:usb:ES00FE:337,/data,{},DROSO_03_SIM_19_M,crop_2026-01-13_15-52-35.top_right_CROPNUMBER_22_UUID_DROSO_03_SIM_19_M.png,"[4471, 8928, 4910, 9155]",0.9246452450752258,1.0,00_data/01_segmented/crops,00_data/01_segmented/crops/crop_2026-01-13_15-52-35.top_right_CROPNUMBER_22_UUID_DROSO_03_SIM_19_M.json,00_data/01_segmented/crops/crop_2026-01-13_15-52-35.top_right_CROPNUMBER_22_UUID_DROSO_03_SIM_19_M.png,crops,
2026-01-13T15:46:54.437940,/data/d3dbcf42e05429343a8e1a5966e3bcf0/Epson Perfection V850/2026-01-13/2026-01-13_15-46-54/top_right,2026-01-13_15-46-54.top_right.jpg,/data/d3dbcf42e05429343a8e1a5966e3bcf0/Epson Perfection V850/2026-01-13/2026-01-13_15-46-54/top_right/2026-01-13_15-46-54.top_right.jpg,2026-01-13_15-46-54.top_right.thumb.jpg,8cfcebfb20b3b3b2bc86ba50975b08d9,top_right,"[110.5, 45.0, 200.0, 135.0]",jpg,3200,0,epsonscan2,esci2:usb:ES00FE:337,Epson Perfection V850,d3dbcf42e05429343a8e1a5966e3bcf0,epsonscan2:Epson Perfection V850::esci2:usb:ES00FE:337,/data,{},DROSO_02_SIM_19_M,crop_2026-01-13_15-46-54.top_right_CROPNUMBER_9_UUID_DROSO_02_SIM_19_M.png,"[5224, 7131, 5776, 7544]",0.9403263330459595,0.6027106630904797,00_data/01_segmented/crops,00_data/01_segmented/crops/crop_2026-01-13_15-46-54.top_right_CROPNUMBER_9_UUID_DROSO_02_SIM_19_M.json,00_data/01_segmented/crops/crop_2026-01-13_15-46-54.top_right_CROPNUMBER_9_UUID_DROSO_02_SIM_19_M.png,crops,
2026-01-13T16:04:10.629205,/data/d3dbcf42e05429343a8e1a5966e3bcf0/Epson Perfection V850/2026-01-13/2026-01-13_16-04-10/top_right,2026-01-13_16-04-10.top_right.jpg,/data/d3dbcf42e05429343a8e1a5966e3bcf0/Epson Perfection V850/2026-01-13/2026-01-13_16-04-10/top_right/2026-01-13_16-04-10.top_right.jpg,2026-01-13_16-04-10.top_right.thumb.jpg,3126fa75aee2fe2913a08ebebfa0ed4f,top_right,"[110.5, 45.0, 200.0, 135.0]",jpg,3200,0,epsonscan2,esci2:usb:ES00FE:337,Epson Perfection V850,d3dbcf42e05429343a8e1a5966e3bcf0,epsonscan2:Epson Perfection V850::esci2:usb:ES00FE:337,/data,{},DROSO_05_SIM_19_M,crop_2026-01-13_16-04-10.top_right_CROPNUMBER_14_UUID_DROSO_05_SIM_19_M.png,"[7663, 9324, 8106, 9580]",0.9314234256744385,1.0,00_data/01_segmented/crops,00_data/01_segmented/crops/crop_2026-01-13_16-04-10.top_right_CROPNUMBER_14_UUID_DROSO_05_SIM_19_M.json,00_data/01_segmented/crops/crop_2026-01-13_16-04-10.top_right_CROPNUMBER_14_UUID_DROSO_05_SIM_19_M.png,crops,
2026-01-13T16:04:10.629205,/data/d3dbcf42e05429343a8e1a5966e3bcf0/Epson Perfection V850/2026-01-13/2026-01-13_16-04-10/top_right,2026-01-13_16-04-10.top_right.jpg,/data/d3dbcf42e05429343a8e1a5966e3bcf0/Epson Perfection V850/2026-01-13/2026-01-13_16-04-10/top_right/2026-01-13_16-04-10.top_right.jpg,2026-01-13_16-04-10.top_right.thumb.jpg,3126fa75aee2fe2913a08ebebfa0ed4f,top_right,"[110.5, 45.0, 200.0, 135.0]",jpg,3200,0,epsonscan2,esci2:usb:ES00FE:337,Epson Perfection V850,d3dbcf42e05429343a8e1a5966e3bcf0,epsonscan2:Epson Perfection V850::esci2:usb:ES00FE:337,/data,{},DROSO_05_SIM_19_M,crop_2026-01-13_16-04-10.top_right_CROPNUMBER_6_UUID_DROSO_05_SIM_19_M.png,"[6224, 10069, 6606, 10496]",0.9381836652755737,1.0,00_data/01_segmented/crops,00_data/01_segmented/crops/crop_2026-01-13_16-04-10.top_right_CROPNUMBER_6_UUID_DROSO_05_SIM_19_M.json,00_data/01_segmented/crops/crop_2026-01-13_16-04-10.top_right_CROPNUMBER_6_UUID_DROSO_05_SIM_19_M.png,crops,
2026-01-13T16:09:56.394761,/data/d3dbcf42e05429343a8e1a5966e3bcf0/Epson Perfection V850/2026-01-13/2026-01-13_16-09-56/top_left,2026-01-13_16-09-56.top_left.jpg,/data/d3dbcf42e05429343a8e1a5966e3bcf0/Epson Perfection V850/2026-01-13/2026-01-13_16-09-56/top_left/2026-01-13_16-09-56.top_left.jpg,2026-01-13_16-09-56.top_left.thumb.jpg,788d0971822fc839506e3180de7f3b36,top_left,"[22.0, 45.0, 110.0, 135.0]",jpg,3200,0,epsonscan2,esci2:usb:ES00FE:337,Epson Perfection V850,d3dbcf42e05429343a8e1a5966e3bcf0,epsonscan2:Epson Perfection V850::esci2:usb:ES00FE:337,/data,{},DROSO_01_MEL_19_F,crop_2026-01-13_16-09-56.top_left_CROPNUMBER_36_UUID_DROSO_01_MEL_19_F.png,"[6491, 7795, 6966, 8172]",0.9310943484306335,0.6028218259357906,00_data/01_segmented/crops,00_data/01_segmented/crops/crop_2026-01-13_16-09-56.top_left_CROPNUMBER_36_UUID_DROSO_01_MEL_19_F.json,00_data/01_segmented/crops/crop_2026-01-13_16-09-56.top_left_CROPNUMBER_36_UUID_DROSO_01_MEL_19_F.png,crops,
2026-01-13T16:22:42.229986,/data/d3dbcf42e05429343a8e1a5966e3bcf0/Epson Perfection V850/2026-01-13/2026-01-13_16-22-42/top_left,2026-01-13_16-22-42.top_left.jpg,/data/d3dbcf42e05429343a8e1a5966e3bcf0/Epson Perfection V850/2026-01-13/2026-01-13_16-22-42/top_left/2026-01-13_16-22-42.top_left.jpg,2026-01-13_16-22-42.top_left.thumb.jpg,f331f82ac6dcbf4a1318ddee5307a618,top_left,"[22.0, 45.0, 110.0, 135.0]",jpg,3200,0,epsonscan2,esci2:usb:ES00FE:337,Epson Perfection V850,d3dbcf42e05429343a8e1a5966e3bcf0,epsonscan2:Epson Perfection V850::esci2:usb:ES00FE:337,/data,{},DROSO_03_MEL_19_F,crop_2026-01-13_16-22-42.top_left_CROPNUMBER_4_UUID_DROSO_03_MEL_19_F.png,"[7053, 7099, 7319, 7596]",0.9400528073310852,1.0,00_data/01_segmented/crops,00_data/01_segmented/crops/crop_2026-01-13_16-22-42.top_left_CROPNUMBER_4_UUID_DROSO_03_MEL_19_F.json,00_data/01_segmented/crops/crop_2026-01-13_16-22-42.top_left_CROPNUMBER_4_UUID_DROSO_03_MEL_19_F.png,crops,
2026-01-13T16:17:02.422812,/data/d3dbcf42e05429343a8e1a5966e3bcf0/Epson Perfection V850/2026-01-13/2026-01-13_16-17-02/top_right,2026-01-13_16-17-02.top_right.jpg,/data/d3dbcf42e05429343a8e1a5966e3bcf0/Epson Perfection V850/2026-01-13/2026-01-13_16-17-02/top_right/2026-01-13_16-17-02.top_right.jpg,2026-01-13_16-17-02.top_right.thumb.jpg,dba0ed76fe036a6b6c2f125e044f31c3,top_right,"[110.5, 45.0, 200.0, 135.0]",jpg,3200,0,epsonscan2,esci2:usb:ES00FE:337,Epson Perfection V850,d3dbcf42e05429343a8e1a5966e3bcf0,epsonscan2:Epson Perfection V850::esci2:usb:ES00FE:337,/data,{},DROSO_02_MEL_19_M,crop_2026-01-13_16-17-02.top_right_CROPNUMBER_0_UUID_DROSO_02_MEL_19_M.png,"[4399, 5388, 4847, 5774]",0.955712616443634,1.0,00_data/01_segmented/crops,00_data/01_segmented/crops/crop_2026-01-13_16-17-02.top_right_CROPNUMBER_0_UUID_DROSO_02_MEL_19_M.json,00_data/01_segmented/crops/crop_2026-01-13_16-17-02.top_right_CROPNUMBER_0_UUID_DROSO_02_MEL_19_M.png,crops,
2026-01-13T16:22:42.229986,/data/d3dbcf42e05429343a8e1a5966e3bcf0/Epson Perfection V850/2026-01-13/2026-01-13_16-22-42/top_left,2026-01-13_16-22-42.top_left.jpg,/data/d3dbcf42e05429343a8e1a5966e3bcf0/Epson Perfection V850/2026-01-13/2026-01-13_16-22-42/top_left/2026-01-13_16-22-42.top_left.jpg,2026-01-13_16-22-42.top_left.thumb.jpg,f331f82ac6dcbf4a1318ddee5307a618,top_left,"[22.0, 45.0, 110.0, 135.0]",jpg,3200,0,epsonscan2,esci2:usb:ES00FE:337,Epson Perfection V850,d3dbcf42e05429343a8e1a5966e3bcf0,epsonscan2:Epson Perfection V850::esci2:usb:ES00FE:337,/data,{},DROSO_03_MEL_19_F,crop_2026-01-13_16-22-42.top_left_CROPNUMBER_35_UUID_DROSO_03_MEL_19_F.png,"[3049, 3982, 3201, 4152]",0.38859423995018005,1.0,00_data/01_segmented/crops,00_data/01_segmented/crops/crop_2026-01-13_16-22-42.top_left_CROPNUMBER_35_UUID_DROSO_03_MEL_19_F.json,00_data/01_segmented/crops/crop_2026-01-13_16-22-42.top_left_CROPNUMBER_35_UUID_DROSO_03_MEL_19_F.png,crops,
2026-01-13T15:46:54.437940,/data/d3dbcf42e05429343a8e1a5966e3bcf0/Epson Perfection V850/2026-01-13/2026-01-13_15-46-54/top_right,2026-01-13_15-46-54.top_right.jpg,/data/d3dbcf42e05429343a8e1a5966e3bcf0/Epson Perfection V850/2026-01-13/2026-01-13_15-46-54/top_right/2026-01-13_15-46-54.top_right.jpg,2026-01-13_15-46-54.top_right.thumb.jpg,8cfcebfb20b3b3b2bc86ba50975b08d9,top_right,"[110.5, 45.0, 200.0, 135.0]",jpg,3200,0,epsonscan2,esci2:usb:ES00FE:337,Epson Perfection V850,d3dbcf42e05429343a8e1a5966e3bcf0,epsonscan2:Epson Perfection V850::esci2:usb:ES00FE:337,/data,{},DROSO_02_SIM_19_M,crop_2026-01-13_15-46-54.top_right_CROPNUMBER_16_UUID_DROSO_02_SIM_19_M.png,"[5364, 6708, 5811, 7000]",0.9341536164283752,1.0,00_data/01_segmented/crops,00_data/01_segmented/crops/crop_2026-01-13_15-46-54.top_right_CROPNUMBER_16_UUID_DROSO_02_SIM_19_M.json,00_data/01_segmented/crops/crop_2026-01-13_15-46-54.top_right_CROPNUMBER_16_UUID_DROSO_02_SIM_19_M.png,crops,
2026-01-13T15:46:54.437940,/data/d3dbcf42e05429343a8e1a5966e3bcf0/Epson Perfection V850/2026-01-13/2026-01-13_15-46-54/top_right,2026-01-13_15-46-54.top_right.jpg,/data/d3dbcf42e05429343a8e1a5966e3bcf0/Epson Perfection V850/2026-01-13/2026-01-13_15-46-54/top_right/2026-01-13_15-46-54.top_right.jpg,2026-01-13_15-46-54.top_right.thumb.jpg,8cfcebfb20b3b3b2bc86ba50975b08d9,top_right,"[110.5, 45.0, 200.0, 135.0]",jpg,3200,0,epsonscan2,esci2:usb:ES00FE:337,Epson Perfection V850,d3dbcf42e05429343a8e1a5966e3bcf0,epsonscan2:Epson Perfection V850::esci2:usb:ES00FE:337,/data,{},DROSO_02_SIM_19_M,crop_2026-01-13_15-46-54.top_right_CROPNUMBER_0_UUID_DROSO_02_SIM_19_M.png,"[6175, 8273, 6613, 8614]",0.9511565566062927,1.0,00_data/01_segmented/crops,00_data/01_segmented/crops/crop_2026-01-13_15-46-54.top_right_CROPNUMBER_0_UUID_DROSO_02_SIM_19_M.json,00_data/01_segmented/crops/crop_2026-01-13_15-46-54.top_right_CROPNUMBER_0_UUID_DROSO_02_SIM_19_M.png,crops,
2026-01-13T16:22:42.229986,/data/d3dbcf42e05429343a8e1a5966e3bcf0/Epson Perfection V850/2026-01-13/2026-01-13_16-22-42/top_left,2026-01-13_16-22-42.top_left.jpg,/data/d3dbcf42e05429343a8e1a5966e3bcf0/Epson Perfection V850/2026-01-13/2026-01-13_16-22-42/top_left/2026-01-13_16-22-42.top_left.jpg,2026-01-13_16-22-42.top_left.thumb.jpg,f331f82ac6dcbf4a1318ddee5307a618,top_left,"[22.0, 45.0, 110.0, 135.0]",jpg,3200,0,epsonscan2,esci2:usb:ES00FE:337,Epson Perfection V850,d3dbcf42e05429343a8e1a5966e3bcf0,epsonscan2:Epson Perfection V850::esci2:usb:ES00FE:337,/data,{},DROSO_03_MEL_19_F,crop_2026-01-13_16-22-42.top_left_CROPNUMBER_8_UUID_DROSO_03_MEL_19_F.png,"[4643, 5504, 5025, 6002]",0.938162088394165,0.6028218259357906,00_data/01_segmented/crops,00_data/01_segmented/crops/crop_2026-01-13_16-22-42.top_left_CROPNUMBER_8_UUID_DROSO_03_MEL_19_F.json,00_data/01_segmented/crops/crop_2026-01-13_16-22-42.top_left_CROPNUMBER_8_UUID_DROSO_03_MEL_19_F.png,crops,
2026-01-13T16:22:42.229986,/data/d3dbcf42e05429343a8e1a5966e3bcf0/Epson Perfection V850/2026-01-13/2026-01-13_16-22-42/top_right,2026-01-13_16-22-42.top_right.jpg,/data/d3dbcf42e05429343a8e1a5966e3bcf0/Epson Perfection V850/2026-01-13/2026-01-13_16-22-42/top_right/2026-01-13_16-22-42.top_right.jpg,2026-01-13_16-22-42.top_right.thumb.jpg,a62b428f433471233371d44992128bb0,top_right,"[110.5, 45.0, 200.0, 135.0]",jpg,3200,0,epsonscan2,esci2:usb:ES00FE:337,Epson Perfection V850,d3dbcf42e05429343a8e1a5966e3bcf0,epsonscan2:Epson Perfection V850::esci2:usb:ES00FE:337,/data,{},DROSO_03_MEL_19_M,crop_2026-01-13_16-22-42.top_right_CROPNUMBER_4_UUID_DROSO_03_MEL_19_M.png,"[2571, 8368, 3003, 8711]",0.9457079172134399,1.0,00_data/01_segmented/crops,00_data/01_segmented/crops/crop_2026-01-13_16-22-42.top_right_CROPNUMBER_4_UUID_DROSO_03_MEL_19_M.json,00_data/01_segmented/crops/crop_2026-01-13_16-22-42.top_right_CROPNUMBER_4_UUID_DROSO_03_MEL_19_M.png,crops,
2026-01-13T16:17:02.422812,/data/d3dbcf42e05429343a8e1a5966e3bcf0/Epson Perfection V850/2026-01-13/2026-01-13_16-17-02/top_right,2026-01-13_16-17-02.top_right.jpg,/data/d3dbcf42e05429343a8e1a5966e3bcf0/Epson Perfection V850/2026-01-13/2026-01-13_16-17-02/top_right/2026-01-13_16-17-02.top_right.jpg,2026-01-13_16-17-02.top_right.thumb.jpg,dba0ed76fe036a6b6c2f125e044f31c3,top_right,"[110.5, 45.0, 200.0, 135.0]",jpg,3200,0,epsonscan2,esci2:usb:ES00FE:337,Epson Perfection V850,d3dbcf42e05429343a8e1a5966e3bcf0,epsonscan2:Epson Perfection V850::esci2:usb:ES00FE:337,/data,{},DROSO_02_MEL_19_M,crop_2026-01-13_16-17-02.top_right_CROPNUMBER_3_UUID_DROSO_02_MEL_19_M.png,"[5806, 6433, 6245, 6843]",0.9472838640213013,1.0,00_data/01_segmented/crops,00_data/01_segmented/crops/crop_2026-01-13_16-17-02.top_right_CROPNUMBER_3_UUID_DROSO_02_MEL_19_M.json,00_data/01_segmented/crops/crop_2026-01-13_16-17-02.top_right_CROPNUMBER_3_UUID_DROSO_02_MEL_19_M.png,crops,
2026-01-13T16:09:56.394761,/data/d3dbcf42e05429343a8e1a5966e3bcf0/Epson Perfection V850/2026-01-13/2026-01-13_16-09-56/top_right,2026-01-13_16-09-56.top_right.jpg,/data/d3dbcf42e05429343a8e1a5966e3bcf0/Epson Perfection V850/2026-01-13/2026-01-13_16-09-56/top_right/2026-01-13_16-09-56.top_right.jpg,2026-01-13_16-09-56.top_right.thumb.jpg,aee7ff74e98fd3cb0d78628f63d1119f,top_right,"[110.5, 45.0, 200.0, 135.0]",jpg,3200,0,epsonscan2,esci2:usb:ES00FE:337,Epson Perfection V850,d3dbcf42e05429343a8e1a5966e3bcf0,epsonscan2:Epson Perfection V850::esci2:usb:ES00FE:337,/data,{},DROSO_01_MEL_19_M,crop_2026-01-13_16-09-56.top_right_CROPNUMBER_10_UUID_DROSO_01_MEL_19_M.png,"[8334, 6541, 8765, 6951]",0.9445921182632446,1.0,00_data/01_segmented/crops,00_data/01_segmented/crops/crop_2026-01-13_16-09-56.top_right_CROPNUMBER_10_UUID_DROSO_01_MEL_19_M.json,00_data/01_segmented/crops/crop_2026-01-13_16-09-56.top_right_CROPNUMBER_10_UUID_DROSO_01_MEL_19_M.png,crops,
2026-01-13T15:58:15.447485,/data/d3dbcf42e05429343a8e1a5966e3bcf0/Epson Perfection V850/2026-01-13/2026-01-13_15-58-15/top_left,2026-01-13_15-58-15.top_left.jpg,/data/d3dbcf42e05429343a8e1a5966e3bcf0/Epson Perfection V850/2026-01-13/2026-01-13_15-58-15/top_left/2026-01-13_15-58-15.top_left.jpg,2026-01-13_15-58-15.top_left.thumb.jpg,06b4b76a8baf9e9d6a949609e6c4b9d4,top_left,"[22.0, 45.0, 110.0, 135.0]",jpg,3200,0,epsonscan2,esci2:usb:ES00FE:337,Epson Perfection V850,d3dbcf42e05429343a8e1a5966e3bcf0,epsonscan2:Epson Perfection V850::esci2:usb:ES00FE:337,/data,{},DROSO_04_SIM_19_F,crop_2026-01-13_15-58-15.top_left_CROPNUMBER_24_UUID_DROSO_04_SIM_19_F.png,"[4269, 10323, 4748, 10618]",0.9238089919090271,0.6028218259357906,00_data/01_segmented/crops,00_data/01_segmented/crops/crop_2026-01-13_15-58-15.top_left_CROPNUMBER_24_UUID_DROSO_04_SIM_19_F.json,00_data/01_segmented/crops/crop_2026-01-13_15-58-15.top_left_CROPNUMBER_24_UUID_DROSO_04_SIM_19_F.png,crops,
2026-01-13T16:22:42.229986,/data/d3dbcf42e05429343a8e1a5966e3bcf0/Epson Perfection V850/2026-01-13/2026-01-13_16-22-42/top_left,2026-01-13_16-22-42.top_left.jpg,/data/d3dbcf42e05429343a8e1a5966e3bcf0/Epson Perfection V850/2026-01-13/2026-01-13_16-22-42/top_left/2026-01-13_16-22-42.top_left.jpg,2026-01-13_16-22-42.top_left.thumb.jpg,f331f82ac6dcbf4a1318ddee5307a618,top_left,"[22.0, 45.0, 110.0, 135.0]",jpg,3200,0,epsonscan2,esci2:usb:ES00FE:337,Epson Perfection V850,d3dbcf42e05429343a8e1a5966e3bcf0,epsonscan2:Epson Perfection V850::esci2:usb:ES00FE:337,/data,{},DROSO_03_MEL_19_F,crop_2026-01-13_16-22-42.top_left_CROPNUMBER_13_UUID_DROSO_03_MEL_19_F.png,"[4387, 9253, 4804, 9732]",0.936936616897583,0.6028218259357906,00_data/01_segmented/crops,00_data/01_segmented/crops/crop_2026-01-13_16-22-42.top_left_CROPNUMBER_13_UUID_DROSO_03_MEL_19_F.json,00_data/01_segmented/crops/crop_2026-01-13_16-22-42.top_left_CROPNUMBER_13_UUID_DROSO_03_MEL_19_F.png,crops,
2026-01-13T15:46:54.437940,/data/d3dbcf42e05429343a8e1a5966e3bcf0/Epson Perfection V850/2026-01-13/2026-01-13_15-46-54/top_left,2026-01-13_15-46-54.top_left.jpg,/data/d3dbcf42e05429343a8e1a5966e3bcf0/Epson Perfection V850/2026-01-13/2026-01-13_15-46-54/top_left/2026-01-13_15-46-54.top_left.jpg,2026-01-13_15-46-54.top_left.thumb.jpg,5483407fad8572e990edf163cad31d3d,top_left,"[22.0, 45.0, 110.0, 135.0]",jpg,3200,0,epsonscan2,esci2:usb:ES00FE:337,Epson Perfection V850,d3dbcf42e05429343a8e1a5966e3bcf0,epsonscan2:Epson Perfection V850::esci2:usb:ES00FE:337,/data,{},DROSO_02_SIM_19_F,crop_2026-01-13_15-46-54.top_left_CROPNUMBER_3_UUID_DROSO_02_SIM_19_F.png,"[4597, 4456, 5015, 4816]",0.9379447102546692,1.0,00_data/01_segmented/crops,00_data/01_segmented/crops/crop_2026-01-13_15-46-54.top_left_CROPNUMBER_3_UUID_DROSO_02_SIM_19_F.json,00_data/01_segmented/crops/crop_2026-01-13_15-46-54.top_left_CROPNUMBER_3_UUID_DROSO_02_SIM_19_F.png,crops,
2026-01-13T16:22:42.229986,/data/d3dbcf42e05429343a8e1a5966e3bcf0/Epson Perfection V850/2026-01-13/2026-01-13_16-22-42/top_right,2026-01-13_16-22-42.top_right.jpg,/data/d3dbcf42e05429343a8e1a5966e3bcf0/Epson Perfection V850/2026-01-13/2026-01-13_16-22-42/top_right/2026-01-13_16-22-42.top_right.jpg,2026-01-13_16-22-42.top_right.thumb.jpg,a62b428f433471233371d44992128bb0,top_right,"[110.5, 45.0, 200.0, 135.0]",jpg,3200,0,epsonscan2,esci2:usb:ES00FE:337,Epson Perfection V850,d3dbcf42e05429343a8e1a5966e3bcf0,epsonscan2:Epson Perfection V850::esci2:usb:ES00FE:337,/data,{},DROSO_03_MEL_19_M,crop_2026-01-13_16-22-42.top_right_CROPNUMBER_28_UUID_DROSO_03_MEL_19_M.png,"[2153, 7602, 2415, 8080]",0.9281483888626099,0.6027106630904797,00_data/01_segmented/crops,00_data/01_segmented/crops/crop_2026-01-13_16-22-42.top_right_CROPNUMBER_28_UUID_DROSO_03_MEL_19_M.json,00_data/01_segmented/crops/crop_2026-01-13_16-22-42.top_right_CROPNUMBER_28_UUID_DROSO_03_MEL_19_M.png,crops,
2026-01-13T16:09:56.394761,/data/d3dbcf42e05429343a8e1a5966e3bcf0/Epson Perfection V850/2026-01-13/2026-01-13_16-09-56/top_right,2026-01-13_16-09-56.top_right.jpg,/data/d3dbcf42e05429343a8e1a5966e3bcf0/Epson Perfection V850/2026-01-13/2026-01-13_16-09-56/top_right/2026-01-13_16-09-56.top_right.jpg,2026-01-13_16-09-56.top_right.thumb.jpg,aee7ff74e98fd3cb0d78628f63d1119f,top_right,"[110.5, 45.0, 200.0, 135.0]",jpg,3200,0,epsonscan2,esci2:usb:ES00FE:337,Epson Perfection V850,d3dbcf42e05429343a8e1a5966e3bcf0,epsonscan2:Epson Perfection V850::esci2:usb:ES00FE:337,/data,{},DROSO_01_MEL_19_M,crop_2026-01-13_16-09-56.top_right_CROPNUMBER_14_UUID_DROSO_01_MEL_19_M.png,"[2169, 8251, 2507, 8715]",0.9433343410491943,1.0,00_data/01_segmented/crops,00_data/01_segmented/crops/crop_2026-01-13_16-09-56.top_right_CROPNUMBER_14_UUID_DROSO_01_MEL_19_M.json,00_data/01_segmented/crops/crop_2026-01-13_16-09-56.top_right_CROPNUMBER_14_UUID_DROSO_01_MEL_19_M.png,crops,
2026-01-13T16:22:42.229986,/data/d3dbcf42e05429343a8e1a5966e3bcf0/Epson Perfection V850/2026-01-13/2026-01-13_16-22-42/top_right,2026-01-13_16-22-42.top_right.jpg,/data/d3dbcf42e05429343a8e1a5966e3bcf0/Epson Perfection V850/2026-01-13/2026-01-13_16-22-42/top_right/2026-01-13_16-22-42.top_right.jpg,2026-01-13_16-22-42.top_right.thumb.jpg,a62b428f433471233371d44992128bb0,top_right,"[110.5, 45.0, 200.0, 135.0]",jpg,3200,0,epsonscan2,esci2:usb:ES00FE:337,Epson Perfection V850,d3dbcf42e05429343a8e1a5966e3bcf0,epsonscan2:Epson Perfection V850::esci2:usb:ES00FE:337,/data,{},DROSO_03_MEL_19_M,crop_2026-01-13_16-22-42.top_right_CROPNUMBER_11_UUID_DROSO_03_MEL_19_M.png,"[4133, 7281, 4558, 7614]",0.9370208382606506,0.6027106630904797,00_data/01_segmented/crops,00_data/01_segmented/crops/crop_2026-01-13_16-22-42.top_right_CROPNUMBER_11_UUID_DROSO_03_MEL_19_M.json,00_data/01_segmented/crops/crop_2026-01-13_16-22-42.top_right_CROPNUMBER_11_UUID_DROSO_03_MEL_19_M.png,crops,
2026-01-13T16:17:02.422812,/data/d3dbcf42e05429343a8e1a5966e3bcf0/Epson Perfection V850/2026-01-13/2026-01-13_16-17-02/top_left,2026-01-13_16-17-02.top_left.jpg,/data/d3dbcf42e05429343a8e1a5966e3bcf0/Epson Perfection V850/2026-01-13/2026-01-13_16-17-02/top_left/2026-01-13_16-17-02.top_left.jpg,2026-01-13_16-17-02.top_left.thumb.jpg,73a37d7ec44337a23e2a64e1230cb14f,top_left,"[22.0, 45.0, 110.0, 135.0]",jpg,3200,0,epsonscan2,esci2:usb:ES00FE:337,Epson Perfection V850,d3dbcf42e05429343a8e1a5966e3bcf0,epsonscan2:Epson Perfection V850::esci2:usb:ES00FE:337,/data,{},DROSO_02_MEL_19_F,crop_2026-01-13_16-17-02.top_left_CROPNUMBER_0_UUID_DROSO_02_MEL_19_F.png,"[6384, 6335, 6805, 6715]",0.9523607492446899,1.0,00_data/01_segmented/crops,00_data/01_segmented/crops/crop_2026-01-13_16-17-02.top_left_CROPNUMBER_0_UUID_DROSO_02_MEL_19_F.json,00_data/01_segmented/crops/crop_2026-01-13_16-17-02.top_left_CROPNUMBER_0_UUID_DROSO_02_MEL_19_F.png,crops,
2026-01-13T15:52:35.076944,/data/d3dbcf42e05429343a8e1a5966e3bcf0/Epson Perfection V850/2026-01-13/2026-01-13_15-52-35/top_left,2026-01-13_15-52-35.top_left.jpg,/data/d3dbcf42e05429343a8e1a5966e3bcf0/Epson Perfection V850/2026-01-13/2026-01-13_15-52-35/top_left/2026-01-13_15-52-35.top_left.jpg,2026-01-13_15-52-35.top_left.thumb.jpg,c96bd3e091dcefbdce757afd0a69dc15,top_left,"[22.0, 45.0, 110.0, 135.0]",jpg,3200,0,epsonscan2,esci2:usb:ES00FE:337,Epson Perfection V850,d3dbcf42e05429343a8e1a5966e3bcf0,epsonscan2:Epson Perfection V850::esci2:usb:ES00FE:337,/data,{},DROSO_03_SIM_19_F,crop_2026-01-13_15-52-35.top_left_CROPNUMBER_14_UUID_DROSO_03_SIM_19_F.png,"[5849, 6749, 6325, 6995]",0.9321710467338562,1.0,00_data/01_segmented/crops,00_data/01_segmented/crops/crop_2026-01-13_15-52-35.top_left_CROPNUMBER_14_UUID_DROSO_03_SIM_19_F.json,00_data/01_segmented/crops/crop_2026-01-13_15-52-35.top_left_CROPNUMBER_14_UUID_DROSO_03_SIM_19_F.png,crops,
2026-01-13T16:09:56.394761,/data/d3dbcf42e05429343a8e1a5966e3bcf0/Epson Perfection V850/2026-01-13/2026-01-13_16-09-56/top_left,2026-01-13_16-09-56.top_left.jpg,/data/d3dbcf42e05429343a8e1a5966e3bcf0/Epson Perfection V850/2026-01-13/2026-01-13_16-09-56/top_left/2026-01-13_16-09-56.top_left.jpg,2026-01-13_16-09-56.top_left.thumb.jpg,788d0971822fc839506e3180de7f3b36,top_left,"[22.0, 45.0, 110.0, 135.0]",jpg,3200,0,epsonscan2,esci2:usb:ES00FE:337,Epson Perfection V850,d3dbcf42e05429343a8e1a5966e3bcf0,epsonscan2:Epson Perfection V850::esci2:usb:ES00FE:337,/data,{},DROSO_01_MEL_19_F,crop_2026-01-13_16-09-56.top_left_CROPNUMBER_2_UUID_DROSO_01_MEL_19_F.png,"[8218, 8748, 8675, 9091]",0.9501960277557373,1.0,00_data/01_segmented/crops,00_data/01_segmented/crops/crop_2026-01-13_16-09-56.top_left_CROPNUMBER_2_UUID_DROSO_01_MEL_19_F.json,00_data/01_segmented/crops/crop_2026-01-13_16-09-56.top_left_CROPNUMBER_2_UUID_DROSO_01_MEL_19_F.png,crops,
2026-01-13T16:09:56.394761,/data/d3dbcf42e05429343a8e1a5966e3bcf0/Epson Perfection V850/2026-01-13/2026-01-13_16-09-56/top_right,2026-01-13_16-09-56.top_right.jpg,/data/d3dbcf42e05429343a8e1a5966e3bcf0/Epson Perfection V850/2026-01-13/2026-01-13_16-09-56/top_right/2026-01-13_16-09-56.top_right.jpg,2026-01-13_16-09-56.top_right.thumb.jpg,aee7ff74e98fd3cb0d78628f63d1119f,top_right,"[110.5, 45.0, 200.0, 135.0]",jpg,3200,0,epsonscan2,esci2:usb:ES00FE:337,Epson Perfection V850,d3dbcf42e05429343a8e1a5966e3bcf0,epsonscan2:Epson Perfection V850::esci2:usb:ES00FE:337,/data,{},DROSO_01_MEL_19_M,crop_2026-01-13_16-09-56.top_right_CROPNUMBER_56_UUID_DROSO_01_MEL_19_M.png,"[7508, 7376, 7970, 7650]",0.9290791153907776,1.0,00_data/01_segmented/crops,00_data/01_segmented/crops/crop_2026-01-13_16-09-56.top_right_CROPNUMBER_56_UUID_DROSO_01_MEL_19_M.json,00_data/01_segmented/crops/crop_2026-01-13_16-09-56.top_right_CROPNUMBER_56_UUID_DROSO_01_MEL_19_M.png,crops,
2026-01-13T16:09:56.394761,/data/d3dbcf42e05429343a8e1a5966e3bcf0/Epson Perfection V850/2026-01-13/2026-01-13_16-09-56/top_right,2026-01-13_16-09-56.top_right.jpg,/data/d3dbcf42e05429343a8e1a5966e3bcf0/Epson Perfection V850/2026-01-13/2026-01-13_16-09-56/top_right/2026-01-13_16-09-56.top_right.jpg,2026-01-13_16-09-56.top_right.thumb.jpg,aee7ff74e98fd3cb0d78628f63d1119f,top_right,"[110.5, 45.0, 200.0, 135.0]",jpg,3200,0,epsonscan2,esci2:usb:ES00FE:337,Epson Perfection V850,d3dbcf42e05429343a8e1a5966e3bcf0,epsonscan2:Epson Perfection V850::esci2:usb:ES00FE:337,/data,{},DROSO_01_MEL_19_M,crop_2026-01-13_16-09-56.top_right_CROPNUMBER_0_UUID_DROSO_01_MEL_19_M.png,"[9527, 4313, 9979, 4635]",0.9562661051750183,1.0,00_data/01_segmented/crops,00_data/01_segmented/crops/crop_2026-01-13_16-09-56.top_right_CROPNUMBER_0_UUID_DROSO_01_MEL_19_M.json,00_data/01_segmented/crops/crop_2026-01-13_16-09-56.top_right_CROPNUMBER_0_UUID_DROSO_01_MEL_19_M.png,crops,
2026-01-13T15:52:35.076944,/data/d3dbcf42e05429343a8e1a5966e3bcf0/Epson Perfection V850/2026-01-13/2026-01-13_15-52-35/top_right,2026-01-13_15-52-35.top_right.jpg,/data/d3dbcf42e05429343a8e1a5966e3bcf0/Epson Perfection V850/2026-01-13/2026-01-13_15-52-35/top_right/2026-01-13_15-52-35.top_right.jpg,2026-01-13_15-52-35.top_right.thumb.jpg,21ba2cf23da353b8d840e52696871b60,top_right,"[110.5, 45.0, 200.0, 135.0]",jpg,3200,0,epsonscan2,esci2:usb:ES00FE:337,Epson Perfection V850,d3dbcf42e05429343a8e1a5966e3bcf0,epsonscan2:Epson Perfection V850::esci2:usb:ES00FE:337,/data,{},DROSO_03_SIM_19_M,crop_2026-01-13_15-52-35.top_right_CROPNUMBER_8_UUID_DROSO_03_SIM_19_M.png,"[3907, 5963, 4209, 6364]",0.9374790191650391,1.0,00_data/01_segmented/crops,00_data/01_segmented/crops/crop_2026-01-13_15-52-35.top_right_CROPNUMBER_8_UUID_DROSO_03_SIM_19_M.json,00_data/01_segmented/crops/crop_2026-01-13_15-52-35.top_right_CROPNUMBER_8_UUID_DROSO_03_SIM_19_M.png,crops,
2026-01-13T15:58:15.447485,/data/d3dbcf42e05429343a8e1a5966e3bcf0/Epson Perfection V850/2026-01-13/2026-01-13_15-58-15/top_right,2026-01-13_15-58-15.top_right.jpg,/data/d3dbcf42e05429343a8e1a5966e3bcf0/Epson Perfection V850/2026-01-13/2026-01-13_15-58-15/top_right/2026-01-13_15-58-15.top_right.jpg,2026-01-13_15-58-15.top_right.thumb.jpg,f4b3f70693284ad9b6a7bd19eb02b3d5,top_right,"[110.5, 45.0, 200.0, 135.0]",jpg,3200,0,epsonscan2,esci2:usb:ES00FE:337,Epson Perfection V850,d3dbcf42e05429343a8e1a5966e3bcf0,epsonscan2:Epson Perfection V850::esci2:usb:ES00FE:337,/data,{},DROSO_04_SIM_19_M,crop_2026-01-13_15-58-15.top_right_CROPNUMBER_12_UUID_DROSO_04_SIM_19_M.png,"[5137, 9613, 5585, 9963]",0.9429366588592529,1.0,00_data/01_segmented/crops,00_data/01_segmented/crops/crop_2026-01-13_15-58-15.top_right_CROPNUMBER_12_UUID_DROSO_04_SIM_19_M.json,00_data/01_segmented/crops/crop_2026-01-13_15-58-15.top_right_CROPNUMBER_12_UUID_DROSO_04_SIM_19_M.png,crops,
2026-01-13T15:40:38.651010,/data/d3dbcf42e05429343a8e1a5966e3bcf0/Epson Perfection V850/2026-01-13/2026-01-13_15-40-38/top_left,2026-01-13_15-40-38.top_left.jpg,/data/d3dbcf42e05429343a8e1a5966e3bcf0/Epson Perfection V850/2026-01-13/2026-01-13_15-40-38/top_left/2026-01-13_15-40-38.top_left.jpg,2026-01-13_15-40-38.top_left.thumb.jpg,16a144e86ca9c5e7bb9b16ddead6411f,top_left,"[22.0, 45.0, 110.0, 135.0]",jpg,3200,0,epsonscan2,esci2:usb:ES00FE:337,Epson Perfection V850,d3dbcf42e05429343a8e1a5966e3bcf0,epsonscan2:Epson Perfection V850::esci2:usb:ES00FE:337,/data,{},DROSO_01_SIM_19_F,crop_2026-01-13_15-40-38.top_left_CROPNUMBER_8_UUID_DROSO_01_SIM_19_F.png,"[5100, 5643, 5342, 6138]",0.938992440700531,1.0,00_data/01_segmented/crops,00_data/01_segmented/crops/crop_2026-01-13_15-40-38.top_left_CROPNUMBER_8_UUID_DROSO_01_SIM_19_F.json,00_data/01_segmented/crops/crop_2026-01-13_15-40-38.top_left_CROPNUMBER_8_UUID_DROSO_01_SIM_19_F.png,crops,
2026-01-13T15:46:54.437940,/data/d3dbcf42e05429343a8e1a5966e3bcf0/Epson Perfection V850/2026-01-13/2026-01-13_15-46-54/top_left,2026-01-13_15-46-54.top_left.jpg,/data/d3dbcf42e05429343a8e1a5966e3bcf0/Epson Perfection V850/2026-01-13/2026-01-13_15-46-54/top_left/2026-01-13_15-46-54.top_left.jpg,2026-01-13_15-46-54.top_left.thumb.jpg,5483407fad8572e990edf163cad31d3d,top_left,"[22.0, 45.0, 110.0, 135.0]",jpg,3200,0,epsonscan2,esci2:usb:ES00FE:337,Epson Perfection V850,d3dbcf42e05429343a8e1a5966e3bcf0,epsonscan2:Epson Perfection V850::esci2:usb:ES00FE:337,/data,{},DROSO_02_SIM_19_F,crop_2026-01-13_15-46-54.top_left_CROPNUMBER_5_UUID_DROSO_02_SIM_19_F.png,"[5618, 7821, 6068, 8255]",0.9377897381782532,0.6028218259357906,00_data/01_segmented/crops,00_data/01_segmented/crops/crop_2026-01-13_15-46-54.top_left_CROPNUMBER_5_UUID_DROSO_02_SIM_19_F.json,00_data/01_segmented/crops/crop_2026-01-13_15-46-54.top_left_CROPNUMBER_5_UUID_DROSO_02_SIM_19_F.png,crops,
2026-01-13T16:09:56.394761,/data/d3dbcf42e05429343a8e1a5966e3bcf0/Epson Perfection V850/2026-01-13/2026-01-13_16-09-56/top_right,2026-01-13_16-09-56.top_right.jpg,/data/d3dbcf42e05429343a8e1a5966e3bcf0/Epson Perfection V850/2026-01-13/2026-01-13_16-09-56/top_right/2026-01-13_16-09-56.top_right.jpg,2026-01-13_16-09-56.top_right.thumb.jpg,aee7ff74e98fd3cb0d78628f63d1119f,top_right,"[110.5, 45.0, 200.0, 135.0]",jpg,3200,0,epsonscan2,esci2:usb:ES00FE:337,Epson Perfection V850,d3dbcf42e05429343a8e1a5966e3bcf0,epsonscan2:Epson Perfection V850::esci2:usb:ES00FE:337,/data,{},DROSO_01_MEL_19_M,crop_2026-01-13_16-09-56.top_right_CROPNUMBER_60_UUID_DROSO_01_MEL_19_M.png,"[8691, 5813, 8984, 6252]",0.9256408214569092,0.6027106630904797,00_data/01_segmented/crops,00_data/01_segmented/crops/crop_2026-01-13_16-09-56.top_right_CROPNUMBER_60_UUID_DROSO_01_MEL_19_M.json,00_data/01_segmented/crops/crop_2026-01-13_16-09-56.top_right_CROPNUMBER_60_UUID_DROSO_01_MEL_19_M.png,crops,
2026-01-13T16:17:02.422812,/data/d3dbcf42e05429343a8e1a5966e3bcf0/Epson Perfection V850/2026-01-13/2026-01-13_16-17-02/top_right,2026-01-13_16-17-02.top_right.jpg,/data/d3dbcf42e05429343a8e1a5966e3bcf0/Epson Perfection V850/2026-01-13/2026-01-13_16-17-02/top_right/2026-01-13_16-17-02.top_right.jpg,2026-01-13_16-17-02.top_right.thumb.jpg,dba0ed76fe036a6b6c2f125e044f31c3,top_right,"[110.5, 45.0, 200.0, 135.0]",jpg,3200,0,epsonscan2,esci2:usb:ES00FE:337,Epson Perfection V850,d3dbcf42e05429343a8e1a5966e3bcf0,epsonscan2:Epson Perfection V850::esci2:usb:ES00FE:337,/data,{},DROSO_02_MEL_19_M,crop_2026-01-13_16-17-02.top_right_CROPNUMBER_21_UUID_DROSO_02_MEL_19_M.png,"[7223, 5973, 7621, 6465]",0.9345192313194275,1.0,00_data/01_segmented/crops,00_data/01_segmented/crops/crop_2026-01-13_16-17-02.top_right_CROPNUMBER_21_UUID_DROSO_02_MEL_19_M.json,00_data/01_segmented/crops/crop_2026-01-13_16-17-02.top_right_CROPNUMBER_21_UUID_DROSO_02_MEL_19_M.png,crops,
2026-01-13T15:58:15.447485,/data/d3dbcf42e05429343a8e1a5966e3bcf0/Epson Perfection V850/2026-01-13/2026-01-13_15-58-15/top_left,2026-01-13_15-58-15.top_left.jpg,/data/d3dbcf42e05429343a8e1a5966e3bcf0/Epson Perfection V850/2026-01-13/2026-01-13_15-58-15/top_left/2026-01-13_15-58-15.top_left.jpg,2026-01-13_15-58-15.top_left.thumb.jpg,06b4b76a8baf9e9d6a949609e6c4b9d4,top_left,"[22.0, 45.0, 110.0, 135.0]",jpg,3200,0,epsonscan2,esci2:usb:ES00FE:337,Epson Perfection V850,d3dbcf42e05429343a8e1a5966e3bcf0,epsonscan2:Epson Perfection V850::esci2:usb:ES00FE:337,/data,{},DROSO_04_SIM_19_F,crop_2026-01-13_15-58-15.top_left_CROPNUMBER_12_UUID_DROSO_04_SIM_19_F.png,"[3129, 7420, 3517, 7817]",0.9355807900428772,0.6028218259357906,00_data/01_segmented/crops,00_data/01_segmented/crops/crop_2026-01-13_15-58-15.top_left_CROPNUMBER_12_UUID_DROSO_04_SIM_19_F.json,00_data/01_segmented/crops/crop_2026-01-13_15-58-15.top_left_CROPNUMBER_12_UUID_DROSO_04_SIM_19_F.png,crops,
2026-01-13T16:22:42.229986,/data/d3dbcf42e05429343a8e1a5966e3bcf0/Epson Perfection V850/2026-01-13/2026-01-13_16-22-42/top_right,2026-01-13_16-22-42.top_right.jpg,/data/d3dbcf42e05429343a8e1a5966e3bcf0/Epson Perfection V850/2026-01-13/2026-01-13_16-22-42/top_right/2026-01-13_16-22-42.top_right.jpg,2026-01-13_16-22-42.top_right.thumb.jpg,a62b428f433471233371d44992128bb0,top_right,"[110.5, 45.0, 200.0, 135.0]",jpg,3200,0,epsonscan2,esci2:usb:ES00FE:337,Epson Perfection V850,d3dbcf42e05429343a8e1a5966e3bcf0,epsonscan2:Epson Perfection V850::esci2:usb:ES00FE:337,/data,{},DROSO_03_MEL_19_M,crop_2026-01-13_16-22-42.top_right_CROPNUMBER_13_UUID_DROSO_03_MEL_19_M.png,"[4141, 9299, 4530, 9681]",0.936538815498352,0.6027106630904797,00_data/01_segmented/crops,00_data/01_segmented/crops/crop_2026-01-13_16-22-42.top_right_CROPNUMBER_13_UUID_DROSO_03_MEL_19_M.json,00_data/01_segmented/crops/crop_2026-01-13_16-22-42.top_right_CROPNUMBER_13_UUID_DROSO_03_MEL_19_M.png,crops,
2026-01-13T16:17:02.422812,/data/d3dbcf42e05429343a8e1a5966e3bcf0/Epson Perfection V850/2026-01-13/2026-01-13_16-17-02/top_right,2026-01-13_16-17-02.top_right.jpg,/data/d3dbcf42e05429343a8e1a5966e3bcf0/Epson Perfection V850/2026-01-13/2026-01-13_16-17-02/top_right/2026-01-13_16-17-02.top_right.jpg,2026-01-13_16-17-02.top_right.thumb.jpg,dba0ed76fe036a6b6c2f125e044f31c3,top_right,"[110.5, 45.0, 200.0, 135.0]",jpg,3200,0,epsonscan2,esci2:usb:ES00FE:337,Epson Perfection V850,d3dbcf42e05429343a8e1a5966e3bcf0,epsonscan2:Epson Perfection V850::esci2:usb:ES00FE:337,/data,{},DROSO_02_MEL_19_M,crop_2026-01-13_16-17-02.top_right_CROPNUMBER_1_UUID_DROSO_02_MEL_19_M.png,"[2861, 8617, 3155, 9088]",0.9510260224342346,1.0,00_data/01_segmented/crops,00_data/01_segmented/crops/crop_2026-01-13_16-17-02.top_right_CROPNUMBER_1_UUID_DROSO_02_MEL_19_M.json,00_data/01_segmented/crops/crop_2026-01-13_16-17-02.top_right_CROPNUMBER_1_UUID_DROSO_02_MEL_19_M.png,crops,
2026-01-13T16:22:42.229986,/data/d3dbcf42e05429343a8e1a5966e3bcf0/Epson Perfection V850/2026-01-13/2026-01-13_16-22-42/top_left,2026-01-13_16-22-42.top_left.jpg,/data/d3dbcf42e05429343a8e1a5966e3bcf0/Epson Perfection V850/2026-01-13/2026-01-13_16-22-42/top_left/2026-01-13_16-22-42.top_left.jpg,2026-01-13_16-22-42.top_left.thumb.jpg,f331f82ac6dcbf4a1318ddee5307a618,top_left,"[22.0, 45.0, 110.0, 135.0]",jpg,3200,0,epsonscan2,esci2:usb:ES00FE:337,Epson Perfection V850,d3dbcf42e05429343a8e1a5966e3bcf0,epsonscan2:Epson Perfection V850::esci2:usb:ES00FE:337,/data,{},DROSO_03_MEL_19_F,crop_2026-01-13_16-22-42.top_left_CROPNUMBER_20_UUID_DROSO_03_MEL_19_F.png,"[9086, 8255, 9579, 8629]",0.9344464540481567,0.6028218259357906,00_data/01_segmented/crops,00_data/01_segmented/crops/crop_2026-01-13_16-22-42.top_left_CROPNUMBER_20_UUID_DROSO_03_MEL_19_F.json,00_data/01_segmented/crops/crop_2026-01-13_16-22-42.top_left_CROPNUMBER_20_UUID_DROSO_03_MEL_19_F.png,crops,
2026-01-13T16:04:10.629205,/data/d3dbcf42e05429343a8e1a5966e3bcf0/Epson Perfection V850/2026-01-13/2026-01-13_16-04-10/top_right,2026-01-13_16-04-10.top_right.jpg,/data/d3dbcf42e05429343a8e1a5966e3bcf0/Epson Perfection V850/2026-01-13/2026-01-13_16-04-10/top_right/2026-01-13_16-04-10.top_right.jpg,2026-01-13_16-04-10.top_right.thumb.jpg,3126fa75aee2fe2913a08ebebfa0ed4f,top_right,"[110.5, 45.0, 200.0, 135.0]",jpg,3200,0,epsonscan2,esci2:usb:ES00FE:337,Epson Perfection V850,d3dbcf42e05429343a8e1a5966e3bcf0,epsonscan2:Epson Perfection V850::esci2:usb:ES00FE:337,/data,{},DROSO_05_SIM_19_M,crop_2026-01-13_16-04-10.top_right_CROPNUMBER_13_UUID_DROSO_05_SIM_19_M.png,"[6813, 7136, 7203, 7540]",0.9323933720588684,0.6027106630904797,00_data/01_segmented/crops,00_data/01_segmented/crops/crop_2026-01-13_16-04-10.top_right_CROPNUMBER_13_UUID_DROSO_05_SIM_19_M.json,00_data/01_segmented/crops/crop_2026-01-13_16-04-10.top_right_CROPNUMBER_13_UUID_DROSO_05_SIM_19_M.png,crops,
2026-01-13T16:09:56.394761,/data/d3dbcf42e05429343a8e1a5966e3bcf0/Epson Perfection V850/2026-01-13/2026-01-13_16-09-56/top_right,2026-01-13_16-09-56.top_right.jpg,/data/d3dbcf42e05429343a8e1a5966e3bcf0/Epson Perfection V850/2026-01-13/2026-01-13_16-09-56/top_right/2026-01-13_16-09-56.top_right.jpg,2026-01-13_16-09-56.top_right.thumb.jpg,aee7ff74e98fd3cb0d78628f63d1119f,top_right,"[110.5, 45.0, 200.0, 135.0]",jpg,3200,0,epsonscan2,esci2:usb:ES00FE:337,Epson Perfection V850,d3dbcf42e05429343a8e1a5966e3bcf0,epsonscan2:Epson Perfection V850::esci2:usb:ES00FE:337,/data,{},DROSO_01_MEL_19_M,crop_2026-01-13_16-09-56.top_right_CROPNUMBER_45_UUID_DROSO_01_MEL_19_M.png,"[5741, 7752, 6323, 8153]",0.9350488185882568,0.6027106630904797,00_data/01_segmented/crops,00_data/01_segmented/crops/crop_2026-01-13_16-09-56.top_right_CROPNUMBER_45_UUID_DROSO_01_MEL_19_M.json,00_data/01_segmented/crops/crop_2026-01-13_16-09-56.top_right_CROPNUMBER_45_UUID_DROSO_01_MEL_19_M.png,crops,
2026-01-13T16:17:02.422812,/data/d3dbcf42e05429343a8e1a5966e3bcf0/Epson Perfection V850/2026-01-13/2026-01-13_16-17-02/top_left,2026-01-13_16-17-02.top_left.jpg,/data/d3dbcf42e05429343a8e1a5966e3bcf0/Epson Perfection V850/2026-01-13/2026-01-13_16-17-02/top_left/2026-01-13_16-17-02.top_left.jpg,2026-01-13_16-17-02.top_left.thumb.jpg,73a37d7ec44337a23e2a64e1230cb14f,top_left,"[22.0, 45.0, 110.0, 135.0]",jpg,3200,0,epsonscan2,esci2:usb:ES00FE:337,Epson Perfection V850,d3dbcf42e05429343a8e1a5966e3bcf0,epsonscan2:Epson Perfection V850::esci2:usb:ES00FE:337,/data,{},DROSO_02_MEL_19_F,crop_2026-01-13_16-17-02.top_left_CROPNUMBER_6_UUID_DROSO_02_MEL_19_F.png,"[8111, 8012, 8564, 8338]",0.9451100826263428,1.0,00_data/01_segmented/crops,00_data/01_segmented/crops/crop_2026-01-13_16-17-02.top_left_CROPNUMBER_6_UUID_DROSO_02_MEL_19_F.json,00_data/01_segmented/crops/crop_2026-01-13_16-17-02.top_left_CROPNUMBER_6_UUID_DROSO_02_MEL_19_F.png,crops,
2026-01-13T16:04:10.629205,/data/d3dbcf42e05429343a8e1a5966e3bcf0/Epson Perfection V850/2026-01-13/2026-01-13_16-04-10/top_left,2026-01-13_16-04-10.top_left.jpg,/data/d3dbcf42e05429343a8e1a5966e3bcf0/Epson Perfection V850/2026-01-13/2026-01-13_16-04-10/top_left/2026-01-13_16-04-10.top_left.jpg,2026-01-13_16-04-10.top_left.thumb.jpg,e5f859616a1ebf20cb8f61da5b2008c2,top_left,"[22.0, 45.0, 110.0, 135.0]",jpg,3200,0,epsonscan2,esci2:usb:ES00FE:337,Epson Perfection V850,d3dbcf42e05429343a8e1a5966e3bcf0,epsonscan2:Epson Perfection V850::esci2:usb:ES00FE:337,/data,{},DROSO_05_SIM_19_F,crop_2026-01-13_16-04-10.top_left_CROPNUMBER_10_UUID_DROSO_05_SIM_19_F.png,"[6706, 8306, 7067, 8729]",0.9374833106994629,1.0,00_data/01_segmented/crops,00_data/01_segmented/crops/crop_2026-01-13_16-04-10.top_left_CROPNUMBER_10_UUID_DROSO_05_SIM_19_F.json,00_data/01_segmented/crops/crop_2026-01-13_16-04-10.top_left_CROPNUMBER_10_UUID_DROSO_05_SIM_19_F.png,crops,
2026-01-13T15:52:35.076944,/data/d3dbcf42e05429343a8e1a5966e3bcf0/Epson Perfection V850/2026-01-13/2026-01-13_15-52-35/top_left,2026-01-13_15-52-35.top_left.jpg,/data/d3dbcf42e05429343a8e1a5966e3bcf0/Epson Perfection V850/2026-01-13/2026-01-13_15-52-35/top_left/2026-01-13_15-52-35.top_left.jpg,2026-01-13_15-52-35.top_left.thumb.jpg,c96bd3e091dcefbdce757afd0a69dc15,top_left,"[22.0, 45.0, 110.0, 135.0]",jpg,3200,0,epsonscan2,esci2:usb:ES00FE:337,Epson Perfection V850,d3dbcf42e05429343a8e1a5966e3bcf0,epsonscan2:Epson Perfection V850::esci2:usb:ES00FE:337,/data,{},DROSO_03_SIM_19_F,crop_2026-01-13_15-52-35.top_left_CROPNUMBER_0_UUID_DROSO_03_SIM_19_F.png,"[4658, 6016, 5084, 6435]",0.9559574723243713,1.0,00_data/01_segmented/crops,00_data/01_segmented/crops/crop_2026-01-13_15-52-35.top_left_CROPNUMBER_0_UUID_DROSO_03_SIM_19_F.json,00_data/01_segmented/crops/crop_2026-01-13_15-52-35.top_left_CROPNUMBER_0_UUID_DROSO_03_SIM_19_F.png,crops,
2026-01-13T16:09:56.394761,/data/d3dbcf42e05429343a8e1a5966e3bcf0/Epson Perfection V850/2026-01-13/2026-01-13_16-09-56/top_right,2026-01-13_16-09-56.top_right.jpg,/data/d3dbcf42e05429343a8e1a5966e3bcf0/Epson Perfection V850/2026-01-13/2026-01-13_16-09-56/top_right/2026-01-13_16-09-56.top_right.jpg,2026-01-13_16-09-56.top_right.thumb.jpg,aee7ff74e98fd3cb0d78628f63d1119f,top_right,"[110.5, 45.0, 200.0, 135.0]",jpg,3200,0,epsonscan2,esci2:usb:ES00FE:337,Epson Perfection V850,d3dbcf42e05429343a8e1a5966e3bcf0,epsonscan2:Epson Perfection V850::esci2:usb:ES00FE:337,/data,{},DROSO_01_MEL_19_M,crop_2026-01-13_16-09-56.top_right_CROPNUMBER_18_UUID_DROSO_01_MEL_19_M.png,"[3116, 6394, 3420, 6846]",0.9424241781234741,1.0,00_data/01_segmented/crops,00_data/01_segmented/crops/crop_2026-01-13_16-09-56.top_right_CROPNUMBER_18_UUID_DROSO_01_MEL_19_M.json,00_data/01_segmented/crops/crop_2026-01-13_16-09-56.top_right_CROPNUMBER_18_UUID_DROSO_01_MEL_19_M.png,crops,
2026-01-13T15:40:38.651010,/data/d3dbcf42e05429343a8e1a5966e3bcf0/Epson Perfection V850/2026-01-13/2026-01-13_15-40-38/top_left,2026-01-13_15-40-38.top_left.jpg,/data/d3dbcf42e05429343a8e1a5966e3bcf0/Epson Perfection V850/2026-01-13/2026-01-13_15-40-38/top_left/2026-01-13_15-40-38.top_left.jpg,2026-01-13_15-40-38.top_left.thumb.jpg,16a144e86ca9c5e7bb9b16ddead6411f,top_left,"[22.0, 45.0, 110.0, 135.0]",jpg,3200,0,epsonscan2,esci2:usb:ES00FE:337,Epson Perfection V850,d3dbcf42e05429343a8e1a5966e3bcf0,epsonscan2:Epson Perfection V850::esci2:usb:ES00FE:337,/data,{},DROSO_01_SIM_19_F,crop_2026-01-13_15-40-38.top_left_CROPNUMBER_4_UUID_DROSO_01_SIM_19_F.png,"[6110, 8237, 6415, 8723]",0.9426243305206299,1.0,00_data/01_segmented/crops,00_data/01_segmented/crops/crop_2026-01-13_15-40-38.top_left_CROPNUMBER_4_UUID_DROSO_01_SIM_19_F.json,00_data/01_segmented/crops/crop_2026-01-13_15-40-38.top_left_CROPNUMBER_4_UUID_DROSO_01_SIM_19_F.png,crops,
2026-01-13T16:22:42.229986,/data/d3dbcf42e05429343a8e1a5966e3bcf0/Epson Perfection V850/2026-01-13/2026-01-13_16-22-42/top_right,2026-01-13_16-22-42.top_right.jpg,/data/d3dbcf42e05429343a8e1a5966e3bcf0/Epson Perfection V850/2026-01-13/2026-01-13_16-22-42/top_right/2026-01-13_16-22-42.top_right.jpg,2026-01-13_16-22-42.top_right.thumb.jpg,a62b428f433471233371d44992128bb0,top_right,"[110.5, 45.0, 200.0, 135.0]",jpg,3200,0,epsonscan2,esci2:usb:ES00FE:337,Epson Perfection V850,d3dbcf42e05429343a8e1a5966e3bcf0,epsonscan2:Epson Perfection V850::esci2:usb:ES00FE:337,/data,{},DROSO_03_MEL_19_M,crop_2026-01-13_16-22-42.top_right_CROPNUMBER_14_UUID_DROSO_03_MEL_19_M.png,"[1456, 5271, 1889, 5637]",0.9352389574050903,1.0,00_data/01_segmented/crops,00_data/01_segmented/crops/crop_2026-01-13_16-22-42.top_right_CROPNUMBER_14_UUID_DROSO_03_MEL_19_M.json,00_data/01_segmented/crops/crop_2026-01-13_16-22-42.top_right_CROPNUMBER_14_UUID_DROSO_03_MEL_19_M.png,crops,
2026-01-13T16:09:56.394761,/data/d3dbcf42e05429343a8e1a5966e3bcf0/Epson Perfection V850/2026-01-13/2026-01-13_16-09-56/top_right,2026-01-13_16-09-56.top_right.jpg,/data/d3dbcf42e05429343a8e1a5966e3bcf0/Epson Perfection V850/2026-01-13/2026-01-13_16-09-56/top_right/2026-01-13_16-09-56.top_right.jpg,2026-01-13_16-09-56.top_right.thumb.jpg,aee7ff74e98fd3cb0d78628f63d1119f,top_right,"[110.5, 45.0, 200.0, 135.0]",jpg,3200,0,epsonscan2,esci2:usb:ES00FE:337,Epson Perfection V850,d3dbcf42e05429343a8e1a5966e3bcf0,epsonscan2:Epson Perfection V850::esci2:usb:ES00FE:337,/data,{},DROSO_01_MEL_19_M,crop_2026-01-13_16-09-56.top_right_CROPNUMBER_59_UUID_DROSO_01_MEL_19_M.png,"[8894, 6402, 9152, 6849]",0.9257996082305908,1.0,00_data/01_segmented/crops,00_data/01_segmented/crops/crop_2026-01-13_16-09-56.top_right_CROPNUMBER_59_UUID_DROSO_01_MEL_19_M.json,00_data/01_segmented/crops/crop_2026-01-13_16-09-56.top_right_CROPNUMBER_59_UUID_DROSO_01_MEL_19_M.png,crops,
2026-01-13T15:52:35.076944,/data/d3dbcf42e05429343a8e1a5966e3bcf0/Epson Perfection V850/2026-01-13/2026-01-13_15-52-35/top_right,2026-01-13_15-52-35.top_right.jpg,/data/d3dbcf42e05429343a8e1a5966e3bcf0/Epson Perfection V850/2026-01-13/2026-01-13_15-52-35/top_right/2026-01-13_15-52-35.top_right.jpg,2026-01-13_15-52-35.top_right.thumb.jpg,21ba2cf23da353b8d840e52696871b60,top_right,"[110.5, 45.0, 200.0, 135.0]",jpg,3200,0,epsonscan2,esci2:usb:ES00FE:337,Epson Perfection V850,d3dbcf42e05429343a8e1a5966e3bcf0,epsonscan2:Epson Perfection V850::esci2:usb:ES00FE:337,/data,{},DROSO_03_SIM_19_M,crop_2026-01-13_15-52-35.top_right_CROPNUMBER_0_UUID_DROSO_03_SIM_19_M.png,"[5450, 9348, 5932, 9795]",0.9480958580970764,0.6027106630904797,00_data/01_segmented/crops,00_data/01_segmented/crops/crop_2026-01-13_15-52-35.top_right_CROPNUMBER_0_UUID_DROSO_03_SIM_19_M.json,00_data/01_segmented/crops/crop_2026-01-13_15-52-35.top_right_CROPNUMBER_0_UUID_DROSO_03_SIM_19_M.png,crops,
2026-01-13T16:09:56.394761,/data/d3dbcf42e05429343a8e1a5966e3bcf0/Epson Perfection V850/2026-01-13/2026-01-13_16-09-56/top_left,2026-01-13_16-09-56.top_left.jpg,/data/d3dbcf42e05429343a8e1a5966e3bcf0/Epson Perfection V850/2026-01-13/2026-01-13_16-09-56/top_left/2026-01-13_16-09-56.top_left.jpg,2026-01-13_16-09-56.top_left.thumb.jpg,788d0971822fc839506e3180de7f3b36,top_left,"[22.0, 45.0, 110.0, 135.0]",jpg,3200,0,epsonscan2,esci2:usb:ES00FE:337,Epson Perfection V850,d3dbcf42e05429343a8e1a5966e3bcf0,epsonscan2:Epson Perfection V850::esci2:usb:ES00FE:337,/data,{},DROSO_01_MEL_19_F,crop_2026-01-13_16-09-56.top_left_CROPNUMBER_14_UUID_DROSO_01_MEL_19_F.png,"[8469, 5393, 8999, 5801]",0.9412294626235962,0.6028218259357906,00_data/01_segmented/crops,00_data/01_segmented/crops/crop_2026-01-13_16-09-56.top_left_CROPNUMBER_14_UUID_DROSO_01_MEL_19_F.json,00_data/01_segmented/crops/crop_2026-01-13_16-09-56.top_left_CROPNUMBER_14_UUID_DROSO_01_MEL_19_F.png,crops,
2026-01-13T16:17:02.422812,/data/d3dbcf42e05429343a8e1a5966e3bcf0/Epson Perfection V850/2026-01-13/2026-01-13_16-17-02/top_left,2026-01-13_16-17-02.top_left.jpg,/data/d3dbcf42e05429343a8e1a5966e3bcf0/Epson Perfection V850/2026-01-13/2026-01-13_16-17-02/top_left/2026-01-13_16-17-02.top_left.jpg,2026-01-13_16-17-02.top_left.thumb.jpg,73a37d7ec44337a23e2a64e1230cb14f,top_left,"[22.0, 45.0, 110.0, 135.0]",jpg,3200,0,epsonscan2,esci2:usb:ES00FE:337,Epson Perfection V850,d3dbcf42e05429343a8e1a5966e3bcf0,epsonscan2:Epson Perfection V850::esci2:usb:ES00FE:337,/data,{},DROSO_02_MEL_19_F,crop_2026-01-13_16-17-02.top_left_CROPNUMBER_24_UUID_DROSO_02_MEL_19_F.png,"[6702, 7678, 7051, 8185]",0.9333041906356812,0.6028218259357906,00_data/01_segmented/crops,00_data/01_segmented/crops/crop_2026-01-13_16-17-02.top_left_CROPNUMBER_24_UUID_DROSO_02_MEL_19_F.json,00_data/01_segmented/crops/crop_2026-01-13_16-17-02.top_left_CROPNUMBER_24_UUID_DROSO_02_MEL_19_F.png,crops,
2026-01-13T16:09:56.394761,/data/d3dbcf42e05429343a8e1a5966e3bcf0/Epson Perfection V850/2026-01-13/2026-01-13_16-09-56/top_left,2026-01-13_16-09-56.top_left.jpg,/data/d3dbcf42e05429343a8e1a5966e3bcf0/Epson Perfection V850/2026-01-13/2026-01-13_16-09-56/top_left/2026-01-13_16-09-56.top_left.jpg,2026-01-13_16-09-56.top_left.thumb.jpg,788d0971822fc839506e3180de7f3b36,top_left,"[22.0, 45.0, 110.0, 135.0]",jpg,3200,0,epsonscan2,esci2:usb:ES00FE:337,Epson Perfection V850,d3dbcf42e05429343a8e1a5966e3bcf0,epsonscan2:Epson Perfection V850::esci2:usb:ES00FE:337,/data,{},DROSO_01_MEL_19_F,crop_2026-01-13_16-09-56.top_left_CROPNUMBER_26_UUID_DROSO_01_MEL_19_F.png,"[6339, 9727, 6691, 10240]",0.9376333355903625,0.6028218259357906,00_data/01_segmented/crops,00_data/01_segmented/crops/crop_2026-01-13_16-09-56.top_left_CROPNUMBER_26_UUID_DROSO_01_MEL_19_F.json,00_data/01_segmented/crops/crop_2026-01-13_16-09-56.top_left_CROPNUMBER_26_UUID_DROSO_01_MEL_19_F.png,crops,
2026-01-13T16:09:56.394761,/data/d3dbcf42e05429343a8e1a5966e3bcf0/Epson Perfection V850/2026-01-13/2026-01-13_16-09-56/top_right,2026-01-13_16-09-56.top_right.jpg,/data/d3dbcf42e05429343a8e1a5966e3bcf0/Epson Perfection V850/2026-01-13/2026-01-13_16-09-56/top_right/2026-01-13_16-09-56.top_right.jpg,2026-01-13_16-09-56.top_right.thumb.jpg,aee7ff74e98fd3cb0d78628f63d1119f,top_right,"[110.5, 45.0, 200.0, 135.0]",jpg,3200,0,epsonscan2,esci2:usb:ES00FE:337,Epson Perfection V850,d3dbcf42e05429343a8e1a5966e3bcf0,epsonscan2:Epson Perfection V850::esci2:usb:ES00FE:337,/data,{},DROSO_01_MEL_19_M,crop_2026-01-13_16-09-56.top_right_CROPNUMBER_9_UUID_DROSO_01_MEL_19_M.png,"[9954, 6213, 10415, 6617]",0.9447393417358398,1.0,00_data/01_segmented/crops,00_data/01_segmented/crops/crop_2026-01-13_16-09-56.top_right_CROPNUMBER_9_UUID_DROSO_01_MEL_19_M.json,00_data/01_segmented/crops/crop_2026-01-13_16-09-56.top_right_CROPNUMBER_9_UUID_DROSO_01_MEL_19_M.png,crops,
2026-01-13T15:58:15.447485,/data/d3dbcf42e05429343a8e1a5966e3bcf0/Epson Perfection V850/2026-01-13/2026-01-13_15-58-15/top_right,2026-01-13_15-58-15.top_right.jpg,/data/d3dbcf42e05429343a8e1a5966e3bcf0/Epson Perfection V850/2026-01-13/2026-01-13_15-58-15/top_right/2026-01-13_15-58-15.top_right.jpg,2026-01-13_15-58-15.top_right.thumb.jpg,f4b3f70693284ad9b6a7bd19eb02b3d5,top_right,"[110.5, 45.0, 200.0, 135.0]",jpg,3200,0,epsonscan2,esci2:usb:ES00FE:337,Epson Perfection V850,d3dbcf42e05429343a8e1a5966e3bcf0,epsonscan2:Epson Perfection V850::esci2:usb:ES00FE:337,/data,{},DROSO_04_SIM_19_M,crop_2026-01-13_15-58-15.top_right_CROPNUMBER_8_UUID_DROSO_04_SIM_19_M.png,"[3773, 9017, 4185, 9422]",0.9465747475624084,1.0,00_data/01_segmented/crops,00_data/01_segmented/crops/crop_2026-01-13_15-58-15.top_right_CROPNUMBER_8_UUID_DROSO_04_SIM_19_M.json,00_data/01_segmented/crops/crop_2026-01-13_15-58-15.top_right_CROPNUMBER_8_UUID_DROSO_04_SIM_19_M.png,crops,
2026-01-13T16:22:42.229986,/data/d3dbcf42e05429343a8e1a5966e3bcf0/Epson Perfection V850/2026-01-13/2026-01-13_16-22-42/top_left,2026-01-13_16-22-42.top_left.jpg,/data/d3dbcf42e05429343a8e1a5966e3bcf0/Epson Perfection V850/2026-01-13/2026-01-13_16-22-42/top_left/2026-01-13_16-22-42.top_left.jpg,2026-01-13_16-22-42.top_left.thumb.jpg,f331f82ac6dcbf4a1318ddee5307a618,top_left,"[22.0, 45.0, 110.0, 135.0]",jpg,3200,0,epsonscan2,esci2:usb:ES00FE:337,Epson Perfection V850,d3dbcf42e05429343a8e1a5966e3bcf0,epsonscan2:Epson Perfection V850::esci2:usb:ES00FE:337,/data,{},DROSO_03_MEL_19_F,crop_2026-01-13_16-22-42.top_left_CROPNUMBER_34_UUID_DROSO_03_MEL_19_F.png,"[452, 5913, 749, 6216]",0.8693522810935974,1.0,00_data/01_segmented/crops,00_data/01_segmented/crops/crop_2026-01-13_16-22-42.top_left_CROPNUMBER_34_UUID_DROSO_03_MEL_19_F.json,00_data/01_segmented/crops/crop_2026-01-13_16-22-42.top_left_CROPNUMBER_34_UUID_DROSO_03_MEL_19_F.png,crops,
2026-01-13T16:17:02.422812,/data/d3dbcf42e05429343a8e1a5966e3bcf0/Epson Perfection V850/2026-01-13/2026-01-13_16-17-02/top_right,2026-01-13_16-17-02.top_right.jpg,/data/d3dbcf42e05429343a8e1a5966e3bcf0/Epson Perfection V850/2026-01-13/2026-01-13_16-17-02/top_right/2026-01-13_16-17-02.top_right.jpg,2026-01-13_16-17-02.top_right.thumb.jpg,dba0ed76fe036a6b6c2f125e044f31c3,top_right,"[110.5, 45.0, 200.0, 135.0]",jpg,3200,0,epsonscan2,esci2:usb:ES00FE:337,Epson Perfection V850,d3dbcf42e05429343a8e1a5966e3bcf0,epsonscan2:Epson Perfection V850::esci2:usb:ES00FE:337,/data,{},DROSO_02_MEL_19_M,crop_2026-01-13_16-17-02.top_right_CROPNUMBER_7_UUID_DROSO_02_MEL_19_M.png,"[1874, 7366, 2335, 7654]",0.9437342286109924,1.0,00_data/01_segmented/crops,00_data/01_segmented/crops/crop_2026-01-13_16-17-02.top_right_CROPNUMBER_7_UUID_DROSO_02_MEL_19_M.json,00_data/01_segmented/crops/crop_2026-01-13_16-17-02.top_right_CROPNUMBER_7_UUID_DROSO_02_MEL_19_M.png,crops,
2026-01-13T16:09:56.394761,/data/d3dbcf42e05429343a8e1a5966e3bcf0/Epson Perfection V850/2026-01-13/2026-01-13_16-09-56/top_right,2026-01-13_16-09-56.top_right.jpg,/data/d3dbcf42e05429343a8e1a5966e3bcf0/Epson Perfection V850/2026-01-13/2026-01-13_16-09-56/top_right/2026-01-13_16-09-56.top_right.jpg,2026-01-13_16-09-56.top_right.thumb.jpg,aee7ff74e98fd3cb0d78628f63d1119f,top_right,"[110.5, 45.0, 200.0, 135.0]",jpg,3200,0,epsonscan2,esci2:usb:ES00FE:337,Epson Perfection V850,d3dbcf42e05429343a8e1a5966e3bcf0,epsonscan2:Epson Perfection V850::esci2:usb:ES00FE:337,/data,{},DROSO_01_MEL_19_M,crop_2026-01-13_16-09-56.top_right_CROPNUMBER_23_UUID_DROSO_01_MEL_19_M.png,"[7290, 8656, 7739, 8949]",0.9397603273391724,1.0,00_data/01_segmented/crops,00_data/01_segmented/crops/crop_2026-01-13_16-09-56.top_right_CROPNUMBER_23_UUID_DROSO_01_MEL_19_M.json,00_data/01_segmented/crops/crop_2026-01-13_16-09-56.top_right_CROPNUMBER_23_UUID_DROSO_01_MEL_19_M.png,crops,
2026-01-13T16:22:42.229986,/data/d3dbcf42e05429343a8e1a5966e3bcf0/Epson Perfection V850/2026-01-13/2026-01-13_16-22-42/top_right,2026-01-13_16-22-42.top_right.jpg,/data/d3dbcf42e05429343a8e1a5966e3bcf0/Epson Perfection V850/2026-01-13/2026-01-13_16-22-42/top_right/2026-01-13_16-22-42.top_right.jpg,2026-01-13_16-22-42.top_right.thumb.jpg,a62b428f433471233371d44992128bb0,top_right,"[110.5, 45.0, 200.0, 135.0]",jpg,3200,0,epsonscan2,esci2:usb:ES00FE:337,Epson Perfection V850,d3dbcf42e05429343a8e1a5966e3bcf0,epsonscan2:Epson Perfection V850::esci2:usb:ES00FE:337,/data,{},DROSO_03_MEL_19_M,crop_2026-01-13_16-22-42.top_right_CROPNUMBER_17_UUID_DROSO_03_MEL_19_M.png,"[7524, 6893, 7813, 7345]",0.933756947517395,1.0,00_data/01_segmented/crops,00_data/01_segmented/crops/crop_2026-01-13_16-22-42.top_right_CROPNUMBER_17_UUID_DROSO_03_MEL_19_M.json,00_data/01_segmented/crops/crop_2026-01-13_16-22-42.top_right_CROPNUMBER_17_UUID_DROSO_03_MEL_19_M.png,crops,
2026-01-13T16:22:42.229986,/data/d3dbcf42e05429343a8e1a5966e3bcf0/Epson Perfection V850/2026-01-13/2026-01-13_16-22-42/top_right,2026-01-13_16-22-42.top_right.jpg,/data/d3dbcf42e05429343a8e1a5966e3bcf0/Epson Perfection V850/2026-01-13/2026-01-13_16-22-42/top_right/2026-01-13_16-22-42.top_right.jpg,2026-01-13_16-22-42.top_right.thumb.jpg,a62b428f433471233371d44992128bb0,top_right,"[110.5, 45.0, 200.0, 135.0]",jpg,3200,0,epsonscan2,esci2:usb:ES00FE:337,Epson Perfection V850,d3dbcf42e05429343a8e1a5966e3bcf0,epsonscan2:Epson Perfection V850::esci2:usb:ES00FE:337,/data,{},DROSO_03_MEL_19_M,crop_2026-01-13_16-22-42.top_right_CROPNUMBER_8_UUID_DROSO_03_MEL_19_M.png,"[1884, 6382, 2343, 6670]",0.9408165216445923,1.0,00_data/01_segmented/crops,00_data/01_segmented/crops/crop_2026-01-13_16-22-42.top_right_CROPNUMBER_8_UUID_DROSO_03_MEL_19_M.json,00_data/01_segmented/crops/crop_2026-01-13_16-22-42.top_right_CROPNUMBER_8_UUID_DROSO_03_MEL_19_M.png,crops,
2026-01-13T16:09:56.394761,/data/d3dbcf42e05429343a8e1a5966e3bcf0/Epson Perfection V850/2026-01-13/2026-01-13_16-09-56/top_right,2026-01-13_16-09-56.top_right.jpg,/data/d3dbcf42e05429343a8e1a5966e3bcf0/Epson Perfection V850/2026-01-13/2026-01-13_16-09-56/top_right/2026-01-13_16-09-56.top_right.jpg,2026-01-13_16-09-56.top_right.thumb.jpg,aee7ff74e98fd3cb0d78628f63d1119f,top_right,"[110.5, 45.0, 200.0, 135.0]",jpg,3200,0,epsonscan2,esci2:usb:ES00FE:337,Epson Perfection V850,d3dbcf42e05429343a8e1a5966e3bcf0,epsonscan2:Epson Perfection V850::esci2:usb:ES00FE:337,/data,{},DROSO_01_MEL_19_M,crop_2026-01-13_16-09-56.top_right_CROPNUMBER_13_UUID_DROSO_01_MEL_19_M.png,"[6628, 7129, 7120, 7387]",0.9438421130180359,1.0,00_data/01_segmented/crops,00_data/01_segmented/crops/crop_2026-01-13_16-09-56.top_right_CROPNUMBER_13_UUID_DROSO_01_MEL_19_M.json,00_data/01_segmented/crops/crop_2026-01-13_16-09-56.top_right_CROPNUMBER_13_UUID_DROSO_01_MEL_19_M.png,crops,
2026-01-13T16:22:42.229986,/data/d3dbcf42e05429343a8e1a5966e3bcf0/Epson Perfection V850/2026-01-13/2026-01-13_16-22-42/top_left,2026-01-13_16-22-42.top_left.jpg,/data/d3dbcf42e05429343a8e1a5966e3bcf0/Epson Perfection V850/2026-01-13/2026-01-13_16-22-42/top_left/2026-01-13_16-22-42.top_left.jpg,2026-01-13_16-22-42.top_left.thumb.jpg,f331f82ac6dcbf4a1318ddee5307a618,top_left,"[22.0, 45.0, 110.0, 135.0]",jpg,3200,0,epsonscan2,esci2:usb:ES00FE:337,Epson Perfection V850,d3dbcf42e05429343a8e1a5966e3bcf0,epsonscan2:Epson Perfection V850::esci2:usb:ES00FE:337,/data,{},DROSO_03_MEL_19_F,crop_2026-01-13_16-22-42.top_left_CROPNUMBER_19_UUID_DROSO_03_MEL_19_F.png,"[7028, 5806, 7495, 6251]",0.9353235363960266,1.0,00_data/01_segmented/crops,00_data/01_segmented/crops/crop_2026-01-13_16-22-42.top_left_CROPNUMBER_19_UUID_DROSO_03_MEL_19_F.json,00_data/01_segmented/crops/crop_2026-01-13_16-22-42.top_left_CROPNUMBER_19_UUID_DROSO_03_MEL_19_F.png,crops,
2026-01-13T16:17:02.422812,/data/d3dbcf42e05429343a8e1a5966e3bcf0/Epson Perfection V850/2026-01-13/2026-01-13_16-17-02/top_left,2026-01-13_16-17-02.top_left.jpg,/data/d3dbcf42e05429343a8e1a5966e3bcf0/Epson Perfection V850/2026-01-13/2026-01-13_16-17-02/top_left/2026-01-13_16-17-02.top_left.jpg,2026-01-13_16-17-02.top_left.thumb.jpg,73a37d7ec44337a23e2a64e1230cb14f,top_left,"[22.0, 45.0, 110.0, 135.0]",jpg,3200,0,epsonscan2,esci2:usb:ES00FE:337,Epson Perfection V850,d3dbcf42e05429343a8e1a5966e3bcf0,epsonscan2:Epson Perfection V850::esci2:usb:ES00FE:337,/data,{},DROSO_02_MEL_19_F,crop_2026-01-13_16-17-02.top_left_CROPNUMBER_22_UUID_DROSO_02_MEL_19_F.png,"[5673, 6556, 6070, 6972]",0.9357249140739441,0.4017623182952236,00_data/01_segmented/crops,00_data/01_segmented/crops/crop_2026-01-13_16-17-02.top_left_CROPNUMBER_22_UUID_DROSO_02_MEL_19_F.json,00_data/01_segmented/crops/crop_2026-01-13_16-17-02.top_left_CROPNUMBER_22_UUID_DROSO_02_MEL_19_F.png,crops,
2026-01-13T16:04:10.629205,/data/d3dbcf42e05429343a8e1a5966e3bcf0/Epson Perfection V850/2026-01-13/2026-01-13_16-04-10/top_left,2026-01-13_16-04-10.top_left.jpg,/data/d3dbcf42e05429343a8e1a5966e3bcf0/Epson Perfection V850/2026-01-13/2026-01-13_16-04-10/top_left/2026-01-13_16-04-10.top_left.jpg,2026-01-13_16-04-10.top_left.thumb.jpg,e5f859616a1ebf20cb8f61da5b2008c2,top_left,"[22.0, 45.0, 110.0, 135.0]",jpg,3200,0,epsonscan2,esci2:usb:ES00FE:337,Epson Perfection V850,d3dbcf42e05429343a8e1a5966e3bcf0,epsonscan2:Epson Perfection V850::esci2:usb:ES00FE:337,/data,{},DROSO_05_SIM_19_F,crop_2026-01-13_16-04-10.top_left_CROPNUMBER_15_UUID_DROSO_05_SIM_19_F.png,"[2618, 5733, 3103, 6070]",0.9345464706420898,1.0,00_data/01_segmented/crops,00_data/01_segmented/crops/crop_2026-01-13_16-04-10.top_left_CROPNUMBER_15_UUID_DROSO_05_SIM_19_F.json,00_data/01_segmented/crops/crop_2026-01-13_16-04-10.top_left_CROPNUMBER_15_UUID_DROSO_05_SIM_19_F.png,crops,
2026-01-13T16:09:56.394761,/data/d3dbcf42e05429343a8e1a5966e3bcf0/Epson Perfection V850/2026-01-13/2026-01-13_16-09-56/top_left,2026-01-13_16-09-56.top_left.jpg,/data/d3dbcf42e05429343a8e1a5966e3bcf0/Epson Perfection V850/2026-01-13/2026-01-13_16-09-56/top_left/2026-01-13_16-09-56.top_left.jpg,2026-01-13_16-09-56.top_left.thumb.jpg,788d0971822fc839506e3180de7f3b36,top_left,"[22.0, 45.0, 110.0, 135.0]",jpg,3200,0,epsonscan2,esci2:usb:ES00FE:337,Epson Perfection V850,d3dbcf42e05429343a8e1a5966e3bcf0,epsonscan2:Epson Perfection V850::esci2:usb:ES00FE:337,/data,{},DROSO_01_MEL_19_F,crop_2026-01-13_16-09-56.top_left_CROPNUMBER_25_UUID_DROSO_01_MEL_19_F.png,"[7336, 6149, 7793, 6496]",0.93780118227005,1.0,00_data/01_segmented/crops,00_data/01_segmented/crops/crop_2026-01-13_16-09-56.top_left_CROPNUMBER_25_UUID_DROSO_01_MEL_19_F.json,00_data/01_segmented/crops/crop_2026-01-13_16-09-56.top_left_CROPNUMBER_25_UUID_DROSO_01_MEL_19_F.png,crops,
2026-01-13T16:09:56.394761,/data/d3dbcf42e05429343a8e1a5966e3bcf0/Epson Perfection V850/2026-01-13/2026-01-13_16-09-56/top_left,2026-01-13_16-09-56.top_left.jpg,/data/d3dbcf42e05429343a8e1a5966e3bcf0/Epson Perfection V850/2026-01-13/2026-01-13_16-09-56/top_left/2026-01-13_16-09-56.top_left.jpg,2026-01-13_16-09-56.top_left.thumb.jpg,788d0971822fc839506e3180de7f3b36,top_left,"[22.0, 45.0, 110.0, 135.0]",jpg,3200,0,epsonscan2,esci2:usb:ES00FE:337,Epson Perfection V850,d3dbcf42e05429343a8e1a5966e3bcf0,epsonscan2:Epson Perfection V850::esci2:usb:ES00FE:337,/data,{},DROSO_01_MEL_19_F,crop_2026-01-13_16-09-56.top_left_CROPNUMBER_38_UUID_DROSO_01_MEL_19_F.png,"[2391, 7788, 2708, 8312]",0.9304898381233215,0.6028218259357906,00_data/01_segmented/crops,00_data/01_segmented/crops/crop_2026-01-13_16-09-56.top_left_CROPNUMBER_38_UUID_DROSO_01_MEL_19_F.json,00_data/01_segmented/crops/crop_2026-01-13_16-09-56.top_left_CROPNUMBER_38_UUID_DROSO_01_MEL_19_F.png,crops,
2026-01-13T16:17:02.422812,/data/d3dbcf42e05429343a8e1a5966e3bcf0/Epson Perfection V850/2026-01-13/2026-01-13_16-17-02/top_right,2026-01-13_16-17-02.top_right.jpg,/data/d3dbcf42e05429343a8e1a5966e3bcf0/Epson Perfection V850/2026-01-13/2026-01-13_16-17-02/top_right/2026-01-13_16-17-02.top_right.jpg,2026-01-13_16-17-02.top_right.thumb.jpg,dba0ed76fe036a6b6c2f125e044f31c3,top_right,"[110.5, 45.0, 200.0, 135.0]",jpg,3200,0,epsonscan2,esci2:usb:ES00FE:337,Epson Perfection V850,d3dbcf42e05429343a8e1a5966e3bcf0,epsonscan2:Epson Perfection V850::esci2:usb:ES00FE:337,/data,{},DROSO_02_MEL_19_M,crop_2026-01-13_16-17-02.top_right_CROPNUMBER_8_UUID_DROSO_02_MEL_19_M.png,"[3473, 9208, 3915, 9619]",0.9437240362167358,1.0,00_data/01_segmented/crops,00_data/01_segmented/crops/crop_2026-01-13_16-17-02.top_right_CROPNUMBER_8_UUID_DROSO_02_MEL_19_M.json,00_data/01_segmented/crops/crop_2026-01-13_16-17-02.top_right_CROPNUMBER_8_UUID_DROSO_02_MEL_19_M.png,crops,
2026-01-13T16:09:56.394761,/data/d3dbcf42e05429343a8e1a5966e3bcf0/Epson Perfection V850/2026-01-13/2026-01-13_16-09-56/top_right,2026-01-13_16-09-56.top_right.jpg,/data/d3dbcf42e05429343a8e1a5966e3bcf0/Epson Perfection V850/2026-01-13/2026-01-13_16-09-56/top_right/2026-01-13_16-09-56.top_right.jpg,2026-01-13_16-09-56.top_right.thumb.jpg,aee7ff74e98fd3cb0d78628f63d1119f,top_right,"[110.5, 45.0, 200.0, 135.0]",jpg,3200,0,epsonscan2,esci2:usb:ES00FE:337,Epson Perfection V850,d3dbcf42e05429343a8e1a5966e3bcf0,epsonscan2:Epson Perfection V850::esci2:usb:ES00FE:337,/data,{},DROSO_01_MEL_19_M,crop_2026-01-13_16-09-56.top_right_CROPNUMBER_20_UUID_DROSO_01_MEL_19_M.png,"[3741, 6716, 4214, 7015]",0.9408853054046631,1.0,00_data/01_segmented/crops,00_data/01_segmented/crops/crop_2026-01-13_16-09-56.top_right_CROPNUMBER_20_UUID_DROSO_01_MEL_19_M.json,00_data/01_segmented/crops/crop_2026-01-13_16-09-56.top_right_CROPNUMBER_20_UUID_DROSO_01_MEL_19_M.png,crops,
2026-01-13T16:04:10.629205,/data/d3dbcf42e05429343a8e1a5966e3bcf0/Epson Perfection V850/2026-01-13/2026-01-13_16-04-10/top_left,2026-01-13_16-04-10.top_left.jpg,/data/d3dbcf42e05429343a8e1a5966e3bcf0/Epson Perfection V850/2026-01-13/2026-01-13_16-04-10/top_left/2026-01-13_16-04-10.top_left.jpg,2026-01-13_16-04-10.top_left.thumb.jpg,e5f859616a1ebf20cb8f61da5b2008c2,top_left,"[22.0, 45.0, 110.0, 135.0]",jpg,3200,0,epsonscan2,esci2:usb:ES00FE:337,Epson Perfection V850,d3dbcf42e05429343a8e1a5966e3bcf0,epsonscan2:Epson Perfection V850::esci2:usb:ES00FE:337,/data,{},DROSO_05_SIM_19_F,crop_2026-01-13_16-04-10.top_left_CROPNUMBER_7_UUID_DROSO_05_SIM_19_F.png,"[5153, 8130, 5593, 8534]",0.9431460499763489,1.0,00_data/01_segmented/crops,00_data/01_segmented/crops/crop_2026-01-13_16-04-10.top_left_CROPNUMBER_7_UUID_DROSO_05_SIM_19_F.json,00_data/01_segmented/crops/crop_2026-01-13_16-04-10.top_left_CROPNUMBER_7_UUID_DROSO_05_SIM_19_F.png,crops,
2026-01-13T15:46:54.437940,/data/d3dbcf42e05429343a8e1a5966e3bcf0/Epson Perfection V850/2026-01-13/2026-01-13_15-46-54/top_right,2026-01-13_15-46-54.top_right.jpg,/data/d3dbcf42e05429343a8e1a5966e3bcf0/Epson Perfection V850/2026-01-13/2026-01-13_15-46-54/top_right/2026-01-13_15-46-54.top_right.jpg,2026-01-13_15-46-54.top_right.thumb.jpg,8cfcebfb20b3b3b2bc86ba50975b08d9,top_right,"[110.5, 45.0, 200.0, 135.0]",jpg,3200,0,epsonscan2,esci2:usb:ES00FE:337,Epson Perfection V850,d3dbcf42e05429343a8e1a5966e3bcf0,epsonscan2:Epson Perfection V850::esci2:usb:ES00FE:337,/data,{},DROSO_02_SIM_19_M,crop_2026-01-13_15-46-54.top_right_CROPNUMBER_2_UUID_DROSO_02_SIM_19_M.png,"[4226, 7575, 4599, 8025]",0.9487276077270508,1.0,00_data/01_segmented/crops,00_data/01_segmented/crops/crop_2026-01-13_15-46-54.top_right_CROPNUMBER_2_UUID_DROSO_02_SIM_19_M.json,00_data/01_segmented/crops/crop_2026-01-13_15-46-54.top_right_CROPNUMBER_2_UUID_DROSO_02_SIM_19_M.png,crops,
2026-01-13T16:22:42.229986,/data/d3dbcf42e05429343a8e1a5966e3bcf0/Epson Perfection V850/2026-01-13/2026-01-13_16-22-42/top_right,2026-01-13_16-22-42.top_right.jpg,/data/d3dbcf42e05429343a8e1a5966e3bcf0/Epson Perfection V850/2026-01-13/2026-01-13_16-22-42/top_right/2026-01-13_16-22-42.top_right.jpg,2026-01-13_16-22-42.top_right.thumb.jpg,a62b428f433471233371d44992128bb0,top_right,"[110.5, 45.0, 200.0, 135.0]",jpg,3200,0,epsonscan2,esci2:usb:ES00FE:337,Epson Perfection V850,d3dbcf42e05429343a8e1a5966e3bcf0,epsonscan2:Epson Perfection V850::esci2:usb:ES00FE:337,/data,{},DROSO_03_MEL_19_M,crop_2026-01-13_16-22-42.top_right_CROPNUMBER_2_UUID_DROSO_03_MEL_19_M.png,"[4138, 5394, 4596, 5780]",0.9501485824584961,1.0,00_data/01_segmented/crops,00_data/01_segmented/crops/crop_2026-01-13_16-22-42.top_right_CROPNUMBER_2_UUID_DROSO_03_MEL_19_M.json,00_data/01_segmented/crops/crop_2026-01-13_16-22-42.top_right_CROPNUMBER_2_UUID_DROSO_03_MEL_19_M.png,crops,
2026-01-13T15:58:15.447485,/data/d3dbcf42e05429343a8e1a5966e3bcf0/Epson Perfection V850/2026-01-13/2026-01-13_15-58-15/top_left,2026-01-13_15-58-15.top_left.jpg,/data/d3dbcf42e05429343a8e1a5966e3bcf0/Epson Perfection V850/2026-01-13/2026-01-13_15-58-15/top_left/2026-01-13_15-58-15.top_left.jpg,2026-01-13_15-58-15.top_left.thumb.jpg,06b4b76a8baf9e9d6a949609e6c4b9d4,top_left,"[22.0, 45.0, 110.0, 135.0]",jpg,3200,0,epsonscan2,esci2:usb:ES00FE:337,Epson Perfection V850,d3dbcf42e05429343a8e1a5966e3bcf0,epsonscan2:Epson Perfection V850::esci2:usb:ES00FE:337,/data,{},DROSO_04_SIM_19_F,crop_2026-01-13_15-58-15.top_left_CROPNUMBER_25_UUID_DROSO_04_SIM_19_F.png,"[3053, 9540, 3420, 9938]",0.9227157235145569,1.0,00_data/01_segmented/crops,00_data/01_segmented/crops/crop_2026-01-13_15-58-15.top_left_CROPNUMBER_25_UUID_DROSO_04_SIM_19_F.json,00_data/01_segmented/crops/crop_2026-01-13_15-58-15.top_left_CROPNUMBER_25_UUID_DROSO_04_SIM_19_F.png,crops,
2026-01-13T16:22:42.229986,/data/d3dbcf42e05429343a8e1a5966e3bcf0/Epson Perfection V850/2026-01-13/2026-01-13_16-22-42/top_right,2026-01-13_16-22-42.top_right.jpg,/data/d3dbcf42e05429343a8e1a5966e3bcf0/Epson Perfection V850/2026-01-13/2026-01-13_16-22-42/top_right/2026-01-13_16-22-42.top_right.jpg,2026-01-13_16-22-42.top_right.thumb.jpg,a62b428f433471233371d44992128bb0,top_right,"[110.5, 45.0, 200.0, 135.0]",jpg,3200,0,epsonscan2,esci2:usb:ES00FE:337,Epson Perfection V850,d3dbcf42e05429343a8e1a5966e3bcf0,epsonscan2:Epson Perfection V850::esci2:usb:ES00FE:337,/data,{},DROSO_03_MEL_19_M,crop_2026-01-13_16-22-42.top_right_CROPNUMBER_21_UUID_DROSO_03_MEL_19_M.png,"[2513, 7088, 3046, 7426]",0.9319754838943481,0.6027106630904797,00_data/01_segmented/crops,00_data/01_segmented/crops/crop_2026-01-13_16-22-42.top_right_CROPNUMBER_21_UUID_DROSO_03_MEL_19_M.json,00_data/01_segmented/crops/crop_2026-01-13_16-22-42.top_right_CROPNUMBER_21_UUID_DROSO_03_MEL_19_M.png,crops,
2026-01-13T16:09:56.394761,/data/d3dbcf42e05429343a8e1a5966e3bcf0/Epson Perfection V850/2026-01-13/2026-01-13_16-09-56/top_left,2026-01-13_16-09-56.top_left.jpg,/data/d3dbcf42e05429343a8e1a5966e3bcf0/Epson Perfection V850/2026-01-13/2026-01-13_16-09-56/top_left/2026-01-13_16-09-56.top_left.jpg,2026-01-13_16-09-56.top_left.thumb.jpg,788d0971822fc839506e3180de7f3b36,top_left,"[22.0, 45.0, 110.0, 135.0]",jpg,3200,0,epsonscan2,esci2:usb:ES00FE:337,Epson Perfection V850,d3dbcf42e05429343a8e1a5966e3bcf0,epsonscan2:Epson Perfection V850::esci2:usb:ES00FE:337,/data,{},DROSO_01_MEL_19_F,crop_2026-01-13_16-09-56.top_left_CROPNUMBER_33_UUID_DROSO_01_MEL_19_F.png,"[2127, 6461, 2494, 6958]",0.9331051707267761,0.6028218259357906,00_data/01_segmented/crops,00_data/01_segmented/crops/crop_2026-01-13_16-09-56.top_left_CROPNUMBER_33_UUID_DROSO_01_MEL_19_F.json,00_data/01_segmented/crops/crop_2026-01-13_16-09-56.top_left_CROPNUMBER_33_UUID_DROSO_01_MEL_19_F.png,crops,
2026-01-13T15:58:15.447485,/data/d3dbcf42e05429343a8e1a5966e3bcf0/Epson Perfection V850/2026-01-13/2026-01-13_15-58-15/top_left,2026-01-13_15-58-15.top_left.jpg,/data/d3dbcf42e05429343a8e1a5966e3bcf0/Epson Perfection V850/2026-01-13/2026-01-13_15-58-15/top_left/2026-01-13_15-58-15.top_left.jpg,2026-01-13_15-58-15.top_left.thumb.jpg,06b4b76a8baf9e9d6a949609e6c4b9d4,top_left,"[22.0, 45.0, 110.0, 135.0]",jpg,3200,0,epsonscan2,esci2:usb:ES00FE:337,Epson Perfection V850,d3dbcf42e05429343a8e1a5966e3bcf0,epsonscan2:Epson Perfection V850::esci2:usb:ES00FE:337,/data,{},DROSO_04_SIM_19_F,crop_2026-01-13_15-58-15.top_left_CROPNUMBER_8_UUID_DROSO_04_SIM_19_F.png,"[4538, 7385, 5014, 7696]",0.9377391934394836,0.6028218259357906,00_data/01_segmented/crops,00_data/01_segmented/crops/crop_2026-01-13_15-58-15.top_left_CROPNUMBER_8_UUID_DROSO_04_SIM_19_F.json,00_data/01_segmented/crops/crop_2026-01-13_15-58-15.top_left_CROPNUMBER_8_UUID_DROSO_04_SIM_19_F.png,crops,
2026-01-13T16:17:02.422812,/data/d3dbcf42e05429343a8e1a5966e3bcf0/Epson Perfection V850/2026-01-13/2026-01-13_16-17-02/top_left,2026-01-13_16-17-02.top_left.jpg,/data/d3dbcf42e05429343a8e1a5966e3bcf0/Epson Perfection V850/2026-01-13/2026-01-13_16-17-02/top_left/2026-01-13_16-17-02.top_left.jpg,2026-01-13_16-17-02.top_left.thumb.jpg,73a37d7ec44337a23e2a64e1230cb14f,top_left,"[22.0, 45.0, 110.0, 135.0]",jpg,3200,0,epsonscan2,esci2:usb:ES00FE:337,Epson Perfection V850,d3dbcf42e05429343a8e1a5966e3bcf0,epsonscan2:Epson Perfection V850::esci2:usb:ES00FE:337,/data,{},DROSO_02_MEL_19_F,crop_2026-01-13_16-17-02.top_left_CROPNUMBER_14_UUID_DROSO_02_MEL_19_F.png,"[4729, 5937, 5255, 6454]",0.9399247169494629,0.6028218259357906,00_data/01_segmented/crops,00_data/01_segmented/crops/crop_2026-01-13_16-17-02.top_left_CROPNUMBER_14_UUID_DROSO_02_MEL_19_F.json,00_data/01_segmented/crops/crop_2026-01-13_16-17-02.top_left_CROPNUMBER_14_UUID_DROSO_02_MEL_19_F.png,crops,
2026-01-13T16:22:42.229986,/data/d3dbcf42e05429343a8e1a5966e3bcf0/Epson Perfection V850/2026-01-13/2026-01-13_16-22-42/top_left,2026-01-13_16-22-42.top_left.jpg,/data/d3dbcf42e05429343a8e1a5966e3bcf0/Epson Perfection V850/2026-01-13/2026-01-13_16-22-42/top_left/2026-01-13_16-22-42.top_left.jpg,2026-01-13_16-22-42.top_left.thumb.jpg,f331f82ac6dcbf4a1318ddee5307a618,top_left,"[22.0, 45.0, 110.0, 135.0]",jpg,3200,0,epsonscan2,esci2:usb:ES00FE:337,Epson Perfection V850,d3dbcf42e05429343a8e1a5966e3bcf0,epsonscan2:Epson Perfection V850::esci2:usb:ES00FE:337,/data,{},DROSO_03_MEL_19_F,crop_2026-01-13_16-22-42.top_left_CROPNUMBER_24_UUID_DROSO_03_MEL_19_F.png,"[7310, 8034, 7785, 8354]",0.9335130453109741,1.0,00_data/01_segmented/crops,00_data/01_segmented/crops/crop_2026-01-13_16-22-42.top_left_CROPNUMBER_24_UUID_DROSO_03_MEL_19_F.json,00_data/01_segmented/crops/crop_2026-01-13_16-22-42.top_left_CROPNUMBER_24_UUID_DROSO_03_MEL_19_F.png,crops,
2026-01-13T16:09:56.394761,/data/d3dbcf42e05429343a8e1a5966e3bcf0/Epson Perfection V850/2026-01-13/2026-01-13_16-09-56/top_left,2026-01-13_16-09-56.top_left.jpg,/data/d3dbcf42e05429343a8e1a5966e3bcf0/Epson Perfection V850/2026-01-13/2026-01-13_16-09-56/top_left/2026-01-13_16-09-56.top_left.jpg,2026-01-13_16-09-56.top_left.thumb.jpg,788d0971822fc839506e3180de7f3b36,top_left,"[22.0, 45.0, 110.0, 135.0]",jpg,3200,0,epsonscan2,esci2:usb:ES00FE:337,Epson Perfection V850,d3dbcf42e05429343a8e1a5966e3bcf0,epsonscan2:Epson Perfection V850::esci2:usb:ES00FE:337,/data,{},DROSO_01_MEL_19_F,crop_2026-01-13_16-09-56.top_left_CROPNUMBER_35_UUID_DROSO_01_MEL_19_F.png,"[4841, 9522, 5324, 9996]",0.9319663643836975,0.6028218259357906,00_data/01_segmented/crops,00_data/01_segmented/crops/crop_2026-01-13_16-09-56.top_left_CROPNUMBER_35_UUID_DROSO_01_MEL_19_F.json,00_data/01_segmented/crops/crop_2026-01-13_16-09-56.top_left_CROPNUMBER_35_UUID_DROSO_01_MEL_19_F.png,crops,
2026-01-13T15:46:54.437940,/data/d3dbcf42e05429343a8e1a5966e3bcf0/Epson Perfection V850/2026-01-13/2026-01-13_15-46-54/top_left,2026-01-13_15-46-54.top_left.jpg,/data/d3dbcf42e05429343a8e1a5966e3bcf0/Epson Perfection V850/2026-01-13/2026-01-13_15-46-54/top_left/2026-01-13_15-46-54.top_left.jpg,2026-01-13_15-46-54.top_left.thumb.jpg,5483407fad8572e990edf163cad31d3d,top_left,"[22.0, 45.0, 110.0, 135.0]",jpg,3200,0,epsonscan2,esci2:usb:ES00FE:337,Epson Perfection V850,d3dbcf42e05429343a8e1a5966e3bcf0,epsonscan2:Epson Perfection V850::esci2:usb:ES00FE:337,/data,{},DROSO_02_SIM_19_F,crop_2026-01-13_15-46-54.top_left_CROPNUMBER_8_UUID_DROSO_02_SIM_19_F.png,"[5401, 4930, 5699, 5383]",0.933562159538269,1.0,00_data/01_segmented/crops,00_data/01_segmented/crops/crop_2026-01-13_15-46-54.top_left_CROPNUMBER_8_UUID_DROSO_02_SIM_19_F.json,00_data/01_segmented/crops/crop_2026-01-13_15-46-54.top_left_CROPNUMBER_8_UUID_DROSO_02_SIM_19_F.png,crops,
2026-01-13T16:17:02.422812,/data/d3dbcf42e05429343a8e1a5966e3bcf0/Epson Perfection V850/2026-01-13/2026-01-13_16-17-02/top_left,2026-01-13_16-17-02.top_left.jpg,/data/d3dbcf42e05429343a8e1a5966e3bcf0/Epson Perfection V850/2026-01-13/2026-01-13_16-17-02/top_left/2026-01-13_16-17-02.top_left.jpg,2026-01-13_16-17-02.top_left.thumb.jpg,73a37d7ec44337a23e2a64e1230cb14f,top_left,"[22.0, 45.0, 110.0, 135.0]",jpg,3200,0,epsonscan2,esci2:usb:ES00FE:337,Epson Perfection V850,d3dbcf42e05429343a8e1a5966e3bcf0,epsonscan2:Epson Perfection V850::esci2:usb:ES00FE:337,/data,{},DROSO_02_MEL_19_F,crop_2026-01-13_16-17-02.top_left_CROPNUMBER_18_UUID_DROSO_02_MEL_19_F.png,"[3222, 7294, 3710, 7830]",0.9373085498809814,0.6028218259357906,00_data/01_segmented/crops,00_data/01_segmented/crops/crop_2026-01-13_16-17-02.top_left_CROPNUMBER_18_UUID_DROSO_02_MEL_19_F.json,00_data/01_segmented/crops/crop_2026-01-13_16-17-02.top_left_CROPNUMBER_18_UUID_DROSO_02_MEL_19_F.png,crops,
2026-01-13T16:09:56.394761,/data/d3dbcf42e05429343a8e1a5966e3bcf0/Epson Perfection V850/2026-01-13/2026-01-13_16-09-56/top_left,2026-01-13_16-09-56.top_left.jpg,/data/d3dbcf42e05429343a8e1a5966e3bcf0/Epson Perfection V850/2026-01-13/2026-01-13_16-09-56/top_left/2026-01-13_16-09-56.top_left.jpg,2026-01-13_16-09-56.top_left.thumb.jpg,788d0971822fc839506e3180de7f3b36,top_left,"[22.0, 45.0, 110.0, 135.0]",jpg,3200,0,epsonscan2,esci2:usb:ES00FE:337,Epson Perfection V850,d3dbcf42e05429343a8e1a5966e3bcf0,epsonscan2:Epson Perfection V850::esci2:usb:ES00FE:337,/data,{},DROSO_01_MEL_19_F,crop_2026-01-13_16-09-56.top_left_CROPNUMBER_9_UUID_DROSO_01_MEL_19_F.png,"[8925, 6515, 9266, 6980]",0.9441680908203125,1.0,00_data/01_segmented/crops,00_data/01_segmented/crops/crop_2026-01-13_16-09-56.top_left_CROPNUMBER_9_UUID_DROSO_01_MEL_19_F.json,00_data/01_segmented/crops/crop_2026-01-13_16-09-56.top_left_CROPNUMBER_9_UUID_DROSO_01_MEL_19_F.png,crops,
2026-01-13T15:52:35.076944,/data/d3dbcf42e05429343a8e1a5966e3bcf0/Epson Perfection V850/2026-01-13/2026-01-13_15-52-35/top_left,2026-01-13_15-52-35.top_left.jpg,/data/d3dbcf42e05429343a8e1a5966e3bcf0/Epson Perfection V850/2026-01-13/2026-01-13_15-52-35/top_left/2026-01-13_15-52-35.top_left.jpg,2026-01-13_15-52-35.top_left.thumb.jpg,c96bd3e091dcefbdce757afd0a69dc15,top_left,"[22.0, 45.0, 110.0, 135.0]",jpg,3200,0,epsonscan2,esci2:usb:ES00FE:337,Epson Perfection V850,d3dbcf42e05429343a8e1a5966e3bcf0,epsonscan2:Epson Perfection V850::esci2:usb:ES00FE:337,/data,{},DROSO_03_SIM_19_F,crop_2026-01-13_15-52-35.top_left_CROPNUMBER_13_UUID_DROSO_03_SIM_19_F.png,"[6596, 5696, 6905, 6179]",0.934122622013092,1.0,00_data/01_segmented/crops,00_data/01_segmented/crops/crop_2026-01-13_15-52-35.top_left_CROPNUMBER_13_UUID_DROSO_03_SIM_19_F.json,00_data/01_segmented/crops/crop_2026-01-13_15-52-35.top_left_CROPNUMBER_13_UUID_DROSO_03_SIM_19_F.png,crops,
2026-01-13T16:09:56.394761,/data/d3dbcf42e05429343a8e1a5966e3bcf0/Epson Perfection V850/2026-01-13/2026-01-13_16-09-56/top_right,2026-01-13_16-09-56.top_right.jpg,/data/d3dbcf42e05429343a8e1a5966e3bcf0/Epson Perfection V850/2026-01-13/2026-01-13_16-09-56/top_right/2026-01-13_16-09-56.top_right.jpg,2026-01-13_16-09-56.top_right.thumb.jpg,aee7ff74e98fd3cb0d78628f63d1119f,top_right,"[110.5, 45.0, 200.0, 135.0]",jpg,3200,0,epsonscan2,esci2:usb:ES00FE:337,Epson Perfection V850,d3dbcf42e05429343a8e1a5966e3bcf0,epsonscan2:Epson Perfection V850::esci2:usb:ES00FE:337,/data,{},DROSO_01_MEL_19_M,crop_2026-01-13_16-09-56.top_right_CROPNUMBER_3_UUID_DROSO_01_MEL_19_M.png,"[8435, 7232, 8897, 7625]",0.9542385339736938,1.0,00_data/01_segmented/crops,00_data/01_segmented/crops/crop_2026-01-13_16-09-56.top_right_CROPNUMBER_3_UUID_DROSO_01_MEL_19_M.json,00_data/01_segmented/crops/crop_2026-01-13_16-09-56.top_right_CROPNUMBER_3_UUID_DROSO_01_MEL_19_M.png,crops,
2026-01-13T16:09:56.394761,/data/d3dbcf42e05429343a8e1a5966e3bcf0/Epson Perfection V850/2026-01-13/2026-01-13_16-09-56/top_right,2026-01-13_16-09-56.top_right.jpg,/data/d3dbcf42e05429343a8e1a5966e3bcf0/Epson Perfection V850/2026-01-13/2026-01-13_16-09-56/top_right/2026-01-13_16-09-56.top_right.jpg,2026-01-13_16-09-56.top_right.thumb.jpg,aee7ff74e98fd3cb0d78628f63d1119f,top_right,"[110.5, 45.0, 200.0, 135.0]",jpg,3200,0,epsonscan2,esci2:usb:ES00FE:337,Epson Perfection V850,d3dbcf42e05429343a8e1a5966e3bcf0,epsonscan2:Epson Perfection V850::esci2:usb:ES00FE:337,/data,{},DROSO_01_MEL_19_M,crop_2026-01-13_16-09-56.top_right_CROPNUMBER_31_UUID_DROSO_01_MEL_19_M.png,"[8744, 4708, 9226, 5035]",0.9387510418891907,0.6027106630904797,00_data/01_segmented/crops,00_data/01_segmented/crops/crop_2026-01-13_16-09-56.top_right_CROPNUMBER_31_UUID_DROSO_01_MEL_19_M.json,00_data/01_segmented/crops/crop_2026-01-13_16-09-56.top_right_CROPNUMBER_31_UUID_DROSO_01_MEL_19_M.png,crops,
2026-01-13T16:17:02.422812,/data/d3dbcf42e05429343a8e1a5966e3bcf0/Epson Perfection V850/2026-01-13/2026-01-13_16-17-02/top_left,2026-01-13_16-17-02.top_left.jpg,/data/d3dbcf42e05429343a8e1a5966e3bcf0/Epson Perfection V850/2026-01-13/2026-01-13_16-17-02/top_left/2026-01-13_16-17-02.top_left.jpg,2026-01-13_16-17-02.top_left.thumb.jpg,73a37d7ec44337a23e2a64e1230cb14f,top_left,"[22.0, 45.0, 110.0, 135.0]",jpg,3200,0,epsonscan2,esci2:usb:ES00FE:337,Epson Perfection V850,d3dbcf42e05429343a8e1a5966e3bcf0,epsonscan2:Epson Perfection V850::esci2:usb:ES00FE:337,/data,{},DROSO_02_MEL_19_F,crop_2026-01-13_16-17-02.top_left_CROPNUMBER_25_UUID_DROSO_02_MEL_19_F.png,"[3481, 6495, 3856, 6981]",0.9315383434295654,0.6028218259357906,00_data/01_segmented/crops,00_data/01_segmented/crops/crop_2026-01-13_16-17-02.top_left_CROPNUMBER_25_UUID_DROSO_02_MEL_19_F.json,00_data/01_segmented/crops/crop_2026-01-13_16-17-02.top_left_CROPNUMBER_25_UUID_DROSO_02_MEL_19_F.png,crops,
2026-01-13T15:58:15.447485,/data/d3dbcf42e05429343a8e1a5966e3bcf0/Epson Perfection V850/2026-01-13/2026-01-13_15-58-15/top_right,2026-01-13_15-58-15.top_right.jpg,/data/d3dbcf42e05429343a8e1a5966e3bcf0/Epson Perfection V850/2026-01-13/2026-01-13_15-58-15/top_right/2026-01-13_15-58-15.top_right.jpg,2026-01-13_15-58-15.top_right.thumb.jpg,f4b3f70693284ad9b6a7bd19eb02b3d5,top_right,"[110.5, 45.0, 200.0, 135.0]",jpg,3200,0,epsonscan2,esci2:usb:ES00FE:337,Epson Perfection V850,d3dbcf42e05429343a8e1a5966e3bcf0,epsonscan2:Epson Perfection V850::esci2:usb:ES00FE:337,/data,{},DROSO_04_SIM_19_M,crop_2026-01-13_15-58-15.top_right_CROPNUMBER_11_UUID_DROSO_04_SIM_19_M.png,"[5082, 6002, 5480, 6406]",0.9443433880805969,1.0,00_data/01_segmented/crops,00_data/01_segmented/crops/crop_2026-01-13_15-58-15.top_right_CROPNUMBER_11_UUID_DROSO_04_SIM_19_M.json,00_data/01_segmented/crops/crop_2026-01-13_15-58-15.top_right_CROPNUMBER_11_UUID_DROSO_04_SIM_19_M.png,crops,
2026-01-13T15:46:54.437940,/data/d3dbcf42e05429343a8e1a5966e3bcf0/Epson Perfection V850/2026-01-13/2026-01-13_15-46-54/top_right,2026-01-13_15-46-54.top_right.jpg,/data/d3dbcf42e05429343a8e1a5966e3bcf0/Epson Perfection V850/2026-01-13/2026-01-13_15-46-54/top_right/2026-01-13_15-46-54.top_right.jpg,2026-01-13_15-46-54.top_right.thumb.jpg,8cfcebfb20b3b3b2bc86ba50975b08d9,top_right,"[110.5, 45.0, 200.0, 135.0]",jpg,3200,0,epsonscan2,esci2:usb:ES00FE:337,Epson Perfection V850,d3dbcf42e05429343a8e1a5966e3bcf0,epsonscan2:Epson Perfection V850::esci2:usb:ES00FE:337,/data,{},DROSO_02_SIM_19_M,crop_2026-01-13_15-46-54.top_right_CROPNUMBER_15_UUID_DROSO_02_SIM_19_M.png,"[4076, 5714, 4426, 6130]",0.9362373352050781,0.6027106630904797,00_data/01_segmented/crops,00_data/01_segmented/crops/crop_2026-01-13_15-46-54.top_right_CROPNUMBER_15_UUID_DROSO_02_SIM_19_M.json,00_data/01_segmented/crops/crop_2026-01-13_15-46-54.top_right_CROPNUMBER_15_UUID_DROSO_02_SIM_19_M.png,crops,
2026-01-13T16:09:56.394761,/data/d3dbcf42e05429343a8e1a5966e3bcf0/Epson Perfection V850/2026-01-13/2026-01-13_16-09-56/top_left,2026-01-13_16-09-56.top_left.jpg,/data/d3dbcf42e05429343a8e1a5966e3bcf0/Epson Perfection V850/2026-01-13/2026-01-13_16-09-56/top_left/2026-01-13_16-09-56.top_left.jpg,2026-01-13_16-09-56.top_left.thumb.jpg,788d0971822fc839506e3180de7f3b36,top_left,"[22.0, 45.0, 110.0, 135.0]",jpg,3200,0,epsonscan2,esci2:usb:ES00FE:337,Epson Perfection V850,d3dbcf42e05429343a8e1a5966e3bcf0,epsonscan2:Epson Perfection V850::esci2:usb:ES00FE:337,/data,{},DROSO_01_MEL_19_F,crop_2026-01-13_16-09-56.top_left_CROPNUMBER_45_UUID_DROSO_01_MEL_19_F.png,"[8096, 6794, 8608, 7096]",0.9252867698669434,0.6028218259357906,00_data/01_segmented/crops,00_data/01_segmented/crops/crop_2026-01-13_16-09-56.top_left_CROPNUMBER_45_UUID_DROSO_01_MEL_19_F.json,00_data/01_segmented/crops/crop_2026-01-13_16-09-56.top_left_CROPNUMBER_45_UUID_DROSO_01_MEL_19_F.png,crops,
2026-01-13T16:09:56.394761,/data/d3dbcf42e05429343a8e1a5966e3bcf0/Epson Perfection V850/2026-01-13/2026-01-13_16-09-56/top_right,2026-01-13_16-09-56.top_right.jpg,/data/d3dbcf42e05429343a8e1a5966e3bcf0/Epson Perfection V850/2026-01-13/2026-01-13_16-09-56/top_right/2026-01-13_16-09-56.top_right.jpg,2026-01-13_16-09-56.top_right.thumb.jpg,aee7ff74e98fd3cb0d78628f63d1119f,top_right,"[110.5, 45.0, 200.0, 135.0]",jpg,3200,0,epsonscan2,esci2:usb:ES00FE:337,Epson Perfection V850,d3dbcf42e05429343a8e1a5966e3bcf0,epsonscan2:Epson Perfection V850::esci2:usb:ES00FE:337,/data,{},DROSO_01_MEL_19_M,crop_2026-01-13_16-09-56.top_right_CROPNUMBER_36_UUID_DROSO_01_MEL_19_M.png,"[6546, 7789, 6966, 8221]",0.9365243911743164,1.0,00_data/01_segmented/crops,00_data/01_segmented/crops/crop_2026-01-13_16-09-56.top_right_CROPNUMBER_36_UUID_DROSO_01_MEL_19_M.json,00_data/01_segmented/crops/crop_2026-01-13_16-09-56.top_right_CROPNUMBER_36_UUID_DROSO_01_MEL_19_M.png,crops,
2026-01-13T16:22:42.229986,/data/d3dbcf42e05429343a8e1a5966e3bcf0/Epson Perfection V850/2026-01-13/2026-01-13_16-22-42/top_right,2026-01-13_16-22-42.top_right.jpg,/data/d3dbcf42e05429343a8e1a5966e3bcf0/Epson Perfection V850/2026-01-13/2026-01-13_16-22-42/top_right/2026-01-13_16-22-42.top_right.jpg,2026-01-13_16-22-42.top_right.thumb.jpg,a62b428f433471233371d44992128bb0,top_right,"[110.5, 45.0, 200.0, 135.0]",jpg,3200,0,epsonscan2,esci2:usb:ES00FE:337,Epson Perfection V850,d3dbcf42e05429343a8e1a5966e3bcf0,epsonscan2:Epson Perfection V850::esci2:usb:ES00FE:337,/data,{},DROSO_03_MEL_19_M,crop_2026-01-13_16-22-42.top_right_CROPNUMBER_20_UUID_DROSO_03_MEL_19_M.png,"[1807, 5854, 2186, 6416]",0.9322141408920288,0.6027106630904797,00_data/01_segmented/crops,00_data/01_segmented/crops/crop_2026-01-13_16-22-42.top_right_CROPNUMBER_20_UUID_DROSO_03_MEL_19_M.json,00_data/01_segmented/crops/crop_2026-01-13_16-22-42.top_right_CROPNUMBER_20_UUID_DROSO_03_MEL_19_M.png,crops,
2026-01-13T16:22:42.229986,/data/d3dbcf42e05429343a8e1a5966e3bcf0/Epson Perfection V850/2026-01-13/2026-01-13_16-22-42/top_right,2026-01-13_16-22-42.top_right.jpg,/data/d3dbcf42e05429343a8e1a5966e3bcf0/Epson Perfection V850/2026-01-13/2026-01-13_16-22-42/top_right/2026-01-13_16-22-42.top_right.jpg,2026-01-13_16-22-42.top_right.thumb.jpg,a62b428f433471233371d44992128bb0,top_right,"[110.5, 45.0, 200.0, 135.0]",jpg,3200,0,epsonscan2,esci2:usb:ES00FE:337,Epson Perfection V850,d3dbcf42e05429343a8e1a5966e3bcf0,epsonscan2:Epson Perfection V850::esci2:usb:ES00FE:337,/data,{},DROSO_03_MEL_19_M,crop_2026-01-13_16-22-42.top_right_CROPNUMBER_25_UUID_DROSO_03_MEL_19_M.png,"[5216, 8689, 5509, 9177]",0.9290551543235779,1.0,00_data/01_segmented/crops,00_data/01_segmented/crops/crop_2026-01-13_16-22-42.top_right_CROPNUMBER_25_UUID_DROSO_03_MEL_19_M.json,00_data/01_segmented/crops/crop_2026-01-13_16-22-42.top_right_CROPNUMBER_25_UUID_DROSO_03_MEL_19_M.png,crops,
2026-01-13T15:40:38.651010,/data/d3dbcf42e05429343a8e1a5966e3bcf0/Epson Perfection V850/2026-01-13/2026-01-13_15-40-38/top_left,2026-01-13_15-40-38.top_left.jpg,/data/d3dbcf42e05429343a8e1a5966e3bcf0/Epson Perfection V850/2026-01-13/2026-01-13_15-40-38/top_left/2026-01-13_15-40-38.top_left.jpg,2026-01-13_15-40-38.top_left.thumb.jpg,16a144e86ca9c5e7bb9b16ddead6411f,top_left,"[22.0, 45.0, 110.0, 135.0]",jpg,3200,0,epsonscan2,esci2:usb:ES00FE:337,Epson Perfection V850,d3dbcf42e05429343a8e1a5966e3bcf0,epsonscan2:Epson Perfection V850::esci2:usb:ES00FE:337,/data,{},DROSO_01_SIM_19_F,crop_2026-01-13_15-40-38.top_left_CROPNUMBER_0_UUID_DROSO_01_SIM_19_F.png,"[6419, 9823, 6881, 10155]",0.9632012248039246,1.0,00_data/01_segmented/crops,00_data/01_segmented/crops/crop_2026-01-13_15-40-38.top_left_CROPNUMBER_0_UUID_DROSO_01_SIM_19_F.json,00_data/01_segmented/crops/crop_2026-01-13_15-40-38.top_left_CROPNUMBER_0_UUID_DROSO_01_SIM_19_F.png,crops,
2026-01-13T15:40:38.651010,/data/d3dbcf42e05429343a8e1a5966e3bcf0/Epson Perfection V850/2026-01-13/2026-01-13_15-40-38/top_right,2026-01-13_15-40-38.top_right.jpg,/data/d3dbcf42e05429343a8e1a5966e3bcf0/Epson Perfection V850/2026-01-13/2026-01-13_15-40-38/top_right/2026-01-13_15-40-38.top_right.jpg,2026-01-13_15-40-38.top_right.thumb.jpg,b3a9f59be4eab6b9c284088e08fe2da7,top_right,"[110.5, 45.0, 200.0, 135.0]",jpg,3200,0,epsonscan2,esci2:usb:ES00FE:337,Epson Perfection V850,d3dbcf42e05429343a8e1a5966e3bcf0,epsonscan2:Epson Perfection V850::esci2:usb:ES00FE:337,/data,{},DROSO_01_SIM_19_M,crop_2026-01-13_15-40-38.top_right_CROPNUMBER_18_UUID_DROSO_01_SIM_19_M.png,"[4170, 944, 4526, 1246]",0.5258863568305969,1.0,00_data/01_segmented/crops,00_data/01_segmented/crops/crop_2026-01-13_15-40-38.top_right_CROPNUMBER_18_UUID_DROSO_01_SIM_19_M.json,00_data/01_segmented/crops/crop_2026-01-13_15-40-38.top_right_CROPNUMBER_18_UUID_DROSO_01_SIM_19_M.png,crops,
2026-01-13T16:17:02.422812,/data/d3dbcf42e05429343a8e1a5966e3bcf0/Epson Perfection V850/2026-01-13/2026-01-13_16-17-02/top_right,2026-01-13_16-17-02.top_right.jpg,/data/d3dbcf42e05429343a8e1a5966e3bcf0/Epson Perfection V850/2026-01-13/2026-01-13_16-17-02/top_right/2026-01-13_16-17-02.top_right.jpg,2026-01-13_16-17-02.top_right.thumb.jpg,dba0ed76fe036a6b6c2f125e044f31c3,top_right,"[110.5, 45.0, 200.0, 135.0]",jpg,3200,0,epsonscan2,esci2:usb:ES00FE:337,Epson Perfection V850,d3dbcf42e05429343a8e1a5966e3bcf0,epsonscan2:Epson Perfection V850::esci2:usb:ES00FE:337,/data,{},DROSO_02_MEL_19_M,crop_2026-01-13_16-17-02.top_right_CROPNUMBER_5_UUID_DROSO_02_MEL_19_M.png,"[7569, 8615, 7888, 9107]",0.9449714422225952,1.0,00_data/01_segmented/crops,00_data/01_segmented/crops/crop_2026-01-13_16-17-02.top_right_CROPNUMBER_5_UUID_DROSO_02_MEL_19_M.json,00_data/01_segmented/crops/crop_2026-01-13_16-17-02.top_right_CROPNUMBER_5_UUID_DROSO_02_MEL_19_M.png,crops,
2026-01-13T16:17:02.422812,/data/d3dbcf42e05429343a8e1a5966e3bcf0/Epson Perfection V850/2026-01-13/2026-01-13_16-17-02/top_right,2026-01-13_16-17-02.top_right.jpg,/data/d3dbcf42e05429343a8e1a5966e3bcf0/Epson Perfection V850/2026-01-13/2026-01-13_16-17-02/top_right/2026-01-13_16-17-02.top_right.jpg,2026-01-13_16-17-02.top_right.thumb.jpg,dba0ed76fe036a6b6c2f125e044f31c3,top_right,"[110.5, 45.0, 200.0, 135.0]",jpg,3200,0,epsonscan2,esci2:usb:ES00FE:337,Epson Perfection V850,d3dbcf42e05429343a8e1a5966e3bcf0,epsonscan2:Epson Perfection V850::esci2:usb:ES00FE:337,/data,{},DROSO_02_MEL_19_M,crop_2026-01-13_16-17-02.top_right_CROPNUMBER_18_UUID_DROSO_02_MEL_19_M.png,"[1822, 5399, 2231, 5874]",0.935024082660675,0.6027106630904797,00_data/01_segmented/crops,00_data/01_segmented/crops/crop_2026-01-13_16-17-02.top_right_CROPNUMBER_18_UUID_DROSO_02_MEL_19_M.json,00_data/01_segmented/crops/crop_2026-01-13_16-17-02.top_right_CROPNUMBER_18_UUID_DROSO_02_MEL_19_M.png,crops,
2026-01-13T16:22:42.229986,/data/d3dbcf42e05429343a8e1a5966e3bcf0/Epson Perfection V850/2026-01-13/2026-01-13_16-22-42/top_left,2026-01-13_16-22-42.top_left.jpg,/data/d3dbcf42e05429343a8e1a5966e3bcf0/Epson Perfection V850/2026-01-13/2026-01-13_16-22-42/top_left/2026-01-13_16-22-42.top_left.jpg,2026-01-13_16-22-42.top_left.thumb.jpg,f331f82ac6dcbf4a1318ddee5307a618,top_left,"[22.0, 45.0, 110.0, 135.0]",jpg,3200,0,epsonscan2,esci2:usb:ES00FE:337,Epson Perfection V850,d3dbcf42e05429343a8e1a5966e3bcf0,epsonscan2:Epson Perfection V850::esci2:usb:ES00FE:337,/data,{},DROSO_03_MEL_19_F,crop_2026-01-13_16-22-42.top_left_CROPNUMBER_9_UUID_DROSO_03_MEL_19_F.png,"[9078, 7656, 9578, 8065]",0.9378741383552551,1.0,00_data/01_segmented/crops,00_data/01_segmented/crops/crop_2026-01-13_16-22-42.top_left_CROPNUMBER_9_UUID_DROSO_03_MEL_19_F.json,00_data/01_segmented/crops/crop_2026-01-13_16-22-42.top_left_CROPNUMBER_9_UUID_DROSO_03_MEL_19_F.png,crops,
2026-01-13T16:09:56.394761,/data/d3dbcf42e05429343a8e1a5966e3bcf0/Epson Perfection V850/2026-01-13/2026-01-13_16-09-56/top_right,2026-01-13_16-09-56.top_right.jpg,/data/d3dbcf42e05429343a8e1a5966e3bcf0/Epson Perfection V850/2026-01-13/2026-01-13_16-09-56/top_right/2026-01-13_16-09-56.top_right.jpg,2026-01-13_16-09-56.top_right.thumb.jpg,aee7ff74e98fd3cb0d78628f63d1119f,top_right,"[110.5, 45.0, 200.0, 135.0]",jpg,3200,0,epsonscan2,esci2:usb:ES00FE:337,Epson Perfection V850,d3dbcf42e05429343a8e1a5966e3bcf0,epsonscan2:Epson Perfection V850::esci2:usb:ES00FE:337,/data,{},DROSO_01_MEL_19_M,crop_2026-01-13_16-09-56.top_right_CROPNUMBER_22_UUID_DROSO_01_MEL_19_M.png,"[4969, 8997, 5345, 9456]",0.939957320690155,1.0,00_data/01_segmented/crops,00_data/01_segmented/crops/crop_2026-01-13_16-09-56.top_right_CROPNUMBER_22_UUID_DROSO_01_MEL_19_M.json,00_data/01_segmented/crops/crop_2026-01-13_16-09-56.top_right_CROPNUMBER_22_UUID_DROSO_01_MEL_19_M.png,crops,
2026-01-13T15:52:35.076944,/data/d3dbcf42e05429343a8e1a5966e3bcf0/Epson Perfection V850/2026-01-13/2026-01-13_15-52-35/top_left,2026-01-13_15-52-35.top_left.jpg,/data/d3dbcf42e05429343a8e1a5966e3bcf0/Epson Perfection V850/2026-01-13/2026-01-13_15-52-35/top_left/2026-01-13_15-52-35.top_left.jpg,2026-01-13_15-52-35.top_left.thumb.jpg,c96bd3e091dcefbdce757afd0a69dc15,top_left,"[22.0, 45.0, 110.0, 135.0]",jpg,3200,0,epsonscan2,esci2:usb:ES00FE:337,Epson Perfection V850,d3dbcf42e05429343a8e1a5966e3bcf0,epsonscan2:Epson Perfection V850::esci2:usb:ES00FE:337,/data,{},DROSO_03_SIM_19_F,crop_2026-01-13_15-52-35.top_left_CROPNUMBER_11_UUID_DROSO_03_SIM_19_F.png,"[5720, 8382, 6007, 8834]",0.9360268712043762,1.0,00_data/01_segmented/crops,00_data/01_segmented/crops/crop_2026-01-13_15-52-35.top_left_CROPNUMBER_11_UUID_DROSO_03_SIM_19_F.json,00_data/01_segmented/crops/crop_2026-01-13_15-52-35.top_left_CROPNUMBER_11_UUID_DROSO_03_SIM_19_F.png,crops,
2026-01-13T16:09:56.394761,/data/d3dbcf42e05429343a8e1a5966e3bcf0/Epson Perfection V850/2026-01-13/2026-01-13_16-09-56/top_right,2026-01-13_16-09-56.top_right.jpg,/data/d3dbcf42e05429343a8e1a5966e3bcf0/Epson Perfection V850/2026-01-13/2026-01-13_16-09-56/top_right/2026-01-13_16-09-56.top_right.jpg,2026-01-13_16-09-56.top_right.thumb.jpg,aee7ff74e98fd3cb0d78628f63d1119f,top_right,"[110.5, 45.0, 200.0, 135.0]",jpg,3200,0,epsonscan2,esci2:usb:ES00FE:337,Epson Perfection V850,d3dbcf42e05429343a8e1a5966e3bcf0,epsonscan2:Epson Perfection V850::esci2:usb:ES00FE:337,/data,{},DROSO_01_MEL_19_M,crop_2026-01-13_16-09-56.top_right_CROPNUMBER_30_UUID_DROSO_01_MEL_19_M.png,"[2563, 5853, 2978, 6234]",0.9389650821685791,0.6027106630904797,00_data/01_segmented/crops,00_data/01_segmented/crops/crop_2026-01-13_16-09-56.top_right_CROPNUMBER_30_UUID_DROSO_01_MEL_19_M.json,00_data/01_segmented/crops/crop_2026-01-13_16-09-56.top_right_CROPNUMBER_30_UUID_DROSO_01_MEL_19_M.png,crops,
2026-01-13T16:09:56.394761,/data/d3dbcf42e05429343a8e1a5966e3bcf0/Epson Perfection V850/2026-01-13/2026-01-13_16-09-56/top_right,2026-01-13_16-09-56.top_right.jpg,/data/d3dbcf42e05429343a8e1a5966e3bcf0/Epson Perfection V850/2026-01-13/2026-01-13_16-09-56/top_right/2026-01-13_16-09-56.top_right.jpg,2026-01-13_16-09-56.top_right.thumb.jpg,aee7ff74e98fd3cb0d78628f63d1119f,top_right,"[110.5, 45.0, 200.0, 135.0]",jpg,3200,0,epsonscan2,esci2:usb:ES00FE:337,Epson Perfection V850,d3dbcf42e05429343a8e1a5966e3bcf0,epsonscan2:Epson Perfection V850::esci2:usb:ES00FE:337,/data,{},DROSO_01_MEL_19_M,crop_2026-01-13_16-09-56.top_right_CROPNUMBER_62_UUID_DROSO_01_MEL_19_M.png,"[3745, 9940, 4103, 10608]",0.9216352701187134,0.6027106630904797,00_data/01_segmented/crops,00_data/01_segmented/crops/crop_2026-01-13_16-09-56.top_right_CROPNUMBER_62_UUID_DROSO_01_MEL_19_M.json,00_data/01_segmented/crops/crop_2026-01-13_16-09-56.top_right_CROPNUMBER_62_UUID_DROSO_01_MEL_19_M.png,crops,
2026-01-13T16:22:42.229986,/data/d3dbcf42e05429343a8e1a5966e3bcf0/Epson Perfection V850/2026-01-13/2026-01-13_16-22-42/top_left,2026-01-13_16-22-42.top_left.jpg,/data/d3dbcf42e05429343a8e1a5966e3bcf0/Epson Perfection V850/2026-01-13/2026-01-13_16-22-42/top_left/2026-01-13_16-22-42.top_left.jpg,2026-01-13_16-22-42.top_left.thumb.jpg,f331f82ac6dcbf4a1318ddee5307a618,top_left,"[22.0, 45.0, 110.0, 135.0]",jpg,3200,0,epsonscan2,esci2:usb:ES00FE:337,Epson Perfection V850,d3dbcf42e05429343a8e1a5966e3bcf0,epsonscan2:Epson Perfection V850::esci2:usb:ES00FE:337,/data,{},DROSO_03_MEL_19_F,crop_2026-01-13_16-22-42.top_left_CROPNUMBER_6_UUID_DROSO_03_MEL_19_F.png,"[2669, 5749, 3089, 6172]",0.9399553537368774,1.0,00_data/01_segmented/crops,00_data/01_segmented/crops/crop_2026-01-13_16-22-42.top_left_CROPNUMBER_6_UUID_DROSO_03_MEL_19_F.json,00_data/01_segmented/crops/crop_2026-01-13_16-22-42.top_left_CROPNUMBER_6_UUID_DROSO_03_MEL_19_F.png,crops,
2026-01-13T15:40:38.651010,/data/d3dbcf42e05429343a8e1a5966e3bcf0/Epson Perfection V850/2026-01-13/2026-01-13_15-40-38/top_right,2026-01-13_15-40-38.top_right.jpg,/data/d3dbcf42e05429343a8e1a5966e3bcf0/Epson Perfection V850/2026-01-13/2026-01-13_15-40-38/top_right/2026-01-13_15-40-38.top_right.jpg,2026-01-13_15-40-38.top_right.thumb.jpg,b3a9f59be4eab6b9c284088e08fe2da7,top_right,"[110.5, 45.0, 200.0, 135.0]",jpg,3200,0,epsonscan2,esci2:usb:ES00FE:337,Epson Perfection V850,d3dbcf42e05429343a8e1a5966e3bcf0,epsonscan2:Epson Perfection V850::esci2:usb:ES00FE:337,/data,{},DROSO_01_SIM_19_M,crop_2026-01-13_15-40-38.top_right_CROPNUMBER_7_UUID_DROSO_01_SIM_19_M.png,"[6647, 7436, 7098, 7778]",0.9407162666320801,1.0,00_data/01_segmented/crops,00_data/01_segmented/crops/crop_2026-01-13_15-40-38.top_right_CROPNUMBER_7_UUID_DROSO_01_SIM_19_M.json,00_data/01_segmented/crops/crop_2026-01-13_15-40-38.top_right_CROPNUMBER_7_UUID_DROSO_01_SIM_19_M.png,crops,
2026-01-13T16:17:02.422812,/data/d3dbcf42e05429343a8e1a5966e3bcf0/Epson Perfection V850/2026-01-13/2026-01-13_16-17-02/top_left,2026-01-13_16-17-02.top_left.jpg,/data/d3dbcf42e05429343a8e1a5966e3bcf0/Epson Perfection V850/2026-01-13/2026-01-13_16-17-02/top_left/2026-01-13_16-17-02.top_left.jpg,2026-01-13_16-17-02.top_left.thumb.jpg,73a37d7ec44337a23e2a64e1230cb14f,top_left,"[22.0, 45.0, 110.0, 135.0]",jpg,3200,0,epsonscan2,esci2:usb:ES00FE:337,Epson Perfection V850,d3dbcf42e05429343a8e1a5966e3bcf0,epsonscan2:Epson Perfection V850::esci2:usb:ES00FE:337,/data,{},DROSO_02_MEL_19_F,crop_2026-01-13_16-17-02.top_left_CROPNUMBER_3_UUID_DROSO_02_MEL_19_F.png,"[5755, 7541, 6257, 7924]",0.9494073987007141,0.6028218259357906,00_data/01_segmented/crops,00_data/01_segmented/crops/crop_2026-01-13_16-17-02.top_left_CROPNUMBER_3_UUID_DROSO_02_MEL_19_F.json,00_data/01_segmented/crops/crop_2026-01-13_16-17-02.top_left_CROPNUMBER_3_UUID_DROSO_02_MEL_19_F.png,crops,
2026-01-13T15:46:54.437940,/data/d3dbcf42e05429343a8e1a5966e3bcf0/Epson Perfection V850/2026-01-13/2026-01-13_15-46-54/top_right,2026-01-13_15-46-54.top_right.jpg,/data/d3dbcf42e05429343a8e1a5966e3bcf0/Epson Perfection V850/2026-01-13/2026-01-13_15-46-54/top_right/2026-01-13_15-46-54.top_right.jpg,2026-01-13_15-46-54.top_right.thumb.jpg,8cfcebfb20b3b3b2bc86ba50975b08d9,top_right,"[110.5, 45.0, 200.0, 135.0]",jpg,3200,0,epsonscan2,esci2:usb:ES00FE:337,Epson Perfection V850,d3dbcf42e05429343a8e1a5966e3bcf0,epsonscan2:Epson Perfection V850::esci2:usb:ES00FE:337,/data,{},DROSO_02_SIM_19_M,crop_2026-01-13_15-46-54.top_right_CROPNUMBER_8_UUID_DROSO_02_SIM_19_M.png,"[4507, 5158, 4952, 5644]",0.940330445766449,1.0,00_data/01_segmented/crops,00_data/01_segmented/crops/crop_2026-01-13_15-46-54.top_right_CROPNUMBER_8_UUID_DROSO_02_SIM_19_M.json,00_data/01_segmented/crops/crop_2026-01-13_15-46-54.top_right_CROPNUMBER_8_UUID_DROSO_02_SIM_19_M.png,crops,
2026-01-13T15:46:54.437940,/data/d3dbcf42e05429343a8e1a5966e3bcf0/Epson Perfection V850/2026-01-13/2026-01-13_15-46-54/top_right,2026-01-13_15-46-54.top_right.jpg,/data/d3dbcf42e05429343a8e1a5966e3bcf0/Epson Perfection V850/2026-01-13/2026-01-13_15-46-54/top_right/2026-01-13_15-46-54.top_right.jpg,2026-01-13_15-46-54.top_right.thumb.jpg,8cfcebfb20b3b3b2bc86ba50975b08d9,top_right,"[110.5, 45.0, 200.0, 135.0]",jpg,3200,0,epsonscan2,esci2:usb:ES00FE:337,Epson Perfection V850,d3dbcf42e05429343a8e1a5966e3bcf0,epsonscan2:Epson Perfection V850::esci2:usb:ES00FE:337,/data,{},DROSO_02_SIM_19_M,crop_2026-01-13_15-46-54.top_right_CROPNUMBER_21_UUID_DROSO_02_SIM_19_M.png,"[3024, 7702, 3471, 8147]",0.9294329285621643,0.6027106630904797,00_data/01_segmented/crops,00_data/01_segmented/crops/crop_2026-01-13_15-46-54.top_right_CROPNUMBER_21_UUID_DROSO_02_SIM_19_M.json,00_data/01_segmented/crops/crop_2026-01-13_15-46-54.top_right_CROPNUMBER_21_UUID_DROSO_02_SIM_19_M.png,crops,
2026-01-13T16:09:56.394761,/data/d3dbcf42e05429343a8e1a5966e3bcf0/Epson Perfection V850/2026-01-13/2026-01-13_16-09-56/top_left,2026-01-13_16-09-56.top_left.jpg,/data/d3dbcf42e05429343a8e1a5966e3bcf0/Epson Perfection V850/2026-01-13/2026-01-13_16-09-56/top_left/2026-01-13_16-09-56.top_left.jpg,2026-01-13_16-09-56.top_left.thumb.jpg,788d0971822fc839506e3180de7f3b36,top_left,"[22.0, 45.0, 110.0, 135.0]",jpg,3200,0,epsonscan2,esci2:usb:ES00FE:337,Epson Perfection V850,d3dbcf42e05429343a8e1a5966e3bcf0,epsonscan2:Epson Perfection V850::esci2:usb:ES00FE:337,/data,{},DROSO_01_MEL_19_F,crop_2026-01-13_16-09-56.top_left_CROPNUMBER_4_UUID_DROSO_01_MEL_19_F.png,"[5638, 9990, 5979, 10452]",0.9484336376190186,1.0,00_data/01_segmented/crops,00_data/01_segmented/crops/crop_2026-01-13_16-09-56.top_left_CROPNUMBER_4_UUID_DROSO_01_MEL_19_F.json,00_data/01_segmented/crops/crop_2026-01-13_16-09-56.top_left_CROPNUMBER_4_UUID_DROSO_01_MEL_19_F.png,crops,
2026-01-13T16:04:10.629205,/data/d3dbcf42e05429343a8e1a5966e3bcf0/Epson Perfection V850/2026-01-13/2026-01-13_16-04-10/top_left,2026-01-13_16-04-10.top_left.jpg,/data/d3dbcf42e05429343a8e1a5966e3bcf0/Epson Perfection V850/2026-01-13/2026-01-13_16-04-10/top_left/2026-01-13_16-04-10.top_left.jpg,2026-01-13_16-04-10.top_left.thumb.jpg,e5f859616a1ebf20cb8f61da5b2008c2,top_left,"[22.0, 45.0, 110.0, 135.0]",jpg,3200,0,epsonscan2,esci2:usb:ES00FE:337,Epson Perfection V850,d3dbcf42e05429343a8e1a5966e3bcf0,epsonscan2:Epson Perfection V850::esci2:usb:ES00FE:337,/data,{},DROSO_05_SIM_19_F,crop_2026-01-13_16-04-10.top_left_CROPNUMBER_13_UUID_DROSO_05_SIM_19_F.png,"[4992, 6756, 5437, 7018]",0.9347628951072693,1.0,00_data/01_segmented/crops,00_data/01_segmented/crops/crop_2026-01-13_16-04-10.top_left_CROPNUMBER_13_UUID_DROSO_05_SIM_19_F.json,00_data/01_segmented/crops/crop_2026-01-13_16-04-10.top_left_CROPNUMBER_13_UUID_DROSO_05_SIM_19_F.png,crops,
2026-01-13T16:22:42.229986,/data/d3dbcf42e05429343a8e1a5966e3bcf0/Epson Perfection V850/2026-01-13/2026-01-13_16-22-42/top_right,2026-01-13_16-22-42.top_right.jpg,/data/d3dbcf42e05429343a8e1a5966e3bcf0/Epson Perfection V850/2026-01-13/2026-01-13_16-22-42/top_right/2026-01-13_16-22-42.top_right.jpg,2026-01-13_16-22-42.top_right.thumb.jpg,a62b428f433471233371d44992128bb0,top_right,"[110.5, 45.0, 200.0, 135.0]",jpg,3200,0,epsonscan2,esci2:usb:ES00FE:337,Epson Perfection V850,d3dbcf42e05429343a8e1a5966e3bcf0,epsonscan2:Epson Perfection V850::esci2:usb:ES00FE:337,/data,{},DROSO_03_MEL_19_M,crop_2026-01-13_16-22-42.top_right_CROPNUMBER_10_UUID_DROSO_03_MEL_19_M.png,"[8397, 7253, 8813, 7580]",0.9383935928344727,1.0,00_data/01_segmented/crops,00_data/01_segmented/crops/crop_2026-01-13_16-22-42.top_right_CROPNUMBER_10_UUID_DROSO_03_MEL_19_M.json,00_data/01_segmented/crops/crop_2026-01-13_16-22-42.top_right_CROPNUMBER_10_UUID_DROSO_03_MEL_19_M.png,crops,
2026-01-13T15:52:35.076944,/data/d3dbcf42e05429343a8e1a5966e3bcf0/Epson Perfection V850/2026-01-13/2026-01-13_15-52-35/top_right,2026-01-13_15-52-35.top_right.jpg,/data/d3dbcf42e05429343a8e1a5966e3bcf0/Epson Perfection V850/2026-01-13/2026-01-13_15-52-35/top_right/2026-01-13_15-52-35.top_right.jpg,2026-01-13_15-52-35.top_right.thumb.jpg,21ba2cf23da353b8d840e52696871b60,top_right,"[110.5, 45.0, 200.0, 135.0]",jpg,3200,0,epsonscan2,esci2:usb:ES00FE:337,Epson Perfection V850,d3dbcf42e05429343a8e1a5966e3bcf0,epsonscan2:Epson Perfection V850::esci2:usb:ES00FE:337,/data,{},DROSO_03_SIM_19_M,crop_2026-01-13_15-52-35.top_right_CROPNUMBER_16_UUID_DROSO_03_SIM_19_M.png,"[4937, 5713, 5243, 6124]",0.9332947134971619,1.0,00_data/01_segmented/crops,00_data/01_segmented/crops/crop_2026-01-13_15-52-35.top_right_CROPNUMBER_16_UUID_DROSO_03_SIM_19_M.json,00_data/01_segmented/crops/crop_2026-01-13_15-52-35.top_right_CROPNUMBER_16_UUID_DROSO_03_SIM_19_M.png,crops,
2026-01-13T15:40:38.651010,/data/d3dbcf42e05429343a8e1a5966e3bcf0/Epson Perfection V850/2026-01-13/2026-01-13_15-40-38/top_right,2026-01-13_15-40-38.top_right.jpg,/data/d3dbcf42e05429343a8e1a5966e3bcf0/Epson Perfection V850/2026-01-13/2026-01-13_15-40-38/top_right/2026-01-13_15-40-38.top_right.jpg,2026-01-13_15-40-38.top_right.thumb.jpg,b3a9f59be4eab6b9c284088e08fe2da7,top_right,"[110.5, 45.0, 200.0, 135.0]",jpg,3200,0,epsonscan2,esci2:usb:ES00FE:337,Epson Perfection V850,d3dbcf42e05429343a8e1a5966e3bcf0,epsonscan2:Epson Perfection V850::esci2:usb:ES00FE:337,/data,{},DROSO_01_SIM_19_M,crop_2026-01-13_15-40-38.top_right_CROPNUMBER_12_UUID_DROSO_01_SIM_19_M.png,"[4195, 5883, 4531, 6230]",0.9340371489524841,1.0,00_data/01_segmented/crops,00_data/01_segmented/crops/crop_2026-01-13_15-40-38.top_right_CROPNUMBER_12_UUID_DROSO_01_SIM_19_M.json,00_data/01_segmented/crops/crop_2026-01-13_15-40-38.top_right_CROPNUMBER_12_UUID_DROSO_01_SIM_19_M.png,crops,
2026-01-13T15:46:54.437940,/data/d3dbcf42e05429343a8e1a5966e3bcf0/Epson Perfection V850/2026-01-13/2026-01-13_15-46-54/top_right,2026-01-13_15-46-54.top_right.jpg,/data/d3dbcf42e05429343a8e1a5966e3bcf0/Epson Perfection V850/2026-01-13/2026-01-13_15-46-54/top_right/2026-01-13_15-46-54.top_right.jpg,2026-01-13_15-46-54.top_right.thumb.jpg,8cfcebfb20b3b3b2bc86ba50975b08d9,top_right,"[110.5, 45.0, 200.0, 135.0]",jpg,3200,0,epsonscan2,esci2:usb:ES00FE:337,Epson Perfection V850,d3dbcf42e05429343a8e1a5966e3bcf0,epsonscan2:Epson Perfection V850::esci2:usb:ES00FE:337,/data,{},DROSO_02_SIM_19_M,crop_2026-01-13_15-46-54.top_right_CROPNUMBER_5_UUID_DROSO_02_SIM_19_M.png,"[5222, 8598, 5623, 9039]",0.9465415477752686,1.0,00_data/01_segmented/crops,00_data/01_segmented/crops/crop_2026-01-13_15-46-54.top_right_CROPNUMBER_5_UUID_DROSO_02_SIM_19_M.json,00_data/01_segmented/crops/crop_2026-01-13_15-46-54.top_right_CROPNUMBER_5_UUID_DROSO_02_SIM_19_M.png,crops,
2026-01-13T16:22:42.229986,/data/d3dbcf42e05429343a8e1a5966e3bcf0/Epson Perfection V850/2026-01-13/2026-01-13_16-22-42/top_right,2026-01-13_16-22-42.top_right.jpg,/data/d3dbcf42e05429343a8e1a5966e3bcf0/Epson Perfection V850/2026-01-13/2026-01-13_16-22-42/top_right/2026-01-13_16-22-42.top_right.jpg,2026-01-13_16-22-42.top_right.thumb.jpg,a62b428f433471233371d44992128bb0,top_right,"[110.5, 45.0, 200.0, 135.0]",jpg,3200,0,epsonscan2,esci2:usb:ES00FE:337,Epson Perfection V850,d3dbcf42e05429343a8e1a5966e3bcf0,epsonscan2:Epson Perfection V850::esci2:usb:ES00FE:337,/data,{},DROSO_03_MEL_19_M,crop_2026-01-13_16-22-42.top_right_CROPNUMBER_6_UUID_DROSO_03_MEL_19_M.png,"[2934, 4986, 3303, 5427]",0.9423351287841797,1.0,00_data/01_segmented/crops,00_data/01_segmented/crops/crop_2026-01-13_16-22-42.top_right_CROPNUMBER_6_UUID_DROSO_03_MEL_19_M.json,00_data/01_segmented/crops/crop_2026-01-13_16-22-42.top_right_CROPNUMBER_6_UUID_DROSO_03_MEL_19_M.png,crops,
2026-01-13T16:09:56.394761,/data/d3dbcf42e05429343a8e1a5966e3bcf0/Epson Perfection V850/2026-01-13/2026-01-13_16-09-56/top_right,2026-01-13_16-09-56.top_right.jpg,/data/d3dbcf42e05429343a8e1a5966e3bcf0/Epson Perfection V850/2026-01-13/2026-01-13_16-09-56/top_right/2026-01-13_16-09-56.top_right.jpg,2026-01-13_16-09-56.top_right.thumb.jpg,aee7ff74e98fd3cb0d78628f63d1119f,top_right,"[110.5, 45.0, 200.0, 135.0]",jpg,3200,0,epsonscan2,esci2:usb:ES00FE:337,Epson Perfection V850,d3dbcf42e05429343a8e1a5966e3bcf0,epsonscan2:Epson Perfection V850::esci2:usb:ES00FE:337,/data,{},DROSO_01_MEL_19_M,crop_2026-01-13_16-09-56.top_right_CROPNUMBER_50_UUID_DROSO_01_MEL_19_M.png,"[7071, 9477, 7455, 9872]",0.9322649836540222,1.0,00_data/01_segmented/crops,00_data/01_segmented/crops/crop_2026-01-13_16-09-56.top_right_CROPNUMBER_50_UUID_DROSO_01_MEL_19_M.json,00_data/01_segmented/crops/crop_2026-01-13_16-09-56.top_right_CROPNUMBER_50_UUID_DROSO_01_MEL_19_M.png,crops,
2026-01-13T15:40:38.651010,/data/d3dbcf42e05429343a8e1a5966e3bcf0/Epson Perfection V850/2026-01-13/2026-01-13_15-40-38/top_right,2026-01-13_15-40-38.top_right.jpg,/data/d3dbcf42e05429343a8e1a5966e3bcf0/Epson Perfection V850/2026-01-13/2026-01-13_15-40-38/top_right/2026-01-13_15-40-38.top_right.jpg,2026-01-13_15-40-38.top_right.thumb.jpg,b3a9f59be4eab6b9c284088e08fe2da7,top_right,"[110.5, 45.0, 200.0, 135.0]",jpg,3200,0,epsonscan2,esci2:usb:ES00FE:337,Epson Perfection V850,d3dbcf42e05429343a8e1a5966e3bcf0,epsonscan2:Epson Perfection V850::esci2:usb:ES00FE:337,/data,{},DROSO_01_SIM_19_M,crop_2026-01-13_15-40-38.top_right_CROPNUMBER_8_UUID_DROSO_01_SIM_19_M.png,"[5970, 6398, 6266, 6801]",0.9368764162063599,1.0,00_data/01_segmented/crops,00_data/01_segmented/crops/crop_2026-01-13_15-40-38.top_right_CROPNUMBER_8_UUID_DROSO_01_SIM_19_M.json,00_data/01_segmented/crops/crop_2026-01-13_15-40-38.top_right_CROPNUMBER_8_UUID_DROSO_01_SIM_19_M.png,crops,
2026-01-13T15:52:35.076944,/data/d3dbcf42e05429343a8e1a5966e3bcf0/Epson Perfection V850/2026-01-13/2026-01-13_15-52-35/top_right,2026-01-13_15-52-35.top_right.jpg,/data/d3dbcf42e05429343a8e1a5966e3bcf0/Epson Perfection V850/2026-01-13/2026-01-13_15-52-35/top_right/2026-01-13_15-52-35.top_right.jpg,2026-01-13_15-52-35.top_right.thumb.jpg,21ba2cf23da353b8d840e52696871b60,top_right,"[110.5, 45.0, 200.0, 135.0]",jpg,3200,0,epsonscan2,esci2:usb:ES00FE:337,Epson Perfection V850,d3dbcf42e05429343a8e1a5966e3bcf0,epsonscan2:Epson Perfection V850::esci2:usb:ES00FE:337,/data,{},DROSO_03_SIM_19_M,crop_2026-01-13_15-52-35.top_right_CROPNUMBER_1_UUID_DROSO_03_SIM_19_M.png,"[6491, 9023, 6932, 9351]",0.9460062384605408,1.0,00_data/01_segmented/crops,00_data/01_segmented/crops/crop_2026-01-13_15-52-35.top_right_CROPNUMBER_1_UUID_DROSO_03_SIM_19_M.json,00_data/01_segmented/crops/crop_2026-01-13_15-52-35.top_right_CROPNUMBER_1_UUID_DROSO_03_SIM_19_M.png,crops,
2026-01-13T16:22:42.229986,/data/d3dbcf42e05429343a8e1a5966e3bcf0/Epson Perfection V850/2026-01-13/2026-01-13_16-22-42/top_right,2026-01-13_16-22-42.top_right.jpg,/data/d3dbcf42e05429343a8e1a5966e3bcf0/Epson Perfection V850/2026-01-13/2026-01-13_16-22-42/top_right/2026-01-13_16-22-42.top_right.jpg,2026-01-13_16-22-42.top_right.thumb.jpg,a62b428f433471233371d44992128bb0,top_right,"[110.5, 45.0, 200.0, 135.0]",jpg,3200,0,epsonscan2,esci2:usb:ES00FE:337,Epson Perfection V850,d3dbcf42e05429343a8e1a5966e3bcf0,epsonscan2:Epson Perfection V850::esci2:usb:ES00FE:337,/data,{},DROSO_03_MEL_19_M,crop_2026-01-13_16-22-42.top_right_CROPNUMBER_12_UUID_DROSO_03_MEL_19_M.png,"[6190, 7603, 6580, 7950]",0.9366113543510437,1.0,00_data/01_segmented/crops,00_data/01_segmented/crops/crop_2026-01-13_16-22-42.top_right_CROPNUMBER_12_UUID_DROSO_03_MEL_19_M.json,00_data/01_segmented/crops/crop_2026-01-13_16-22-42.top_right_CROPNUMBER_12_UUID_DROSO_03_MEL_19_M.png,crops,
2026-01-13T16:17:02.422812,/data/d3dbcf42e05429343a8e1a5966e3bcf0/Epson Perfection V850/2026-01-13/2026-01-13_16-17-02/top_left,2026-01-13_16-17-02.top_left.jpg,/data/d3dbcf42e05429343a8e1a5966e3bcf0/Epson Perfection V850/2026-01-13/2026-01-13_16-17-02/top_left/2026-01-13_16-17-02.top_left.jpg,2026-01-13_16-17-02.top_left.thumb.jpg,73a37d7ec44337a23e2a64e1230cb14f,top_left,"[22.0, 45.0, 110.0, 135.0]",jpg,3200,0,epsonscan2,esci2:usb:ES00FE:337,Epson Perfection V850,d3dbcf42e05429343a8e1a5966e3bcf0,epsonscan2:Epson Perfection V850::esci2:usb:ES00FE:337,/data,{},DROSO_02_MEL_19_F,crop_2026-01-13_16-17-02.top_left_CROPNUMBER_2_UUID_DROSO_02_MEL_19_F.png,"[6164, 8592, 6541, 9049]",0.9499642252922058,1.0,00_data/01_segmented/crops,00_data/01_segmented/crops/crop_2026-01-13_16-17-02.top_left_CROPNUMBER_2_UUID_DROSO_02_MEL_19_F.json,00_data/01_segmented/crops/crop_2026-01-13_16-17-02.top_left_CROPNUMBER_2_UUID_DROSO_02_MEL_19_F.png,crops,
2026-01-13T16:17:02.422812,/data/d3dbcf42e05429343a8e1a5966e3bcf0/Epson Perfection V850/2026-01-13/2026-01-13_16-17-02/top_right,2026-01-13_16-17-02.top_right.jpg,/data/d3dbcf42e05429343a8e1a5966e3bcf0/Epson Perfection V850/2026-01-13/2026-01-13_16-17-02/top_right/2026-01-13_16-17-02.top_right.jpg,2026-01-13_16-17-02.top_right.thumb.jpg,dba0ed76fe036a6b6c2f125e044f31c3,top_right,"[110.5, 45.0, 200.0, 135.0]",jpg,3200,0,epsonscan2,esci2:usb:ES00FE:337,Epson Perfection V850,d3dbcf42e05429343a8e1a5966e3bcf0,epsonscan2:Epson Perfection V850::esci2:usb:ES00FE:337,/data,{},DROSO_02_MEL_19_M,crop_2026-01-13_16-17-02.top_right_CROPNUMBER_23_UUID_DROSO_02_MEL_19_M.png,"[5806, 8669, 6285, 9051]",0.9343600869178772,0.6027106630904797,00_data/01_segmented/crops,00_data/01_segmented/crops/crop_2026-01-13_16-17-02.top_right_CROPNUMBER_23_UUID_DROSO_02_MEL_19_M.json,00_data/01_segmented/crops/crop_2026-01-13_16-17-02.top_right_CROPNUMBER_23_UUID_DROSO_02_MEL_19_M.png,crops,
2026-01-13T16:22:42.229986,/data/d3dbcf42e05429343a8e1a5966e3bcf0/Epson Perfection V850/2026-01-13/2026-01-13_16-22-42/top_right,2026-01-13_16-22-42.top_right.jpg,/data/d3dbcf42e05429343a8e1a5966e3bcf0/Epson Perfection V850/2026-01-13/2026-01-13_16-22-42/top_right/2026-01-13_16-22-42.top_right.jpg,2026-01-13_16-22-42.top_right.thumb.jpg,a62b428f433471233371d44992128bb0,top_right,"[110.5, 45.0, 200.0, 135.0]",jpg,3200,0,epsonscan2,esci2:usb:ES00FE:337,Epson Perfection V850,d3dbcf42e05429343a8e1a5966e3bcf0,epsonscan2:Epson Perfection V850::esci2:usb:ES00FE:337,/data,{},DROSO_03_MEL_19_M,crop_2026-01-13_16-22-42.top_right_CROPNUMBER_18_UUID_DROSO_03_MEL_19_M.png,"[4370, 6413, 4806, 6714]",0.9336301684379578,0.6027106630904797,00_data/01_segmented/crops,00_data/01_segmented/crops/crop_2026-01-13_16-22-42.top_right_CROPNUMBER_18_UUID_DROSO_03_MEL_19_M.json,00_data/01_segmented/crops/crop_2026-01-13_16-22-42.top_right_CROPNUMBER_18_UUID_DROSO_03_MEL_19_M.png,crops,
2026-01-13T15:40:38.651010,/data/d3dbcf42e05429343a8e1a5966e3bcf0/Epson Perfection V850/2026-01-13/2026-01-13_15-40-38/top_right,2026-01-13_15-40-38.top_right.jpg,/data/d3dbcf42e05429343a8e1a5966e3bcf0/Epson Perfection V850/2026-01-13/2026-01-13_15-40-38/top_right/2026-01-13_15-40-38.top_right.jpg,2026-01-13_15-40-38.top_right.thumb.jpg,b3a9f59be4eab6b9c284088e08fe2da7,top_right,"[110.5, 45.0, 200.0, 135.0]",jpg,3200,0,epsonscan2,esci2:usb:ES00FE:337,Epson Perfection V850,d3dbcf42e05429343a8e1a5966e3bcf0,epsonscan2:Epson Perfection V850::esci2:usb:ES00FE:337,/data,{},DROSO_01_SIM_19_M,crop_2026-01-13_15-40-38.top_right_CROPNUMBER_16_UUID_DROSO_01_SIM_19_M.png,"[5497, 7234, 5830, 7675]",0.9262174367904663,0.6027106630904797,00_data/01_segmented/crops,00_data/01_segmented/crops/crop_2026-01-13_15-40-38.top_right_CROPNUMBER_16_UUID_DROSO_01_SIM_19_M.json,00_data/01_segmented/crops/crop_2026-01-13_15-40-38.top_right_CROPNUMBER_16_UUID_DROSO_01_SIM_19_M.png,crops,
2026-01-13T15:40:38.651010,/data/d3dbcf42e05429343a8e1a5966e3bcf0/Epson Perfection V850/2026-01-13/2026-01-13_15-40-38/top_left,2026-01-13_15-40-38.top_left.jpg,/data/d3dbcf42e05429343a8e1a5966e3bcf0/Epson Perfection V850/2026-01-13/2026-01-13_15-40-38/top_left/2026-01-13_15-40-38.top_left.jpg,2026-01-13_15-40-38.top_left.thumb.jpg,16a144e86ca9c5e7bb9b16ddead6411f,top_left,"[22.0, 45.0, 110.0, 135.0]",jpg,3200,0,epsonscan2,esci2:usb:ES00FE:337,Epson Perfection V850,d3dbcf42e05429343a8e1a5966e3bcf0,epsonscan2:Epson Perfection V850::esci2:usb:ES00FE:337,/data,{},DROSO_01_SIM_19_F,crop_2026-01-13_15-40-38.top_left_CROPNUMBER_7_UUID_DROSO_01_SIM_19_F.png,"[6845, 6873, 7325, 7276]",0.9394891262054443,0.6028218259357906,00_data/01_segmented/crops,00_data/01_segmented/crops/crop_2026-01-13_15-40-38.top_left_CROPNUMBER_7_UUID_DROSO_01_SIM_19_F.json,00_data/01_segmented/crops/crop_2026-01-13_15-40-38.top_left_CROPNUMBER_7_UUID_DROSO_01_SIM_19_F.png,crops,
2026-01-13T15:46:54.437940,/data/d3dbcf42e05429343a8e1a5966e3bcf0/Epson Perfection V850/2026-01-13/2026-01-13_15-46-54/top_right,2026-01-13_15-46-54.top_right.jpg,/data/d3dbcf42e05429343a8e1a5966e3bcf0/Epson Perfection V850/2026-01-13/2026-01-13_15-46-54/top_right/2026-01-13_15-46-54.top_right.jpg,2026-01-13_15-46-54.top_right.thumb.jpg,8cfcebfb20b3b3b2bc86ba50975b08d9,top_right,"[110.5, 45.0, 200.0, 135.0]",jpg,3200,0,epsonscan2,esci2:usb:ES00FE:337,Epson Perfection V850,d3dbcf42e05429343a8e1a5966e3bcf0,epsonscan2:Epson Perfection V850::esci2:usb:ES00FE:337,/data,{},DROSO_02_SIM_19_M,crop_2026-01-13_15-46-54.top_right_CROPNUMBER_17_UUID_DROSO_02_SIM_19_M.png,"[5962, 8978, 6440, 9367]",0.9336308836936951,0.6027106630904797,00_data/01_segmented/crops,00_data/01_segmented/crops/crop_2026-01-13_15-46-54.top_right_CROPNUMBER_17_UUID_DROSO_02_SIM_19_M.json,00_data/01_segmented/crops/crop_2026-01-13_15-46-54.top_right_CROPNUMBER_17_UUID_DROSO_02_SIM_19_M.png,crops,
2026-01-13T16:09:56.394761,/data/d3dbcf42e05429343a8e1a5966e3bcf0/Epson Perfection V850/2026-01-13/2026-01-13_16-09-56/top_right,2026-01-13_16-09-56.top_right.jpg,/data/d3dbcf42e05429343a8e1a5966e3bcf0/Epson Perfection V850/2026-01-13/2026-01-13_16-09-56/top_right/2026-01-13_16-09-56.top_right.jpg,2026-01-13_16-09-56.top_right.thumb.jpg,aee7ff74e98fd3cb0d78628f63d1119f,top_right,"[110.5, 45.0, 200.0, 135.0]",jpg,3200,0,epsonscan2,esci2:usb:ES00FE:337,Epson Perfection V850,d3dbcf42e05429343a8e1a5966e3bcf0,epsonscan2:Epson Perfection V850::esci2:usb:ES00FE:337,/data,{},DROSO_01_MEL_19_M,crop_2026-01-13_16-09-56.top_right_CROPNUMBER_40_UUID_DROSO_01_MEL_19_M.png,"[9075, 8480, 9404, 8943]",0.9360446929931641,1.0,00_data/01_segmented/crops,00_data/01_segmented/crops/crop_2026-01-13_16-09-56.top_right_CROPNUMBER_40_UUID_DROSO_01_MEL_19_M.json,00_data/01_segmented/crops/crop_2026-01-13_16-09-56.top_right_CROPNUMBER_40_UUID_DROSO_01_MEL_19_M.png,crops,
2026-01-13T15:46:54.437940,/data/d3dbcf42e05429343a8e1a5966e3bcf0/Epson Perfection V850/2026-01-13/2026-01-13_15-46-54/top_right,2026-01-13_15-46-54.top_right.jpg,/data/d3dbcf42e05429343a8e1a5966e3bcf0/Epson Perfection V850/2026-01-13/2026-01-13_15-46-54/top_right/2026-01-13_15-46-54.top_right.jpg,2026-01-13_15-46-54.top_right.thumb.jpg,8cfcebfb20b3b3b2bc86ba50975b08d9,top_right,"[110.5, 45.0, 200.0, 135.0]",jpg,3200,0,epsonscan2,esci2:usb:ES00FE:337,Epson Perfection V850,d3dbcf42e05429343a8e1a5966e3bcf0,epsonscan2:Epson Perfection V850::esci2:usb:ES00FE:337,/data,{},DROSO_02_SIM_19_M,crop_2026-01-13_15-46-54.top_right_CROPNUMBER_4_UUID_DROSO_02_SIM_19_M.png,"[4476, 8903, 4927, 9259]",0.9467663168907166,1.0,00_data/01_segmented/crops,00_data/01_segmented/crops/crop_2026-01-13_15-46-54.top_right_CROPNUMBER_4_UUID_DROSO_02_SIM_19_M.json,00_data/01_segmented/crops/crop_2026-01-13_15-46-54.top_right_CROPNUMBER_4_UUID_DROSO_02_SIM_19_M.png,crops,
2026-01-13T16:09:56.394761,/data/d3dbcf42e05429343a8e1a5966e3bcf0/Epson Perfection V850/2026-01-13/2026-01-13_16-09-56/top_right,2026-01-13_16-09-56.top_right.jpg,/data/d3dbcf42e05429343a8e1a5966e3bcf0/Epson Perfection V850/2026-01-13/2026-01-13_16-09-56/top_right/2026-01-13_16-09-56.top_right.jpg,2026-01-13_16-09-56.top_right.thumb.jpg,aee7ff74e98fd3cb0d78628f63d1119f,top_right,"[110.5, 45.0, 200.0, 135.0]",jpg,3200,0,epsonscan2,esci2:usb:ES00FE:337,Epson Perfection V850,d3dbcf42e05429343a8e1a5966e3bcf0,epsonscan2:Epson Perfection V850::esci2:usb:ES00FE:337,/data,{},DROSO_01_MEL_19_M,crop_2026-01-13_16-09-56.top_right_CROPNUMBER_24_UUID_DROSO_01_MEL_19_M.png,"[4745, 8150, 5151, 8499]",0.9397186636924744,1.0,00_data/01_segmented/crops,00_data/01_segmented/crops/crop_2026-01-13_16-09-56.top_right_CROPNUMBER_24_UUID_DROSO_01_MEL_19_M.json,00_data/01_segmented/crops/crop_2026-01-13_16-09-56.top_right_CROPNUMBER_24_UUID_DROSO_01_MEL_19_M.png,crops,
2026-01-13T15:52:35.076944,/data/d3dbcf42e05429343a8e1a5966e3bcf0/Epson Perfection V850/2026-01-13/2026-01-13_15-52-35/top_left,2026-01-13_15-52-35.top_left.jpg,/data/d3dbcf42e05429343a8e1a5966e3bcf0/Epson Perfection V850/2026-01-13/2026-01-13_15-52-35/top_left/2026-01-13_15-52-35.top_left.jpg,2026-01-13_15-52-35.top_left.thumb.jpg,c96bd3e091dcefbdce757afd0a69dc15,top_left,"[22.0, 45.0, 110.0, 135.0]",jpg,3200,0,epsonscan2,esci2:usb:ES00FE:337,Epson Perfection V850,d3dbcf42e05429343a8e1a5966e3bcf0,epsonscan2:Epson Perfection V850::esci2:usb:ES00FE:337,/data,{},DROSO_03_SIM_19_F,crop_2026-01-13_15-52-35.top_left_CROPNUMBER_2_UUID_DROSO_03_SIM_19_F.png,"[4691, 7726, 5054, 8201]",0.9505289196968079,1.0,00_data/01_segmented/crops,00_data/01_segmented/crops/crop_2026-01-13_15-52-35.top_left_CROPNUMBER_2_UUID_DROSO_03_SIM_19_F.json,00_data/01_segmented/crops/crop_2026-01-13_15-52-35.top_left_CROPNUMBER_2_UUID_DROSO_03_SIM_19_F.png,crops,
2026-01-13T16:17:02.422812,/data/d3dbcf42e05429343a8e1a5966e3bcf0/Epson Perfection V850/2026-01-13/2026-01-13_16-17-02/top_right,2026-01-13_16-17-02.top_right.jpg,/data/d3dbcf42e05429343a8e1a5966e3bcf0/Epson Perfection V850/2026-01-13/2026-01-13_16-17-02/top_right/2026-01-13_16-17-02.top_right.jpg,2026-01-13_16-17-02.top_right.thumb.jpg,dba0ed76fe036a6b6c2f125e044f31c3,top_right,"[110.5, 45.0, 200.0, 135.0]",jpg,3200,0,epsonscan2,esci2:usb:ES00FE:337,Epson Perfection V850,d3dbcf42e05429343a8e1a5966e3bcf0,epsonscan2:Epson Perfection V850::esci2:usb:ES00FE:337,/data,{},DROSO_02_MEL_19_M,crop_2026-01-13_16-17-02.top_right_CROPNUMBER_2_UUID_DROSO_02_MEL_19_M.png,"[8087, 6846, 8558, 7200]",0.9487895369529724,1.0,00_data/01_segmented/crops,00_data/01_segmented/crops/crop_2026-01-13_16-17-02.top_right_CROPNUMBER_2_UUID_DROSO_02_MEL_19_M.json,00_data/01_segmented/crops/crop_2026-01-13_16-17-02.top_right_CROPNUMBER_2_UUID_DROSO_02_MEL_19_M.png,crops,
2026-01-13T15:46:54.437940,/data/d3dbcf42e05429343a8e1a5966e3bcf0/Epson Perfection V850/2026-01-13/2026-01-13_15-46-54/top_right,2026-01-13_15-46-54.top_right.jpg,/data/d3dbcf42e05429343a8e1a5966e3bcf0/Epson Perfection V850/2026-01-13/2026-01-13_15-46-54/top_right/2026-01-13_15-46-54.top_right.jpg,2026-01-13_15-46-54.top_right.thumb.jpg,8cfcebfb20b3b3b2bc86ba50975b08d9,top_right,"[110.5, 45.0, 200.0, 135.0]",jpg,3200,0,epsonscan2,esci2:usb:ES00FE:337,Epson Perfection V850,d3dbcf42e05429343a8e1a5966e3bcf0,epsonscan2:Epson Perfection V850::esci2:usb:ES00FE:337,/data,{},DROSO_02_SIM_19_M,crop_2026-01-13_15-46-54.top_right_CROPNUMBER_11_UUID_DROSO_02_SIM_19_M.png,"[4293, 7060, 4841, 7474]",0.9385827779769897,0.6027106630904797,00_data/01_segmented/crops,00_data/01_segmented/crops/crop_2026-01-13_15-46-54.top_right_CROPNUMBER_11_UUID_DROSO_02_SIM_19_M.json,00_data/01_segmented/crops/crop_2026-01-13_15-46-54.top_right_CROPNUMBER_11_UUID_DROSO_02_SIM_19_M.png,crops,
2026-01-13T15:46:54.437940,/data/d3dbcf42e05429343a8e1a5966e3bcf0/Epson Perfection V850/2026-01-13/2026-01-13_15-46-54/top_right,2026-01-13_15-46-54.top_right.jpg,/data/d3dbcf42e05429343a8e1a5966e3bcf0/Epson Perfection V850/2026-01-13/2026-01-13_15-46-54/top_right/2026-01-13_15-46-54.top_right.jpg,2026-01-13_15-46-54.top_right.thumb.jpg,8cfcebfb20b3b3b2bc86ba50975b08d9,top_right,"[110.5, 45.0, 200.0, 135.0]",jpg,3200,0,epsonscan2,esci2:usb:ES00FE:337,Epson Perfection V850,d3dbcf42e05429343a8e1a5966e3bcf0,epsonscan2:Epson Perfection V850::esci2:usb:ES00FE:337,/data,{},DROSO_02_SIM_19_M,crop_2026-01-13_15-46-54.top_right_CROPNUMBER_18_UUID_DROSO_02_SIM_19_M.png,"[3821, 6812, 4155, 7297]",0.9335567951202393,1.0,00_data/01_segmented/crops,00_data/01_segmented/crops/crop_2026-01-13_15-46-54.top_right_CROPNUMBER_18_UUID_DROSO_02_SIM_19_M.json,00_data/01_segmented/crops/crop_2026-01-13_15-46-54.top_right_CROPNUMBER_18_UUID_DROSO_02_SIM_19_M.png,crops,
2026-01-13T16:09:56.394761,/data/d3dbcf42e05429343a8e1a5966e3bcf0/Epson Perfection V850/2026-01-13/2026-01-13_16-09-56/top_left,2026-01-13_16-09-56.top_left.jpg,/data/d3dbcf42e05429343a8e1a5966e3bcf0/Epson Perfection V850/2026-01-13/2026-01-13_16-09-56/top_left/2026-01-13_16-09-56.top_left.jpg,2026-01-13_16-09-56.top_left.thumb.jpg,788d0971822fc839506e3180de7f3b36,top_left,"[22.0, 45.0, 110.0, 135.0]",jpg,3200,0,epsonscan2,esci2:usb:ES00FE:337,Epson Perfection V850,d3dbcf42e05429343a8e1a5966e3bcf0,epsonscan2:Epson Perfection V850::esci2:usb:ES00FE:337,/data,{},DROSO_01_MEL_19_F,crop_2026-01-13_16-09-56.top_left_CROPNUMBER_10_UUID_DROSO_01_MEL_19_F.png,"[3416, 6208, 3875, 6705]",0.9439589381217957,0.6028218259357906,00_data/01_segmented/crops,00_data/01_segmented/crops/crop_2026-01-13_16-09-56.top_left_CROPNUMBER_10_UUID_DROSO_01_MEL_19_F.json,00_data/01_segmented/crops/crop_2026-01-13_16-09-56.top_left_CROPNUMBER_10_UUID_DROSO_01_MEL_19_F.png,crops,
2026-01-13T16:09:56.394761,/data/d3dbcf42e05429343a8e1a5966e3bcf0/Epson Perfection V850/2026-01-13/2026-01-13_16-09-56/top_left,2026-01-13_16-09-56.top_left.jpg,/data/d3dbcf42e05429343a8e1a5966e3bcf0/Epson Perfection V850/2026-01-13/2026-01-13_16-09-56/top_left/2026-01-13_16-09-56.top_left.jpg,2026-01-13_16-09-56.top_left.thumb.jpg,788d0971822fc839506e3180de7f3b36,top_left,"[22.0, 45.0, 110.0, 135.0]",jpg,3200,0,epsonscan2,esci2:usb:ES00FE:337,Epson Perfection V850,d3dbcf42e05429343a8e1a5966e3bcf0,epsonscan2:Epson Perfection V850::esci2:usb:ES00FE:337,/data,{},DROSO_01_MEL_19_F,crop_2026-01-13_16-09-56.top_left_CROPNUMBER_34_UUID_DROSO_01_MEL_19_F.png,"[3188, 8733, 3723, 9071]",0.9323835372924805,0.6028218259357906,00_data/01_segmented/crops,00_data/01_segmented/crops/crop_2026-01-13_16-09-56.top_left_CROPNUMBER_34_UUID_DROSO_01_MEL_19_F.json,00_data/01_segmented/crops/crop_2026-01-13_16-09-56.top_left_CROPNUMBER_34_UUID_DROSO_01_MEL_19_F.png,crops,
2026-01-13T16:17:02.422812,/data/d3dbcf42e05429343a8e1a5966e3bcf0/Epson Perfection V850/2026-01-13/2026-01-13_16-17-02/top_right,2026-01-13_16-17-02.top_right.jpg,/data/d3dbcf42e05429343a8e1a5966e3bcf0/Epson Perfection V850/2026-01-13/2026-01-13_16-17-02/top_right/2026-01-13_16-17-02.top_right.jpg,2026-01-13_16-17-02.top_right.thumb.jpg,dba0ed76fe036a6b6c2f125e044f31c3,top_right,"[110.5, 45.0, 200.0, 135.0]",jpg,3200,0,epsonscan2,esci2:usb:ES00FE:337,Epson Perfection V850,d3dbcf42e05429343a8e1a5966e3bcf0,epsonscan2:Epson Perfection V850::esci2:usb:ES00FE:337,/data,{},DROSO_02_MEL_19_M,crop_2026-01-13_16-17-02.top_right_CROPNUMBER_16_UUID_DROSO_02_MEL_19_M.png,"[2885, 6231, 3277, 6606]",0.937007486820221,0.6027106630904797,00_data/01_segmented/crops,00_data/01_segmented/crops/crop_2026-01-13_16-17-02.top_right_CROPNUMBER_16_UUID_DROSO_02_MEL_19_M.json,00_data/01_segmented/crops/crop_2026-01-13_16-17-02.top_right_CROPNUMBER_16_UUID_DROSO_02_MEL_19_M.png,crops,
2026-01-13T16:17:02.422812,/data/d3dbcf42e05429343a8e1a5966e3bcf0/Epson Perfection V850/2026-01-13/2026-01-13_16-17-02/top_right,2026-01-13_16-17-02.top_right.jpg,/data/d3dbcf42e05429343a8e1a5966e3bcf0/Epson Perfection V850/2026-01-13/2026-01-13_16-17-02/top_right/2026-01-13_16-17-02.top_right.jpg,2026-01-13_16-17-02.top_right.thumb.jpg,dba0ed76fe036a6b6c2f125e044f31c3,top_right,"[110.5, 45.0, 200.0, 135.0]",jpg,3200,0,epsonscan2,esci2:usb:ES00FE:337,Epson Perfection V850,d3dbcf42e05429343a8e1a5966e3bcf0,epsonscan2:Epson Perfection V850::esci2:usb:ES00FE:337,/data,{},DROSO_02_MEL_19_M,crop_2026-01-13_16-17-02.top_right_CROPNUMBER_28_UUID_DROSO_02_MEL_19_M.png,"[6164, 7479, 6416, 7931]",0.9258192777633667,1.0,00_data/01_segmented/crops,00_data/01_segmented/crops/crop_2026-01-13_16-17-02.top_right_CROPNUMBER_28_UUID_DROSO_02_MEL_19_M.json,00_data/01_segmented/crops/crop_2026-01-13_16-17-02.top_right_CROPNUMBER_28_UUID_DROSO_02_MEL_19_M.png,crops,
2026-01-13T16:09:56.394761,/data/d3dbcf42e05429343a8e1a5966e3bcf0/Epson Perfection V850/2026-01-13/2026-01-13_16-09-56/top_right,2026-01-13_16-09-56.top_right.jpg,/data/d3dbcf42e05429343a8e1a5966e3bcf0/Epson Perfection V850/2026-01-13/2026-01-13_16-09-56/top_right/2026-01-13_16-09-56.top_right.jpg,2026-01-13_16-09-56.top_right.thumb.jpg,aee7ff74e98fd3cb0d78628f63d1119f,top_right,"[110.5, 45.0, 200.0, 135.0]",jpg,3200,0,epsonscan2,esci2:usb:ES00FE:337,Epson Perfection V850,d3dbcf42e05429343a8e1a5966e3bcf0,epsonscan2:Epson Perfection V850::esci2:usb:ES00FE:337,/data,{},DROSO_01_MEL_19_M,crop_2026-01-13_16-09-56.top_right_CROPNUMBER_26_UUID_DROSO_01_MEL_19_M.png,"[2719, 7572, 3147, 8027]",0.9395838379859924,0.6027106630904797,00_data/01_segmented/crops,00_data/01_segmented/crops/crop_2026-01-13_16-09-56.top_right_CROPNUMBER_26_UUID_DROSO_01_MEL_19_M.json,00_data/01_segmented/crops/crop_2026-01-13_16-09-56.top_right_CROPNUMBER_26_UUID_DROSO_01_MEL_19_M.png,crops,
2026-01-13T16:09:56.394761,/data/d3dbcf42e05429343a8e1a5966e3bcf0/Epson Perfection V850/2026-01-13/2026-01-13_16-09-56/top_right,2026-01-13_16-09-56.top_right.jpg,/data/d3dbcf42e05429343a8e1a5966e3bcf0/Epson Perfection V850/2026-01-13/2026-01-13_16-09-56/top_right/2026-01-13_16-09-56.top_right.jpg,2026-01-13_16-09-56.top_right.thumb.jpg,aee7ff74e98fd3cb0d78628f63d1119f,top_right,"[110.5, 45.0, 200.0, 135.0]",jpg,3200,0,epsonscan2,esci2:usb:ES00FE:337,Epson Perfection V850,d3dbcf42e05429343a8e1a5966e3bcf0,epsonscan2:Epson Perfection V850::esci2:usb:ES00FE:337,/data,{},DROSO_01_MEL_19_M,crop_2026-01-13_16-09-56.top_right_CROPNUMBER_64_UUID_DROSO_01_MEL_19_M.png,"[3105, 7010, 3341, 7477]",0.912912130355835,0.6027106630904797,00_data/01_segmented/crops,00_data/01_segmented/crops/crop_2026-01-13_16-09-56.top_right_CROPNUMBER_64_UUID_DROSO_01_MEL_19_M.json,00_data/01_segmented/crops/crop_2026-01-13_16-09-56.top_right_CROPNUMBER_64_UUID_DROSO_01_MEL_19_M.png,crops,
2026-01-13T15:40:38.651010,/data/d3dbcf42e05429343a8e1a5966e3bcf0/Epson Perfection V850/2026-01-13/2026-01-13_15-40-38/top_right,2026-01-13_15-40-38.top_right.jpg,/data/d3dbcf42e05429343a8e1a5966e3bcf0/Epson Perfection V850/2026-01-13/2026-01-13_15-40-38/top_right/2026-01-13_15-40-38.top_right.jpg,2026-01-13_15-40-38.top_right.thumb.jpg,b3a9f59be4eab6b9c284088e08fe2da7,top_right,"[110.5, 45.0, 200.0, 135.0]",jpg,3200,0,epsonscan2,esci2:usb:ES00FE:337,Epson Perfection V850,d3dbcf42e05429343a8e1a5966e3bcf0,epsonscan2:Epson Perfection V850::esci2:usb:ES00FE:337,/data,{},DROSO_01_SIM_19_M,crop_2026-01-13_15-40-38.top_right_CROPNUMBER_19_UUID_DROSO_01_SIM_19_M.png,"[9426, 8189, 9585, 8383]",0.26861491799354553,1.0,00_data/01_segmented/crops,00_data/01_segmented/crops/crop_2026-01-13_15-40-38.top_right_CROPNUMBER_19_UUID_DROSO_01_SIM_19_M.json,00_data/01_segmented/crops/crop_2026-01-13_15-40-38.top_right_CROPNUMBER_19_UUID_DROSO_01_SIM_19_M.png,crops,
2026-01-13T15:52:35.076944,/data/d3dbcf42e05429343a8e1a5966e3bcf0/Epson Perfection V850/2026-01-13/2026-01-13_15-52-35/top_right,2026-01-13_15-52-35.top_right.jpg,/data/d3dbcf42e05429343a8e1a5966e3bcf0/Epson Perfection V850/2026-01-13/2026-01-13_15-52-35/top_right/2026-01-13_15-52-35.top_right.jpg,2026-01-13_15-52-35.top_right.thumb.jpg,21ba2cf23da353b8d840e52696871b60,top_right,"[110.5, 45.0, 200.0, 135.0]",jpg,3200,0,epsonscan2,esci2:usb:ES00FE:337,Epson Perfection V850,d3dbcf42e05429343a8e1a5966e3bcf0,epsonscan2:Epson Perfection V850::esci2:usb:ES00FE:337,/data,{},DROSO_03_SIM_19_M,crop_2026-01-13_15-52-35.top_right_CROPNUMBER_13_UUID_DROSO_03_SIM_19_M.png,"[3602, 7133, 3904, 7535]",0.9336881041526794,1.0,00_data/01_segmented/crops,00_data/01_segmented/crops/crop_2026-01-13_15-52-35.top_right_CROPNUMBER_13_UUID_DROSO_03_SIM_19_M.json,00_data/01_segmented/crops/crop_2026-01-13_15-52-35.top_right_CROPNUMBER_13_UUID_DROSO_03_SIM_19_M.png,crops,
2026-01-13T15:52:35.076944,/data/d3dbcf42e05429343a8e1a5966e3bcf0/Epson Perfection V850/2026-01-13/2026-01-13_15-52-35/top_right,2026-01-13_15-52-35.top_right.jpg,/data/d3dbcf42e05429343a8e1a5966e3bcf0/Epson Perfection V850/2026-01-13/2026-01-13_15-52-35/top_right/2026-01-13_15-52-35.top_right.jpg,2026-01-13_15-52-35.top_right.thumb.jpg,21ba2cf23da353b8d840e52696871b60,top_right,"[110.5, 45.0, 200.0, 135.0]",jpg,3200,0,epsonscan2,esci2:usb:ES00FE:337,Epson Perfection V850,d3dbcf42e05429343a8e1a5966e3bcf0,epsonscan2:Epson Perfection V850::esci2:usb:ES00FE:337,/data,{},DROSO_03_SIM_19_M,crop_2026-01-13_15-52-35.top_right_CROPNUMBER_23_UUID_DROSO_03_SIM_19_M.png,"[7385, 7387, 7799, 7616]",0.9245707392692566,1.0,00_data/01_segmented/crops,00_data/01_segmented/crops/crop_2026-01-13_15-52-35.top_right_CROPNUMBER_23_UUID_DROSO_03_SIM_19_M.json,00_data/01_segmented/crops/crop_2026-01-13_15-52-35.top_right_CROPNUMBER_23_UUID_DROSO_03_SIM_19_M.png,crops,
2026-01-13T15:52:35.076944,/data/d3dbcf42e05429343a8e1a5966e3bcf0/Epson Perfection V850/2026-01-13/2026-01-13_15-52-35/top_right,2026-01-13_15-52-35.top_right.jpg,/data/d3dbcf42e05429343a8e1a5966e3bcf0/Epson Perfection V850/2026-01-13/2026-01-13_15-52-35/top_right/2026-01-13_15-52-35.top_right.jpg,2026-01-13_15-52-35.top_right.thumb.jpg,21ba2cf23da353b8d840e52696871b60,top_right,"[110.5, 45.0, 200.0, 135.0]",jpg,3200,0,epsonscan2,esci2:usb:ES00FE:337,Epson Perfection V850,d3dbcf42e05429343a8e1a5966e3bcf0,epsonscan2:Epson Perfection V850::esci2:usb:ES00FE:337,/data,{},DROSO_03_SIM_19_M,crop_2026-01-13_15-52-35.top_right_CROPNUMBER_17_UUID_DROSO_03_SIM_19_M.png,"[5241, 6764, 5565, 7177]",0.9323254227638245,0.6027106630904797,00_data/01_segmented/crops,00_data/01_segmented/crops/crop_2026-01-13_15-52-35.top_right_CROPNUMBER_17_UUID_DROSO_03_SIM_19_M.json,00_data/01_segmented/crops/crop_2026-01-13_15-52-35.top_right_CROPNUMBER_17_UUID_DROSO_03_SIM_19_M.png,crops,
2026-01-13T16:09:56.394761,/data/d3dbcf42e05429343a8e1a5966e3bcf0/Epson Perfection V850/2026-01-13/2026-01-13_16-09-56/top_right,2026-01-13_16-09-56.top_right.jpg,/data/d3dbcf42e05429343a8e1a5966e3bcf0/Epson Perfection V850/2026-01-13/2026-01-13_16-09-56/top_right/2026-01-13_16-09-56.top_right.jpg,2026-01-13_16-09-56.top_right.thumb.jpg,aee7ff74e98fd3cb0d78628f63d1119f,top_right,"[110.5, 45.0, 200.0, 135.0]",jpg,3200,0,epsonscan2,esci2:usb:ES00FE:337,Epson Perfection V850,d3dbcf42e05429343a8e1a5966e3bcf0,epsonscan2:Epson Perfection V850::esci2:usb:ES00FE:337,/data,{},DROSO_01_MEL_19_M,crop_2026-01-13_16-09-56.top_right_CROPNUMBER_16_UUID_DROSO_01_MEL_19_M.png,"[3562, 7469, 3879, 7905]",0.9429503679275513,1.0,00_data/01_segmented/crops,00_data/01_segmented/crops/crop_2026-01-13_16-09-56.top_right_CROPNUMBER_16_UUID_DROSO_01_MEL_19_M.json,00_data/01_segmented/crops/crop_2026-01-13_16-09-56.top_right_CROPNUMBER_16_UUID_DROSO_01_MEL_19_M.png,crops,
2026-01-13T15:52:35.076944,/data/d3dbcf42e05429343a8e1a5966e3bcf0/Epson Perfection V850/2026-01-13/2026-01-13_15-52-35/top_right,2026-01-13_15-52-35.top_right.jpg,/data/d3dbcf42e05429343a8e1a5966e3bcf0/Epson Perfection V850/2026-01-13/2026-01-13_15-52-35/top_right/2026-01-13_15-52-35.top_right.jpg,2026-01-13_15-52-35.top_right.thumb.jpg,21ba2cf23da353b8d840e52696871b60,top_right,"[110.5, 45.0, 200.0, 135.0]",jpg,3200,0,epsonscan2,esci2:usb:ES00FE:337,Epson Perfection V850,d3dbcf42e05429343a8e1a5966e3bcf0,epsonscan2:Epson Perfection V850::esci2:usb:ES00FE:337,/data,{},DROSO_03_SIM_19_M,crop_2026-01-13_15-52-35.top_right_CROPNUMBER_19_UUID_DROSO_03_SIM_19_M.png,"[6189, 5980, 6487, 6396]",0.9303831458091736,1.0,00_data/01_segmented/crops,00_data/01_segmented/crops/crop_2026-01-13_15-52-35.top_right_CROPNUMBER_19_UUID_DROSO_03_SIM_19_M.json,00_data/01_segmented/crops/crop_2026-01-13_15-52-35.top_right_CROPNUMBER_19_UUID_DROSO_03_SIM_19_M.png,crops,
2026-01-13T15:58:15.447485,/data/d3dbcf42e05429343a8e1a5966e3bcf0/Epson Perfection V850/2026-01-13/2026-01-13_15-58-15/top_right,2026-01-13_15-58-15.top_right.jpg,/data/d3dbcf42e05429343a8e1a5966e3bcf0/Epson Perfection V850/2026-01-13/2026-01-13_15-58-15/top_right/2026-01-13_15-58-15.top_right.jpg,2026-01-13_15-58-15.top_right.thumb.jpg,f4b3f70693284ad9b6a7bd19eb02b3d5,top_right,"[110.5, 45.0, 200.0, 135.0]",jpg,3200,0,epsonscan2,esci2:usb:ES00FE:337,Epson Perfection V850,d3dbcf42e05429343a8e1a5966e3bcf0,epsonscan2:Epson Perfection V850::esci2:usb:ES00FE:337,/data,{},DROSO_04_SIM_19_M,crop_2026-01-13_15-58-15.top_right_CROPNUMBER_3_UUID_DROSO_04_SIM_19_M.png,"[5013, 7965, 5452, 8337]",0.9498440027236938,1.0,00_data/01_segmented/crops,00_data/01_segmented/crops/crop_2026-01-13_15-58-15.top_right_CROPNUMBER_3_UUID_DROSO_04_SIM_19_M.json,00_data/01_segmented/crops/crop_2026-01-13_15-58-15.top_right_CROPNUMBER_3_UUID_DROSO_04_SIM_19_M.png,crops,
2026-01-13T16:09:56.394761,/data/d3dbcf42e05429343a8e1a5966e3bcf0/Epson Perfection V850/2026-01-13/2026-01-13_16-09-56/top_right,2026-01-13_16-09-56.top_right.jpg,/data/d3dbcf42e05429343a8e1a5966e3bcf0/Epson Perfection V850/2026-01-13/2026-01-13_16-09-56/top_right/2026-01-13_16-09-56.top_right.jpg,2026-01-13_16-09-56.top_right.thumb.jpg,aee7ff74e98fd3cb0d78628f63d1119f,top_right,"[110.5, 45.0, 200.0, 135.0]",jpg,3200,0,epsonscan2,esci2:usb:ES00FE:337,Epson Perfection V850,d3dbcf42e05429343a8e1a5966e3bcf0,epsonscan2:Epson Perfection V850::esci2:usb:ES00FE:337,/data,{},DROSO_01_MEL_19_M,crop_2026-01-13_16-09-56.top_right_CROPNUMBER_19_UUID_DROSO_01_MEL_19_M.png,"[4255, 7002, 4669, 7434]",0.9422296285629272,1.0,00_data/01_segmented/crops,00_data/01_segmented/crops/crop_2026-01-13_16-09-56.top_right_CROPNUMBER_19_UUID_DROSO_01_MEL_19_M.json,00_data/01_segmented/crops/crop_2026-01-13_16-09-56.top_right_CROPNUMBER_19_UUID_DROSO_01_MEL_19_M.png,crops,
2026-01-13T15:40:38.651010,/data/d3dbcf42e05429343a8e1a5966e3bcf0/Epson Perfection V850/2026-01-13/2026-01-13_15-40-38/top_right,2026-01-13_15-40-38.top_right.jpg,/data/d3dbcf42e05429343a8e1a5966e3bcf0/Epson Perfection V850/2026-01-13/2026-01-13_15-40-38/top_right/2026-01-13_15-40-38.top_right.jpg,2026-01-13_15-40-38.top_right.thumb.jpg,b3a9f59be4eab6b9c284088e08fe2da7,top_right,"[110.5, 45.0, 200.0, 135.0]",jpg,3200,0,epsonscan2,esci2:usb:ES00FE:337,Epson Perfection V850,d3dbcf42e05429343a8e1a5966e3bcf0,epsonscan2:Epson Perfection V850::esci2:usb:ES00FE:337,/data,{},DROSO_01_SIM_19_M,crop_2026-01-13_15-40-38.top_right_CROPNUMBER_3_UUID_DROSO_01_SIM_19_M.png,"[4834, 7702, 5287, 8052]",0.9471089243888855,1.0,00_data/01_segmented/crops,00_data/01_segmented/crops/crop_2026-01-13_15-40-38.top_right_CROPNUMBER_3_UUID_DROSO_01_SIM_19_M.json,00_data/01_segmented/crops/crop_2026-01-13_15-40-38.top_right_CROPNUMBER_3_UUID_DROSO_01_SIM_19_M.png,crops,
2026-01-13T15:46:54.437940,/data/d3dbcf42e05429343a8e1a5966e3bcf0/Epson Perfection V850/2026-01-13/2026-01-13_15-46-54/top_left,2026-01-13_15-46-54.top_left.jpg,/data/d3dbcf42e05429343a8e1a5966e3bcf0/Epson Perfection V850/2026-01-13/2026-01-13_15-46-54/top_left/2026-01-13_15-46-54.top_left.jpg,2026-01-13_15-46-54.top_left.thumb.jpg,5483407fad8572e990edf163cad31d3d,top_left,"[22.0, 45.0, 110.0, 135.0]",jpg,3200,0,epsonscan2,esci2:usb:ES00FE:337,Epson Perfection V850,d3dbcf42e05429343a8e1a5966e3bcf0,epsonscan2:Epson Perfection V850::esci2:usb:ES00FE:337,/data,{},DROSO_02_SIM_19_F,crop_2026-01-13_15-46-54.top_left_CROPNUMBER_17_UUID_DROSO_02_SIM_19_F.png,"[6787, 998, 7079, 1299]",0.7791523337364197,1.0,00_data/01_segmented/crops,00_data/01_segmented/crops/crop_2026-01-13_15-46-54.top_left_CROPNUMBER_17_UUID_DROSO_02_SIM_19_F.json,00_data/01_segmented/crops/crop_2026-01-13_15-46-54.top_left_CROPNUMBER_17_UUID_DROSO_02_SIM_19_F.png,crops,
2026-01-13T15:58:15.447485,/data/d3dbcf42e05429343a8e1a5966e3bcf0/Epson Perfection V850/2026-01-13/2026-01-13_15-58-15/top_right,2026-01-13_15-58-15.top_right.jpg,/data/d3dbcf42e05429343a8e1a5966e3bcf0/Epson Perfection V850/2026-01-13/2026-01-13_15-58-15/top_right/2026-01-13_15-58-15.top_right.jpg,2026-01-13_15-58-15.top_right.thumb.jpg,f4b3f70693284ad9b6a7bd19eb02b3d5,top_right,"[110.5, 45.0, 200.0, 135.0]",jpg,3200,0,epsonscan2,esci2:usb:ES00FE:337,Epson Perfection V850,d3dbcf42e05429343a8e1a5966e3bcf0,epsonscan2:Epson Perfection V850::esci2:usb:ES00FE:337,/data,{},DROSO_04_SIM_19_M,crop_2026-01-13_15-58-15.top_right_CROPNUMBER_9_UUID_DROSO_04_SIM_19_M.png,"[3327, 7438, 3769, 7841]",0.9457776546478271,1.0,00_data/01_segmented/crops,00_data/01_segmented/crops/crop_2026-01-13_15-58-15.top_right_CROPNUMBER_9_UUID_DROSO_04_SIM_19_M.json,00_data/01_segmented/crops/crop_2026-01-13_15-58-15.top_right_CROPNUMBER_9_UUID_DROSO_04_SIM_19_M.png,crops,
2026-01-13T16:17:02.422812,/data/d3dbcf42e05429343a8e1a5966e3bcf0/Epson Perfection V850/2026-01-13/2026-01-13_16-17-02/top_right,2026-01-13_16-17-02.top_right.jpg,/data/d3dbcf42e05429343a8e1a5966e3bcf0/Epson Perfection V850/2026-01-13/2026-01-13_16-17-02/top_right/2026-01-13_16-17-02.top_right.jpg,2026-01-13_16-17-02.top_right.thumb.jpg,dba0ed76fe036a6b6c2f125e044f31c3,top_right,"[110.5, 45.0, 200.0, 135.0]",jpg,3200,0,epsonscan2,esci2:usb:ES00FE:337,Epson Perfection V850,d3dbcf42e05429343a8e1a5966e3bcf0,epsonscan2:Epson Perfection V850::esci2:usb:ES00FE:337,/data,{},DROSO_02_MEL_19_M,crop_2026-01-13_16-17-02.top_right_CROPNUMBER_14_UUID_DROSO_02_MEL_19_M.png,"[4362, 8420, 4752, 8755]",0.9378113150596619,1.0,00_data/01_segmented/crops,00_data/01_segmented/crops/crop_2026-01-13_16-17-02.top_right_CROPNUMBER_14_UUID_DROSO_02_MEL_19_M.json,00_data/01_segmented/crops/crop_2026-01-13_16-17-02.top_right_CROPNUMBER_14_UUID_DROSO_02_MEL_19_M.png,crops,
2026-01-13T15:58:15.447485,/data/d3dbcf42e05429343a8e1a5966e3bcf0/Epson Perfection V850/2026-01-13/2026-01-13_15-58-15/top_left,2026-01-13_15-58-15.top_left.jpg,/data/d3dbcf42e05429343a8e1a5966e3bcf0/Epson Perfection V850/2026-01-13/2026-01-13_15-58-15/top_left/2026-01-13_15-58-15.top_left.jpg,2026-01-13_15-58-15.top_left.thumb.jpg,06b4b76a8baf9e9d6a949609e6c4b9d4,top_left,"[22.0, 45.0, 110.0, 135.0]",jpg,3200,0,epsonscan2,esci2:usb:ES00FE:337,Epson Perfection V850,d3dbcf42e05429343a8e1a5966e3bcf0,epsonscan2:Epson Perfection V850::esci2:usb:ES00FE:337,/data,{},DROSO_04_SIM_19_F,crop_2026-01-13_15-58-15.top_left_CROPNUMBER_17_UUID_DROSO_04_SIM_19_F.png,"[3911, 6485, 4296, 6976]",0.9330575466156006,0.6028218259357906,00_data/01_segmented/crops,00_data/01_segmented/crops/crop_2026-01-13_15-58-15.top_left_CROPNUMBER_17_UUID_DROSO_04_SIM_19_F.json,00_data/01_segmented/crops/crop_2026-01-13_15-58-15.top_left_CROPNUMBER_17_UUID_DROSO_04_SIM_19_F.png,crops,
2026-01-13T15:46:54.437940,/data/d3dbcf42e05429343a8e1a5966e3bcf0/Epson Perfection V850/2026-01-13/2026-01-13_15-46-54/top_right,2026-01-13_15-46-54.top_right.jpg,/data/d3dbcf42e05429343a8e1a5966e3bcf0/Epson Perfection V850/2026-01-13/2026-01-13_15-46-54/top_right/2026-01-13_15-46-54.top_right.jpg,2026-01-13_15-46-54.top_right.thumb.jpg,8cfcebfb20b3b3b2bc86ba50975b08d9,top_right,"[110.5, 45.0, 200.0, 135.0]",jpg,3200,0,epsonscan2,esci2:usb:ES00FE:337,Epson Perfection V850,d3dbcf42e05429343a8e1a5966e3bcf0,epsonscan2:Epson Perfection V850::esci2:usb:ES00FE:337,/data,{},DROSO_02_SIM_19_M,crop_2026-01-13_15-46-54.top_right_CROPNUMBER_24_UUID_DROSO_02_SIM_19_M.png,"[4579, 8240, 5100, 8659]",0.8712184429168701,0.6027106630904797,00_data/01_segmented/crops,00_data/01_segmented/crops/crop_2026-01-13_15-46-54.top_right_CROPNUMBER_24_UUID_DROSO_02_SIM_19_M.json,00_data/01_segmented/crops/crop_2026-01-13_15-46-54.top_right_CROPNUMBER_24_UUID_DROSO_02_SIM_19_M.png,crops,
2026-01-13T16:09:56.394761,/data/d3dbcf42e05429343a8e1a5966e3bcf0/Epson Perfection V850/2026-01-13/2026-01-13_16-09-56/top_left,2026-01-13_16-09-56.top_left.jpg,/data/d3dbcf42e05429343a8e1a5966e3bcf0/Epson Perfection V850/2026-01-13/2026-01-13_16-09-56/top_left/2026-01-13_16-09-56.top_left.jpg,2026-01-13_16-09-56.top_left.thumb.jpg,788d0971822fc839506e3180de7f3b36,top_left,"[22.0, 45.0, 110.0, 135.0]",jpg,3200,0,epsonscan2,esci2:usb:ES00FE:337,Epson Perfection V850,d3dbcf42e05429343a8e1a5966e3bcf0,epsonscan2:Epson Perfection V850::esci2:usb:ES00FE:337,/data,{},DROSO_01_MEL_19_F,crop_2026-01-13_16-09-56.top_left_CROPNUMBER_13_UUID_DROSO_01_MEL_19_F.png,"[7834, 9405, 8227, 9897]",0.941712498664856,0.6028218259357906,00_data/01_segmented/crops,00_data/01_segmented/crops/crop_2026-01-13_16-09-56.top_left_CROPNUMBER_13_UUID_DROSO_01_MEL_19_F.json,00_data/01_segmented/crops/crop_2026-01-13_16-09-56.top_left_CROPNUMBER_13_UUID_DROSO_01_MEL_19_F.png,crops,
2026-01-13T16:09:56.394761,/data/d3dbcf42e05429343a8e1a5966e3bcf0/Epson Perfection V850/2026-01-13/2026-01-13_16-09-56/top_left,2026-01-13_16-09-56.top_left.jpg,/data/d3dbcf42e05429343a8e1a5966e3bcf0/Epson Perfection V850/2026-01-13/2026-01-13_16-09-56/top_left/2026-01-13_16-09-56.top_left.jpg,2026-01-13_16-09-56.top_left.thumb.jpg,788d0971822fc839506e3180de7f3b36,top_left,"[22.0, 45.0, 110.0, 135.0]",jpg,3200,0,epsonscan2,esci2:usb:ES00FE:337,Epson Perfection V850,d3dbcf42e05429343a8e1a5966e3bcf0,epsonscan2:Epson Perfection V850::esci2:usb:ES00FE:337,/data,{},DROSO_01_MEL_19_F,crop_2026-01-13_16-09-56.top_left_CROPNUMBER_24_UUID_DROSO_01_MEL_19_F.png,"[5361, 8315, 5886, 8632]",0.9378268718719482,0.6028218259357906,00_data/01_segmented/crops,00_data/01_segmented/crops/crop_2026-01-13_16-09-56.top_left_CROPNUMBER_24_UUID_DROSO_01_MEL_19_F.json,00_data/01_segmented/crops/crop_2026-01-13_16-09-56.top_left_CROPNUMBER_24_UUID_DROSO_01_MEL_19_F.png,crops,
2026-01-13T16:09:56.394761,/data/d3dbcf42e05429343a8e1a5966e3bcf0/Epson Perfection V850/2026-01-13/2026-01-13_16-09-56/top_left,2026-01-13_16-09-56.top_left.jpg,/data/d3dbcf42e05429343a8e1a5966e3bcf0/Epson Perfection V850/2026-01-13/2026-01-13_16-09-56/top_left/2026-01-13_16-09-56.top_left.jpg,2026-01-13_16-09-56.top_left.thumb.jpg,788d0971822fc839506e3180de7f3b36,top_left,"[22.0, 45.0, 110.0, 135.0]",jpg,3200,0,epsonscan2,esci2:usb:ES00FE:337,Epson Perfection V850,d3dbcf42e05429343a8e1a5966e3bcf0,epsonscan2:Epson Perfection V850::esci2:usb:ES00FE:337,/data,{},DROSO_01_MEL_19_F,crop_2026-01-13_16-09-56.top_left_CROPNUMBER_7_UUID_DROSO_01_MEL_19_F.png,"[5551, 9279, 6024, 9667]",0.9464412927627563,0.6028218259357906,00_data/01_segmented/crops,00_data/01_segmented/crops/crop_2026-01-13_16-09-56.top_left_CROPNUMBER_7_UUID_DROSO_01_MEL_19_F.json,00_data/01_segmented/crops/crop_2026-01-13_16-09-56.top_left_CROPNUMBER_7_UUID_DROSO_01_MEL_19_F.png,crops,
2026-01-13T16:04:10.629205,/data/d3dbcf42e05429343a8e1a5966e3bcf0/Epson Perfection V850/2026-01-13/2026-01-13_16-04-10/top_right,2026-01-13_16-04-10.top_right.jpg,/data/d3dbcf42e05429343a8e1a5966e3bcf0/Epson Perfection V850/2026-01-13/2026-01-13_16-04-10/top_right/2026-01-13_16-04-10.top_right.jpg,2026-01-13_16-04-10.top_right.thumb.jpg,3126fa75aee2fe2913a08ebebfa0ed4f,top_right,"[110.5, 45.0, 200.0, 135.0]",jpg,3200,0,epsonscan2,esci2:usb:ES00FE:337,Epson Perfection V850,d3dbcf42e05429343a8e1a5966e3bcf0,epsonscan2:Epson Perfection V850::esci2:usb:ES00FE:337,/data,{},DROSO_05_SIM_19_M,crop_2026-01-13_16-04-10.top_right_CROPNUMBER_12_UUID_DROSO_05_SIM_19_M.png,"[2834, 7037, 3230, 7428]",0.9327608942985535,1.0,00_data/01_segmented/crops,00_data/01_segmented/crops/crop_2026-01-13_16-04-10.top_right_CROPNUMBER_12_UUID_DROSO_05_SIM_19_M.json,00_data/01_segmented/crops/crop_2026-01-13_16-04-10.top_right_CROPNUMBER_12_UUID_DROSO_05_SIM_19_M.png,crops,
2026-01-13T16:09:56.394761,/data/d3dbcf42e05429343a8e1a5966e3bcf0/Epson Perfection V850/2026-01-13/2026-01-13_16-09-56/top_left,2026-01-13_16-09-56.top_left.jpg,/data/d3dbcf42e05429343a8e1a5966e3bcf0/Epson Perfection V850/2026-01-13/2026-01-13_16-09-56/top_left/2026-01-13_16-09-56.top_left.jpg,2026-01-13_16-09-56.top_left.thumb.jpg,788d0971822fc839506e3180de7f3b36,top_left,"[22.0, 45.0, 110.0, 135.0]",jpg,3200,0,epsonscan2,esci2:usb:ES00FE:337,Epson Perfection V850,d3dbcf42e05429343a8e1a5966e3bcf0,epsonscan2:Epson Perfection V850::esci2:usb:ES00FE:337,/data,{},DROSO_01_MEL_19_F,crop_2026-01-13_16-09-56.top_left_CROPNUMBER_23_UUID_DROSO_01_MEL_19_F.png,"[6383, 8969, 7017, 9420]",0.9378401637077332,0.6028218259357906,00_data/01_segmented/crops,00_data/01_segmented/crops/crop_2026-01-13_16-09-56.top_left_CROPNUMBER_23_UUID_DROSO_01_MEL_19_F.json,00_data/01_segmented/crops/crop_2026-01-13_16-09-56.top_left_CROPNUMBER_23_UUID_DROSO_01_MEL_19_F.png,crops,
2026-01-13T16:09:56.394761,/data/d3dbcf42e05429343a8e1a5966e3bcf0/Epson Perfection V850/2026-01-13/2026-01-13_16-09-56/top_right,2026-01-13_16-09-56.top_right.jpg,/data/d3dbcf42e05429343a8e1a5966e3bcf0/Epson Perfection V850/2026-01-13/2026-01-13_16-09-56/top_right/2026-01-13_16-09-56.top_right.jpg,2026-01-13_16-09-56.top_right.thumb.jpg,aee7ff74e98fd3cb0d78628f63d1119f,top_right,"[110.5, 45.0, 200.0, 135.0]",jpg,3200,0,epsonscan2,esci2:usb:ES00FE:337,Epson Perfection V850,d3dbcf42e05429343a8e1a5966e3bcf0,epsonscan2:Epson Perfection V850::esci2:usb:ES00FE:337,/data,{},DROSO_01_MEL_19_M,crop_2026-01-13_16-09-56.top_right_CROPNUMBER_6_UUID_DROSO_01_MEL_19_M.png,"[10067, 5416, 10489, 5840]",0.9480770826339722,1.0,00_data/01_segmented/crops,00_data/01_segmented/crops/crop_2026-01-13_16-09-56.top_right_CROPNUMBER_6_UUID_DROSO_01_MEL_19_M.json,00_data/01_segmented/crops/crop_2026-01-13_16-09-56.top_right_CROPNUMBER_6_UUID_DROSO_01_MEL_19_M.png,crops,
2026-01-13T16:22:42.229986,/data/d3dbcf42e05429343a8e1a5966e3bcf0/Epson Perfection V850/2026-01-13/2026-01-13_16-22-42/top_right,2026-01-13_16-22-42.top_right.jpg,/data/d3dbcf42e05429343a8e1a5966e3bcf0/Epson Perfection V850/2026-01-13/2026-01-13_16-22-42/top_right/2026-01-13_16-22-42.top_right.jpg,2026-01-13_16-22-42.top_right.thumb.jpg,a62b428f433471233371d44992128bb0,top_right,"[110.5, 45.0, 200.0, 135.0]",jpg,3200,0,epsonscan2,esci2:usb:ES00FE:337,Epson Perfection V850,d3dbcf42e05429343a8e1a5966e3bcf0,epsonscan2:Epson Perfection V850::esci2:usb:ES00FE:337,/data,{},DROSO_03_MEL_19_M,crop_2026-01-13_16-22-42.top_right_CROPNUMBER_33_UUID_DROSO_03_MEL_19_M.png,"[3655, 4977, 3927, 5433]",0.9225599765777588,1.0,00_data/01_segmented/crops,00_data/01_segmented/crops/crop_2026-01-13_16-22-42.top_right_CROPNUMBER_33_UUID_DROSO_03_MEL_19_M.json,00_data/01_segmented/crops/crop_2026-01-13_16-22-42.top_right_CROPNUMBER_33_UUID_DROSO_03_MEL_19_M.png,crops,
2026-01-13T16:04:10.629205,/data/d3dbcf42e05429343a8e1a5966e3bcf0/Epson Perfection V850/2026-01-13/2026-01-13_16-04-10/top_left,2026-01-13_16-04-10.top_left.jpg,/data/d3dbcf42e05429343a8e1a5966e3bcf0/Epson Perfection V850/2026-01-13/2026-01-13_16-04-10/top_left/2026-01-13_16-04-10.top_left.jpg,2026-01-13_16-04-10.top_left.thumb.jpg,e5f859616a1ebf20cb8f61da5b2008c2,top_left,"[22.0, 45.0, 110.0, 135.0]",jpg,3200,0,epsonscan2,esci2:usb:ES00FE:337,Epson Perfection V850,d3dbcf42e05429343a8e1a5966e3bcf0,epsonscan2:Epson Perfection V850::esci2:usb:ES00FE:337,/data,{},DROSO_05_SIM_19_F,crop_2026-01-13_16-04-10.top_left_CROPNUMBER_12_UUID_DROSO_05_SIM_19_F.png,"[5544, 6929, 6020, 7226]",0.9350053668022156,1.0,00_data/01_segmented/crops,00_data/01_segmented/crops/crop_2026-01-13_16-04-10.top_left_CROPNUMBER_12_UUID_DROSO_05_SIM_19_F.json,00_data/01_segmented/crops/crop_2026-01-13_16-04-10.top_left_CROPNUMBER_12_UUID_DROSO_05_SIM_19_F.png,crops,
2026-01-13T16:17:02.422812,/data/d3dbcf42e05429343a8e1a5966e3bcf0/Epson Perfection V850/2026-01-13/2026-01-13_16-17-02/top_left,2026-01-13_16-17-02.top_left.jpg,/data/d3dbcf42e05429343a8e1a5966e3bcf0/Epson Perfection V850/2026-01-13/2026-01-13_16-17-02/top_left/2026-01-13_16-17-02.top_left.jpg,2026-01-13_16-17-02.top_left.thumb.jpg,73a37d7ec44337a23e2a64e1230cb14f,top_left,"[22.0, 45.0, 110.0, 135.0]",jpg,3200,0,epsonscan2,esci2:usb:ES00FE:337,Epson Perfection V850,d3dbcf42e05429343a8e1a5966e3bcf0,epsonscan2:Epson Perfection V850::esci2:usb:ES00FE:337,/data,{},DROSO_02_MEL_19_F,crop_2026-01-13_16-17-02.top_left_CROPNUMBER_21_UUID_DROSO_02_MEL_19_F.png,"[8388, 6505, 8789, 6999]",0.9360681176185608,0.6028218259357906,00_data/01_segmented/crops,00_data/01_segmented/crops/crop_2026-01-13_16-17-02.top_left_CROPNUMBER_21_UUID_DROSO_02_MEL_19_F.json,00_data/01_segmented/crops/crop_2026-01-13_16-17-02.top_left_CROPNUMBER_21_UUID_DROSO_02_MEL_19_F.png,crops,
2026-01-13T16:17:02.422812,/data/d3dbcf42e05429343a8e1a5966e3bcf0/Epson Perfection V850/2026-01-13/2026-01-13_16-17-02/top_right,2026-01-13_16-17-02.top_right.jpg,/data/d3dbcf42e05429343a8e1a5966e3bcf0/Epson Perfection V850/2026-01-13/2026-01-13_16-17-02/top_right/2026-01-13_16-17-02.top_right.jpg,2026-01-13_16-17-02.top_right.thumb.jpg,dba0ed76fe036a6b6c2f125e044f31c3,top_right,"[110.5, 45.0, 200.0, 135.0]",jpg,3200,0,epsonscan2,esci2:usb:ES00FE:337,Epson Perfection V850,d3dbcf42e05429343a8e1a5966e3bcf0,epsonscan2:Epson Perfection V850::esci2:usb:ES00FE:337,/data,{},DROSO_02_MEL_19_M,crop_2026-01-13_16-17-02.top_right_CROPNUMBER_24_UUID_DROSO_02_MEL_19_M.png,"[6600, 6463, 6948, 6877]",0.9339889883995056,1.0,00_data/01_segmented/crops,00_data/01_segmented/crops/crop_2026-01-13_16-17-02.top_right_CROPNUMBER_24_UUID_DROSO_02_MEL_19_M.json,00_data/01_segmented/crops/crop_2026-01-13_16-17-02.top_right_CROPNUMBER_24_UUID_DROSO_02_MEL_19_M.png,crops,
2026-01-13T16:22:42.229986,/data/d3dbcf42e05429343a8e1a5966e3bcf0/Epson Perfection V850/2026-01-13/2026-01-13_16-22-42/top_right,2026-01-13_16-22-42.top_right.jpg,/data/d3dbcf42e05429343a8e1a5966e3bcf0/Epson Perfection V850/2026-01-13/2026-01-13_16-22-42/top_right/2026-01-13_16-22-42.top_right.jpg,2026-01-13_16-22-42.top_right.thumb.jpg,a62b428f433471233371d44992128bb0,top_right,"[110.5, 45.0, 200.0, 135.0]",jpg,3200,0,epsonscan2,esci2:usb:ES00FE:337,Epson Perfection V850,d3dbcf42e05429343a8e1a5966e3bcf0,epsonscan2:Epson Perfection V850::esci2:usb:ES00FE:337,/data,{},DROSO_03_MEL_19_M,crop_2026-01-13_16-22-42.top_right_CROPNUMBER_19_UUID_DROSO_03_MEL_19_M.png,"[5651, 9570, 5997, 9966]",0.9331172108650208,1.0,00_data/01_segmented/crops,00_data/01_segmented/crops/crop_2026-01-13_16-22-42.top_right_CROPNUMBER_19_UUID_DROSO_03_MEL_19_M.json,00_data/01_segmented/crops/crop_2026-01-13_16-22-42.top_right_CROPNUMBER_19_UUID_DROSO_03_MEL_19_M.png,crops,
2026-01-13T16:17:02.422812,/data/d3dbcf42e05429343a8e1a5966e3bcf0/Epson Perfection V850/2026-01-13/2026-01-13_16-17-02/top_left,2026-01-13_16-17-02.top_left.jpg,/data/d3dbcf42e05429343a8e1a5966e3bcf0/Epson Perfection V850/2026-01-13/2026-01-13_16-17-02/top_left/2026-01-13_16-17-02.top_left.jpg,2026-01-13_16-17-02.top_left.thumb.jpg,73a37d7ec44337a23e2a64e1230cb14f,top_left,"[22.0, 45.0, 110.0, 135.0]",jpg,3200,0,epsonscan2,esci2:usb:ES00FE:337,Epson Perfection V850,d3dbcf42e05429343a8e1a5966e3bcf0,epsonscan2:Epson Perfection V850::esci2:usb:ES00FE:337,/data,{},DROSO_02_MEL_19_F,crop_2026-01-13_16-17-02.top_left_CROPNUMBER_4_UUID_DROSO_02_MEL_19_F.png,"[6876, 6746, 7237, 7204]",0.9460144639015198,1.0,00_data/01_segmented/crops,00_data/01_segmented/crops/crop_2026-01-13_16-17-02.top_left_CROPNUMBER_4_UUID_DROSO_02_MEL_19_F.json,00_data/01_segmented/crops/crop_2026-01-13_16-17-02.top_left_CROPNUMBER_4_UUID_DROSO_02_MEL_19_F.png,crops,
2026-01-13T15:46:54.437940,/data/d3dbcf42e05429343a8e1a5966e3bcf0/Epson Perfection V850/2026-01-13/2026-01-13_15-46-54/top_right,2026-01-13_15-46-54.top_right.jpg,/data/d3dbcf42e05429343a8e1a5966e3bcf0/Epson Perfection V850/2026-01-13/2026-01-13_15-46-54/top_right/2026-01-13_15-46-54.top_right.jpg,2026-01-13_15-46-54.top_right.thumb.jpg,8cfcebfb20b3b3b2bc86ba50975b08d9,top_right,"[110.5, 45.0, 200.0, 135.0]",jpg,3200,0,epsonscan2,esci2:usb:ES00FE:337,Epson Perfection V850,d3dbcf42e05429343a8e1a5966e3bcf0,epsonscan2:Epson Perfection V850::esci2:usb:ES00FE:337,/data,{},DROSO_02_SIM_19_M,crop_2026-01-13_15-46-54.top_right_CROPNUMBER_19_UUID_DROSO_02_SIM_19_M.png,"[3184, 7136, 3637, 7605]",0.9335383772850037,0.6027106630904797,00_data/01_segmented/crops,00_data/01_segmented/crops/crop_2026-01-13_15-46-54.top_right_CROPNUMBER_19_UUID_DROSO_02_SIM_19_M.json,00_data/01_segmented/crops/crop_2026-01-13_15-46-54.top_right_CROPNUMBER_19_UUID_DROSO_02_SIM_19_M.png,crops,
2026-01-13T16:04:10.629205,/data/d3dbcf42e05429343a8e1a5966e3bcf0/Epson Perfection V850/2026-01-13/2026-01-13_16-04-10/top_right,2026-01-13_16-04-10.top_right.jpg,/data/d3dbcf42e05429343a8e1a5966e3bcf0/Epson Perfection V850/2026-01-13/2026-01-13_16-04-10/top_right/2026-01-13_16-04-10.top_right.jpg,2026-01-13_16-04-10.top_right.thumb.jpg,3126fa75aee2fe2913a08ebebfa0ed4f,top_right,"[110.5, 45.0, 200.0, 135.0]",jpg,3200,0,epsonscan2,esci2:usb:ES00FE:337,Epson Perfection V850,d3dbcf42e05429343a8e1a5966e3bcf0,epsonscan2:Epson Perfection V850::esci2:usb:ES00FE:337,/data,{},DROSO_05_SIM_19_M,crop_2026-01-13_16-04-10.top_right_CROPNUMBER_4_UUID_DROSO_05_SIM_19_M.png,"[6400, 9421, 6814, 9741]",0.939666211605072,1.0,00_data/01_segmented/crops,00_data/01_segmented/crops/crop_2026-01-13_16-04-10.top_right_CROPNUMBER_4_UUID_DROSO_05_SIM_19_M.json,00_data/01_segmented/crops/crop_2026-01-13_16-04-10.top_right_CROPNUMBER_4_UUID_DROSO_05_SIM_19_M.png,crops,
2026-01-13T16:09:56.394761,/data/d3dbcf42e05429343a8e1a5966e3bcf0/Epson Perfection V850/2026-01-13/2026-01-13_16-09-56/top_right,2026-01-13_16-09-56.top_right.jpg,/data/d3dbcf42e05429343a8e1a5966e3bcf0/Epson Perfection V850/2026-01-13/2026-01-13_16-09-56/top_right/2026-01-13_16-09-56.top_right.jpg,2026-01-13_16-09-56.top_right.thumb.jpg,aee7ff74e98fd3cb0d78628f63d1119f,top_right,"[110.5, 45.0, 200.0, 135.0]",jpg,3200,0,epsonscan2,esci2:usb:ES00FE:337,Epson Perfection V850,d3dbcf42e05429343a8e1a5966e3bcf0,epsonscan2:Epson Perfection V850::esci2:usb:ES00FE:337,/data,{},DROSO_01_MEL_19_M,crop_2026-01-13_16-09-56.top_right_CROPNUMBER_53_UUID_DROSO_01_MEL_19_M.png,"[4075, 7707, 4352, 8164]",0.9311497807502747,1.0,00_data/01_segmented/crops,00_data/01_segmented/crops/crop_2026-01-13_16-09-56.top_right_CROPNUMBER_53_UUID_DROSO_01_MEL_19_M.json,00_data/01_segmented/crops/crop_2026-01-13_16-09-56.top_right_CROPNUMBER_53_UUID_DROSO_01_MEL_19_M.png,crops,
2026-01-13T15:58:15.447485,/data/d3dbcf42e05429343a8e1a5966e3bcf0/Epson Perfection V850/2026-01-13/2026-01-13_15-58-15/top_left,2026-01-13_15-58-15.top_left.jpg,/data/d3dbcf42e05429343a8e1a5966e3bcf0/Epson Perfection V850/2026-01-13/2026-01-13_15-58-15/top_left/2026-01-13_15-58-15.top_left.jpg,2026-01-13_15-58-15.top_left.thumb.jpg,06b4b76a8baf9e9d6a949609e6c4b9d4,top_left,"[22.0, 45.0, 110.0, 135.0]",jpg,3200,0,epsonscan2,esci2:usb:ES00FE:337,Epson Perfection V850,d3dbcf42e05429343a8e1a5966e3bcf0,epsonscan2:Epson Perfection V850::esci2:usb:ES00FE:337,/data,{},DROSO_04_SIM_19_F,crop_2026-01-13_15-58-15.top_left_CROPNUMBER_3_UUID_DROSO_04_SIM_19_F.png,"[3573, 5730, 4037, 6065]",0.9471229314804077,1.0,00_data/01_segmented/crops,00_data/01_segmented/crops/crop_2026-01-13_15-58-15.top_left_CROPNUMBER_3_UUID_DROSO_04_SIM_19_F.json,00_data/01_segmented/crops/crop_2026-01-13_15-58-15.top_left_CROPNUMBER_3_UUID_DROSO_04_SIM_19_F.png,crops,
2026-01-13T15:46:54.437940,/data/d3dbcf42e05429343a8e1a5966e3bcf0/Epson Perfection V850/2026-01-13/2026-01-13_15-46-54/top_right,2026-01-13_15-46-54.top_right.jpg,/data/d3dbcf42e05429343a8e1a5966e3bcf0/Epson Perfection V850/2026-01-13/2026-01-13_15-46-54/top_right/2026-01-13_15-46-54.top_right.jpg,2026-01-13_15-46-54.top_right.thumb.jpg,8cfcebfb20b3b3b2bc86ba50975b08d9,top_right,"[110.5, 45.0, 200.0, 135.0]",jpg,3200,0,epsonscan2,esci2:usb:ES00FE:337,Epson Perfection V850,d3dbcf42e05429343a8e1a5966e3bcf0,epsonscan2:Epson Perfection V850::esci2:usb:ES00FE:337,/data,{},DROSO_02_SIM_19_M,crop_2026-01-13_15-46-54.top_right_CROPNUMBER_20_UUID_DROSO_02_SIM_19_M.png,"[3760, 8102, 4126, 8637]",0.9325404763221741,0.6027106630904797,00_data/01_segmented/crops,00_data/01_segmented/crops/crop_2026-01-13_15-46-54.top_right_CROPNUMBER_20_UUID_DROSO_02_SIM_19_M.json,00_data/01_segmented/crops/crop_2026-01-13_15-46-54.top_right_CROPNUMBER_20_UUID_DROSO_02_SIM_19_M.png,crops,
2026-01-13T16:22:42.229986,/data/d3dbcf42e05429343a8e1a5966e3bcf0/Epson Perfection V850/2026-01-13/2026-01-13_16-22-42/top_left,2026-01-13_16-22-42.top_left.jpg,/data/d3dbcf42e05429343a8e1a5966e3bcf0/Epson Perfection V850/2026-01-13/2026-01-13_16-22-42/top_left/2026-01-13_16-22-42.top_left.jpg,2026-01-13_16-22-42.top_left.thumb.jpg,f331f82ac6dcbf4a1318ddee5307a618,top_left,"[22.0, 45.0, 110.0, 135.0]",jpg,3200,0,epsonscan2,esci2:usb:ES00FE:337,Epson Perfection V850,d3dbcf42e05429343a8e1a5966e3bcf0,epsonscan2:Epson Perfection V850::esci2:usb:ES00FE:337,/data,{},DROSO_03_MEL_19_F,crop_2026-01-13_16-22-42.top_left_CROPNUMBER_3_UUID_DROSO_03_MEL_19_F.png,"[5458, 5255, 5917, 5705]",0.9425172209739685,0.6028218259357906,00_data/01_segmented/crops,00_data/01_segmented/crops/crop_2026-01-13_16-22-42.top_left_CROPNUMBER_3_UUID_DROSO_03_MEL_19_F.json,00_data/01_segmented/crops/crop_2026-01-13_16-22-42.top_left_CROPNUMBER_3_UUID_DROSO_03_MEL_19_F.png,crops,
2026-01-13T15:58:15.447485,/data/d3dbcf42e05429343a8e1a5966e3bcf0/Epson Perfection V850/2026-01-13/2026-01-13_15-58-15/top_right,2026-01-13_15-58-15.top_right.jpg,/data/d3dbcf42e05429343a8e1a5966e3bcf0/Epson Perfection V850/2026-01-13/2026-01-13_15-58-15/top_right/2026-01-13_15-58-15.top_right.jpg,2026-01-13_15-58-15.top_right.thumb.jpg,f4b3f70693284ad9b6a7bd19eb02b3d5,top_right,"[110.5, 45.0, 200.0, 135.0]",jpg,3200,0,epsonscan2,esci2:usb:ES00FE:337,Epson Perfection V850,d3dbcf42e05429343a8e1a5966e3bcf0,epsonscan2:Epson Perfection V850::esci2:usb:ES00FE:337,/data,{},DROSO_04_SIM_19_M,crop_2026-01-13_15-58-15.top_right_CROPNUMBER_19_UUID_DROSO_04_SIM_19_M.png,"[2896, 6575, 3167, 7013]",0.9307562112808228,1.0,00_data/01_segmented/crops,00_data/01_segmented/crops/crop_2026-01-13_15-58-15.top_right_CROPNUMBER_19_UUID_DROSO_04_SIM_19_M.json,00_data/01_segmented/crops/crop_2026-01-13_15-58-15.top_right_CROPNUMBER_19_UUID_DROSO_04_SIM_19_M.png,crops,
2026-01-13T16:17:02.422812,/data/d3dbcf42e05429343a8e1a5966e3bcf0/Epson Perfection V850/2026-01-13/2026-01-13_16-17-02/top_right,2026-01-13_16-17-02.top_right.jpg,/data/d3dbcf42e05429343a8e1a5966e3bcf0/Epson Perfection V850/2026-01-13/2026-01-13_16-17-02/top_right/2026-01-13_16-17-02.top_right.jpg,2026-01-13_16-17-02.top_right.thumb.jpg,dba0ed76fe036a6b6c2f125e044f31c3,top_right,"[110.5, 45.0, 200.0, 135.0]",jpg,3200,0,epsonscan2,esci2:usb:ES00FE:337,Epson Perfection V850,d3dbcf42e05429343a8e1a5966e3bcf0,epsonscan2:Epson Perfection V850::esci2:usb:ES00FE:337,/data,{},DROSO_02_MEL_19_M,crop_2026-01-13_16-17-02.top_right_CROPNUMBER_26_UUID_DROSO_02_MEL_19_M.png,"[5078, 6784, 5362, 7255]",0.9326920509338379,0.6027106630904797,00_data/01_segmented/crops,00_data/01_segmented/crops/crop_2026-01-13_16-17-02.top_right_CROPNUMBER_26_UUID_DROSO_02_MEL_19_M.json,00_data/01_segmented/crops/crop_2026-01-13_16-17-02.top_right_CROPNUMBER_26_UUID_DROSO_02_MEL_19_M.png,crops,
2026-01-13T16:04:10.629205,/data/d3dbcf42e05429343a8e1a5966e3bcf0/Epson Perfection V850/2026-01-13/2026-01-13_16-04-10/top_left,2026-01-13_16-04-10.top_left.jpg,/data/d3dbcf42e05429343a8e1a5966e3bcf0/Epson Perfection V850/2026-01-13/2026-01-13_16-04-10/top_left/2026-01-13_16-04-10.top_left.jpg,2026-01-13_16-04-10.top_left.thumb.jpg,e5f859616a1ebf20cb8f61da5b2008c2,top_left,"[22.0, 45.0, 110.0, 135.0]",jpg,3200,0,epsonscan2,esci2:usb:ES00FE:337,Epson Perfection V850,d3dbcf42e05429343a8e1a5966e3bcf0,epsonscan2:Epson Perfection V850::esci2:usb:ES00FE:337,/data,{},DROSO_05_SIM_19_F,crop_2026-01-13_16-04-10.top_left_CROPNUMBER_19_UUID_DROSO_05_SIM_19_F.png,"[3260, 5755, 3738, 6107]",0.9332202076911926,1.0,00_data/01_segmented/crops,00_data/01_segmented/crops/crop_2026-01-13_16-04-10.top_left_CROPNUMBER_19_UUID_DROSO_05_SIM_19_F.json,00_data/01_segmented/crops/crop_2026-01-13_16-04-10.top_left_CROPNUMBER_19_UUID_DROSO_05_SIM_19_F.png,crops,
2026-01-13T16:09:56.394761,/data/d3dbcf42e05429343a8e1a5966e3bcf0/Epson Perfection V850/2026-01-13/2026-01-13_16-09-56/top_right,2026-01-13_16-09-56.top_right.jpg,/data/d3dbcf42e05429343a8e1a5966e3bcf0/Epson Perfection V850/2026-01-13/2026-01-13_16-09-56/top_right/2026-01-13_16-09-56.top_right.jpg,2026-01-13_16-09-56.top_right.thumb.jpg,aee7ff74e98fd3cb0d78628f63d1119f,top_right,"[110.5, 45.0, 200.0, 135.0]",jpg,3200,0,epsonscan2,esci2:usb:ES00FE:337,Epson Perfection V850,d3dbcf42e05429343a8e1a5966e3bcf0,epsonscan2:Epson Perfection V850::esci2:usb:ES00FE:337,/data,{},DROSO_01_MEL_19_M,crop_2026-01-13_16-09-56.top_right_CROPNUMBER_17_UUID_DROSO_01_MEL_19_M.png,"[1950, 5776, 2323, 6205]",0.9426018595695496,1.0,00_data/01_segmented/crops,00_data/01_segmented/crops/crop_2026-01-13_16-09-56.top_right_CROPNUMBER_17_UUID_DROSO_01_MEL_19_M.json,00_data/01_segmented/crops/crop_2026-01-13_16-09-56.top_right_CROPNUMBER_17_UUID_DROSO_01_MEL_19_M.png,crops,
2026-01-13T16:09:56.394761,/data/d3dbcf42e05429343a8e1a5966e3bcf0/Epson Perfection V850/2026-01-13/2026-01-13_16-09-56/top_right,2026-01-13_16-09-56.top_right.jpg,/data/d3dbcf42e05429343a8e1a5966e3bcf0/Epson Perfection V850/2026-01-13/2026-01-13_16-09-56/top_right/2026-01-13_16-09-56.top_right.jpg,2026-01-13_16-09-56.top_right.thumb.jpg,aee7ff74e98fd3cb0d78628f63d1119f,top_right,"[110.5, 45.0, 200.0, 135.0]",jpg,3200,0,epsonscan2,esci2:usb:ES00FE:337,Epson Perfection V850,d3dbcf42e05429343a8e1a5966e3bcf0,epsonscan2:Epson Perfection V850::esci2:usb:ES00FE:337,/data,{},DROSO_01_MEL_19_M,crop_2026-01-13_16-09-56.top_right_CROPNUMBER_47_UUID_DROSO_01_MEL_19_M.png,"[9080, 3414, 9409, 3890]",0.9337844848632812,1.0,00_data/01_segmented/crops,00_data/01_segmented/crops/crop_2026-01-13_16-09-56.top_right_CROPNUMBER_47_UUID_DROSO_01_MEL_19_M.json,00_data/01_segmented/crops/crop_2026-01-13_16-09-56.top_right_CROPNUMBER_47_UUID_DROSO_01_MEL_19_M.png,crops,
2026-01-13T16:09:56.394761,/data/d3dbcf42e05429343a8e1a5966e3bcf0/Epson Perfection V850/2026-01-13/2026-01-13_16-09-56/top_left,2026-01-13_16-09-56.top_left.jpg,/data/d3dbcf42e05429343a8e1a5966e3bcf0/Epson Perfection V850/2026-01-13/2026-01-13_16-09-56/top_left/2026-01-13_16-09-56.top_left.jpg,2026-01-13_16-09-56.top_left.thumb.jpg,788d0971822fc839506e3180de7f3b36,top_left,"[22.0, 45.0, 110.0, 135.0]",jpg,3200,0,epsonscan2,esci2:usb:ES00FE:337,Epson Perfection V850,d3dbcf42e05429343a8e1a5966e3bcf0,epsonscan2:Epson Perfection V850::esci2:usb:ES00FE:337,/data,{},DROSO_01_MEL_19_F,crop_2026-01-13_16-09-56.top_left_CROPNUMBER_15_UUID_DROSO_01_MEL_19_F.png,"[6100, 5105, 6489, 5514]",0.941148042678833,1.0,00_data/01_segmented/crops,00_data/01_segmented/crops/crop_2026-01-13_16-09-56.top_left_CROPNUMBER_15_UUID_DROSO_01_MEL_19_F.json,00_data/01_segmented/crops/crop_2026-01-13_16-09-56.top_left_CROPNUMBER_15_UUID_DROSO_01_MEL_19_F.png,crops,
2026-01-13T16:04:10.629205,/data/d3dbcf42e05429343a8e1a5966e3bcf0/Epson Perfection V850/2026-01-13/2026-01-13_16-04-10/top_left,2026-01-13_16-04-10.top_left.jpg,/data/d3dbcf42e05429343a8e1a5966e3bcf0/Epson Perfection V850/2026-01-13/2026-01-13_16-04-10/top_left/2026-01-13_16-04-10.top_left.jpg,2026-01-13_16-04-10.top_left.thumb.jpg,e5f859616a1ebf20cb8f61da5b2008c2,top_left,"[22.0, 45.0, 110.0, 135.0]",jpg,3200,0,epsonscan2,esci2:usb:ES00FE:337,Epson Perfection V850,d3dbcf42e05429343a8e1a5966e3bcf0,epsonscan2:Epson Perfection V850::esci2:usb:ES00FE:337,/data,{},DROSO_05_SIM_19_F,crop_2026-01-13_16-04-10.top_left_CROPNUMBER_18_UUID_DROSO_05_SIM_19_F.png,"[2748, 6279, 3183, 6568]",0.9332484006881714,1.0,00_data/01_segmented/crops,00_data/01_segmented/crops/crop_2026-01-13_16-04-10.top_left_CROPNUMBER_18_UUID_DROSO_05_SIM_19_F.json,00_data/01_segmented/crops/crop_2026-01-13_16-04-10.top_left_CROPNUMBER_18_UUID_DROSO_05_SIM_19_F.png,crops,
2026-01-13T16:09:56.394761,/data/d3dbcf42e05429343a8e1a5966e3bcf0/Epson Perfection V850/2026-01-13/2026-01-13_16-09-56/top_right,2026-01-13_16-09-56.top_right.jpg,/data/d3dbcf42e05429343a8e1a5966e3bcf0/Epson Perfection V850/2026-01-13/2026-01-13_16-09-56/top_right/2026-01-13_16-09-56.top_right.jpg,2026-01-13_16-09-56.top_right.thumb.jpg,aee7ff74e98fd3cb0d78628f63d1119f,top_right,"[110.5, 45.0, 200.0, 135.0]",jpg,3200,0,epsonscan2,esci2:usb:ES00FE:337,Epson Perfection V850,d3dbcf42e05429343a8e1a5966e3bcf0,epsonscan2:Epson Perfection V850::esci2:usb:ES00FE:337,/data,{},DROSO_01_MEL_19_M,crop_2026-01-13_16-09-56.top_right_CROPNUMBER_44_UUID_DROSO_01_MEL_19_M.png,"[1542, 6496, 2029, 6903]",0.9354274868965149,0.6027106630904797,00_data/01_segmented/crops,00_data/01_segmented/crops/crop_2026-01-13_16-09-56.top_right_CROPNUMBER_44_UUID_DROSO_01_MEL_19_M.json,00_data/01_segmented/crops/crop_2026-01-13_16-09-56.top_right_CROPNUMBER_44_UUID_DROSO_01_MEL_19_M.png,crops,
2026-01-13T16:09:56.394761,/data/d3dbcf42e05429343a8e1a5966e3bcf0/Epson Perfection V850/2026-01-13/2026-01-13_16-09-56/top_right,2026-01-13_16-09-56.top_right.jpg,/data/d3dbcf42e05429343a8e1a5966e3bcf0/Epson Perfection V850/2026-01-13/2026-01-13_16-09-56/top_right/2026-01-13_16-09-56.top_right.jpg,2026-01-13_16-09-56.top_right.thumb.jpg,aee7ff74e98fd3cb0d78628f63d1119f,top_right,"[110.5, 45.0, 200.0, 135.0]",jpg,3200,0,epsonscan2,esci2:usb:ES00FE:337,Epson Perfection V850,d3dbcf42e05429343a8e1a5966e3bcf0,epsonscan2:Epson Perfection V850::esci2:usb:ES00FE:337,/data,{},DROSO_01_MEL_19_M,crop_2026-01-13_16-09-56.top_right_CROPNUMBER_32_UUID_DROSO_01_MEL_19_M.png,"[4121, 8652, 4579, 8971]",0.9385311007499695,1.0,00_data/01_segmented/crops,00_data/01_segmented/crops/crop_2026-01-13_16-09-56.top_right_CROPNUMBER_32_UUID_DROSO_01_MEL_19_M.json,00_data/01_segmented/crops/crop_2026-01-13_16-09-56.top_right_CROPNUMBER_32_UUID_DROSO_01_MEL_19_M.png,crops,
2026-01-13T15:40:38.651010,/data/d3dbcf42e05429343a8e1a5966e3bcf0/Epson Perfection V850/2026-01-13/2026-01-13_15-40-38/top_right,2026-01-13_15-40-38.top_right.jpg,/data/d3dbcf42e05429343a8e1a5966e3bcf0/Epson Perfection V850/2026-01-13/2026-01-13_15-40-38/top_right/2026-01-13_15-40-38.top_right.jpg,2026-01-13_15-40-38.top_right.thumb.jpg,b3a9f59be4eab6b9c284088e08fe2da7,top_right,"[110.5, 45.0, 200.0, 135.0]",jpg,3200,0,epsonscan2,esci2:usb:ES00FE:337,Epson Perfection V850,d3dbcf42e05429343a8e1a5966e3bcf0,epsonscan2:Epson Perfection V850::esci2:usb:ES00FE:337,/data,{},DROSO_01_SIM_19_M,crop_2026-01-13_15-40-38.top_right_CROPNUMBER_9_UUID_DROSO_01_SIM_19_M.png,"[6469, 5702, 6753, 6082]",0.9367035031318665,1.0,00_data/01_segmented/crops,00_data/01_segmented/crops/crop_2026-01-13_15-40-38.top_right_CROPNUMBER_9_UUID_DROSO_01_SIM_19_M.json,00_data/01_segmented/crops/crop_2026-01-13_15-40-38.top_right_CROPNUMBER_9_UUID_DROSO_01_SIM_19_M.png,crops,
2026-01-13T16:09:56.394761,/data/d3dbcf42e05429343a8e1a5966e3bcf0/Epson Perfection V850/2026-01-13/2026-01-13_16-09-56/top_right,2026-01-13_16-09-56.top_right.jpg,/data/d3dbcf42e05429343a8e1a5966e3bcf0/Epson Perfection V850/2026-01-13/2026-01-13_16-09-56/top_right/2026-01-13_16-09-56.top_right.jpg,2026-01-13_16-09-56.top_right.thumb.jpg,aee7ff74e98fd3cb0d78628f63d1119f,top_right,"[110.5, 45.0, 200.0, 135.0]",jpg,3200,0,epsonscan2,esci2:usb:ES00FE:337,Epson Perfection V850,d3dbcf42e05429343a8e1a5966e3bcf0,epsonscan2:Epson Perfection V850::esci2:usb:ES00FE:337,/data,{},DROSO_01_MEL_19_M,crop_2026-01-13_16-09-56.top_right_CROPNUMBER_21_UUID_DROSO_01_MEL_19_M.png,"[9555, 5057, 10010, 5454]",0.9400034546852112,1.0,00_data/01_segmented/crops,00_data/01_segmented/crops/crop_2026-01-13_16-09-56.top_right_CROPNUMBER_21_UUID_DROSO_01_MEL_19_M.json,00_data/01_segmented/crops/crop_2026-01-13_16-09-56.top_right_CROPNUMBER_21_UUID_DROSO_01_MEL_19_M.png,crops,
2026-01-13T16:09:56.394761,/data/d3dbcf42e05429343a8e1a5966e3bcf0/Epson Perfection V850/2026-01-13/2026-01-13_16-09-56/top_right,2026-01-13_16-09-56.top_right.jpg,/data/d3dbcf42e05429343a8e1a5966e3bcf0/Epson Perfection V850/2026-01-13/2026-01-13_16-09-56/top_right/2026-01-13_16-09-56.top_right.jpg,2026-01-13_16-09-56.top_right.thumb.jpg,aee7ff74e98fd3cb0d78628f63d1119f,top_right,"[110.5, 45.0, 200.0, 135.0]",jpg,3200,0,epsonscan2,esci2:usb:ES00FE:337,Epson Perfection V850,d3dbcf42e05429343a8e1a5966e3bcf0,epsonscan2:Epson Perfection V850::esci2:usb:ES00FE:337,/data,{},DROSO_01_MEL_19_M,crop_2026-01-13_16-09-56.top_right_CROPNUMBER_65_UUID_DROSO_01_MEL_19_M.png,"[3234, 1176, 3534, 1587]",0.7615231275558472,1.0,00_data/01_segmented/crops,00_data/01_segmented/crops/crop_2026-01-13_16-09-56.top_right_CROPNUMBER_65_UUID_DROSO_01_MEL_19_M.json,00_data/01_segmented/crops/crop_2026-01-13_16-09-56.top_right_CROPNUMBER_65_UUID_DROSO_01_MEL_19_M.png,crops,
2026-01-13T15:46:54.437940,/data/d3dbcf42e05429343a8e1a5966e3bcf0/Epson Perfection V850/2026-01-13/2026-01-13_15-46-54/top_left,2026-01-13_15-46-54.top_left.jpg,/data/d3dbcf42e05429343a8e1a5966e3bcf0/Epson Perfection V850/2026-01-13/2026-01-13_15-46-54/top_left/2026-01-13_15-46-54.top_left.jpg,2026-01-13_15-46-54.top_left.thumb.jpg,5483407fad8572e990edf163cad31d3d,top_left,"[22.0, 45.0, 110.0, 135.0]",jpg,3200,0,epsonscan2,esci2:usb:ES00FE:337,Epson Perfection V850,d3dbcf42e05429343a8e1a5966e3bcf0,epsonscan2:Epson Perfection V850::esci2:usb:ES00FE:337,/data,{},DROSO_02_SIM_19_F,crop_2026-01-13_15-46-54.top_left_CROPNUMBER_9_UUID_DROSO_02_SIM_19_F.png,"[6138, 5140, 6394, 5616]",0.9333550930023193,1.0,00_data/01_segmented/crops,00_data/01_segmented/crops/crop_2026-01-13_15-46-54.top_left_CROPNUMBER_9_UUID_DROSO_02_SIM_19_F.json,00_data/01_segmented/crops/crop_2026-01-13_15-46-54.top_left_CROPNUMBER_9_UUID_DROSO_02_SIM_19_F.png,crops,
2026-01-13T15:46:54.437940,/data/d3dbcf42e05429343a8e1a5966e3bcf0/Epson Perfection V850/2026-01-13/2026-01-13_15-46-54/top_left,2026-01-13_15-46-54.top_left.jpg,/data/d3dbcf42e05429343a8e1a5966e3bcf0/Epson Perfection V850/2026-01-13/2026-01-13_15-46-54/top_left/2026-01-13_15-46-54.top_left.jpg,2026-01-13_15-46-54.top_left.thumb.jpg,5483407fad8572e990edf163cad31d3d,top_left,"[22.0, 45.0, 110.0, 135.0]",jpg,3200,0,epsonscan2,esci2:usb:ES00FE:337,Epson Perfection V850,d3dbcf42e05429343a8e1a5966e3bcf0,epsonscan2:Epson Perfection V850::esci2:usb:ES00FE:337,/data,{},DROSO_02_SIM_19_F,crop_2026-01-13_15-46-54.top_left_CROPNUMBER_15_UUID_DROSO_02_SIM_19_F.png,"[4039, 6536, 4279, 6992]",0.9226696491241455,0.6028218259357906,00_data/01_segmented/crops,00_data/01_segmented/crops/crop_2026-01-13_15-46-54.top_left_CROPNUMBER_15_UUID_DROSO_02_SIM_19_F.json,00_data/01_segmented/crops/crop_2026-01-13_15-46-54.top_left_CROPNUMBER_15_UUID_DROSO_02_SIM_19_F.png,crops,
2026-01-13T16:09:56.394761,/data/d3dbcf42e05429343a8e1a5966e3bcf0/Epson Perfection V850/2026-01-13/2026-01-13_16-09-56/top_left,2026-01-13_16-09-56.top_left.jpg,/data/d3dbcf42e05429343a8e1a5966e3bcf0/Epson Perfection V850/2026-01-13/2026-01-13_16-09-56/top_left/2026-01-13_16-09-56.top_left.jpg,2026-01-13_16-09-56.top_left.thumb.jpg,788d0971822fc839506e3180de7f3b36,top_left,"[22.0, 45.0, 110.0, 135.0]",jpg,3200,0,epsonscan2,esci2:usb:ES00FE:337,Epson Perfection V850,d3dbcf42e05429343a8e1a5966e3bcf0,epsonscan2:Epson Perfection V850::esci2:usb:ES00FE:337,/data,{},DROSO_01_MEL_19_F,crop_2026-01-13_16-09-56.top_left_CROPNUMBER_8_UUID_DROSO_01_MEL_19_F.png,"[7800, 5313, 8262, 5852]",0.9450501203536987,1.0,00_data/01_segmented/crops,00_data/01_segmented/crops/crop_2026-01-13_16-09-56.top_left_CROPNUMBER_8_UUID_DROSO_01_MEL_19_F.json,00_data/01_segmented/crops/crop_2026-01-13_16-09-56.top_left_CROPNUMBER_8_UUID_DROSO_01_MEL_19_F.png,crops,
2026-01-13T15:40:38.651010,/data/d3dbcf42e05429343a8e1a5966e3bcf0/Epson Perfection V850/2026-01-13/2026-01-13_15-40-38/top_left,2026-01-13_15-40-38.top_left.jpg,/data/d3dbcf42e05429343a8e1a5966e3bcf0/Epson Perfection V850/2026-01-13/2026-01-13_15-40-38/top_left/2026-01-13_15-40-38.top_left.jpg,2026-01-13_15-40-38.top_left.thumb.jpg,16a144e86ca9c5e7bb9b16ddead6411f,top_left,"[22.0, 45.0, 110.0, 135.0]",jpg,3200,0,epsonscan2,esci2:usb:ES00FE:337,Epson Perfection V850,d3dbcf42e05429343a8e1a5966e3bcf0,epsonscan2:Epson Perfection V850::esci2:usb:ES00FE:337,/data,{},DROSO_01_SIM_19_F,crop_2026-01-13_15-40-38.top_left_CROPNUMBER_15_UUID_DROSO_01_SIM_19_F.png,"[5106, 8130, 5474, 8497]",0.9292503595352173,0.6028218259357906,00_data/01_segmented/crops,00_data/01_segmented/crops/crop_2026-01-13_15-40-38.top_left_CROPNUMBER_15_UUID_DROSO_01_SIM_19_F.json,00_data/01_segmented/crops/crop_2026-01-13_15-40-38.top_left_CROPNUMBER_15_UUID_DROSO_01_SIM_19_F.png,crops,
2026-01-13T16:04:10.629205,/data/d3dbcf42e05429343a8e1a5966e3bcf0/Epson Perfection V850/2026-01-13/2026-01-13_16-04-10/top_left,2026-01-13_16-04-10.top_left.jpg,/data/d3dbcf42e05429343a8e1a5966e3bcf0/Epson Perfection V850/2026-01-13/2026-01-13_16-04-10/top_left/2026-01-13_16-04-10.top_left.jpg,2026-01-13_16-04-10.top_left.thumb.jpg,e5f859616a1ebf20cb8f61da5b2008c2,top_left,"[22.0, 45.0, 110.0, 135.0]",jpg,3200,0,epsonscan2,esci2:usb:ES00FE:337,Epson Perfection V850,d3dbcf42e05429343a8e1a5966e3bcf0,epsonscan2:Epson Perfection V850::esci2:usb:ES00FE:337,/data,{},DROSO_05_SIM_19_F,crop_2026-01-13_16-04-10.top_left_CROPNUMBER_17_UUID_DROSO_05_SIM_19_F.png,"[5350, 9111, 5805, 9596]",0.9337202310562134,0.6028218259357906,00_data/01_segmented/crops,00_data/01_segmented/crops/crop_2026-01-13_16-04-10.top_left_CROPNUMBER_17_UUID_DROSO_05_SIM_19_F.json,00_data/01_segmented/crops/crop_2026-01-13_16-04-10.top_left_CROPNUMBER_17_UUID_DROSO_05_SIM_19_F.png,crops,
2026-01-13T16:09:56.394761,/data/d3dbcf42e05429343a8e1a5966e3bcf0/Epson Perfection V850/2026-01-13/2026-01-13_16-09-56/top_left,2026-01-13_16-09-56.top_left.jpg,/data/d3dbcf42e05429343a8e1a5966e3bcf0/Epson Perfection V850/2026-01-13/2026-01-13_16-09-56/top_left/2026-01-13_16-09-56.top_left.jpg,2026-01-13_16-09-56.top_left.thumb.jpg,788d0971822fc839506e3180de7f3b36,top_left,"[22.0, 45.0, 110.0, 135.0]",jpg,3200,0,epsonscan2,esci2:usb:ES00FE:337,Epson Perfection V850,d3dbcf42e05429343a8e1a5966e3bcf0,epsonscan2:Epson Perfection V850::esci2:usb:ES00FE:337,/data,{},DROSO_01_MEL_19_F,crop_2026-01-13_16-09-56.top_left_CROPNUMBER_1_UUID_DROSO_01_MEL_19_F.png,"[6934, 8995, 7359, 9413]",0.9502920508384705,1.0,00_data/01_segmented/crops,00_data/01_segmented/crops/crop_2026-01-13_16-09-56.top_left_CROPNUMBER_1_UUID_DROSO_01_MEL_19_F.json,00_data/01_segmented/crops/crop_2026-01-13_16-09-56.top_left_CROPNUMBER_1_UUID_DROSO_01_MEL_19_F.png,crops,
2026-01-13T16:09:56.394761,/data/d3dbcf42e05429343a8e1a5966e3bcf0/Epson Perfection V850/2026-01-13/2026-01-13_16-09-56/top_left,2026-01-13_16-09-56.top_left.jpg,/data/d3dbcf42e05429343a8e1a5966e3bcf0/Epson Perfection V850/2026-01-13/2026-01-13_16-09-56/top_left/2026-01-13_16-09-56.top_left.jpg,2026-01-13_16-09-56.top_left.thumb.jpg,788d0971822fc839506e3180de7f3b36,top_left,"[22.0, 45.0, 110.0, 135.0]",jpg,3200,0,epsonscan2,esci2:usb:ES00FE:337,Epson Perfection V850,d3dbcf42e05429343a8e1a5966e3bcf0,epsonscan2:Epson Perfection V850::esci2:usb:ES00FE:337,/data,{},DROSO_01_MEL_19_F,crop_2026-01-13_16-09-56.top_left_CROPNUMBER_20_UUID_DROSO_01_MEL_19_F.png,"[5404, 5882, 5789, 6407]",0.9389467239379883,0.6028218259357906,00_data/01_segmented/crops,00_data/01_segmented/crops/crop_2026-01-13_16-09-56.top_left_CROPNUMBER_20_UUID_DROSO_01_MEL_19_F.json,00_data/01_segmented/crops/crop_2026-01-13_16-09-56.top_left_CROPNUMBER_20_UUID_DROSO_01_MEL_19_F.png,crops,
2026-01-13T16:22:42.229986,/data/d3dbcf42e05429343a8e1a5966e3bcf0/Epson Perfection V850/2026-01-13/2026-01-13_16-22-42/top_right,2026-01-13_16-22-42.top_right.jpg,/data/d3dbcf42e05429343a8e1a5966e3bcf0/Epson Perfection V850/2026-01-13/2026-01-13_16-22-42/top_right/2026-01-13_16-22-42.top_right.jpg,2026-01-13_16-22-42.top_right.thumb.jpg,a62b428f433471233371d44992128bb0,top_right,"[110.5, 45.0, 200.0, 135.0]",jpg,3200,0,epsonscan2,esci2:usb:ES00FE:337,Epson Perfection V850,d3dbcf42e05429343a8e1a5966e3bcf0,epsonscan2:Epson Perfection V850::esci2:usb:ES00FE:337,/data,{},DROSO_03_MEL_19_M,crop_2026-01-13_16-22-42.top_right_CROPNUMBER_23_UUID_DROSO_03_MEL_19_M.png,"[6735, 7084, 7071, 7528]",0.9307401180267334,1.0,00_data/01_segmented/crops,00_data/01_segmented/crops/crop_2026-01-13_16-22-42.top_right_CROPNUMBER_23_UUID_DROSO_03_MEL_19_M.json,00_data/01_segmented/crops/crop_2026-01-13_16-22-42.top_right_CROPNUMBER_23_UUID_DROSO_03_MEL_19_M.png,crops,
2026-01-13T15:52:35.076944,/data/d3dbcf42e05429343a8e1a5966e3bcf0/Epson Perfection V850/2026-01-13/2026-01-13_15-52-35/top_left,2026-01-13_15-52-35.top_left.jpg,/data/d3dbcf42e05429343a8e1a5966e3bcf0/Epson Perfection V850/2026-01-13/2026-01-13_15-52-35/top_left/2026-01-13_15-52-35.top_left.jpg,2026-01-13_15-52-35.top_left.thumb.jpg,c96bd3e091dcefbdce757afd0a69dc15,top_left,"[22.0, 45.0, 110.0, 135.0]",jpg,3200,0,epsonscan2,esci2:usb:ES00FE:337,Epson Perfection V850,d3dbcf42e05429343a8e1a5966e3bcf0,epsonscan2:Epson Perfection V850::esci2:usb:ES00FE:337,/data,{},DROSO_03_SIM_19_F,crop_2026-01-13_15-52-35.top_left_CROPNUMBER_5_UUID_DROSO_03_SIM_19_F.png,"[3883, 6265, 4302, 6663]",0.9443637728691101,1.0,00_data/01_segmented/crops,00_data/01_segmented/crops/crop_2026-01-13_15-52-35.top_left_CROPNUMBER_5_UUID_DROSO_03_SIM_19_F.json,00_data/01_segmented/crops/crop_2026-01-13_15-52-35.top_left_CROPNUMBER_5_UUID_DROSO_03_SIM_19_F.png,crops,
2026-01-13T16:22:42.229986,/data/d3dbcf42e05429343a8e1a5966e3bcf0/Epson Perfection V850/2026-01-13/2026-01-13_16-22-42/top_left,2026-01-13_16-22-42.top_left.jpg,/data/d3dbcf42e05429343a8e1a5966e3bcf0/Epson Perfection V850/2026-01-13/2026-01-13_16-22-42/top_left/2026-01-13_16-22-42.top_left.jpg,2026-01-13_16-22-42.top_left.thumb.jpg,f331f82ac6dcbf4a1318ddee5307a618,top_left,"[22.0, 45.0, 110.0, 135.0]",jpg,3200,0,epsonscan2,esci2:usb:ES00FE:337,Epson Perfection V850,d3dbcf42e05429343a8e1a5966e3bcf0,epsonscan2:Epson Perfection V850::esci2:usb:ES00FE:337,/data,{},DROSO_03_MEL_19_F,crop_2026-01-13_16-22-42.top_left_CROPNUMBER_27_UUID_DROSO_03_MEL_19_F.png,"[6403, 5439, 6778, 5933]",0.9328012466430664,0.6028218259357906,00_data/01_segmented/crops,00_data/01_segmented/crops/crop_2026-01-13_16-22-42.top_left_CROPNUMBER_27_UUID_DROSO_03_MEL_19_F.json,00_data/01_segmented/crops/crop_2026-01-13_16-22-42.top_left_CROPNUMBER_27_UUID_DROSO_03_MEL_19_F.png,crops,
2026-01-13T16:17:02.422812,/data/d3dbcf42e05429343a8e1a5966e3bcf0/Epson Perfection V850/2026-01-13/2026-01-13_16-17-02/top_left,2026-01-13_16-17-02.top_left.jpg,/data/d3dbcf42e05429343a8e1a5966e3bcf0/Epson Perfection V850/2026-01-13/2026-01-13_16-17-02/top_left/2026-01-13_16-17-02.top_left.jpg,2026-01-13_16-17-02.top_left.thumb.jpg,73a37d7ec44337a23e2a64e1230cb14f,top_left,"[22.0, 45.0, 110.0, 135.0]",jpg,3200,0,epsonscan2,esci2:usb:ES00FE:337,Epson Perfection V850,d3dbcf42e05429343a8e1a5966e3bcf0,epsonscan2:Epson Perfection V850::esci2:usb:ES00FE:337,/data,{},DROSO_02_MEL_19_F,crop_2026-01-13_16-17-02.top_left_CROPNUMBER_28_UUID_DROSO_02_MEL_19_F.png,"[6979, 8314, 7511, 8631]",0.9284953474998474,0.6028218259357906,00_data/01_segmented/crops,00_data/01_segmented/crops/crop_2026-01-13_16-17-02.top_left_CROPNUMBER_28_UUID_DROSO_02_MEL_19_F.json,00_data/01_segmented/crops/crop_2026-01-13_16-17-02.top_left_CROPNUMBER_28_UUID_DROSO_02_MEL_19_F.png,crops,
2026-01-13T16:22:42.229986,/data/d3dbcf42e05429343a8e1a5966e3bcf0/Epson Perfection V850/2026-01-13/2026-01-13_16-22-42/top_left,2026-01-13_16-22-42.top_left.jpg,/data/d3dbcf42e05429343a8e1a5966e3bcf0/Epson Perfection V850/2026-01-13/2026-01-13_16-22-42/top_left/2026-01-13_16-22-42.top_left.jpg,2026-01-13_16-22-42.top_left.thumb.jpg,f331f82ac6dcbf4a1318ddee5307a618,top_left,"[22.0, 45.0, 110.0, 135.0]",jpg,3200,0,epsonscan2,esci2:usb:ES00FE:337,Epson Perfection V850,d3dbcf42e05429343a8e1a5966e3bcf0,epsonscan2:Epson Perfection V850::esci2:usb:ES00FE:337,/data,{},DROSO_03_MEL_19_F,crop_2026-01-13_16-22-42.top_left_CROPNUMBER_26_UUID_DROSO_03_MEL_19_F.png,"[4908, 7802, 5404, 8271]",0.9328247904777527,1.0,00_data/01_segmented/crops,00_data/01_segmented/crops/crop_2026-01-13_16-22-42.top_left_CROPNUMBER_26_UUID_DROSO_03_MEL_19_F.json,00_data/01_segmented/crops/crop_2026-01-13_16-22-42.top_left_CROPNUMBER_26_UUID_DROSO_03_MEL_19_F.png,crops,
2026-01-13T15:58:15.447485,/data/d3dbcf42e05429343a8e1a5966e3bcf0/Epson Perfection V850/2026-01-13/2026-01-13_15-58-15/top_left,2026-01-13_15-58-15.top_left.jpg,/data/d3dbcf42e05429343a8e1a5966e3bcf0/Epson Perfection V850/2026-01-13/2026-01-13_15-58-15/top_left/2026-01-13_15-58-15.top_left.jpg,2026-01-13_15-58-15.top_left.thumb.jpg,06b4b76a8baf9e9d6a949609e6c4b9d4,top_left,"[22.0, 45.0, 110.0, 135.0]",jpg,3200,0,epsonscan2,esci2:usb:ES00FE:337,Epson Perfection V850,d3dbcf42e05429343a8e1a5966e3bcf0,epsonscan2:Epson Perfection V850::esci2:usb:ES00FE:337,/data,{},DROSO_04_SIM_19_F,crop_2026-01-13_15-58-15.top_left_CROPNUMBER_23_UUID_DROSO_04_SIM_19_F.png,"[3918, 9410, 4269, 9804]",0.9246971011161804,0.6028218259357906,00_data/01_segmented/crops,00_data/01_segmented/crops/crop_2026-01-13_15-58-15.top_left_CROPNUMBER_23_UUID_DROSO_04_SIM_19_F.json,00_data/01_segmented/crops/crop_2026-01-13_15-58-15.top_left_CROPNUMBER_23_UUID_DROSO_04_SIM_19_F.png,crops,
2026-01-13T15:52:35.076944,/data/d3dbcf42e05429343a8e1a5966e3bcf0/Epson Perfection V850/2026-01-13/2026-01-13_15-52-35/top_right,2026-01-13_15-52-35.top_right.jpg,/data/d3dbcf42e05429343a8e1a5966e3bcf0/Epson Perfection V850/2026-01-13/2026-01-13_15-52-35/top_right/2026-01-13_15-52-35.top_right.jpg,2026-01-13_15-52-35.top_right.thumb.jpg,21ba2cf23da353b8d840e52696871b60,top_right,"[110.5, 45.0, 200.0, 135.0]",jpg,3200,0,epsonscan2,esci2:usb:ES00FE:337,Epson Perfection V850,d3dbcf42e05429343a8e1a5966e3bcf0,epsonscan2:Epson Perfection V850::esci2:usb:ES00FE:337,/data,{},DROSO_03_SIM_19_M,crop_2026-01-13_15-52-35.top_right_CROPNUMBER_15_UUID_DROSO_03_SIM_19_M.png,"[5563, 8754, 5998, 9047]",0.9333465695381165,0.6027106630904797,00_data/01_segmented/crops,00_data/01_segmented/crops/crop_2026-01-13_15-52-35.top_right_CROPNUMBER_15_UUID_DROSO_03_SIM_19_M.json,00_data/01_segmented/crops/crop_2026-01-13_15-52-35.top_right_CROPNUMBER_15_UUID_DROSO_03_SIM_19_M.png,crops,
2026-01-13T16:22:42.229986,/data/d3dbcf42e05429343a8e1a5966e3bcf0/Epson Perfection V850/2026-01-13/2026-01-13_16-22-42/top_left,2026-01-13_16-22-42.top_left.jpg,/data/d3dbcf42e05429343a8e1a5966e3bcf0/Epson Perfection V850/2026-01-13/2026-01-13_16-22-42/top_left/2026-01-13_16-22-42.top_left.jpg,2026-01-13_16-22-42.top_left.thumb.jpg,f331f82ac6dcbf4a1318ddee5307a618,top_left,"[22.0, 45.0, 110.0, 135.0]",jpg,3200,0,epsonscan2,esci2:usb:ES00FE:337,Epson Perfection V850,d3dbcf42e05429343a8e1a5966e3bcf0,epsonscan2:Epson Perfection V850::esci2:usb:ES00FE:337,/data,{},DROSO_03_MEL_19_F,crop_2026-01-13_16-22-42.top_left_CROPNUMBER_31_UUID_DROSO_03_MEL_19_F.png,"[5526, 6060, 5846, 6571]",0.927276611328125,0.6028218259357906,00_data/01_segmented/crops,00_data/01_segmented/crops/crop_2026-01-13_16-22-42.top_left_CROPNUMBER_31_UUID_DROSO_03_MEL_19_F.json,00_data/01_segmented/crops/crop_2026-01-13_16-22-42.top_left_CROPNUMBER_31_UUID_DROSO_03_MEL_19_F.png,crops,
2026-01-13T16:09:56.394761,/data/d3dbcf42e05429343a8e1a5966e3bcf0/Epson Perfection V850/2026-01-13/2026-01-13_16-09-56/top_left,2026-01-13_16-09-56.top_left.jpg,/data/d3dbcf42e05429343a8e1a5966e3bcf0/Epson Perfection V850/2026-01-13/2026-01-13_16-09-56/top_left/2026-01-13_16-09-56.top_left.jpg,2026-01-13_16-09-56.top_left.thumb.jpg,788d0971822fc839506e3180de7f3b36,top_left,"[22.0, 45.0, 110.0, 135.0]",jpg,3200,0,epsonscan2,esci2:usb:ES00FE:337,Epson Perfection V850,d3dbcf42e05429343a8e1a5966e3bcf0,epsonscan2:Epson Perfection V850::esci2:usb:ES00FE:337,/data,{},DROSO_01_MEL_19_F,crop_2026-01-13_16-09-56.top_left_CROPNUMBER_22_UUID_DROSO_01_MEL_19_F.png,"[2198, 7292, 2734, 7679]",0.9379574060440063,0.6028218259357906,00_data/01_segmented/crops,00_data/01_segmented/crops/crop_2026-01-13_16-09-56.top_left_CROPNUMBER_22_UUID_DROSO_01_MEL_19_F.json,00_data/01_segmented/crops/crop_2026-01-13_16-09-56.top_left_CROPNUMBER_22_UUID_DROSO_01_MEL_19_F.png,crops,
2026-01-13T15:40:38.651010,/data/d3dbcf42e05429343a8e1a5966e3bcf0/Epson Perfection V850/2026-01-13/2026-01-13_15-40-38/top_left,2026-01-13_15-40-38.top_left.jpg,/data/d3dbcf42e05429343a8e1a5966e3bcf0/Epson Perfection V850/2026-01-13/2026-01-13_15-40-38/top_left/2026-01-13_15-40-38.top_left.jpg,2026-01-13_15-40-38.top_left.thumb.jpg,16a144e86ca9c5e7bb9b16ddead6411f,top_left,"[22.0, 45.0, 110.0, 135.0]",jpg,3200,0,epsonscan2,esci2:usb:ES00FE:337,Epson Perfection V850,d3dbcf42e05429343a8e1a5966e3bcf0,epsonscan2:Epson Perfection V850::esci2:usb:ES00FE:337,/data,{},DROSO_01_SIM_19_F,crop_2026-01-13_15-40-38.top_left_CROPNUMBER_2_UUID_DROSO_01_SIM_19_F.png,"[7127, 9030, 7577, 9360]",0.9464387893676758,1.0,00_data/01_segmented/crops,00_data/01_segmented/crops/crop_2026-01-13_15-40-38.top_left_CROPNUMBER_2_UUID_DROSO_01_SIM_19_F.json,00_data/01_segmented/crops/crop_2026-01-13_15-40-38.top_left_CROPNUMBER_2_UUID_DROSO_01_SIM_19_F.png,crops,
2026-01-13T16:17:02.422812,/data/d3dbcf42e05429343a8e1a5966e3bcf0/Epson Perfection V850/2026-01-13/2026-01-13_16-17-02/top_left,2026-01-13_16-17-02.top_left.jpg,/data/d3dbcf42e05429343a8e1a5966e3bcf0/Epson Perfection V850/2026-01-13/2026-01-13_16-17-02/top_left/2026-01-13_16-17-02.top_left.jpg,2026-01-13_16-17-02.top_left.thumb.jpg,73a37d7ec44337a23e2a64e1230cb14f,top_left,"[22.0, 45.0, 110.0, 135.0]",jpg,3200,0,epsonscan2,esci2:usb:ES00FE:337,Epson Perfection V850,d3dbcf42e05429343a8e1a5966e3bcf0,epsonscan2:Epson Perfection V850::esci2:usb:ES00FE:337,/data,{},DROSO_02_MEL_19_F,crop_2026-01-13_16-17-02.top_left_CROPNUMBER_11_UUID_DROSO_02_MEL_19_F.png,"[7502, 7277, 7967, 7719]",0.9409654140472412,0.6028218259357906,00_data/01_segmented/crops,00_data/01_segmented/crops/crop_2026-01-13_16-17-02.top_left_CROPNUMBER_11_UUID_DROSO_02_MEL_19_F.json,00_data/01_segmented/crops/crop_2026-01-13_16-17-02.top_left_CROPNUMBER_11_UUID_DROSO_02_MEL_19_F.png,crops,
2026-01-13T16:22:42.229986,/data/d3dbcf42e05429343a8e1a5966e3bcf0/Epson Perfection V850/2026-01-13/2026-01-13_16-22-42/top_right,2026-01-13_16-22-42.top_right.jpg,/data/d3dbcf42e05429343a8e1a5966e3bcf0/Epson Perfection V850/2026-01-13/2026-01-13_16-22-42/top_right/2026-01-13_16-22-42.top_right.jpg,2026-01-13_16-22-42.top_right.thumb.jpg,a62b428f433471233371d44992128bb0,top_right,"[110.5, 45.0, 200.0, 135.0]",jpg,3200,0,epsonscan2,esci2:usb:ES00FE:337,Epson Perfection V850,d3dbcf42e05429343a8e1a5966e3bcf0,epsonscan2:Epson Perfection V850::esci2:usb:ES00FE:337,/data,{},DROSO_03_MEL_19_M,crop_2026-01-13_16-22-42.top_right_CROPNUMBER_3_UUID_DROSO_03_MEL_19_M.png,"[5735, 6909, 6197, 7214]",0.9493235349655151,1.0,00_data/01_segmented/crops,00_data/01_segmented/crops/crop_2026-01-13_16-22-42.top_right_CROPNUMBER_3_UUID_DROSO_03_MEL_19_M.json,00_data/01_segmented/crops/crop_2026-01-13_16-22-42.top_right_CROPNUMBER_3_UUID_DROSO_03_MEL_19_M.png,crops,
2026-01-13T16:09:56.394761,/data/d3dbcf42e05429343a8e1a5966e3bcf0/Epson Perfection V850/2026-01-13/2026-01-13_16-09-56/top_left,2026-01-13_16-09-56.top_left.jpg,/data/d3dbcf42e05429343a8e1a5966e3bcf0/Epson Perfection V850/2026-01-13/2026-01-13_16-09-56/top_left/2026-01-13_16-09-56.top_left.jpg,2026-01-13_16-09-56.top_left.thumb.jpg,788d0971822fc839506e3180de7f3b36,top_left,"[22.0, 45.0, 110.0, 135.0]",jpg,3200,0,epsonscan2,esci2:usb:ES00FE:337,Epson Perfection V850,d3dbcf42e05429343a8e1a5966e3bcf0,epsonscan2:Epson Perfection V850::esci2:usb:ES00FE:337,/data,{},DROSO_01_MEL_19_F,crop_2026-01-13_16-09-56.top_left_CROPNUMBER_6_UUID_DROSO_01_MEL_19_F.png,"[6468, 8438, 6917, 8821]",0.9465627074241638,1.0,00_data/01_segmented/crops,00_data/01_segmented/crops/crop_2026-01-13_16-09-56.top_left_CROPNUMBER_6_UUID_DROSO_01_MEL_19_F.json,00_data/01_segmented/crops/crop_2026-01-13_16-09-56.top_left_CROPNUMBER_6_UUID_DROSO_01_MEL_19_F.png,crops,
2026-01-13T16:04:10.629205,/data/d3dbcf42e05429343a8e1a5966e3bcf0/Epson Perfection V850/2026-01-13/2026-01-13_16-04-10/top_left,2026-01-13_16-04-10.top_left.jpg,/data/d3dbcf42e05429343a8e1a5966e3bcf0/Epson Perfection V850/2026-01-13/2026-01-13_16-04-10/top_left/2026-01-13_16-04-10.top_left.jpg,2026-01-13_16-04-10.top_left.thumb.jpg,e5f859616a1ebf20cb8f61da5b2008c2,top_left,"[22.0, 45.0, 110.0, 135.0]",jpg,3200,0,epsonscan2,esci2:usb:ES00FE:337,Epson Perfection V850,d3dbcf42e05429343a8e1a5966e3bcf0,epsonscan2:Epson Perfection V850::esci2:usb:ES00FE:337,/data,{},DROSO_05_SIM_19_F,crop_2026-01-13_16-04-10.top_left_CROPNUMBER_16_UUID_DROSO_05_SIM_19_F.png,"[3857, 9028, 4259, 9513]",0.9339209794998169,0.6028218259357906,00_data/01_segmented/crops,00_data/01_segmented/crops/crop_2026-01-13_16-04-10.top_left_CROPNUMBER_16_UUID_DROSO_05_SIM_19_F.json,00_data/01_segmented/crops/crop_2026-01-13_16-04-10.top_left_CROPNUMBER_16_UUID_DROSO_05_SIM_19_F.png,crops,
2026-01-13T15:46:54.437940,/data/d3dbcf42e05429343a8e1a5966e3bcf0/Epson Perfection V850/2026-01-13/2026-01-13_15-46-54/top_left,2026-01-13_15-46-54.top_left.jpg,/data/d3dbcf42e05429343a8e1a5966e3bcf0/Epson Perfection V850/2026-01-13/2026-01-13_15-46-54/top_left/2026-01-13_15-46-54.top_left.jpg,2026-01-13_15-46-54.top_left.thumb.jpg,5483407fad8572e990edf163cad31d3d,top_left,"[22.0, 45.0, 110.0, 135.0]",jpg,3200,0,epsonscan2,esci2:usb:ES00FE:337,Epson Perfection V850,d3dbcf42e05429343a8e1a5966e3bcf0,epsonscan2:Epson Perfection V850::esci2:usb:ES00FE:337,/data,{},DROSO_02_SIM_19_F,crop_2026-01-13_15-46-54.top_left_CROPNUMBER_6_UUID_DROSO_02_SIM_19_F.png,"[7176, 5812, 7509, 6274]",0.9372671842575073,1.0,00_data/01_segmented/crops,00_data/01_segmented/crops/crop_2026-01-13_15-46-54.top_left_CROPNUMBER_6_UUID_DROSO_02_SIM_19_F.json,00_data/01_segmented/crops/crop_2026-01-13_15-46-54.top_left_CROPNUMBER_6_UUID_DROSO_02_SIM_19_F.png,crops,
2026-01-13T16:09:56.394761,/data/d3dbcf42e05429343a8e1a5966e3bcf0/Epson Perfection V850/2026-01-13/2026-01-13_16-09-56/top_left,2026-01-13_16-09-56.top_left.jpg,/data/d3dbcf42e05429343a8e1a5966e3bcf0/Epson Perfection V850/2026-01-13/2026-01-13_16-09-56/top_left/2026-01-13_16-09-56.top_left.jpg,2026-01-13_16-09-56.top_left.thumb.jpg,788d0971822fc839506e3180de7f3b36,top_left,"[22.0, 45.0, 110.0, 135.0]",jpg,3200,0,epsonscan2,esci2:usb:ES00FE:337,Epson Perfection V850,d3dbcf42e05429343a8e1a5966e3bcf0,epsonscan2:Epson Perfection V850::esci2:usb:ES00FE:337,/data,{},DROSO_01_MEL_19_F,crop_2026-01-13_16-09-56.top_left_CROPNUMBER_28_UUID_DROSO_01_MEL_19_F.png,"[4169, 5809, 4684, 6131]",0.9362906217575073,0.6028218259357906,00_data/01_segmented/crops,00_data/01_segmented/crops/crop_2026-01-13_16-09-56.top_left_CROPNUMBER_28_UUID_DROSO_01_MEL_19_F.json,00_data/01_segmented/crops/crop_2026-01-13_16-09-56.top_left_CROPNUMBER_28_UUID_DROSO_01_MEL_19_F.png,crops,
2026-01-13T15:40:38.651010,/data/d3dbcf42e05429343a8e1a5966e3bcf0/Epson Perfection V850/2026-01-13/2026-01-13_15-40-38/top_left,2026-01-13_15-40-38.top_left.jpg,/data/d3dbcf42e05429343a8e1a5966e3bcf0/Epson Perfection V850/2026-01-13/2026-01-13_15-40-38/top_left/2026-01-13_15-40-38.top_left.jpg,2026-01-13_15-40-38.top_left.thumb.jpg,16a144e86ca9c5e7bb9b16ddead6411f,top_left,"[22.0, 45.0, 110.0, 135.0]",jpg,3200,0,epsonscan2,esci2:usb:ES00FE:337,Epson Perfection V850,d3dbcf42e05429343a8e1a5966e3bcf0,epsonscan2:Epson Perfection V850::esci2:usb:ES00FE:337,/data,{},DROSO_01_SIM_19_F,crop_2026-01-13_15-40-38.top_left_CROPNUMBER_17_UUID_DROSO_01_SIM_19_F.png,"[5078, 7032, 5627, 7440]",0.9065569639205933,1.0,00_data/01_segmented/crops,00_data/01_segmented/crops/crop_2026-01-13_15-40-38.top_left_CROPNUMBER_17_UUID_DROSO_01_SIM_19_F.json,00_data/01_segmented/crops/crop_2026-01-13_15-40-38.top_left_CROPNUMBER_17_UUID_DROSO_01_SIM_19_F.png,crops,
2026-01-13T15:46:54.437940,/data/d3dbcf42e05429343a8e1a5966e3bcf0/Epson Perfection V850/2026-01-13/2026-01-13_15-46-54/top_right,2026-01-13_15-46-54.top_right.jpg,/data/d3dbcf42e05429343a8e1a5966e3bcf0/Epson Perfection V850/2026-01-13/2026-01-13_15-46-54/top_right/2026-01-13_15-46-54.top_right.jpg,2026-01-13_15-46-54.top_right.thumb.jpg,8cfcebfb20b3b3b2bc86ba50975b08d9,top_right,"[110.5, 45.0, 200.0, 135.0]",jpg,3200,0,epsonscan2,esci2:usb:ES00FE:337,Epson Perfection V850,d3dbcf42e05429343a8e1a5966e3bcf0,epsonscan2:Epson Perfection V850::esci2:usb:ES00FE:337,/data,{},DROSO_02_SIM_19_M,crop_2026-01-13_15-46-54.top_right_CROPNUMBER_1_UUID_DROSO_02_SIM_19_M.png,"[6079, 6870, 6536, 7187]",0.9500024318695068,1.0,00_data/01_segmented/crops,00_data/01_segmented/crops/crop_2026-01-13_15-46-54.top_right_CROPNUMBER_1_UUID_DROSO_02_SIM_19_M.json,00_data/01_segmented/crops/crop_2026-01-13_15-46-54.top_right_CROPNUMBER_1_UUID_DROSO_02_SIM_19_M.png,crops,
2026-01-13T16:17:02.422812,/data/d3dbcf42e05429343a8e1a5966e3bcf0/Epson Perfection V850/2026-01-13/2026-01-13_16-17-02/top_right,2026-01-13_16-17-02.top_right.jpg,/data/d3dbcf42e05429343a8e1a5966e3bcf0/Epson Perfection V850/2026-01-13/2026-01-13_16-17-02/top_right/2026-01-13_16-17-02.top_right.jpg,2026-01-13_16-17-02.top_right.thumb.jpg,dba0ed76fe036a6b6c2f125e044f31c3,top_right,"[110.5, 45.0, 200.0, 135.0]",jpg,3200,0,epsonscan2,esci2:usb:ES00FE:337,Epson Perfection V850,d3dbcf42e05429343a8e1a5966e3bcf0,epsonscan2:Epson Perfection V850::esci2:usb:ES00FE:337,/data,{},DROSO_02_MEL_19_M,crop_2026-01-13_16-17-02.top_right_CROPNUMBER_27_UUID_DROSO_02_MEL_19_M.png,"[3630, 7896, 3909, 8356]",0.9284848570823669,1.0,00_data/01_segmented/crops,00_data/01_segmented/crops/crop_2026-01-13_16-17-02.top_right_CROPNUMBER_27_UUID_DROSO_02_MEL_19_M.json,00_data/01_segmented/crops/crop_2026-01-13_16-17-02.top_right_CROPNUMBER_27_UUID_DROSO_02_MEL_19_M.png,crops,
2026-01-13T16:09:56.394761,/data/d3dbcf42e05429343a8e1a5966e3bcf0/Epson Perfection V850/2026-01-13/2026-01-13_16-09-56/top_left,2026-01-13_16-09-56.top_left.jpg,/data/d3dbcf42e05429343a8e1a5966e3bcf0/Epson Perfection V850/2026-01-13/2026-01-13_16-09-56/top_left/2026-01-13_16-09-56.top_left.jpg,2026-01-13_16-09-56.top_left.thumb.jpg,788d0971822fc839506e3180de7f3b36,top_left,"[22.0, 45.0, 110.0, 135.0]",jpg,3200,0,epsonscan2,esci2:usb:ES00FE:337,Epson Perfection V850,d3dbcf42e05429343a8e1a5966e3bcf0,epsonscan2:Epson Perfection V850::esci2:usb:ES00FE:337,/data,{},DROSO_01_MEL_19_F,crop_2026-01-13_16-09-56.top_left_CROPNUMBER_46_UUID_DROSO_01_MEL_19_F.png,"[6528, 5907, 7167, 6302]",0.9239463806152344,0.6028218259357906,00_data/01_segmented/crops,00_data/01_segmented/crops/crop_2026-01-13_16-09-56.top_left_CROPNUMBER_46_UUID_DROSO_01_MEL_19_F.json,00_data/01_segmented/crops/crop_2026-01-13_16-09-56.top_left_CROPNUMBER_46_UUID_DROSO_01_MEL_19_F.png,crops,
2026-01-13T15:52:35.076944,/data/d3dbcf42e05429343a8e1a5966e3bcf0/Epson Perfection V850/2026-01-13/2026-01-13_15-52-35/top_left,2026-01-13_15-52-35.top_left.jpg,/data/d3dbcf42e05429343a8e1a5966e3bcf0/Epson Perfection V850/2026-01-13/2026-01-13_15-52-35/top_left/2026-01-13_15-52-35.top_left.jpg,2026-01-13_15-52-35.top_left.thumb.jpg,c96bd3e091dcefbdce757afd0a69dc15,top_left,"[22.0, 45.0, 110.0, 135.0]",jpg,3200,0,epsonscan2,esci2:usb:ES00FE:337,Epson Perfection V850,d3dbcf42e05429343a8e1a5966e3bcf0,epsonscan2:Epson Perfection V850::esci2:usb:ES00FE:337,/data,{},DROSO_03_SIM_19_F,crop_2026-01-13_15-52-35.top_left_CROPNUMBER_9_UUID_DROSO_03_SIM_19_F.png,"[5052, 8556, 5472, 8899]",0.9406575560569763,1.0,00_data/01_segmented/crops,00_data/01_segmented/crops/crop_2026-01-13_15-52-35.top_left_CROPNUMBER_9_UUID_DROSO_03_SIM_19_F.json,00_data/01_segmented/crops/crop_2026-01-13_15-52-35.top_left_CROPNUMBER_9_UUID_DROSO_03_SIM_19_F.png,crops,
2026-01-13T16:09:56.394761,/data/d3dbcf42e05429343a8e1a5966e3bcf0/Epson Perfection V850/2026-01-13/2026-01-13_16-09-56/top_right,2026-01-13_16-09-56.top_right.jpg,/data/d3dbcf42e05429343a8e1a5966e3bcf0/Epson Perfection V850/2026-01-13/2026-01-13_16-09-56/top_right/2026-01-13_16-09-56.top_right.jpg,2026-01-13_16-09-56.top_right.thumb.jpg,aee7ff74e98fd3cb0d78628f63d1119f,top_right,"[110.5, 45.0, 200.0, 135.0]",jpg,3200,0,epsonscan2,esci2:usb:ES00FE:337,Epson Perfection V850,d3dbcf42e05429343a8e1a5966e3bcf0,epsonscan2:Epson Perfection V850::esci2:usb:ES00FE:337,/data,{},DROSO_01_MEL_19_M,crop_2026-01-13_16-09-56.top_right_CROPNUMBER_28_UUID_DROSO_01_MEL_19_M.png,"[9360, 6507, 9699, 6927]",0.9390573501586914,1.0,00_data/01_segmented/crops,00_data/01_segmented/crops/crop_2026-01-13_16-09-56.top_right_CROPNUMBER_28_UUID_DROSO_01_MEL_19_M.json,00_data/01_segmented/crops/crop_2026-01-13_16-09-56.top_right_CROPNUMBER_28_UUID_DROSO_01_MEL_19_M.png,crops,
2026-01-13T15:58:15.447485,/data/d3dbcf42e05429343a8e1a5966e3bcf0/Epson Perfection V850/2026-01-13/2026-01-13_15-58-15/top_right,2026-01-13_15-58-15.top_right.jpg,/data/d3dbcf42e05429343a8e1a5966e3bcf0/Epson Perfection V850/2026-01-13/2026-01-13_15-58-15/top_right/2026-01-13_15-58-15.top_right.jpg,2026-01-13_15-58-15.top_right.thumb.jpg,f4b3f70693284ad9b6a7bd19eb02b3d5,top_right,"[110.5, 45.0, 200.0, 135.0]",jpg,3200,0,epsonscan2,esci2:usb:ES00FE:337,Epson Perfection V850,d3dbcf42e05429343a8e1a5966e3bcf0,epsonscan2:Epson Perfection V850::esci2:usb:ES00FE:337,/data,{},DROSO_04_SIM_19_M,crop_2026-01-13_15-58-15.top_right_CROPNUMBER_21_UUID_DROSO_04_SIM_19_M.png,"[1600, 2761, 1933, 3064]",0.8485569357872009,1.0,00_data/01_segmented/crops,00_data/01_segmented/crops/crop_2026-01-13_15-58-15.top_right_CROPNUMBER_21_UUID_DROSO_04_SIM_19_M.json,00_data/01_segmented/crops/crop_2026-01-13_15-58-15.top_right_CROPNUMBER_21_UUID_DROSO_04_SIM_19_M.png,crops,
2026-01-13T16:04:10.629205,/data/d3dbcf42e05429343a8e1a5966e3bcf0/Epson Perfection V850/2026-01-13/2026-01-13_16-04-10/top_left,2026-01-13_16-04-10.top_left.jpg,/data/d3dbcf42e05429343a8e1a5966e3bcf0/Epson Perfection V850/2026-01-13/2026-01-13_16-04-10/top_left/2026-01-13_16-04-10.top_left.jpg,2026-01-13_16-04-10.top_left.thumb.jpg,e5f859616a1ebf20cb8f61da5b2008c2,top_left,"[22.0, 45.0, 110.0, 135.0]",jpg,3200,0,epsonscan2,esci2:usb:ES00FE:337,Epson Perfection V850,d3dbcf42e05429343a8e1a5966e3bcf0,epsonscan2:Epson Perfection V850::esci2:usb:ES00FE:337,/data,{},DROSO_05_SIM_19_F,crop_2026-01-13_16-04-10.top_left_CROPNUMBER_3_UUID_DROSO_05_SIM_19_F.png,"[1820, 6169, 2247, 6575]",0.9518175721168518,1.0,00_data/01_segmented/crops,00_data/01_segmented/crops/crop_2026-01-13_16-04-10.top_left_CROPNUMBER_3_UUID_DROSO_05_SIM_19_F.json,00_data/01_segmented/crops/crop_2026-01-13_16-04-10.top_left_CROPNUMBER_3_UUID_DROSO_05_SIM_19_F.png,crops,
2026-01-13T16:09:56.394761,/data/d3dbcf42e05429343a8e1a5966e3bcf0/Epson Perfection V850/2026-01-13/2026-01-13_16-09-56/top_right,2026-01-13_16-09-56.top_right.jpg,/data/d3dbcf42e05429343a8e1a5966e3bcf0/Epson Perfection V850/2026-01-13/2026-01-13_16-09-56/top_right/2026-01-13_16-09-56.top_right.jpg,2026-01-13_16-09-56.top_right.thumb.jpg,aee7ff74e98fd3cb0d78628f63d1119f,top_right,"[110.5, 45.0, 200.0, 135.0]",jpg,3200,0,epsonscan2,esci2:usb:ES00FE:337,Epson Perfection V850,d3dbcf42e05429343a8e1a5966e3bcf0,epsonscan2:Epson Perfection V850::esci2:usb:ES00FE:337,/data,{},DROSO_01_MEL_19_M,crop_2026-01-13_16-09-56.top_right_CROPNUMBER_63_UUID_DROSO_01_MEL_19_M.png,"[5320, 8676, 5606, 9148]",0.9190698862075806,1.0,00_data/01_segmented/crops,00_data/01_segmented/crops/crop_2026-01-13_16-09-56.top_right_CROPNUMBER_63_UUID_DROSO_01_MEL_19_M.json,00_data/01_segmented/crops/crop_2026-01-13_16-09-56.top_right_CROPNUMBER_63_UUID_DROSO_01_MEL_19_M.png,crops,
2026-01-13T16:09:56.394761,/data/d3dbcf42e05429343a8e1a5966e3bcf0/Epson Perfection V850/2026-01-13/2026-01-13_16-09-56/top_left,2026-01-13_16-09-56.top_left.jpg,/data/d3dbcf42e05429343a8e1a5966e3bcf0/Epson Perfection V850/2026-01-13/2026-01-13_16-09-56/top_left/2026-01-13_16-09-56.top_left.jpg,2026-01-13_16-09-56.top_left.thumb.jpg,788d0971822fc839506e3180de7f3b36,top_left,"[22.0, 45.0, 110.0, 135.0]",jpg,3200,0,epsonscan2,esci2:usb:ES00FE:337,Epson Perfection V850,d3dbcf42e05429343a8e1a5966e3bcf0,epsonscan2:Epson Perfection V850::esci2:usb:ES00FE:337,/data,{},DROSO_01_MEL_19_F,crop_2026-01-13_16-09-56.top_left_CROPNUMBER_3_UUID_DROSO_01_MEL_19_F.png,"[6979, 5141, 7417, 5692]",0.9500705599784851,0.6028218259357906,00_data/01_segmented/crops,00_data/01_segmented/crops/crop_2026-01-13_16-09-56.top_left_CROPNUMBER_3_UUID_DROSO_01_MEL_19_F.json,00_data/01_segmented/crops/crop_2026-01-13_16-09-56.top_left_CROPNUMBER_3_UUID_DROSO_01_MEL_19_F.png,crops,
2026-01-13T15:40:38.651010,/data/d3dbcf42e05429343a8e1a5966e3bcf0/Epson Perfection V850/2026-01-13/2026-01-13_15-40-38/top_right,2026-01-13_15-40-38.top_right.jpg,/data/d3dbcf42e05429343a8e1a5966e3bcf0/Epson Perfection V850/2026-01-13/2026-01-13_15-40-38/top_right/2026-01-13_15-40-38.top_right.jpg,2026-01-13_15-40-38.top_right.thumb.jpg,b3a9f59be4eab6b9c284088e08fe2da7,top_right,"[110.5, 45.0, 200.0, 135.0]",jpg,3200,0,epsonscan2,esci2:usb:ES00FE:337,Epson Perfection V850,d3dbcf42e05429343a8e1a5966e3bcf0,epsonscan2:Epson Perfection V850::esci2:usb:ES00FE:337,/data,{},DROSO_01_SIM_19_M,crop_2026-01-13_15-40-38.top_right_CROPNUMBER_11_UUID_DROSO_01_SIM_19_M.png,"[5351, 5705, 5712, 6116]",0.9350965619087219,1.0,00_data/01_segmented/crops,00_data/01_segmented/crops/crop_2026-01-13_15-40-38.top_right_CROPNUMBER_11_UUID_DROSO_01_SIM_19_M.json,00_data/01_segmented/crops/crop_2026-01-13_15-40-38.top_right_CROPNUMBER_11_UUID_DROSO_01_SIM_19_M.png,crops,
2026-01-13T16:09:56.394761,/data/d3dbcf42e05429343a8e1a5966e3bcf0/Epson Perfection V850/2026-01-13/2026-01-13_16-09-56/top_left,2026-01-13_16-09-56.top_left.jpg,/data/d3dbcf42e05429343a8e1a5966e3bcf0/Epson Perfection V850/2026-01-13/2026-01-13_16-09-56/top_left/2026-01-13_16-09-56.top_left.jpg,2026-01-13_16-09-56.top_left.thumb.jpg,788d0971822fc839506e3180de7f3b36,top_left,"[22.0, 45.0, 110.0, 135.0]",jpg,3200,0,epsonscan2,esci2:usb:ES00FE:337,Epson Perfection V850,d3dbcf42e05429343a8e1a5966e3bcf0,epsonscan2:Epson Perfection V850::esci2:usb:ES00FE:337,/data,{},DROSO_01_MEL_19_F,crop_2026-01-13_16-09-56.top_left_CROPNUMBER_41_UUID_DROSO_01_MEL_19_F.png,"[7463, 7359, 7719, 7860]",0.9263094067573547,1.0,00_data/01_segmented/crops,00_data/01_segmented/crops/crop_2026-01-13_16-09-56.top_left_CROPNUMBER_41_UUID_DROSO_01_MEL_19_F.json,00_data/01_segmented/crops/crop_2026-01-13_16-09-56.top_left_CROPNUMBER_41_UUID_DROSO_01_MEL_19_F.png,crops,
2026-01-13T16:22:42.229986,/data/d3dbcf42e05429343a8e1a5966e3bcf0/Epson Perfection V850/2026-01-13/2026-01-13_16-22-42/top_left,2026-01-13_16-22-42.top_left.jpg,/data/d3dbcf42e05429343a8e1a5966e3bcf0/Epson Perfection V850/2026-01-13/2026-01-13_16-22-42/top_left/2026-01-13_16-22-42.top_left.jpg,2026-01-13_16-22-42.top_left.thumb.jpg,f331f82ac6dcbf4a1318ddee5307a618,top_left,"[22.0, 45.0, 110.0, 135.0]",jpg,3200,0,epsonscan2,esci2:usb:ES00FE:337,Epson Perfection V850,d3dbcf42e05429343a8e1a5966e3bcf0,epsonscan2:Epson Perfection V850::esci2:usb:ES00FE:337,/data,{},DROSO_03_MEL_19_F,crop_2026-01-13_16-22-42.top_left_CROPNUMBER_25_UUID_DROSO_03_MEL_19_F.png,"[6387, 6725, 6772, 7232]",0.9330447912216187,0.6028218259357906,00_data/01_segmented/crops,00_data/01_segmented/crops/crop_2026-01-13_16-22-42.top_left_CROPNUMBER_25_UUID_DROSO_03_MEL_19_F.json,00_data/01_segmented/crops/crop_2026-01-13_16-22-42.top_left_CROPNUMBER_25_UUID_DROSO_03_MEL_19_F.png,crops,
2026-01-13T16:09:56.394761,/data/d3dbcf42e05429343a8e1a5966e3bcf0/Epson Perfection V850/2026-01-13/2026-01-13_16-09-56/top_left,2026-01-13_16-09-56.top_left.jpg,/data/d3dbcf42e05429343a8e1a5966e3bcf0/Epson Perfection V850/2026-01-13/2026-01-13_16-09-56/top_left/2026-01-13_16-09-56.top_left.jpg,2026-01-13_16-09-56.top_left.thumb.jpg,788d0971822fc839506e3180de7f3b36,top_left,"[22.0, 45.0, 110.0, 135.0]",jpg,3200,0,epsonscan2,esci2:usb:ES00FE:337,Epson Perfection V850,d3dbcf42e05429343a8e1a5966e3bcf0,epsonscan2:Epson Perfection V850::esci2:usb:ES00FE:337,/data,{},DROSO_01_MEL_19_F,crop_2026-01-13_16-09-56.top_left_CROPNUMBER_12_UUID_DROSO_01_MEL_19_F.png,"[2504, 6058, 3008, 6443]",0.9431276321411133,0.6028218259357906,00_data/01_segmented/crops,00_data/01_segmented/crops/crop_2026-01-13_16-09-56.top_left_CROPNUMBER_12_UUID_DROSO_01_MEL_19_F.json,00_data/01_segmented/crops/crop_2026-01-13_16-09-56.top_left_CROPNUMBER_12_UUID_DROSO_01_MEL_19_F.png,crops,
2026-01-13T16:09:56.394761,/data/d3dbcf42e05429343a8e1a5966e3bcf0/Epson Perfection V850/2026-01-13/2026-01-13_16-09-56/top_right,2026-01-13_16-09-56.top_right.jpg,/data/d3dbcf42e05429343a8e1a5966e3bcf0/Epson Perfection V850/2026-01-13/2026-01-13_16-09-56/top_right/2026-01-13_16-09-56.top_right.jpg,2026-01-13_16-09-56.top_right.thumb.jpg,aee7ff74e98fd3cb0d78628f63d1119f,top_right,"[110.5, 45.0, 200.0, 135.0]",jpg,3200,0,epsonscan2,esci2:usb:ES00FE:337,Epson Perfection V850,d3dbcf42e05429343a8e1a5966e3bcf0,epsonscan2:Epson Perfection V850::esci2:usb:ES00FE:337,/data,{},DROSO_01_MEL_19_M,crop_2026-01-13_16-09-56.top_right_CROPNUMBER_2_UUID_DROSO_01_MEL_19_M.png,"[8565, 4077, 8996, 4452]",0.9547690749168396,1.0,00_data/01_segmented/crops,00_data/01_segmented/crops/crop_2026-01-13_16-09-56.top_right_CROPNUMBER_2_UUID_DROSO_01_MEL_19_M.json,00_data/01_segmented/crops/crop_2026-01-13_16-09-56.top_right_CROPNUMBER_2_UUID_DROSO_01_MEL_19_M.png,crops,
2026-01-13T15:52:35.076944,/data/d3dbcf42e05429343a8e1a5966e3bcf0/Epson Perfection V850/2026-01-13/2026-01-13_15-52-35/top_right,2026-01-13_15-52-35.top_right.jpg,/data/d3dbcf42e05429343a8e1a5966e3bcf0/Epson Perfection V850/2026-01-13/2026-01-13_15-52-35/top_right/2026-01-13_15-52-35.top_right.jpg,2026-01-13_15-52-35.top_right.thumb.jpg,21ba2cf23da353b8d840e52696871b60,top_right,"[110.5, 45.0, 200.0, 135.0]",jpg,3200,0,epsonscan2,esci2:usb:ES00FE:337,Epson Perfection V850,d3dbcf42e05429343a8e1a5966e3bcf0,epsonscan2:Epson Perfection V850::esci2:usb:ES00FE:337,/data,{},DROSO_03_SIM_19_M,crop_2026-01-13_15-52-35.top_right_CROPNUMBER_12_UUID_DROSO_03_SIM_19_M.png,"[6244, 7360, 6682, 7667]",0.9337906241416931,0.6027106630904797,00_data/01_segmented/crops,00_data/01_segmented/crops/crop_2026-01-13_15-52-35.top_right_CROPNUMBER_12_UUID_DROSO_03_SIM_19_M.json,00_data/01_segmented/crops/crop_2026-01-13_15-52-35.top_right_CROPNUMBER_12_UUID_DROSO_03_SIM_19_M.png,crops,
2026-01-13T15:46:54.437940,/data/d3dbcf42e05429343a8e1a5966e3bcf0/Epson Perfection V850/2026-01-13/2026-01-13_15-46-54/top_left,2026-01-13_15-46-54.top_left.jpg,/data/d3dbcf42e05429343a8e1a5966e3bcf0/Epson Perfection V850/2026-01-13/2026-01-13_15-46-54/top_left/2026-01-13_15-46-54.top_left.jpg,2026-01-13_15-46-54.top_left.thumb.jpg,5483407fad8572e990edf163cad31d3d,top_left,"[22.0, 45.0, 110.0, 135.0]",jpg,3200,0,epsonscan2,esci2:usb:ES00FE:337,Epson Perfection V850,d3dbcf42e05429343a8e1a5966e3bcf0,epsonscan2:Epson Perfection V850::esci2:usb:ES00FE:337,/data,{},DROSO_02_SIM_19_F,crop_2026-01-13_15-46-54.top_left_CROPNUMBER_7_UUID_DROSO_02_SIM_19_F.png,"[4282, 7242, 4743, 7634]",0.9360366463661194,0.6028218259357906,00_data/01_segmented/crops,00_data/01_segmented/crops/crop_2026-01-13_15-46-54.top_left_CROPNUMBER_7_UUID_DROSO_02_SIM_19_F.json,00_data/01_segmented/crops/crop_2026-01-13_15-46-54.top_left_CROPNUMBER_7_UUID_DROSO_02_SIM_19_F.png,crops,
2026-01-13T15:58:15.447485,/data/d3dbcf42e05429343a8e1a5966e3bcf0/Epson Perfection V850/2026-01-13/2026-01-13_15-58-15/top_left,2026-01-13_15-58-15.top_left.jpg,/data/d3dbcf42e05429343a8e1a5966e3bcf0/Epson Perfection V850/2026-01-13/2026-01-13_15-58-15/top_left/2026-01-13_15-58-15.top_left.jpg,2026-01-13_15-58-15.top_left.thumb.jpg,06b4b76a8baf9e9d6a949609e6c4b9d4,top_left,"[22.0, 45.0, 110.0, 135.0]",jpg,3200,0,epsonscan2,esci2:usb:ES00FE:337,Epson Perfection V850,d3dbcf42e05429343a8e1a5966e3bcf0,epsonscan2:Epson Perfection V850::esci2:usb:ES00FE:337,/data,{},DROSO_04_SIM_19_F,crop_2026-01-13_15-58-15.top_left_CROPNUMBER_15_UUID_DROSO_04_SIM_19_F.png,"[4860, 7729, 5328, 8117]",0.9348592758178711,1.0,00_data/01_segmented/crops,00_data/01_segmented/crops/crop_2026-01-13_15-58-15.top_left_CROPNUMBER_15_UUID_DROSO_04_SIM_19_F.json,00_data/01_segmented/crops/crop_2026-01-13_15-58-15.top_left_CROPNUMBER_15_UUID_DROSO_04_SIM_19_F.png,crops,
2026-01-13T15:52:35.076944,/data/d3dbcf42e05429343a8e1a5966e3bcf0/Epson Perfection V850/2026-01-13/2026-01-13_15-52-35/top_left,2026-01-13_15-52-35.top_left.jpg,/data/d3dbcf42e05429343a8e1a5966e3bcf0/Epson Perfection V850/2026-01-13/2026-01-13_15-52-35/top_left/2026-01-13_15-52-35.top_left.jpg,2026-01-13_15-52-35.top_left.thumb.jpg,c96bd3e091dcefbdce757afd0a69dc15,top_left,"[22.0, 45.0, 110.0, 135.0]",jpg,3200,0,epsonscan2,esci2:usb:ES00FE:337,Epson Perfection V850,d3dbcf42e05429343a8e1a5966e3bcf0,epsonscan2:Epson Perfection V850::esci2:usb:ES00FE:337,/data,{},DROSO_03_SIM_19_F,crop_2026-01-13_15-52-35.top_left_CROPNUMBER_3_UUID_DROSO_03_SIM_19_F.png,"[3148, 6848, 3589, 7286]",0.946402370929718,0.6028218259357906,00_data/01_segmented/crops,00_data/01_segmented/crops/crop_2026-01-13_15-52-35.top_left_CROPNUMBER_3_UUID_DROSO_03_SIM_19_F.json,00_data/01_segmented/crops/crop_2026-01-13_15-52-35.top_left_CROPNUMBER_3_UUID_DROSO_03_SIM_19_F.png,crops,
2026-01-13T16:22:42.229986,/data/d3dbcf42e05429343a8e1a5966e3bcf0/Epson Perfection V850/2026-01-13/2026-01-13_16-22-42/top_left,2026-01-13_16-22-42.top_left.jpg,/data/d3dbcf42e05429343a8e1a5966e3bcf0/Epson Perfection V850/2026-01-13/2026-01-13_16-22-42/top_left/2026-01-13_16-22-42.top_left.jpg,2026-01-13_16-22-42.top_left.thumb.jpg,f331f82ac6dcbf4a1318ddee5307a618,top_left,"[22.0, 45.0, 110.0, 135.0]",jpg,3200,0,epsonscan2,esci2:usb:ES00FE:337,Epson Perfection V850,d3dbcf42e05429343a8e1a5966e3bcf0,epsonscan2:Epson Perfection V850::esci2:usb:ES00FE:337,/data,{},DROSO_03_MEL_19_F,crop_2026-01-13_16-22-42.top_left_CROPNUMBER_28_UUID_DROSO_03_MEL_19_F.png,"[4232, 6656, 4702, 7062]",0.9327424168586731,0.4017623182952236,00_data/01_segmented/crops,00_data/01_segmented/crops/crop_2026-01-13_16-22-42.top_left_CROPNUMBER_28_UUID_DROSO_03_MEL_19_F.json,00_data/01_segmented/crops/crop_2026-01-13_16-22-42.top_left_CROPNUMBER_28_UUID_DROSO_03_MEL_19_F.png,crops,
2026-01-13T16:22:42.229986,/data/d3dbcf42e05429343a8e1a5966e3bcf0/Epson Perfection V850/2026-01-13/2026-01-13_16-22-42/top_left,2026-01-13_16-22-42.top_left.jpg,/data/d3dbcf42e05429343a8e1a5966e3bcf0/Epson Perfection V850/2026-01-13/2026-01-13_16-22-42/top_left/2026-01-13_16-22-42.top_left.jpg,2026-01-13_16-22-42.top_left.thumb.jpg,f331f82ac6dcbf4a1318ddee5307a618,top_left,"[22.0, 45.0, 110.0, 135.0]",jpg,3200,0,epsonscan2,esci2:usb:ES00FE:337,Epson Perfection V850,d3dbcf42e05429343a8e1a5966e3bcf0,epsonscan2:Epson Perfection V850::esci2:usb:ES00FE:337,/data,{},DROSO_03_MEL_19_F,crop_2026-01-13_16-22-42.top_left_CROPNUMBER_33_UUID_DROSO_03_MEL_19_F.png,"[2913, 7796, 3427, 8166]",0.9236406683921814,0.6028218259357906,00_data/01_segmented/crops,00_data/01_segmented/crops/crop_2026-01-13_16-22-42.top_left_CROPNUMBER_33_UUID_DROSO_03_MEL_19_F.json,00_data/01_segmented/crops/crop_2026-01-13_16-22-42.top_left_CROPNUMBER_33_UUID_DROSO_03_MEL_19_F.png,crops,
2026-01-13T15:40:38.651010,/data/d3dbcf42e05429343a8e1a5966e3bcf0/Epson Perfection V850/2026-01-13/2026-01-13_15-40-38/top_left,2026-01-13_15-40-38.top_left.jpg,/data/d3dbcf42e05429343a8e1a5966e3bcf0/Epson Perfection V850/2026-01-13/2026-01-13_15-40-38/top_left/2026-01-13_15-40-38.top_left.jpg,2026-01-13_15-40-38.top_left.thumb.jpg,16a144e86ca9c5e7bb9b16ddead6411f,top_left,"[22.0, 45.0, 110.0, 135.0]",jpg,3200,0,epsonscan2,esci2:usb:ES00FE:337,Epson Perfection V850,d3dbcf42e05429343a8e1a5966e3bcf0,epsonscan2:Epson Perfection V850::esci2:usb:ES00FE:337,/data,{},DROSO_01_SIM_19_F,crop_2026-01-13_15-40-38.top_left_CROPNUMBER_6_UUID_DROSO_01_SIM_19_F.png,"[3522, 8390, 3929, 8836]",0.9412152171134949,1.0,00_data/01_segmented/crops,00_data/01_segmented/crops/crop_2026-01-13_15-40-38.top_left_CROPNUMBER_6_UUID_DROSO_01_SIM_19_F.json,00_data/01_segmented/crops/crop_2026-01-13_15-40-38.top_left_CROPNUMBER_6_UUID_DROSO_01_SIM_19_F.png,crops,
2026-01-13T16:04:10.629205,/data/d3dbcf42e05429343a8e1a5966e3bcf0/Epson Perfection V850/2026-01-13/2026-01-13_16-04-10/top_right,2026-01-13_16-04-10.top_right.jpg,/data/d3dbcf42e05429343a8e1a5966e3bcf0/Epson Perfection V850/2026-01-13/2026-01-13_16-04-10/top_right/2026-01-13_16-04-10.top_right.jpg,2026-01-13_16-04-10.top_right.thumb.jpg,3126fa75aee2fe2913a08ebebfa0ed4f,top_right,"[110.5, 45.0, 200.0, 135.0]",jpg,3200,0,epsonscan2,esci2:usb:ES00FE:337,Epson Perfection V850,d3dbcf42e05429343a8e1a5966e3bcf0,epsonscan2:Epson Perfection V850::esci2:usb:ES00FE:337,/data,{},DROSO_05_SIM_19_M,crop_2026-01-13_16-04-10.top_right_CROPNUMBER_9_UUID_DROSO_05_SIM_19_M.png,"[4591, 8864, 4913, 9254]",0.9362179040908813,1.0,00_data/01_segmented/crops,00_data/01_segmented/crops/crop_2026-01-13_16-04-10.top_right_CROPNUMBER_9_UUID_DROSO_05_SIM_19_M.json,00_data/01_segmented/crops/crop_2026-01-13_16-04-10.top_right_CROPNUMBER_9_UUID_DROSO_05_SIM_19_M.png,crops,
2026-01-13T16:04:10.629205,/data/d3dbcf42e05429343a8e1a5966e3bcf0/Epson Perfection V850/2026-01-13/2026-01-13_16-04-10/top_left,2026-01-13_16-04-10.top_left.jpg,/data/d3dbcf42e05429343a8e1a5966e3bcf0/Epson Perfection V850/2026-01-13/2026-01-13_16-04-10/top_left/2026-01-13_16-04-10.top_left.jpg,2026-01-13_16-04-10.top_left.thumb.jpg,e5f859616a1ebf20cb8f61da5b2008c2,top_left,"[22.0, 45.0, 110.0, 135.0]",jpg,3200,0,epsonscan2,esci2:usb:ES00FE:337,Epson Perfection V850,d3dbcf42e05429343a8e1a5966e3bcf0,epsonscan2:Epson Perfection V850::esci2:usb:ES00FE:337,/data,{},DROSO_05_SIM_19_F,crop_2026-01-13_16-04-10.top_left_CROPNUMBER_6_UUID_DROSO_05_SIM_19_F.png,"[3487, 7530, 3823, 7996]",0.946438729763031,1.0,00_data/01_segmented/crops,00_data/01_segmented/crops/crop_2026-01-13_16-04-10.top_left_CROPNUMBER_6_UUID_DROSO_05_SIM_19_F.json,00_data/01_segmented/crops/crop_2026-01-13_16-04-10.top_left_CROPNUMBER_6_UUID_DROSO_05_SIM_19_F.png,crops,
2026-01-13T15:58:15.447485,/data/d3dbcf42e05429343a8e1a5966e3bcf0/Epson Perfection V850/2026-01-13/2026-01-13_15-58-15/top_right,2026-01-13_15-58-15.top_right.jpg,/data/d3dbcf42e05429343a8e1a5966e3bcf0/Epson Perfection V850/2026-01-13/2026-01-13_15-58-15/top_right/2026-01-13_15-58-15.top_right.jpg,2026-01-13_15-58-15.top_right.thumb.jpg,f4b3f70693284ad9b6a7bd19eb02b3d5,top_right,"[110.5, 45.0, 200.0, 135.0]",jpg,3200,0,epsonscan2,esci2:usb:ES00FE:337,Epson Perfection V850,d3dbcf42e05429343a8e1a5966e3bcf0,epsonscan2:Epson Perfection V850::esci2:usb:ES00FE:337,/data,{},DROSO_04_SIM_19_M,crop_2026-01-13_15-58-15.top_right_CROPNUMBER_7_UUID_DROSO_04_SIM_19_M.png,"[4325, 7377, 4672, 7826]",0.9469379782676697,1.0,00_data/01_segmented/crops,00_data/01_segmented/crops/crop_2026-01-13_15-58-15.top_right_CROPNUMBER_7_UUID_DROSO_04_SIM_19_M.json,00_data/01_segmented/crops/crop_2026-01-13_15-58-15.top_right_CROPNUMBER_7_UUID_DROSO_04_SIM_19_M.png,crops,
2026-01-13T16:17:02.422812,/data/d3dbcf42e05429343a8e1a5966e3bcf0/Epson Perfection V850/2026-01-13/2026-01-13_16-17-02/top_right,2026-01-13_16-17-02.top_right.jpg,/data/d3dbcf42e05429343a8e1a5966e3bcf0/Epson Perfection V850/2026-01-13/2026-01-13_16-17-02/top_right/2026-01-13_16-17-02.top_right.jpg,2026-01-13_16-17-02.top_right.thumb.jpg,dba0ed76fe036a6b6c2f125e044f31c3,top_right,"[110.5, 45.0, 200.0, 135.0]",jpg,3200,0,epsonscan2,esci2:usb:ES00FE:337,Epson Perfection V850,d3dbcf42e05429343a8e1a5966e3bcf0,epsonscan2:Epson Perfection V850::esci2:usb:ES00FE:337,/data,{},DROSO_02_MEL_19_M,crop_2026-01-13_16-17-02.top_right_CROPNUMBER_25_UUID_DROSO_02_MEL_19_M.png,"[4198, 6676, 4647, 7012]",0.9339433312416077,1.0,00_data/01_segmented/crops,00_data/01_segmented/crops/crop_2026-01-13_16-17-02.top_right_CROPNUMBER_25_UUID_DROSO_02_MEL_19_M.json,00_data/01_segmented/crops/crop_2026-01-13_16-17-02.top_right_CROPNUMBER_25_UUID_DROSO_02_MEL_19_M.png,crops,
2026-01-13T16:04:10.629205,/data/d3dbcf42e05429343a8e1a5966e3bcf0/Epson Perfection V850/2026-01-13/2026-01-13_16-04-10/top_left,2026-01-13_16-04-10.top_left.jpg,/data/d3dbcf42e05429343a8e1a5966e3bcf0/Epson Perfection V850/2026-01-13/2026-01-13_16-04-10/top_left/2026-01-13_16-04-10.top_left.jpg,2026-01-13_16-04-10.top_left.thumb.jpg,e5f859616a1ebf20cb8f61da5b2008c2,top_left,"[22.0, 45.0, 110.0, 135.0]",jpg,3200,0,epsonscan2,esci2:usb:ES00FE:337,Epson Perfection V850,d3dbcf42e05429343a8e1a5966e3bcf0,epsonscan2:Epson Perfection V850::esci2:usb:ES00FE:337,/data,{},DROSO_05_SIM_19_F,crop_2026-01-13_16-04-10.top_left_CROPNUMBER_14_UUID_DROSO_05_SIM_19_F.png,"[4205, 9285, 4611, 9670]",0.9347546696662903,1.0,00_data/01_segmented/crops,00_data/01_segmented/crops/crop_2026-01-13_16-04-10.top_left_CROPNUMBER_14_UUID_DROSO_05_SIM_19_F.json,00_data/01_segmented/crops/crop_2026-01-13_16-04-10.top_left_CROPNUMBER_14_UUID_DROSO_05_SIM_19_F.png,crops,
2026-01-13T15:58:15.447485,/data/d3dbcf42e05429343a8e1a5966e3bcf0/Epson Perfection V850/2026-01-13/2026-01-13_15-58-15/top_right,2026-01-13_15-58-15.top_right.jpg,/data/d3dbcf42e05429343a8e1a5966e3bcf0/Epson Perfection V850/2026-01-13/2026-01-13_15-58-15/top_right/2026-01-13_15-58-15.top_right.jpg,2026-01-13_15-58-15.top_right.thumb.jpg,f4b3f70693284ad9b6a7bd19eb02b3d5,top_right,"[110.5, 45.0, 200.0, 135.0]",jpg,3200,0,epsonscan2,esci2:usb:ES00FE:337,Epson Perfection V850,d3dbcf42e05429343a8e1a5966e3bcf0,epsonscan2:Epson Perfection V850::esci2:usb:ES00FE:337,/data,{},DROSO_04_SIM_19_M,crop_2026-01-13_15-58-15.top_right_CROPNUMBER_13_UUID_DROSO_04_SIM_19_M.png,"[4375, 8374, 4786, 8763]",0.941956102848053,1.0,00_data/01_segmented/crops,00_data/01_segmented/crops/crop_2026-01-13_15-58-15.top_right_CROPNUMBER_13_UUID_DROSO_04_SIM_19_M.json,00_data/01_segmented/crops/crop_2026-01-13_15-58-15.top_right_CROPNUMBER_13_UUID_DROSO_04_SIM_19_M.png,crops,
2026-01-13T16:22:42.229986,/data/d3dbcf42e05429343a8e1a5966e3bcf0/Epson Perfection V850/2026-01-13/2026-01-13_16-22-42/top_left,2026-01-13_16-22-42.top_left.jpg,/data/d3dbcf42e05429343a8e1a5966e3bcf0/Epson Perfection V850/2026-01-13/2026-01-13_16-22-42/top_left/2026-01-13_16-22-42.top_left.jpg,2026-01-13_16-22-42.top_left.thumb.jpg,f331f82ac6dcbf4a1318ddee5307a618,top_left,"[22.0, 45.0, 110.0, 135.0]",jpg,3200,0,epsonscan2,esci2:usb:ES00FE:337,Epson Perfection V850,d3dbcf42e05429343a8e1a5966e3bcf0,epsonscan2:Epson Perfection V850::esci2:usb:ES00FE:337,/data,{},DROSO_03_MEL_19_F,crop_2026-01-13_16-22-42.top_left_CROPNUMBER_11_UUID_DROSO_03_MEL_19_F.png,"[8383, 6791, 8891, 7213]",0.9374960660934448,0.6028218259357906,00_data/01_segmented/crops,00_data/01_segmented/crops/crop_2026-01-13_16-22-42.top_left_CROPNUMBER_11_UUID_DROSO_03_MEL_19_F.json,00_data/01_segmented/crops/crop_2026-01-13_16-22-42.top_left_CROPNUMBER_11_UUID_DROSO_03_MEL_19_F.png,crops,
2026-01-13T16:09:56.394761,/data/d3dbcf42e05429343a8e1a5966e3bcf0/Epson Perfection V850/2026-01-13/2026-01-13_16-09-56/top_left,2026-01-13_16-09-56.top_left.jpg,/data/d3dbcf42e05429343a8e1a5966e3bcf0/Epson Perfection V850/2026-01-13/2026-01-13_16-09-56/top_left/2026-01-13_16-09-56.top_left.jpg,2026-01-13_16-09-56.top_left.thumb.jpg,788d0971822fc839506e3180de7f3b36,top_left,"[22.0, 45.0, 110.0, 135.0]",jpg,3200,0,epsonscan2,esci2:usb:ES00FE:337,Epson Perfection V850,d3dbcf42e05429343a8e1a5966e3bcf0,epsonscan2:Epson Perfection V850::esci2:usb:ES00FE:337,/data,{},DROSO_01_MEL_19_F,crop_2026-01-13_16-09-56.top_left_CROPNUMBER_43_UUID_DROSO_01_MEL_19_F.png,"[2942, 7374, 3482, 7664]",0.9259465336799622,0.6028218259357906,00_data/01_segmented/crops,00_data/01_segmented/crops/crop_2026-01-13_16-09-56.top_left_CROPNUMBER_43_UUID_DROSO_01_MEL_19_F.json,00_data/01_segmented/crops/crop_2026-01-13_16-09-56.top_left_CROPNUMBER_43_UUID_DROSO_01_MEL_19_F.png,crops,
2026-01-13T16:09:56.394761,/data/d3dbcf42e05429343a8e1a5966e3bcf0/Epson Perfection V850/2026-01-13/2026-01-13_16-09-56/top_right,2026-01-13_16-09-56.top_right.jpg,/data/d3dbcf42e05429343a8e1a5966e3bcf0/Epson Perfection V850/2026-01-13/2026-01-13_16-09-56/top_right/2026-01-13_16-09-56.top_right.jpg,2026-01-13_16-09-56.top_right.thumb.jpg,aee7ff74e98fd3cb0d78628f63d1119f,top_right,"[110.5, 45.0, 200.0, 135.0]",jpg,3200,0,epsonscan2,esci2:usb:ES00FE:337,Epson Perfection V850,d3dbcf42e05429343a8e1a5966e3bcf0,epsonscan2:Epson Perfection V850::esci2:usb:ES00FE:337,/data,{},DROSO_01_MEL_19_M,crop_2026-01-13_16-09-56.top_right_CROPNUMBER_35_UUID_DROSO_01_MEL_19_M.png,"[3985, 5757, 4420, 6334]",0.9367117881774902,0.6027106630904797,00_data/01_segmented/crops,00_data/01_segmented/crops/crop_2026-01-13_16-09-56.top_right_CROPNUMBER_35_UUID_DROSO_01_MEL_19_M.json,00_data/01_segmented/crops/crop_2026-01-13_16-09-56.top_right_CROPNUMBER_35_UUID_DROSO_01_MEL_19_M.png,crops,
2026-01-13T16:04:10.629205,/data/d3dbcf42e05429343a8e1a5966e3bcf0/Epson Perfection V850/2026-01-13/2026-01-13_16-04-10/top_right,2026-01-13_16-04-10.top_right.jpg,/data/d3dbcf42e05429343a8e1a5966e3bcf0/Epson Perfection V850/2026-01-13/2026-01-13_16-04-10/top_right/2026-01-13_16-04-10.top_right.jpg,2026-01-13_16-04-10.top_right.thumb.jpg,3126fa75aee2fe2913a08ebebfa0ed4f,top_right,"[110.5, 45.0, 200.0, 135.0]",jpg,3200,0,epsonscan2,esci2:usb:ES00FE:337,Epson Perfection V850,d3dbcf42e05429343a8e1a5966e3bcf0,epsonscan2:Epson Perfection V850::esci2:usb:ES00FE:337,/data,{},DROSO_05_SIM_19_M,crop_2026-01-13_16-04-10.top_right_CROPNUMBER_18_UUID_DROSO_05_SIM_19_M.png,"[7586, 7771, 8017, 8108]",0.9234402775764465,0.6027106630904797,00_data/01_segmented/crops,00_data/01_segmented/crops/crop_2026-01-13_16-04-10.top_right_CROPNUMBER_18_UUID_DROSO_05_SIM_19_M.json,00_data/01_segmented/crops/crop_2026-01-13_16-04-10.top_right_CROPNUMBER_18_UUID_DROSO_05_SIM_19_M.png,crops,
2026-01-13T16:17:02.422812,/data/d3dbcf42e05429343a8e1a5966e3bcf0/Epson Perfection V850/2026-01-13/2026-01-13_16-17-02/top_right,2026-01-13_16-17-02.top_right.jpg,/data/d3dbcf42e05429343a8e1a5966e3bcf0/Epson Perfection V850/2026-01-13/2026-01-13_16-17-02/top_right/2026-01-13_16-17-02.top_right.jpg,2026-01-13_16-17-02.top_right.thumb.jpg,dba0ed76fe036a6b6c2f125e044f31c3,top_right,"[110.5, 45.0, 200.0, 135.0]",jpg,3200,0,epsonscan2,esci2:usb:ES00FE:337,Epson Perfection V850,d3dbcf42e05429343a8e1a5966e3bcf0,epsonscan2:Epson Perfection V850::esci2:usb:ES00FE:337,/data,{},DROSO_02_MEL_19_M,crop_2026-01-13_16-17-02.top_right_CROPNUMBER_9_UUID_DROSO_02_MEL_19_M.png,"[4480, 8964, 4941, 9423]",0.9435104727745056,0.6027106630904797,00_data/01_segmented/crops,00_data/01_segmented/crops/crop_2026-01-13_16-17-02.top_right_CROPNUMBER_9_UUID_DROSO_02_MEL_19_M.json,00_data/01_segmented/crops/crop_2026-01-13_16-17-02.top_right_CROPNUMBER_9_UUID_DROSO_02_MEL_19_M.png,crops,
2026-01-13T15:46:54.437940,/data/d3dbcf42e05429343a8e1a5966e3bcf0/Epson Perfection V850/2026-01-13/2026-01-13_15-46-54/top_left,2026-01-13_15-46-54.top_left.jpg,/data/d3dbcf42e05429343a8e1a5966e3bcf0/Epson Perfection V850/2026-01-13/2026-01-13_15-46-54/top_left/2026-01-13_15-46-54.top_left.jpg,2026-01-13_15-46-54.top_left.thumb.jpg,5483407fad8572e990edf163cad31d3d,top_left,"[22.0, 45.0, 110.0, 135.0]",jpg,3200,0,epsonscan2,esci2:usb:ES00FE:337,Epson Perfection V850,d3dbcf42e05429343a8e1a5966e3bcf0,epsonscan2:Epson Perfection V850::esci2:usb:ES00FE:337,/data,{},DROSO_02_SIM_19_F,crop_2026-01-13_15-46-54.top_left_CROPNUMBER_1_UUID_DROSO_02_SIM_19_F.png,"[6064, 6831, 6474, 7307]",0.9402002096176147,0.6028218259357906,00_data/01_segmented/crops,00_data/01_segmented/crops/crop_2026-01-13_15-46-54.top_left_CROPNUMBER_1_UUID_DROSO_02_SIM_19_F.json,00_data/01_segmented/crops/crop_2026-01-13_15-46-54.top_left_CROPNUMBER_1_UUID_DROSO_02_SIM_19_F.png,crops,
2026-01-13T15:46:54.437940,/data/d3dbcf42e05429343a8e1a5966e3bcf0/Epson Perfection V850/2026-01-13/2026-01-13_15-46-54/top_left,2026-01-13_15-46-54.top_left.jpg,/data/d3dbcf42e05429343a8e1a5966e3bcf0/Epson Perfection V850/2026-01-13/2026-01-13_15-46-54/top_left/2026-01-13_15-46-54.top_left.jpg,2026-01-13_15-46-54.top_left.thumb.jpg,5483407fad8572e990edf163cad31d3d,top_left,"[22.0, 45.0, 110.0, 135.0]",jpg,3200,0,epsonscan2,esci2:usb:ES00FE:337,Epson Perfection V850,d3dbcf42e05429343a8e1a5966e3bcf0,epsonscan2:Epson Perfection V850::esci2:usb:ES00FE:337,/data,{},DROSO_02_SIM_19_F,crop_2026-01-13_15-46-54.top_left_CROPNUMBER_11_UUID_DROSO_02_SIM_19_F.png,"[2849, 5223, 3294, 5673]",0.930306077003479,0.6028218259357906,00_data/01_segmented/crops,00_data/01_segmented/crops/crop_2026-01-13_15-46-54.top_left_CROPNUMBER_11_UUID_DROSO_02_SIM_19_F.json,00_data/01_segmented/crops/crop_2026-01-13_15-46-54.top_left_CROPNUMBER_11_UUID_DROSO_02_SIM_19_F.png,crops,
2026-01-13T16:17:02.422812,/data/d3dbcf42e05429343a8e1a5966e3bcf0/Epson Perfection V850/2026-01-13/2026-01-13_16-17-02/top_left,2026-01-13_16-17-02.top_left.jpg,/data/d3dbcf42e05429343a8e1a5966e3bcf0/Epson Perfection V850/2026-01-13/2026-01-13_16-17-02/top_left/2026-01-13_16-17-02.top_left.jpg,2026-01-13_16-17-02.top_left.thumb.jpg,73a37d7ec44337a23e2a64e1230cb14f,top_left,"[22.0, 45.0, 110.0, 135.0]",jpg,3200,0,epsonscan2,esci2:usb:ES00FE:337,Epson Perfection V850,d3dbcf42e05429343a8e1a5966e3bcf0,epsonscan2:Epson Perfection V850::esci2:usb:ES00FE:337,/data,{},DROSO_02_MEL_19_F,crop_2026-01-13_16-17-02.top_left_CROPNUMBER_19_UUID_DROSO_02_MEL_19_F.png,"[7721, 6226, 8103, 6647]",0.9366158843040466,1.0,00_data/01_segmented/crops,00_data/01_segmented/crops/crop_2026-01-13_16-17-02.top_left_CROPNUMBER_19_UUID_DROSO_02_MEL_19_F.json,00_data/01_segmented/crops/crop_2026-01-13_16-17-02.top_left_CROPNUMBER_19_UUID_DROSO_02_MEL_19_F.png,crops,
2026-01-13T16:22:42.229986,/data/d3dbcf42e05429343a8e1a5966e3bcf0/Epson Perfection V850/2026-01-13/2026-01-13_16-22-42/top_right,2026-01-13_16-22-42.top_right.jpg,/data/d3dbcf42e05429343a8e1a5966e3bcf0/Epson Perfection V850/2026-01-13/2026-01-13_16-22-42/top_right/2026-01-13_16-22-42.top_right.jpg,2026-01-13_16-22-42.top_right.thumb.jpg,a62b428f433471233371d44992128bb0,top_right,"[110.5, 45.0, 200.0, 135.0]",jpg,3200,0,epsonscan2,esci2:usb:ES00FE:337,Epson Perfection V850,d3dbcf42e05429343a8e1a5966e3bcf0,epsonscan2:Epson Perfection V850::esci2:usb:ES00FE:337,/data,{},DROSO_03_MEL_19_M,crop_2026-01-13_16-22-42.top_right_CROPNUMBER_15_UUID_DROSO_03_MEL_19_M.png,"[6498, 6344, 6810, 6709]",0.9352133870124817,1.0,00_data/01_segmented/crops,00_data/01_segmented/crops/crop_2026-01-13_16-22-42.top_right_CROPNUMBER_15_UUID_DROSO_03_MEL_19_M.json,00_data/01_segmented/crops/crop_2026-01-13_16-22-42.top_right_CROPNUMBER_15_UUID_DROSO_03_MEL_19_M.png,crops,
2026-01-13T16:22:42.229986,/data/d3dbcf42e05429343a8e1a5966e3bcf0/Epson Perfection V850/2026-01-13/2026-01-13_16-22-42/top_left,2026-01-13_16-22-42.top_left.jpg,/data/d3dbcf42e05429343a8e1a5966e3bcf0/Epson Perfection V850/2026-01-13/2026-01-13_16-22-42/top_left/2026-01-13_16-22-42.top_left.jpg,2026-01-13_16-22-42.top_left.thumb.jpg,f331f82ac6dcbf4a1318ddee5307a618,top_left,"[22.0, 45.0, 110.0, 135.0]",jpg,3200,0,epsonscan2,esci2:usb:ES00FE:337,Epson Perfection V850,d3dbcf42e05429343a8e1a5966e3bcf0,epsonscan2:Epson Perfection V850::esci2:usb:ES00FE:337,/data,{},DROSO_03_MEL_19_F,crop_2026-01-13_16-22-42.top_left_CROPNUMBER_5_UUID_DROSO_03_MEL_19_F.png,"[3276, 5636, 3623, 6121]",0.9400472044944763,1.0,00_data/01_segmented/crops,00_data/01_segmented/crops/crop_2026-01-13_16-22-42.top_left_CROPNUMBER_5_UUID_DROSO_03_MEL_19_F.json,00_data/01_segmented/crops/crop_2026-01-13_16-22-42.top_left_CROPNUMBER_5_UUID_DROSO_03_MEL_19_F.png,crops,
2026-01-13T15:58:15.447485,/data/d3dbcf42e05429343a8e1a5966e3bcf0/Epson Perfection V850/2026-01-13/2026-01-13_15-58-15/top_right,2026-01-13_15-58-15.top_right.jpg,/data/d3dbcf42e05429343a8e1a5966e3bcf0/Epson Perfection V850/2026-01-13/2026-01-13_15-58-15/top_right/2026-01-13_15-58-15.top_right.jpg,2026-01-13_15-58-15.top_right.thumb.jpg,f4b3f70693284ad9b6a7bd19eb02b3d5,top_right,"[110.5, 45.0, 200.0, 135.0]",jpg,3200,0,epsonscan2,esci2:usb:ES00FE:337,Epson Perfection V850,d3dbcf42e05429343a8e1a5966e3bcf0,epsonscan2:Epson Perfection V850::esci2:usb:ES00FE:337,/data,{},DROSO_04_SIM_19_M,crop_2026-01-13_15-58-15.top_right_CROPNUMBER_2_UUID_DROSO_04_SIM_19_M.png,"[8159, 7499, 8594, 7887]",0.9507133960723877,1.0,00_data/01_segmented/crops,00_data/01_segmented/crops/crop_2026-01-13_15-58-15.top_right_CROPNUMBER_2_UUID_DROSO_04_SIM_19_M.json,00_data/01_segmented/crops/crop_2026-01-13_15-58-15.top_right_CROPNUMBER_2_UUID_DROSO_04_SIM_19_M.png,crops,
2026-01-13T15:58:15.447485,/data/d3dbcf42e05429343a8e1a5966e3bcf0/Epson Perfection V850/2026-01-13/2026-01-13_15-58-15/top_left,2026-01-13_15-58-15.top_left.jpg,/data/d3dbcf42e05429343a8e1a5966e3bcf0/Epson Perfection V850/2026-01-13/2026-01-13_15-58-15/top_left/2026-01-13_15-58-15.top_left.jpg,2026-01-13_15-58-15.top_left.thumb.jpg,06b4b76a8baf9e9d6a949609e6c4b9d4,top_left,"[22.0, 45.0, 110.0, 135.0]",jpg,3200,0,epsonscan2,esci2:usb:ES00FE:337,Epson Perfection V850,d3dbcf42e05429343a8e1a5966e3bcf0,epsonscan2:Epson Perfection V850::esci2:usb:ES00FE:337,/data,{},DROSO_04_SIM_19_F,crop_2026-01-13_15-58-15.top_left_CROPNUMBER_22_UUID_DROSO_04_SIM_19_F.png,"[3408, 8425, 3883, 8669]",0.9282814860343933,0.6028218259357906,00_data/01_segmented/crops,00_data/01_segmented/crops/crop_2026-01-13_15-58-15.top_left_CROPNUMBER_22_UUID_DROSO_04_SIM_19_F.json,00_data/01_segmented/crops/crop_2026-01-13_15-58-15.top_left_CROPNUMBER_22_UUID_DROSO_04_SIM_19_F.png,crops,
2026-01-13T15:58:15.447485,/data/d3dbcf42e05429343a8e1a5966e3bcf0/Epson Perfection V850/2026-01-13/2026-01-13_15-58-15/top_right,2026-01-13_15-58-15.top_right.jpg,/data/d3dbcf42e05429343a8e1a5966e3bcf0/Epson Perfection V850/2026-01-13/2026-01-13_15-58-15/top_right/2026-01-13_15-58-15.top_right.jpg,2026-01-13_15-58-15.top_right.thumb.jpg,f4b3f70693284ad9b6a7bd19eb02b3d5,top_right,"[110.5, 45.0, 200.0, 135.0]",jpg,3200,0,epsonscan2,esci2:usb:ES00FE:337,Epson Perfection V850,d3dbcf42e05429343a8e1a5966e3bcf0,epsonscan2:Epson Perfection V850::esci2:usb:ES00FE:337,/data,{},DROSO_04_SIM_19_M,crop_2026-01-13_15-58-15.top_right_CROPNUMBER_20_UUID_DROSO_04_SIM_19_M.png,"[3216, 8055, 3494, 8548]",0.916113555431366,0.6027106630904797,00_data/01_segmented/crops,00_data/01_segmented/crops/crop_2026-01-13_15-58-15.top_right_CROPNUMBER_20_UUID_DROSO_04_SIM_19_M.json,00_data/01_segmented/crops/crop_2026-01-13_15-58-15.top_right_CROPNUMBER_20_UUID_DROSO_04_SIM_19_M.png,crops,
2026-01-13T15:52:35.076944,/data/d3dbcf42e05429343a8e1a5966e3bcf0/Epson Perfection V850/2026-01-13/2026-01-13_15-52-35/top_right,2026-01-13_15-52-35.top_right.jpg,/data/d3dbcf42e05429343a8e1a5966e3bcf0/Epson Perfection V850/2026-01-13/2026-01-13_15-52-35/top_right/2026-01-13_15-52-35.top_right.jpg,2026-01-13_15-52-35.top_right.thumb.jpg,21ba2cf23da353b8d840e52696871b60,top_right,"[110.5, 45.0, 200.0, 135.0]",jpg,3200,0,epsonscan2,esci2:usb:ES00FE:337,Epson Perfection V850,d3dbcf42e05429343a8e1a5966e3bcf0,epsonscan2:Epson Perfection V850::esci2:usb:ES00FE:337,/data,{},DROSO_03_SIM_19_M,crop_2026-01-13_15-52-35.top_right_CROPNUMBER_2_UUID_DROSO_03_SIM_19_M.png,"[5581, 7752, 5911, 8132]",0.9458406567573547,0.6027106630904797,00_data/01_segmented/crops,00_data/01_segmented/crops/crop_2026-01-13_15-52-35.top_right_CROPNUMBER_2_UUID_DROSO_03_SIM_19_M.json,00_data/01_segmented/crops/crop_2026-01-13_15-52-35.top_right_CROPNUMBER_2_UUID_DROSO_03_SIM_19_M.png,crops,
2026-01-13T15:52:35.076944,/data/d3dbcf42e05429343a8e1a5966e3bcf0/Epson Perfection V850/2026-01-13/2026-01-13_15-52-35/top_right,2026-01-13_15-52-35.top_right.jpg,/data/d3dbcf42e05429343a8e1a5966e3bcf0/Epson Perfection V850/2026-01-13/2026-01-13_15-52-35/top_right/2026-01-13_15-52-35.top_right.jpg,2026-01-13_15-52-35.top_right.thumb.jpg,21ba2cf23da353b8d840e52696871b60,top_right,"[110.5, 45.0, 200.0, 135.0]",jpg,3200,0,epsonscan2,esci2:usb:ES00FE:337,Epson Perfection V850,d3dbcf42e05429343a8e1a5966e3bcf0,epsonscan2:Epson Perfection V850::esci2:usb:ES00FE:337,/data,{},DROSO_03_SIM_19_M,crop_2026-01-13_15-52-35.top_right_CROPNUMBER_20_UUID_DROSO_03_SIM_19_M.png,"[6170, 8207, 6772, 8578]",0.928954005241394,0.6027106630904797,00_data/01_segmented/crops,00_data/01_segmented/crops/crop_2026-01-13_15-52-35.top_right_CROPNUMBER_20_UUID_DROSO_03_SIM_19_M.json,00_data/01_segmented/crops/crop_2026-01-13_15-52-35.top_right_CROPNUMBER_20_UUID_DROSO_03_SIM_19_M.png,crops,
2026-01-13T16:22:42.229986,/data/d3dbcf42e05429343a8e1a5966e3bcf0/Epson Perfection V850/2026-01-13/2026-01-13_16-22-42/top_right,2026-01-13_16-22-42.top_right.jpg,/data/d3dbcf42e05429343a8e1a5966e3bcf0/Epson Perfection V850/2026-01-13/2026-01-13_16-22-42/top_right/2026-01-13_16-22-42.top_right.jpg,2026-01-13_16-22-42.top_right.thumb.jpg,a62b428f433471233371d44992128bb0,top_right,"[110.5, 45.0, 200.0, 135.0]",jpg,3200,0,epsonscan2,esci2:usb:ES00FE:337,Epson Perfection V850,d3dbcf42e05429343a8e1a5966e3bcf0,epsonscan2:Epson Perfection V850::esci2:usb:ES00FE:337,/data,{},DROSO_03_MEL_19_M,crop_2026-01-13_16-22-42.top_right_CROPNUMBER_32_UUID_DROSO_03_MEL_19_M.png,"[3355, 5907, 3843, 6163]",0.9250055551528931,1.0,00_data/01_segmented/crops,00_data/01_segmented/crops/crop_2026-01-13_16-22-42.top_right_CROPNUMBER_32_UUID_DROSO_03_MEL_19_M.json,00_data/01_segmented/crops/crop_2026-01-13_16-22-42.top_right_CROPNUMBER_32_UUID_DROSO_03_MEL_19_M.png,crops,
2026-01-13T16:09:56.394761,/data/d3dbcf42e05429343a8e1a5966e3bcf0/Epson Perfection V850/2026-01-13/2026-01-13_16-09-56/top_left,2026-01-13_16-09-56.top_left.jpg,/data/d3dbcf42e05429343a8e1a5966e3bcf0/Epson Perfection V850/2026-01-13/2026-01-13_16-09-56/top_left/2026-01-13_16-09-56.top_left.jpg,2026-01-13_16-09-56.top_left.thumb.jpg,788d0971822fc839506e3180de7f3b36,top_left,"[22.0, 45.0, 110.0, 135.0]",jpg,3200,0,epsonscan2,esci2:usb:ES00FE:337,Epson Perfection V850,d3dbcf42e05429343a8e1a5966e3bcf0,epsonscan2:Epson Perfection V850::esci2:usb:ES00FE:337,/data,{},DROSO_01_MEL_19_F,crop_2026-01-13_16-09-56.top_left_CROPNUMBER_21_UUID_DROSO_01_MEL_19_F.png,"[4483, 8620, 4924, 9152]",0.9388812184333801,0.6028218259357906,00_data/01_segmented/crops,00_data/01_segmented/crops/crop_2026-01-13_16-09-56.top_left_CROPNUMBER_21_UUID_DROSO_01_MEL_19_F.json,00_data/01_segmented/crops/crop_2026-01-13_16-09-56.top_left_CROPNUMBER_21_UUID_DROSO_01_MEL_19_F.png,crops,
2026-01-13T16:17:02.422812,/data/d3dbcf42e05429343a8e1a5966e3bcf0/Epson Perfection V850/2026-01-13/2026-01-13_16-17-02/top_left,2026-01-13_16-17-02.top_left.jpg,/data/d3dbcf42e05429343a8e1a5966e3bcf0/Epson Perfection V850/2026-01-13/2026-01-13_16-17-02/top_left/2026-01-13_16-17-02.top_left.jpg,2026-01-13_16-17-02.top_left.thumb.jpg,73a37d7ec44337a23e2a64e1230cb14f,top_left,"[22.0, 45.0, 110.0, 135.0]",jpg,3200,0,epsonscan2,esci2:usb:ES00FE:337,Epson Perfection V850,d3dbcf42e05429343a8e1a5966e3bcf0,epsonscan2:Epson Perfection V850::esci2:usb:ES00FE:337,/data,{},DROSO_02_MEL_19_F,crop_2026-01-13_16-17-02.top_left_CROPNUMBER_1_UUID_DROSO_02_MEL_19_F.png,"[4673, 7324, 5121, 7679]",0.951361358165741,1.0,00_data/01_segmented/crops,00_data/01_segmented/crops/crop_2026-01-13_16-17-02.top_left_CROPNUMBER_1_UUID_DROSO_02_MEL_19_F.json,00_data/01_segmented/crops/crop_2026-01-13_16-17-02.top_left_CROPNUMBER_1_UUID_DROSO_02_MEL_19_F.png,crops,
2026-01-13T15:58:15.447485,/data/d3dbcf42e05429343a8e1a5966e3bcf0/Epson Perfection V850/2026-01-13/2026-01-13_15-58-15/top_left,2026-01-13_15-58-15.top_left.jpg,/data/d3dbcf42e05429343a8e1a5966e3bcf0/Epson Perfection V850/2026-01-13/2026-01-13_15-58-15/top_left/2026-01-13_15-58-15.top_left.jpg,2026-01-13_15-58-15.top_left.thumb.jpg,06b4b76a8baf9e9d6a949609e6c4b9d4,top_left,"[22.0, 45.0, 110.0, 135.0]",jpg,3200,0,epsonscan2,esci2:usb:ES00FE:337,Epson Perfection V850,d3dbcf42e05429343a8e1a5966e3bcf0,epsonscan2:Epson Perfection V850::esci2:usb:ES00FE:337,/data,{},DROSO_04_SIM_19_F,crop_2026-01-13_15-58-15.top_left_CROPNUMBER_13_UUID_DROSO_04_SIM_19_F.png,"[4606, 9750, 5018, 10219]",0.9354240894317627,0.6028218259357906,00_data/01_segmented/crops,00_data/01_segmented/crops/crop_2026-01-13_15-58-15.top_left_CROPNUMBER_13_UUID_DROSO_04_SIM_19_F.json,00_data/01_segmented/crops/crop_2026-01-13_15-58-15.top_left_CROPNUMBER_13_UUID_DROSO_04_SIM_19_F.png,crops,
2026-01-13T16:04:10.629205,/data/d3dbcf42e05429343a8e1a5966e3bcf0/Epson Perfection V850/2026-01-13/2026-01-13_16-04-10/top_left,2026-01-13_16-04-10.top_left.jpg,/data/d3dbcf42e05429343a8e1a5966e3bcf0/Epson Perfection V850/2026-01-13/2026-01-13_16-04-10/top_left/2026-01-13_16-04-10.top_left.jpg,2026-01-13_16-04-10.top_left.thumb.jpg,e5f859616a1ebf20cb8f61da5b2008c2,top_left,"[22.0, 45.0, 110.0, 135.0]",jpg,3200,0,epsonscan2,esci2:usb:ES00FE:337,Epson Perfection V850,d3dbcf42e05429343a8e1a5966e3bcf0,epsonscan2:Epson Perfection V850::esci2:usb:ES00FE:337,/data,{},DROSO_05_SIM_19_F,crop_2026-01-13_16-04-10.top_left_CROPNUMBER_24_UUID_DROSO_05_SIM_19_F.png,"[3064, 1422, 3354, 1722]",0.2699066400527954,1.0,00_data/01_segmented/crops,00_data/01_segmented/crops/crop_2026-01-13_16-04-10.top_left_CROPNUMBER_24_UUID_DROSO_05_SIM_19_F.json,00_data/01_segmented/crops/crop_2026-01-13_16-04-10.top_left_CROPNUMBER_24_UUID_DROSO_05_SIM_19_F.png,crops,
2026-01-13T15:58:15.447485,/data/d3dbcf42e05429343a8e1a5966e3bcf0/Epson Perfection V850/2026-01-13/2026-01-13_15-58-15/top_right,2026-01-13_15-58-15.top_right.jpg,/data/d3dbcf42e05429343a8e1a5966e3bcf0/Epson Perfection V850/2026-01-13/2026-01-13_15-58-15/top_right/2026-01-13_15-58-15.top_right.jpg,2026-01-13_15-58-15.top_right.thumb.jpg,f4b3f70693284ad9b6a7bd19eb02b3d5,top_right,"[110.5, 45.0, 200.0, 135.0]",jpg,3200,0,epsonscan2,esci2:usb:ES00FE:337,Epson Perfection V850,d3dbcf42e05429343a8e1a5966e3bcf0,epsonscan2:Epson Perfection V850::esci2:usb:ES00FE:337,/data,{},DROSO_04_SIM_19_M,crop_2026-01-13_15-58-15.top_right_CROPNUMBER_15_UUID_DROSO_04_SIM_19_M.png,"[5210, 6502, 5653, 7004]",0.9366443157196045,0.6027106630904797,00_data/01_segmented/crops,00_data/01_segmented/crops/crop_2026-01-13_15-58-15.top_right_CROPNUMBER_15_UUID_DROSO_04_SIM_19_M.json,00_data/01_segmented/crops/crop_2026-01-13_15-58-15.top_right_CROPNUMBER_15_UUID_DROSO_04_SIM_19_M.png,crops,
2026-01-13T15:40:38.651010,/data/d3dbcf42e05429343a8e1a5966e3bcf0/Epson Perfection V850/2026-01-13/2026-01-13_15-40-38/top_right,2026-01-13_15-40-38.top_right.jpg,/data/d3dbcf42e05429343a8e1a5966e3bcf0/Epson Perfection V850/2026-01-13/2026-01-13_15-40-38/top_right/2026-01-13_15-40-38.top_right.jpg,2026-01-13_15-40-38.top_right.thumb.jpg,b3a9f59be4eab6b9c284088e08fe2da7,top_right,"[110.5, 45.0, 200.0, 135.0]",jpg,3200,0,epsonscan2,esci2:usb:ES00FE:337,Epson Perfection V850,d3dbcf42e05429343a8e1a5966e3bcf0,epsonscan2:Epson Perfection V850::esci2:usb:ES00FE:337,/data,{},DROSO_01_SIM_19_M,crop_2026-01-13_15-40-38.top_right_CROPNUMBER_6_UUID_DROSO_01_SIM_19_M.png,"[4722, 7051, 5129, 7377]",0.9420649409294128,1.0,00_data/01_segmented/crops,00_data/01_segmented/crops/crop_2026-01-13_15-40-38.top_right_CROPNUMBER_6_UUID_DROSO_01_SIM_19_M.json,00_data/01_segmented/crops/crop_2026-01-13_15-40-38.top_right_CROPNUMBER_6_UUID_DROSO_01_SIM_19_M.png,crops,
2026-01-13T16:04:10.629205,/data/d3dbcf42e05429343a8e1a5966e3bcf0/Epson Perfection V850/2026-01-13/2026-01-13_16-04-10/top_left,2026-01-13_16-04-10.top_left.jpg,/data/d3dbcf42e05429343a8e1a5966e3bcf0/Epson Perfection V850/2026-01-13/2026-01-13_16-04-10/top_left/2026-01-13_16-04-10.top_left.jpg,2026-01-13_16-04-10.top_left.thumb.jpg,e5f859616a1ebf20cb8f61da5b2008c2,top_left,"[22.0, 45.0, 110.0, 135.0]",jpg,3200,0,epsonscan2,esci2:usb:ES00FE:337,Epson Perfection V850,d3dbcf42e05429343a8e1a5966e3bcf0,epsonscan2:Epson Perfection V850::esci2:usb:ES00FE:337,/data,{},DROSO_05_SIM_19_F,crop_2026-01-13_16-04-10.top_left_CROPNUMBER_1_UUID_DROSO_05_SIM_19_F.png,"[4598, 5882, 5028, 6336]",0.9524405598640442,0.6028218259357906,00_data/01_segmented/crops,00_data/01_segmented/crops/crop_2026-01-13_16-04-10.top_left_CROPNUMBER_1_UUID_DROSO_05_SIM_19_F.json,00_data/01_segmented/crops/crop_2026-01-13_16-04-10.top_left_CROPNUMBER_1_UUID_DROSO_05_SIM_19_F.png,crops,
2026-01-13T16:04:10.629205,/data/d3dbcf42e05429343a8e1a5966e3bcf0/Epson Perfection V850/2026-01-13/2026-01-13_16-04-10/top_left,2026-01-13_16-04-10.top_left.jpg,/data/d3dbcf42e05429343a8e1a5966e3bcf0/Epson Perfection V850/2026-01-13/2026-01-13_16-04-10/top_left/2026-01-13_16-04-10.top_left.jpg,2026-01-13_16-04-10.top_left.thumb.jpg,e5f859616a1ebf20cb8f61da5b2008c2,top_left,"[22.0, 45.0, 110.0, 135.0]",jpg,3200,0,epsonscan2,esci2:usb:ES00FE:337,Epson Perfection V850,d3dbcf42e05429343a8e1a5966e3bcf0,epsonscan2:Epson Perfection V850::esci2:usb:ES00FE:337,/data,{},DROSO_05_SIM_19_F,crop_2026-01-13_16-04-10.top_left_CROPNUMBER_20_UUID_DROSO_05_SIM_19_F.png,"[5930, 7414, 6398, 7886]",0.9331361055374146,0.6028218259357906,00_data/01_segmented/crops,00_data/01_segmented/crops/crop_2026-01-13_16-04-10.top_left_CROPNUMBER_20_UUID_DROSO_05_SIM_19_F.json,00_data/01_segmented/crops/crop_2026-01-13_16-04-10.top_left_CROPNUMBER_20_UUID_DROSO_05_SIM_19_F.png,crops,
2026-01-13T16:09:56.394761,/data/d3dbcf42e05429343a8e1a5966e3bcf0/Epson Perfection V850/2026-01-13/2026-01-13_16-09-56/top_right,2026-01-13_16-09-56.top_right.jpg,/data/d3dbcf42e05429343a8e1a5966e3bcf0/Epson Perfection V850/2026-01-13/2026-01-13_16-09-56/top_right/2026-01-13_16-09-56.top_right.jpg,2026-01-13_16-09-56.top_right.thumb.jpg,aee7ff74e98fd3cb0d78628f63d1119f,top_right,"[110.5, 45.0, 200.0, 135.0]",jpg,3200,0,epsonscan2,esci2:usb:ES00FE:337,Epson Perfection V850,d3dbcf42e05429343a8e1a5966e3bcf0,epsonscan2:Epson Perfection V850::esci2:usb:ES00FE:337,/data,{},DROSO_01_MEL_19_M,crop_2026-01-13_16-09-56.top_right_CROPNUMBER_7_UUID_DROSO_01_MEL_19_M.png,"[2351, 7025, 2761, 7438]",0.945074200630188,1.0,00_data/01_segmented/crops,00_data/01_segmented/crops/crop_2026-01-13_16-09-56.top_right_CROPNUMBER_7_UUID_DROSO_01_MEL_19_M.json,00_data/01_segmented/crops/crop_2026-01-13_16-09-56.top_right_CROPNUMBER_7_UUID_DROSO_01_MEL_19_M.png,crops,
2026-01-13T16:04:10.629205,/data/d3dbcf42e05429343a8e1a5966e3bcf0/Epson Perfection V850/2026-01-13/2026-01-13_16-04-10/top_right,2026-01-13_16-04-10.top_right.jpg,/data/d3dbcf42e05429343a8e1a5966e3bcf0/Epson Perfection V850/2026-01-13/2026-01-13_16-04-10/top_right/2026-01-13_16-04-10.top_right.jpg,2026-01-13_16-04-10.top_right.thumb.jpg,3126fa75aee2fe2913a08ebebfa0ed4f,top_right,"[110.5, 45.0, 200.0, 135.0]",jpg,3200,0,epsonscan2,esci2:usb:ES00FE:337,Epson Perfection V850,d3dbcf42e05429343a8e1a5966e3bcf0,epsonscan2:Epson Perfection V850::esci2:usb:ES00FE:337,/data,{},DROSO_05_SIM_19_M,crop_2026-01-13_16-04-10.top_right_CROPNUMBER_7_UUID_DROSO_05_SIM_19_M.png,"[5447, 10041, 5835, 10384]",0.9376050233840942,0.6027106630904797,00_data/01_segmented/crops,00_data/01_segmented/crops/crop_2026-01-13_16-04-10.top_right_CROPNUMBER_7_UUID_DROSO_05_SIM_19_M.json,00_data/01_segmented/crops/crop_2026-01-13_16-04-10.top_right_CROPNUMBER_7_UUID_DROSO_05_SIM_19_M.png,crops,
2026-01-13T15:40:38.651010,/data/d3dbcf42e05429343a8e1a5966e3bcf0/Epson Perfection V850/2026-01-13/2026-01-13_15-40-38/top_right,2026-01-13_15-40-38.top_right.jpg,/data/d3dbcf42e05429343a8e1a5966e3bcf0/Epson Perfection V850/2026-01-13/2026-01-13_15-40-38/top_right/2026-01-13_15-40-38.top_right.jpg,2026-01-13_15-40-38.top_right.thumb.jpg,b3a9f59be4eab6b9c284088e08fe2da7,top_right,"[110.5, 45.0, 200.0, 135.0]",jpg,3200,0,epsonscan2,esci2:usb:ES00FE:337,Epson Perfection V850,d3dbcf42e05429343a8e1a5966e3bcf0,epsonscan2:Epson Perfection V850::esci2:usb:ES00FE:337,/data,{},DROSO_01_SIM_19_M,crop_2026-01-13_15-40-38.top_right_CROPNUMBER_15_UUID_DROSO_01_SIM_19_M.png,"[5648, 7743, 6106, 8153]",0.9322259426116943,0.6027106630904797,00_data/01_segmented/crops,00_data/01_segmented/crops/crop_2026-01-13_15-40-38.top_right_CROPNUMBER_15_UUID_DROSO_01_SIM_19_M.json,00_data/01_segmented/crops/crop_2026-01-13_15-40-38.top_right_CROPNUMBER_15_UUID_DROSO_01_SIM_19_M.png,crops,
2026-01-13T16:17:02.422812,/data/d3dbcf42e05429343a8e1a5966e3bcf0/Epson Perfection V850/2026-01-13/2026-01-13_16-17-02/top_right,2026-01-13_16-17-02.top_right.jpg,/data/d3dbcf42e05429343a8e1a5966e3bcf0/Epson Perfection V850/2026-01-13/2026-01-13_16-17-02/top_right/2026-01-13_16-17-02.top_right.jpg,2026-01-13_16-17-02.top_right.thumb.jpg,dba0ed76fe036a6b6c2f125e044f31c3,top_right,"[110.5, 45.0, 200.0, 135.0]",jpg,3200,0,epsonscan2,esci2:usb:ES00FE:337,Epson Perfection V850,d3dbcf42e05429343a8e1a5966e3bcf0,epsonscan2:Epson Perfection V850::esci2:usb:ES00FE:337,/data,{},DROSO_02_MEL_19_M,crop_2026-01-13_16-17-02.top_right_CROPNUMBER_17_UUID_DROSO_02_MEL_19_M.png,"[2759, 6992, 3226, 7294]",0.935073733329773,1.0,00_data/01_segmented/crops,00_data/01_segmented/crops/crop_2026-01-13_16-17-02.top_right_CROPNUMBER_17_UUID_DROSO_02_MEL_19_M.json,00_data/01_segmented/crops/crop_2026-01-13_16-17-02.top_right_CROPNUMBER_17_UUID_DROSO_02_MEL_19_M.png,crops,
2026-01-13T16:04:10.629205,/data/d3dbcf42e05429343a8e1a5966e3bcf0/Epson Perfection V850/2026-01-13/2026-01-13_16-04-10/top_right,2026-01-13_16-04-10.top_right.jpg,/data/d3dbcf42e05429343a8e1a5966e3bcf0/Epson Perfection V850/2026-01-13/2026-01-13_16-04-10/top_right/2026-01-13_16-04-10.top_right.jpg,2026-01-13_16-04-10.top_right.thumb.jpg,3126fa75aee2fe2913a08ebebfa0ed4f,top_right,"[110.5, 45.0, 200.0, 135.0]",jpg,3200,0,epsonscan2,esci2:usb:ES00FE:337,Epson Perfection V850,d3dbcf42e05429343a8e1a5966e3bcf0,epsonscan2:Epson Perfection V850::esci2:usb:ES00FE:337,/data,{},DROSO_05_SIM_19_M,crop_2026-01-13_16-04-10.top_right_CROPNUMBER_0_UUID_DROSO_05_SIM_19_M.png,"[6911, 6765, 7348, 7123]",0.9530428647994995,1.0,00_data/01_segmented/crops,00_data/01_segmented/crops/crop_2026-01-13_16-04-10.top_right_CROPNUMBER_0_UUID_DROSO_05_SIM_19_M.json,00_data/01_segmented/crops/crop_2026-01-13_16-04-10.top_right_CROPNUMBER_0_UUID_DROSO_05_SIM_19_M.png,crops,
2026-01-13T15:46:54.437940,/data/d3dbcf42e05429343a8e1a5966e3bcf0/Epson Perfection V850/2026-01-13/2026-01-13_15-46-54/top_left,2026-01-13_15-46-54.top_left.jpg,/data/d3dbcf42e05429343a8e1a5966e3bcf0/Epson Perfection V850/2026-01-13/2026-01-13_15-46-54/top_left/2026-01-13_15-46-54.top_left.jpg,2026-01-13_15-46-54.top_left.thumb.jpg,5483407fad8572e990edf163cad31d3d,top_left,"[22.0, 45.0, 110.0, 135.0]",jpg,3200,0,epsonscan2,esci2:usb:ES00FE:337,Epson Perfection V850,d3dbcf42e05429343a8e1a5966e3bcf0,epsonscan2:Epson Perfection V850::esci2:usb:ES00FE:337,/data,{},DROSO_02_SIM_19_F,crop_2026-01-13_15-46-54.top_left_CROPNUMBER_16_UUID_DROSO_02_SIM_19_F.png,"[2671, 5399, 2920, 5878]",0.9190257787704468,0.6028218259357906,00_data/01_segmented/crops,00_data/01_segmented/crops/crop_2026-01-13_15-46-54.top_left_CROPNUMBER_16_UUID_DROSO_02_SIM_19_F.json,00_data/01_segmented/crops/crop_2026-01-13_15-46-54.top_left_CROPNUMBER_16_UUID_DROSO_02_SIM_19_F.png,crops,
2026-01-13T16:04:10.629205,/data/d3dbcf42e05429343a8e1a5966e3bcf0/Epson Perfection V850/2026-01-13/2026-01-13_16-04-10/top_right,2026-01-13_16-04-10.top_right.jpg,/data/d3dbcf42e05429343a8e1a5966e3bcf0/Epson Perfection V850/2026-01-13/2026-01-13_16-04-10/top_right/2026-01-13_16-04-10.top_right.jpg,2026-01-13_16-04-10.top_right.thumb.jpg,3126fa75aee2fe2913a08ebebfa0ed4f,top_right,"[110.5, 45.0, 200.0, 135.0]",jpg,3200,0,epsonscan2,esci2:usb:ES00FE:337,Epson Perfection V850,d3dbcf42e05429343a8e1a5966e3bcf0,epsonscan2:Epson Perfection V850::esci2:usb:ES00FE:337,/data,{},DROSO_05_SIM_19_M,crop_2026-01-13_16-04-10.top_right_CROPNUMBER_16_UUID_DROSO_05_SIM_19_M.png,"[3363, 7370, 3688, 7791]",0.9271446466445923,1.0,00_data/01_segmented/crops,00_data/01_segmented/crops/crop_2026-01-13_16-04-10.top_right_CROPNUMBER_16_UUID_DROSO_05_SIM_19_M.json,00_data/01_segmented/crops/crop_2026-01-13_16-04-10.top_right_CROPNUMBER_16_UUID_DROSO_05_SIM_19_M.png,crops,
2026-01-13T15:58:15.447485,/data/d3dbcf42e05429343a8e1a5966e3bcf0/Epson Perfection V850/2026-01-13/2026-01-13_15-58-15/top_right,2026-01-13_15-58-15.top_right.jpg,/data/d3dbcf42e05429343a8e1a5966e3bcf0/Epson Perfection V850/2026-01-13/2026-01-13_15-58-15/top_right/2026-01-13_15-58-15.top_right.jpg,2026-01-13_15-58-15.top_right.thumb.jpg,f4b3f70693284ad9b6a7bd19eb02b3d5,top_right,"[110.5, 45.0, 200.0, 135.0]",jpg,3200,0,epsonscan2,esci2:usb:ES00FE:337,Epson Perfection V850,d3dbcf42e05429343a8e1a5966e3bcf0,epsonscan2:Epson Perfection V850::esci2:usb:ES00FE:337,/data,{},DROSO_04_SIM_19_M,crop_2026-01-13_15-58-15.top_right_CROPNUMBER_10_UUID_DROSO_04_SIM_19_M.png,"[2482, 7257, 2909, 7585]",0.9450517296791077,1.0,00_data/01_segmented/crops,00_data/01_segmented/crops/crop_2026-01-13_15-58-15.top_right_CROPNUMBER_10_UUID_DROSO_04_SIM_19_M.json,00_data/01_segmented/crops/crop_2026-01-13_15-58-15.top_right_CROPNUMBER_10_UUID_DROSO_04_SIM_19_M.png,crops,
2026-01-13T16:22:42.229986,/data/d3dbcf42e05429343a8e1a5966e3bcf0/Epson Perfection V850/2026-01-13/2026-01-13_16-22-42/top_right,2026-01-13_16-22-42.top_right.jpg,/data/d3dbcf42e05429343a8e1a5966e3bcf0/Epson Perfection V850/2026-01-13/2026-01-13_16-22-42/top_right/2026-01-13_16-22-42.top_right.jpg,2026-01-13_16-22-42.top_right.thumb.jpg,a62b428f433471233371d44992128bb0,top_right,"[110.5, 45.0, 200.0, 135.0]",jpg,3200,0,epsonscan2,esci2:usb:ES00FE:337,Epson Perfection V850,d3dbcf42e05429343a8e1a5966e3bcf0,epsonscan2:Epson Perfection V850::esci2:usb:ES00FE:337,/data,{},DROSO_03_MEL_19_M,crop_2026-01-13_16-22-42.top_right_CROPNUMBER_9_UUID_DROSO_03_MEL_19_M.png,"[7661, 8685, 8061, 9034]",0.9405316114425659,1.0,00_data/01_segmented/crops,00_data/01_segmented/crops/crop_2026-01-13_16-22-42.top_right_CROPNUMBER_9_UUID_DROSO_03_MEL_19_M.json,00_data/01_segmented/crops/crop_2026-01-13_16-22-42.top_right_CROPNUMBER_9_UUID_DROSO_03_MEL_19_M.png,crops,
2026-01-13T16:04:10.629205,/data/d3dbcf42e05429343a8e1a5966e3bcf0/Epson Perfection V850/2026-01-13/2026-01-13_16-04-10/top_right,2026-01-13_16-04-10.top_right.jpg,/data/d3dbcf42e05429343a8e1a5966e3bcf0/Epson Perfection V850/2026-01-13/2026-01-13_16-04-10/top_right/2026-01-13_16-04-10.top_right.jpg,2026-01-13_16-04-10.top_right.thumb.jpg,3126fa75aee2fe2913a08ebebfa0ed4f,top_right,"[110.5, 45.0, 200.0, 135.0]",jpg,3200,0,epsonscan2,esci2:usb:ES00FE:337,Epson Perfection V850,d3dbcf42e05429343a8e1a5966e3bcf0,epsonscan2:Epson Perfection V850::esci2:usb:ES00FE:337,/data,{},DROSO_05_SIM_19_M,crop_2026-01-13_16-04-10.top_right_CROPNUMBER_15_UUID_DROSO_05_SIM_19_M.png,"[6579, 8333, 7006, 8571]",0.9286786913871765,0.6027106630904797,00_data/01_segmented/crops,00_data/01_segmented/crops/crop_2026-01-13_16-04-10.top_right_CROPNUMBER_15_UUID_DROSO_05_SIM_19_M.json,00_data/01_segmented/crops/crop_2026-01-13_16-04-10.top_right_CROPNUMBER_15_UUID_DROSO_05_SIM_19_M.png,crops,
2026-01-13T15:58:15.447485,/data/d3dbcf42e05429343a8e1a5966e3bcf0/Epson Perfection V850/2026-01-13/2026-01-13_15-58-15/top_left,2026-01-13_15-58-15.top_left.jpg,/data/d3dbcf42e05429343a8e1a5966e3bcf0/Epson Perfection V850/2026-01-13/2026-01-13_15-58-15/top_left/2026-01-13_15-58-15.top_left.jpg,2026-01-13_15-58-15.top_left.thumb.jpg,06b4b76a8baf9e9d6a949609e6c4b9d4,top_left,"[22.0, 45.0, 110.0, 135.0]",jpg,3200,0,epsonscan2,esci2:usb:ES00FE:337,Epson Perfection V850,d3dbcf42e05429343a8e1a5966e3bcf0,epsonscan2:Epson Perfection V850::esci2:usb:ES00FE:337,/data,{},DROSO_04_SIM_19_F,crop_2026-01-13_15-58-15.top_left_CROPNUMBER_5_UUID_DROSO_04_SIM_19_F.png,"[3817, 7100, 4232, 7545]",0.9422012567520142,1.0,00_data/01_segmented/crops,00_data/01_segmented/crops/crop_2026-01-13_15-58-15.top_left_CROPNUMBER_5_UUID_DROSO_04_SIM_19_F.json,00_data/01_segmented/crops/crop_2026-01-13_15-58-15.top_left_CROPNUMBER_5_UUID_DROSO_04_SIM_19_F.png,crops,
2026-01-13T16:22:42.229986,/data/d3dbcf42e05429343a8e1a5966e3bcf0/Epson Perfection V850/2026-01-13/2026-01-13_16-22-42/top_left,2026-01-13_16-22-42.top_left.jpg,/data/d3dbcf42e05429343a8e1a5966e3bcf0/Epson Perfection V850/2026-01-13/2026-01-13_16-22-42/top_left/2026-01-13_16-22-42.top_left.jpg,2026-01-13_16-22-42.top_left.thumb.jpg,f331f82ac6dcbf4a1318ddee5307a618,top_left,"[22.0, 45.0, 110.0, 135.0]",jpg,3200,0,epsonscan2,esci2:usb:ES00FE:337,Epson Perfection V850,d3dbcf42e05429343a8e1a5966e3bcf0,epsonscan2:Epson Perfection V850::esci2:usb:ES00FE:337,/data,{},DROSO_03_MEL_19_F,crop_2026-01-13_16-22-42.top_left_CROPNUMBER_15_UUID_DROSO_03_MEL_19_F.png,"[1973, 7042, 2437, 7595]",0.9365861415863037,0.6028218259357906,00_data/01_segmented/crops,00_data/01_segmented/crops/crop_2026-01-13_16-22-42.top_left_CROPNUMBER_15_UUID_DROSO_03_MEL_19_F.json,00_data/01_segmented/crops/crop_2026-01-13_16-22-42.top_left_CROPNUMBER_15_UUID_DROSO_03_MEL_19_F.png,crops,
2026-01-13T15:46:54.437940,/data/d3dbcf42e05429343a8e1a5966e3bcf0/Epson Perfection V850/2026-01-13/2026-01-13_15-46-54/top_left,2026-01-13_15-46-54.top_left.jpg,/data/d3dbcf42e05429343a8e1a5966e3bcf0/Epson Perfection V850/2026-01-13/2026-01-13_15-46-54/top_left/2026-01-13_15-46-54.top_left.jpg,2026-01-13_15-46-54.top_left.thumb.jpg,5483407fad8572e990edf163cad31d3d,top_left,"[22.0, 45.0, 110.0, 135.0]",jpg,3200,0,epsonscan2,esci2:usb:ES00FE:337,Epson Perfection V850,d3dbcf42e05429343a8e1a5966e3bcf0,epsonscan2:Epson Perfection V850::esci2:usb:ES00FE:337,/data,{},DROSO_02_SIM_19_F,crop_2026-01-13_15-46-54.top_left_CROPNUMBER_0_UUID_DROSO_02_SIM_19_F.png,"[4703, 5192, 5158, 5527]",0.9416413307189941,1.0,00_data/01_segmented/crops,00_data/01_segmented/crops/crop_2026-01-13_15-46-54.top_left_CROPNUMBER_0_UUID_DROSO_02_SIM_19_F.json,00_data/01_segmented/crops/crop_2026-01-13_15-46-54.top_left_CROPNUMBER_0_UUID_DROSO_02_SIM_19_F.png,crops,
2026-01-13T15:46:54.437940,/data/d3dbcf42e05429343a8e1a5966e3bcf0/Epson Perfection V850/2026-01-13/2026-01-13_15-46-54/top_left,2026-01-13_15-46-54.top_left.jpg,/data/d3dbcf42e05429343a8e1a5966e3bcf0/Epson Perfection V850/2026-01-13/2026-01-13_15-46-54/top_left/2026-01-13_15-46-54.top_left.jpg,2026-01-13_15-46-54.top_left.thumb.jpg,5483407fad8572e990edf163cad31d3d,top_left,"[22.0, 45.0, 110.0, 135.0]",jpg,3200,0,epsonscan2,esci2:usb:ES00FE:337,Epson Perfection V850,d3dbcf42e05429343a8e1a5966e3bcf0,epsonscan2:Epson Perfection V850::esci2:usb:ES00FE:337,/data,{},DROSO_02_SIM_19_F,crop_2026-01-13_15-46-54.top_left_CROPNUMBER_2_UUID_DROSO_02_SIM_19_F.png,"[2948, 6696, 3426, 6943]",0.9381360411643982,1.0,00_data/01_segmented/crops,00_data/01_segmented/crops/crop_2026-01-13_15-46-54.top_left_CROPNUMBER_2_UUID_DROSO_02_SIM_19_F.json,00_data/01_segmented/crops/crop_2026-01-13_15-46-54.top_left_CROPNUMBER_2_UUID_DROSO_02_SIM_19_F.png,crops,
2026-01-13T16:17:02.422812,/data/d3dbcf42e05429343a8e1a5966e3bcf0/Epson Perfection V850/2026-01-13/2026-01-13_16-17-02/top_right,2026-01-13_16-17-02.top_right.jpg,/data/d3dbcf42e05429343a8e1a5966e3bcf0/Epson Perfection V850/2026-01-13/2026-01-13_16-17-02/top_right/2026-01-13_16-17-02.top_right.jpg,2026-01-13_16-17-02.top_right.thumb.jpg,dba0ed76fe036a6b6c2f125e044f31c3,top_right,"[110.5, 45.0, 200.0, 135.0]",jpg,3200,0,epsonscan2,esci2:usb:ES00FE:337,Epson Perfection V850,d3dbcf42e05429343a8e1a5966e3bcf0,epsonscan2:Epson Perfection V850::esci2:usb:ES00FE:337,/data,{},DROSO_02_MEL_19_M,crop_2026-01-13_16-17-02.top_right_CROPNUMBER_29_UUID_DROSO_02_MEL_19_M.png,"[8537, 7823, 9070, 8138]",0.9251242876052856,0.6027106630904797,00_data/01_segmented/crops,00_data/01_segmented/crops/crop_2026-01-13_16-17-02.top_right_CROPNUMBER_29_UUID_DROSO_02_MEL_19_M.json,00_data/01_segmented/crops/crop_2026-01-13_16-17-02.top_right_CROPNUMBER_29_UUID_DROSO_02_MEL_19_M.png,crops,
2026-01-13T15:58:15.447485,/data/d3dbcf42e05429343a8e1a5966e3bcf0/Epson Perfection V850/2026-01-13/2026-01-13_15-58-15/top_left,2026-01-13_15-58-15.top_left.jpg,/data/d3dbcf42e05429343a8e1a5966e3bcf0/Epson Perfection V850/2026-01-13/2026-01-13_15-58-15/top_left/2026-01-13_15-58-15.top_left.jpg,2026-01-13_15-58-15.top_left.thumb.jpg,06b4b76a8baf9e9d6a949609e6c4b9d4,top_left,"[22.0, 45.0, 110.0, 135.0]",jpg,3200,0,epsonscan2,esci2:usb:ES00FE:337,Epson Perfection V850,d3dbcf42e05429343a8e1a5966e3bcf0,epsonscan2:Epson Perfection V850::esci2:usb:ES00FE:337,/data,{},DROSO_04_SIM_19_F,crop_2026-01-13_15-58-15.top_left_CROPNUMBER_2_UUID_DROSO_04_SIM_19_F.png,"[4828, 8324, 5208, 8798]",0.9485247731208801,1.0,00_data/01_segmented/crops,00_data/01_segmented/crops/crop_2026-01-13_15-58-15.top_left_CROPNUMBER_2_UUID_DROSO_04_SIM_19_F.json,00_data/01_segmented/crops/crop_2026-01-13_15-58-15.top_left_CROPNUMBER_2_UUID_DROSO_04_SIM_19_F.png,crops,
2026-01-13T16:09:56.394761,/data/d3dbcf42e05429343a8e1a5966e3bcf0/Epson Perfection V850/2026-01-13/2026-01-13_16-09-56/top_right,2026-01-13_16-09-56.top_right.jpg,/data/d3dbcf42e05429343a8e1a5966e3bcf0/Epson Perfection V850/2026-01-13/2026-01-13_16-09-56/top_right/2026-01-13_16-09-56.top_right.jpg,2026-01-13_16-09-56.top_right.thumb.jpg,aee7ff74e98fd3cb0d78628f63d1119f,top_right,"[110.5, 45.0, 200.0, 135.0]",jpg,3200,0,epsonscan2,esci2:usb:ES00FE:337,Epson Perfection V850,d3dbcf42e05429343a8e1a5966e3bcf0,epsonscan2:Epson Perfection V850::esci2:usb:ES00FE:337,/data,{},DROSO_01_MEL_19_M,crop_2026-01-13_16-09-56.top_right_CROPNUMBER_41_UUID_DROSO_01_MEL_19_M.png,"[3474, 5530, 3880, 6010]",0.9360435605049133,0.6027106630904797,00_data/01_segmented/crops,00_data/01_segmented/crops/crop_2026-01-13_16-09-56.top_right_CROPNUMBER_41_UUID_DROSO_01_MEL_19_M.json,00_data/01_segmented/crops/crop_2026-01-13_16-09-56.top_right_CROPNUMBER_41_UUID_DROSO_01_MEL_19_M.png,crops,
2026-01-13T16:09:56.394761,/data/d3dbcf42e05429343a8e1a5966e3bcf0/Epson Perfection V850/2026-01-13/2026-01-13_16-09-56/top_left,2026-01-13_16-09-56.top_left.jpg,/data/d3dbcf42e05429343a8e1a5966e3bcf0/Epson Perfection V850/2026-01-13/2026-01-13_16-09-56/top_left/2026-01-13_16-09-56.top_left.jpg,2026-01-13_16-09-56.top_left.thumb.jpg,788d0971822fc839506e3180de7f3b36,top_left,"[22.0, 45.0, 110.0, 135.0]",jpg,3200,0,epsonscan2,esci2:usb:ES00FE:337,Epson Perfection V850,d3dbcf42e05429343a8e1a5966e3bcf0,epsonscan2:Epson Perfection V850::esci2:usb:ES00FE:337,/data,{},DROSO_01_MEL_19_F,crop_2026-01-13_16-09-56.top_left_CROPNUMBER_16_UUID_DROSO_01_MEL_19_F.png,"[8641, 8099, 9216, 8498]",0.9408480525016785,1.0,00_data/01_segmented/crops,00_data/01_segmented/crops/crop_2026-01-13_16-09-56.top_left_CROPNUMBER_16_UUID_DROSO_01_MEL_19_F.json,00_data/01_segmented/crops/crop_2026-01-13_16-09-56.top_left_CROPNUMBER_16_UUID_DROSO_01_MEL_19_F.png,crops,
2026-01-13T16:09:56.394761,/data/d3dbcf42e05429343a8e1a5966e3bcf0/Epson Perfection V850/2026-01-13/2026-01-13_16-09-56/top_right,2026-01-13_16-09-56.top_right.jpg,/data/d3dbcf42e05429343a8e1a5966e3bcf0/Epson Perfection V850/2026-01-13/2026-01-13_16-09-56/top_right/2026-01-13_16-09-56.top_right.jpg,2026-01-13_16-09-56.top_right.thumb.jpg,aee7ff74e98fd3cb0d78628f63d1119f,top_right,"[110.5, 45.0, 200.0, 135.0]",jpg,3200,0,epsonscan2,esci2:usb:ES00FE:337,Epson Perfection V850,d3dbcf42e05429343a8e1a5966e3bcf0,epsonscan2:Epson Perfection V850::esci2:usb:ES00FE:337,/data,{},DROSO_01_MEL_19_M,crop_2026-01-13_16-09-56.top_right_CROPNUMBER_39_UUID_DROSO_01_MEL_19_M.png,"[4412, 6541, 4774, 6946]",0.9360508918762207,0.6027106630904797,00_data/01_segmented/crops,00_data/01_segmented/crops/crop_2026-01-13_16-09-56.top_right_CROPNUMBER_39_UUID_DROSO_01_MEL_19_M.json,00_data/01_segmented/crops/crop_2026-01-13_16-09-56.top_right_CROPNUMBER_39_UUID_DROSO_01_MEL_19_M.png,crops,
2026-01-13T15:52:35.076944,/data/d3dbcf42e05429343a8e1a5966e3bcf0/Epson Perfection V850/2026-01-13/2026-01-13_15-52-35/top_left,2026-01-13_15-52-35.top_left.jpg,/data/d3dbcf42e05429343a8e1a5966e3bcf0/Epson Perfection V850/2026-01-13/2026-01-13_15-52-35/top_left/2026-01-13_15-52-35.top_left.jpg,2026-01-13_15-52-35.top_left.thumb.jpg,c96bd3e091dcefbdce757afd0a69dc15,top_left,"[22.0, 45.0, 110.0, 135.0]",jpg,3200,0,epsonscan2,esci2:usb:ES00FE:337,Epson Perfection V850,d3dbcf42e05429343a8e1a5966e3bcf0,epsonscan2:Epson Perfection V850::esci2:usb:ES00FE:337,/data,{},DROSO_03_SIM_19_F,crop_2026-01-13_15-52-35.top_left_CROPNUMBER_4_UUID_DROSO_03_SIM_19_F.png,"[4249, 7241, 4566, 7710]",0.9456063508987427,1.0,00_data/01_segmented/crops,00_data/01_segmented/crops/crop_2026-01-13_15-52-35.top_left_CROPNUMBER_4_UUID_DROSO_03_SIM_19_F.json,00_data/01_segmented/crops/crop_2026-01-13_15-52-35.top_left_CROPNUMBER_4_UUID_DROSO_03_SIM_19_F.png,crops,
2026-01-13T16:22:42.229986,/data/d3dbcf42e05429343a8e1a5966e3bcf0/Epson Perfection V850/2026-01-13/2026-01-13_16-22-42/top_right,2026-01-13_16-22-42.top_right.jpg,/data/d3dbcf42e05429343a8e1a5966e3bcf0/Epson Perfection V850/2026-01-13/2026-01-13_16-22-42/top_right/2026-01-13_16-22-42.top_right.jpg,2026-01-13_16-22-42.top_right.thumb.jpg,a62b428f433471233371d44992128bb0,top_right,"[110.5, 45.0, 200.0, 135.0]",jpg,3200,0,epsonscan2,esci2:usb:ES00FE:337,Epson Perfection V850,d3dbcf42e05429343a8e1a5966e3bcf0,epsonscan2:Epson Perfection V850::esci2:usb:ES00FE:337,/data,{},DROSO_03_MEL_19_M,crop_2026-01-13_16-22-42.top_right_CROPNUMBER_22_UUID_DROSO_03_MEL_19_M.png,"[6206, 9164, 6579, 9545]",0.9316267967224121,1.0,00_data/01_segmented/crops,00_data/01_segmented/crops/crop_2026-01-13_16-22-42.top_right_CROPNUMBER_22_UUID_DROSO_03_MEL_19_M.json,00_data/01_segmented/crops/crop_2026-01-13_16-22-42.top_right_CROPNUMBER_22_UUID_DROSO_03_MEL_19_M.png,crops,
2026-01-13T16:22:42.229986,/data/d3dbcf42e05429343a8e1a5966e3bcf0/Epson Perfection V850/2026-01-13/2026-01-13_16-22-42/top_left,2026-01-13_16-22-42.top_left.jpg,/data/d3dbcf42e05429343a8e1a5966e3bcf0/Epson Perfection V850/2026-01-13/2026-01-13_16-22-42/top_left/2026-01-13_16-22-42.top_left.jpg,2026-01-13_16-22-42.top_left.thumb.jpg,f331f82ac6dcbf4a1318ddee5307a618,top_left,"[22.0, 45.0, 110.0, 135.0]",jpg,3200,0,epsonscan2,esci2:usb:ES00FE:337,Epson Perfection V850,d3dbcf42e05429343a8e1a5966e3bcf0,epsonscan2:Epson Perfection V850::esci2:usb:ES00FE:337,/data,{},DROSO_03_MEL_19_F,crop_2026-01-13_16-22-42.top_left_CROPNUMBER_12_UUID_DROSO_03_MEL_19_F.png,"[4944, 6945, 5347, 7433]",0.9371230006217957,0.6028218259357906,00_data/01_segmented/crops,00_data/01_segmented/crops/crop_2026-01-13_16-22-42.top_left_CROPNUMBER_12_UUID_DROSO_03_MEL_19_F.json,00_data/01_segmented/crops/crop_2026-01-13_16-22-42.top_left_CROPNUMBER_12_UUID_DROSO_03_MEL_19_F.png,crops,
2026-01-13T16:09:56.394761,/data/d3dbcf42e05429343a8e1a5966e3bcf0/Epson Perfection V850/2026-01-13/2026-01-13_16-09-56/top_left,2026-01-13_16-09-56.top_left.jpg,/data/d3dbcf42e05429343a8e1a5966e3bcf0/Epson Perfection V850/2026-01-13/2026-01-13_16-09-56/top_left/2026-01-13_16-09-56.top_left.jpg,2026-01-13_16-09-56.top_left.thumb.jpg,788d0971822fc839506e3180de7f3b36,top_left,"[22.0, 45.0, 110.0, 135.0]",jpg,3200,0,epsonscan2,esci2:usb:ES00FE:337,Epson Perfection V850,d3dbcf42e05429343a8e1a5966e3bcf0,epsonscan2:Epson Perfection V850::esci2:usb:ES00FE:337,/data,{},DROSO_01_MEL_19_F,crop_2026-01-13_16-09-56.top_left_CROPNUMBER_11_UUID_DROSO_01_MEL_19_F.png,"[7046, 9848, 7496, 10370]",0.9434082508087158,0.6028218259357906,00_data/01_segmented/crops,00_data/01_segmented/crops/crop_2026-01-13_16-09-56.top_left_CROPNUMBER_11_UUID_DROSO_01_MEL_19_F.json,00_data/01_segmented/crops/crop_2026-01-13_16-09-56.top_left_CROPNUMBER_11_UUID_DROSO_01_MEL_19_F.png,crops,
2026-01-13T15:46:54.437940,/data/d3dbcf42e05429343a8e1a5966e3bcf0/Epson Perfection V850/2026-01-13/2026-01-13_15-46-54/top_right,2026-01-13_15-46-54.top_right.jpg,/data/d3dbcf42e05429343a8e1a5966e3bcf0/Epson Perfection V850/2026-01-13/2026-01-13_15-46-54/top_right/2026-01-13_15-46-54.top_right.jpg,2026-01-13_15-46-54.top_right.thumb.jpg,8cfcebfb20b3b3b2bc86ba50975b08d9,top_right,"[110.5, 45.0, 200.0, 135.0]",jpg,3200,0,epsonscan2,esci2:usb:ES00FE:337,Epson Perfection V850,d3dbcf42e05429343a8e1a5966e3bcf0,epsonscan2:Epson Perfection V850::esci2:usb:ES00FE:337,/data,{},DROSO_02_SIM_19_M,crop_2026-01-13_15-46-54.top_right_CROPNUMBER_12_UUID_DROSO_02_SIM_19_M.png,"[4636, 6537, 5054, 6893]",0.93756103515625,1.0,00_data/01_segmented/crops,00_data/01_segmented/crops/crop_2026-01-13_15-46-54.top_right_CROPNUMBER_12_UUID_DROSO_02_SIM_19_M.json,00_data/01_segmented/crops/crop_2026-01-13_15-46-54.top_right_CROPNUMBER_12_UUID_DROSO_02_SIM_19_M.png,crops,
2026-01-13T15:40:38.651010,/data/d3dbcf42e05429343a8e1a5966e3bcf0/Epson Perfection V850/2026-01-13/2026-01-13_15-40-38/top_left,2026-01-13_15-40-38.top_left.jpg,/data/d3dbcf42e05429343a8e1a5966e3bcf0/Epson Perfection V850/2026-01-13/2026-01-13_15-40-38/top_left/2026-01-13_15-40-38.top_left.jpg,2026-01-13_15-40-38.top_left.thumb.jpg,16a144e86ca9c5e7bb9b16ddead6411f,top_left,"[22.0, 45.0, 110.0, 135.0]",jpg,3200,0,epsonscan2,esci2:usb:ES00FE:337,Epson Perfection V850,d3dbcf42e05429343a8e1a5966e3bcf0,epsonscan2:Epson Perfection V850::esci2:usb:ES00FE:337,/data,{},DROSO_01_SIM_19_F,crop_2026-01-13_15-40-38.top_left_CROPNUMBER_10_UUID_DROSO_01_SIM_19_F.png,"[6647, 7807, 7028, 8287]",0.9352309107780457,0.6028218259357906,00_data/01_segmented/crops,00_data/01_segmented/crops/crop_2026-01-13_15-40-38.top_left_CROPNUMBER_10_UUID_DROSO_01_SIM_19_F.json,00_data/01_segmented/crops/crop_2026-01-13_15-40-38.top_left_CROPNUMBER_10_UUID_DROSO_01_SIM_19_F.png,crops,
2026-01-13T16:09:56.394761,/data/d3dbcf42e05429343a8e1a5966e3bcf0/Epson Perfection V850/2026-01-13/2026-01-13_16-09-56/top_right,2026-01-13_16-09-56.top_right.jpg,/data/d3dbcf42e05429343a8e1a5966e3bcf0/Epson Perfection V850/2026-01-13/2026-01-13_16-09-56/top_right/2026-01-13_16-09-56.top_right.jpg,2026-01-13_16-09-56.top_right.thumb.jpg,aee7ff74e98fd3cb0d78628f63d1119f,top_right,"[110.5, 45.0, 200.0, 135.0]",jpg,3200,0,epsonscan2,esci2:usb:ES00FE:337,Epson Perfection V850,d3dbcf42e05429343a8e1a5966e3bcf0,epsonscan2:Epson Perfection V850::esci2:usb:ES00FE:337,/data,{},DROSO_01_MEL_19_M,crop_2026-01-13_16-09-56.top_right_CROPNUMBER_25_UUID_DROSO_01_MEL_19_M.png,"[4111, 9606, 4525, 9994]",0.9396965503692627,0.6027106630904797,00_data/01_segmented/crops,00_data/01_segmented/crops/crop_2026-01-13_16-09-56.top_right_CROPNUMBER_25_UUID_DROSO_01_MEL_19_M.json,00_data/01_segmented/crops/crop_2026-01-13_16-09-56.top_right_CROPNUMBER_25_UUID_DROSO_01_MEL_19_M.png,crops,
2026-01-13T16:22:42.229986,/data/d3dbcf42e05429343a8e1a5966e3bcf0/Epson Perfection V850/2026-01-13/2026-01-13_16-22-42/top_right,2026-01-13_16-22-42.top_right.jpg,/data/d3dbcf42e05429343a8e1a5966e3bcf0/Epson Perfection V850/2026-01-13/2026-01-13_16-22-42/top_right/2026-01-13_16-22-42.top_right.jpg,2026-01-13_16-22-42.top_right.thumb.jpg,a62b428f433471233371d44992128bb0,top_right,"[110.5, 45.0, 200.0, 135.0]",jpg,3200,0,epsonscan2,esci2:usb:ES00FE:337,Epson Perfection V850,d3dbcf42e05429343a8e1a5966e3bcf0,epsonscan2:Epson Perfection V850::esci2:usb:ES00FE:337,/data,{},DROSO_03_MEL_19_M,crop_2026-01-13_16-22-42.top_right_CROPNUMBER_1_UUID_DROSO_03_MEL_19_M.png,"[5704, 7721, 6158, 8121]",0.9521288871765137,1.0,00_data/01_segmented/crops,00_data/01_segmented/crops/crop_2026-01-13_16-22-42.top_right_CROPNUMBER_1_UUID_DROSO_03_MEL_19_M.json,00_data/01_segmented/crops/crop_2026-01-13_16-22-42.top_right_CROPNUMBER_1_UUID_DROSO_03_MEL_19_M.png,crops,
2026-01-13T16:09:56.394761,/data/d3dbcf42e05429343a8e1a5966e3bcf0/Epson Perfection V850/2026-01-13/2026-01-13_16-09-56/top_left,2026-01-13_16-09-56.top_left.jpg,/data/d3dbcf42e05429343a8e1a5966e3bcf0/Epson Perfection V850/2026-01-13/2026-01-13_16-09-56/top_left/2026-01-13_16-09-56.top_left.jpg,2026-01-13_16-09-56.top_left.thumb.jpg,788d0971822fc839506e3180de7f3b36,top_left,"[22.0, 45.0, 110.0, 135.0]",jpg,3200,0,epsonscan2,esci2:usb:ES00FE:337,Epson Perfection V850,d3dbcf42e05429343a8e1a5966e3bcf0,epsonscan2:Epson Perfection V850::esci2:usb:ES00FE:337,/data,{},DROSO_01_MEL_19_F,crop_2026-01-13_16-09-56.top_left_CROPNUMBER_42_UUID_DROSO_01_MEL_19_F.png,"[3948, 7017, 4578, 7489]",0.9262614250183105,0.6028218259357906,00_data/01_segmented/crops,00_data/01_segmented/crops/crop_2026-01-13_16-09-56.top_left_CROPNUMBER_42_UUID_DROSO_01_MEL_19_F.json,00_data/01_segmented/crops/crop_2026-01-13_16-09-56.top_left_CROPNUMBER_42_UUID_DROSO_01_MEL_19_F.png,crops,
2026-01-13T15:52:35.076944,/data/d3dbcf42e05429343a8e1a5966e3bcf0/Epson Perfection V850/2026-01-13/2026-01-13_15-52-35/top_right,2026-01-13_15-52-35.top_right.jpg,/data/d3dbcf42e05429343a8e1a5966e3bcf0/Epson Perfection V850/2026-01-13/2026-01-13_15-52-35/top_right/2026-01-13_15-52-35.top_right.jpg,2026-01-13_15-52-35.top_right.thumb.jpg,21ba2cf23da353b8d840e52696871b60,top_right,"[110.5, 45.0, 200.0, 135.0]",jpg,3200,0,epsonscan2,esci2:usb:ES00FE:337,Epson Perfection V850,d3dbcf42e05429343a8e1a5966e3bcf0,epsonscan2:Epson Perfection V850::esci2:usb:ES00FE:337,/data,{},DROSO_03_SIM_19_M,crop_2026-01-13_15-52-35.top_right_CROPNUMBER_21_UUID_DROSO_03_SIM_19_M.png,"[4854, 8507, 5281, 8769]",0.9286320209503174,1.0,00_data/01_segmented/crops,00_data/01_segmented/crops/crop_2026-01-13_15-52-35.top_right_CROPNUMBER_21_UUID_DROSO_03_SIM_19_M.json,00_data/01_segmented/crops/crop_2026-01-13_15-52-35.top_right_CROPNUMBER_21_UUID_DROSO_03_SIM_19_M.png,crops,
2026-01-13T16:04:10.629205,/data/d3dbcf42e05429343a8e1a5966e3bcf0/Epson Perfection V850/2026-01-13/2026-01-13_16-04-10/top_left,2026-01-13_16-04-10.top_left.jpg,/data/d3dbcf42e05429343a8e1a5966e3bcf0/Epson Perfection V850/2026-01-13/2026-01-13_16-04-10/top_left/2026-01-13_16-04-10.top_left.jpg,2026-01-13_16-04-10.top_left.thumb.jpg,e5f859616a1ebf20cb8f61da5b2008c2,top_left,"[22.0, 45.0, 110.0, 135.0]",jpg,3200,0,epsonscan2,esci2:usb:ES00FE:337,Epson Perfection V850,d3dbcf42e05429343a8e1a5966e3bcf0,epsonscan2:Epson Perfection V850::esci2:usb:ES00FE:337,/data,{},DROSO_05_SIM_19_F,crop_2026-01-13_16-04-10.top_left_CROPNUMBER_0_UUID_DROSO_05_SIM_19_F.png,"[2327, 7257, 2705, 7706]",0.9544195532798767,1.0,00_data/01_segmented/crops,00_data/01_segmented/crops/crop_2026-01-13_16-04-10.top_left_CROPNUMBER_0_UUID_DROSO_05_SIM_19_F.json,00_data/01_segmented/crops/crop_2026-01-13_16-04-10.top_left_CROPNUMBER_0_UUID_DROSO_05_SIM_19_F.png,crops,
2026-01-13T15:40:38.651010,/data/d3dbcf42e05429343a8e1a5966e3bcf0/Epson Perfection V850/2026-01-13/2026-01-13_15-40-38/top_left,2026-01-13_15-40-38.top_left.jpg,/data/d3dbcf42e05429343a8e1a5966e3bcf0/Epson Perfection V850/2026-01-13/2026-01-13_15-40-38/top_left/2026-01-13_15-40-38.top_left.jpg,2026-01-13_15-40-38.top_left.thumb.jpg,16a144e86ca9c5e7bb9b16ddead6411f,top_left,"[22.0, 45.0, 110.0, 135.0]",jpg,3200,0,epsonscan2,esci2:usb:ES00FE:337,Epson Perfection V850,d3dbcf42e05429343a8e1a5966e3bcf0,epsonscan2:Epson Perfection V850::esci2:usb:ES00FE:337,/data,{},DROSO_01_SIM_19_F,crop_2026-01-13_15-40-38.top_left_CROPNUMBER_13_UUID_DROSO_01_SIM_19_F.png,"[5815, 7285, 6178, 7682]",0.9323738813400269,1.0,00_data/01_segmented/crops,00_data/01_segmented/crops/crop_2026-01-13_15-40-38.top_left_CROPNUMBER_13_UUID_DROSO_01_SIM_19_F.json,00_data/01_segmented/crops/crop_2026-01-13_15-40-38.top_left_CROPNUMBER_13_UUID_DROSO_01_SIM_19_F.png,crops,
2026-01-13T15:58:15.447485,/data/d3dbcf42e05429343a8e1a5966e3bcf0/Epson Perfection V850/2026-01-13/2026-01-13_15-58-15/top_right,2026-01-13_15-58-15.top_right.jpg,/data/d3dbcf42e05429343a8e1a5966e3bcf0/Epson Perfection V850/2026-01-13/2026-01-13_15-58-15/top_right/2026-01-13_15-58-15.top_right.jpg,2026-01-13_15-58-15.top_right.thumb.jpg,f4b3f70693284ad9b6a7bd19eb02b3d5,top_right,"[110.5, 45.0, 200.0, 135.0]",jpg,3200,0,epsonscan2,esci2:usb:ES00FE:337,Epson Perfection V850,d3dbcf42e05429343a8e1a5966e3bcf0,epsonscan2:Epson Perfection V850::esci2:usb:ES00FE:337,/data,{},DROSO_04_SIM_19_M,crop_2026-01-13_15-58-15.top_right_CROPNUMBER_1_UUID_DROSO_04_SIM_19_M.png,"[4940, 7070, 5381, 7466]",0.9521733522415161,1.0,00_data/01_segmented/crops,00_data/01_segmented/crops/crop_2026-01-13_15-58-15.top_right_CROPNUMBER_1_UUID_DROSO_04_SIM_19_M.json,00_data/01_segmented/crops/crop_2026-01-13_15-58-15.top_right_CROPNUMBER_1_UUID_DROSO_04_SIM_19_M.png,crops,
2026-01-13T16:22:42.229986,/data/d3dbcf42e05429343a8e1a5966e3bcf0/Epson Perfection V850/2026-01-13/2026-01-13_16-22-42/top_left,2026-01-13_16-22-42.top_left.jpg,/data/d3dbcf42e05429343a8e1a5966e3bcf0/Epson Perfection V850/2026-01-13/2026-01-13_16-22-42/top_left/2026-01-13_16-22-42.top_left.jpg,2026-01-13_16-22-42.top_left.thumb.jpg,f331f82ac6dcbf4a1318ddee5307a618,top_left,"[22.0, 45.0, 110.0, 135.0]",jpg,3200,0,epsonscan2,esci2:usb:ES00FE:337,Epson Perfection V850,d3dbcf42e05429343a8e1a5966e3bcf0,epsonscan2:Epson Perfection V850::esci2:usb:ES00FE:337,/data,{},DROSO_03_MEL_19_F,crop_2026-01-13_16-22-42.top_left_CROPNUMBER_22_UUID_DROSO_03_MEL_19_F.png,"[3603, 8884, 4116, 9209]",0.934235692024231,0.6028218259357906,00_data/01_segmented/crops,00_data/01_segmented/crops/crop_2026-01-13_16-22-42.top_left_CROPNUMBER_22_UUID_DROSO_03_MEL_19_F.json,00_data/01_segmented/crops/crop_2026-01-13_16-22-42.top_left_CROPNUMBER_22_UUID_DROSO_03_MEL_19_F.png,crops,
2026-01-13T15:52:35.076944,/data/d3dbcf42e05429343a8e1a5966e3bcf0/Epson Perfection V850/2026-01-13/2026-01-13_15-52-35/top_right,2026-01-13_15-52-35.top_right.jpg,/data/d3dbcf42e05429343a8e1a5966e3bcf0/Epson Perfection V850/2026-01-13/2026-01-13_15-52-35/top_right/2026-01-13_15-52-35.top_right.jpg,2026-01-13_15-52-35.top_right.thumb.jpg,21ba2cf23da353b8d840e52696871b60,top_right,"[110.5, 45.0, 200.0, 135.0]",jpg,3200,0,epsonscan2,esci2:usb:ES00FE:337,Epson Perfection V850,d3dbcf42e05429343a8e1a5966e3bcf0,epsonscan2:Epson Perfection V850::esci2:usb:ES00FE:337,/data,{},DROSO_03_SIM_19_M,crop_2026-01-13_15-52-35.top_right_CROPNUMBER_14_UUID_DROSO_03_SIM_19_M.png,"[6397, 6817, 6825, 7255]",0.9336268901824951,0.6027106630904797,00_data/01_segmented/crops,00_data/01_segmented/crops/crop_2026-01-13_15-52-35.top_right_CROPNUMBER_14_UUID_DROSO_03_SIM_19_M.json,00_data/01_segmented/crops/crop_2026-01-13_15-52-35.top_right_CROPNUMBER_14_UUID_DROSO_03_SIM_19_M.png,crops,
2026-01-13T15:52:35.076944,/data/d3dbcf42e05429343a8e1a5966e3bcf0/Epson Perfection V850/2026-01-13/2026-01-13_15-52-35/top_right,2026-01-13_15-52-35.top_right.jpg,/data/d3dbcf42e05429343a8e1a5966e3bcf0/Epson Perfection V850/2026-01-13/2026-01-13_15-52-35/top_right/2026-01-13_15-52-35.top_right.jpg,2026-01-13_15-52-35.top_right.thumb.jpg,21ba2cf23da353b8d840e52696871b60,top_right,"[110.5, 45.0, 200.0, 135.0]",jpg,3200,0,epsonscan2,esci2:usb:ES00FE:337,Epson Perfection V850,d3dbcf42e05429343a8e1a5966e3bcf0,epsonscan2:Epson Perfection V850::esci2:usb:ES00FE:337,/data,{},DROSO_03_SIM_19_M,crop_2026-01-13_15-52-35.top_right_CROPNUMBER_25_UUID_DROSO_03_SIM_19_M.png,"[126, 4800, 205, 4972]",0.3190741539001465,1.0,00_data/01_segmented/crops,00_data/01_segmented/crops/crop_2026-01-13_15-52-35.top_right_CROPNUMBER_25_UUID_DROSO_03_SIM_19_M.json,00_data/01_segmented/crops/crop_2026-01-13_15-52-35.top_right_CROPNUMBER_25_UUID_DROSO_03_SIM_19_M.png,crops,
2026-01-13T16:22:42.229986,/data/d3dbcf42e05429343a8e1a5966e3bcf0/Epson Perfection V850/2026-01-13/2026-01-13_16-22-42/top_right,2026-01-13_16-22-42.top_right.jpg,/data/d3dbcf42e05429343a8e1a5966e3bcf0/Epson Perfection V850/2026-01-13/2026-01-13_16-22-42/top_right/2026-01-13_16-22-42.top_right.jpg,2026-01-13_16-22-42.top_right.thumb.jpg,a62b428f433471233371d44992128bb0,top_right,"[110.5, 45.0, 200.0, 135.0]",jpg,3200,0,epsonscan2,esci2:usb:ES00FE:337,Epson Perfection V850,d3dbcf42e05429343a8e1a5966e3bcf0,epsonscan2:Epson Perfection V850::esci2:usb:ES00FE:337,/data,{},DROSO_03_MEL_19_M,crop_2026-01-13_16-22-42.top_right_CROPNUMBER_31_UUID_DROSO_03_MEL_19_M.png,"[1451, 7064, 1779, 7492]",0.926387369632721,1.0,00_data/01_segmented/crops,00_data/01_segmented/crops/crop_2026-01-13_16-22-42.top_right_CROPNUMBER_31_UUID_DROSO_03_MEL_19_M.json,00_data/01_segmented/crops/crop_2026-01-13_16-22-42.top_right_CROPNUMBER_31_UUID_DROSO_03_MEL_19_M.png,crops,
2026-01-13T16:09:56.394761,/data/d3dbcf42e05429343a8e1a5966e3bcf0/Epson Perfection V850/2026-01-13/2026-01-13_16-09-56/top_right,2026-01-13_16-09-56.top_right.jpg,/data/d3dbcf42e05429343a8e1a5966e3bcf0/Epson Perfection V850/2026-01-13/2026-01-13_16-09-56/top_right/2026-01-13_16-09-56.top_right.jpg,2026-01-13_16-09-56.top_right.thumb.jpg,aee7ff74e98fd3cb0d78628f63d1119f,top_right,"[110.5, 45.0, 200.0, 135.0]",jpg,3200,0,epsonscan2,esci2:usb:ES00FE:337,Epson Perfection V850,d3dbcf42e05429343a8e1a5966e3bcf0,epsonscan2:Epson Perfection V850::esci2:usb:ES00FE:337,/data,{},DROSO_01_MEL_19_M,crop_2026-01-13_16-09-56.top_right_CROPNUMBER_27_UUID_DROSO_01_MEL_19_M.png,"[3126, 8090, 3582, 8409]",0.9395503401756287,1.0,00_data/01_segmented/crops,00_data/01_segmented/crops/crop_2026-01-13_16-09-56.top_right_CROPNUMBER_27_UUID_DROSO_01_MEL_19_M.json,00_data/01_segmented/crops/crop_2026-01-13_16-09-56.top_right_CROPNUMBER_27_UUID_DROSO_01_MEL_19_M.png,crops,
2026-01-13T16:09:56.394761,/data/d3dbcf42e05429343a8e1a5966e3bcf0/Epson Perfection V850/2026-01-13/2026-01-13_16-09-56/top_left,2026-01-13_16-09-56.top_left.jpg,/data/d3dbcf42e05429343a8e1a5966e3bcf0/Epson Perfection V850/2026-01-13/2026-01-13_16-09-56/top_left/2026-01-13_16-09-56.top_left.jpg,2026-01-13_16-09-56.top_left.thumb.jpg,788d0971822fc839506e3180de7f3b36,top_left,"[22.0, 45.0, 110.0, 135.0]",jpg,3200,0,epsonscan2,esci2:usb:ES00FE:337,Epson Perfection V850,d3dbcf42e05429343a8e1a5966e3bcf0,epsonscan2:Epson Perfection V850::esci2:usb:ES00FE:337,/data,{},DROSO_01_MEL_19_F,crop_2026-01-13_16-09-56.top_left_CROPNUMBER_19_UUID_DROSO_01_MEL_19_F.png,"[4824, 6500, 5151, 6999]",0.9403238296508789,1.0,00_data/01_segmented/crops,00_data/01_segmented/crops/crop_2026-01-13_16-09-56.top_left_CROPNUMBER_19_UUID_DROSO_01_MEL_19_F.json,00_data/01_segmented/crops/crop_2026-01-13_16-09-56.top_left_CROPNUMBER_19_UUID_DROSO_01_MEL_19_F.png,crops,
2026-01-13T15:40:38.651010,/data/d3dbcf42e05429343a8e1a5966e3bcf0/Epson Perfection V850/2026-01-13/2026-01-13_15-40-38/top_left,2026-01-13_15-40-38.top_left.jpg,/data/d3dbcf42e05429343a8e1a5966e3bcf0/Epson Perfection V850/2026-01-13/2026-01-13_15-40-38/top_left/2026-01-13_15-40-38.top_left.jpg,2026-01-13_15-40-38.top_left.thumb.jpg,16a144e86ca9c5e7bb9b16ddead6411f,top_left,"[22.0, 45.0, 110.0, 135.0]",jpg,3200,0,epsonscan2,esci2:usb:ES00FE:337,Epson Perfection V850,d3dbcf42e05429343a8e1a5966e3bcf0,epsonscan2:Epson Perfection V850::esci2:usb:ES00FE:337,/data,{},DROSO_01_SIM_19_F,crop_2026-01-13_15-40-38.top_left_CROPNUMBER_5_UUID_DROSO_01_SIM_19_F.png,"[7709, 7935, 8183, 8394]",0.9424812197685242,1.0,00_data/01_segmented/crops,00_data/01_segmented/crops/crop_2026-01-13_15-40-38.top_left_CROPNUMBER_5_UUID_DROSO_01_SIM_19_F.json,00_data/01_segmented/crops/crop_2026-01-13_15-40-38.top_left_CROPNUMBER_5_UUID_DROSO_01_SIM_19_F.png,crops,
2026-01-13T15:58:15.447485,/data/d3dbcf42e05429343a8e1a5966e3bcf0/Epson Perfection V850/2026-01-13/2026-01-13_15-58-15/top_left,2026-01-13_15-58-15.top_left.jpg,/data/d3dbcf42e05429343a8e1a5966e3bcf0/Epson Perfection V850/2026-01-13/2026-01-13_15-58-15/top_left/2026-01-13_15-58-15.top_left.jpg,2026-01-13_15-58-15.top_left.thumb.jpg,06b4b76a8baf9e9d6a949609e6c4b9d4,top_left,"[22.0, 45.0, 110.0, 135.0]",jpg,3200,0,epsonscan2,esci2:usb:ES00FE:337,Epson Perfection V850,d3dbcf42e05429343a8e1a5966e3bcf0,epsonscan2:Epson Perfection V850::esci2:usb:ES00FE:337,/data,{},DROSO_04_SIM_19_F,crop_2026-01-13_15-58-15.top_left_CROPNUMBER_14_UUID_DROSO_04_SIM_19_F.png,"[4905, 6638, 5375, 7042]",0.9353373050689697,0.6028218259357906,00_data/01_segmented/crops,00_data/01_segmented/crops/crop_2026-01-13_15-58-15.top_left_CROPNUMBER_14_UUID_DROSO_04_SIM_19_F.json,00_data/01_segmented/crops/crop_2026-01-13_15-58-15.top_left_CROPNUMBER_14_UUID_DROSO_04_SIM_19_F.png,crops,
2026-01-13T16:17:02.422812,/data/d3dbcf42e05429343a8e1a5966e3bcf0/Epson Perfection V850/2026-01-13/2026-01-13_16-17-02/top_left,2026-01-13_16-17-02.top_left.jpg,/data/d3dbcf42e05429343a8e1a5966e3bcf0/Epson Perfection V850/2026-01-13/2026-01-13_16-17-02/top_left/2026-01-13_16-17-02.top_left.jpg,2026-01-13_16-17-02.top_left.thumb.jpg,73a37d7ec44337a23e2a64e1230cb14f,top_left,"[22.0, 45.0, 110.0, 135.0]",jpg,3200,0,epsonscan2,esci2:usb:ES00FE:337,Epson Perfection V850,d3dbcf42e05429343a8e1a5966e3bcf0,epsonscan2:Epson Perfection V850::esci2:usb:ES00FE:337,/data,{},DROSO_02_MEL_19_F,crop_2026-01-13_16-17-02.top_left_CROPNUMBER_23_UUID_DROSO_02_MEL_19_F.png,"[7033, 5642, 7663, 6039]",0.934637188911438,0.4017623182952236,00_data/01_segmented/crops,00_data/01_segmented/crops/crop_2026-01-13_16-17-02.top_left_CROPNUMBER_23_UUID_DROSO_02_MEL_19_F.json,00_data/01_segmented/crops/crop_2026-01-13_16-17-02.top_left_CROPNUMBER_23_UUID_DROSO_02_MEL_19_F.png,crops,
2026-01-13T15:58:15.447485,/data/d3dbcf42e05429343a8e1a5966e3bcf0/Epson Perfection V850/2026-01-13/2026-01-13_15-58-15/top_left,2026-01-13_15-58-15.top_left.jpg,/data/d3dbcf42e05429343a8e1a5966e3bcf0/Epson Perfection V850/2026-01-13/2026-01-13_15-58-15/top_left/2026-01-13_15-58-15.top_left.jpg,2026-01-13_15-58-15.top_left.thumb.jpg,06b4b76a8baf9e9d6a949609e6c4b9d4,top_left,"[22.0, 45.0, 110.0, 135.0]",jpg,3200,0,epsonscan2,esci2:usb:ES00FE:337,Epson Perfection V850,d3dbcf42e05429343a8e1a5966e3bcf0,epsonscan2:Epson Perfection V850::esci2:usb:ES00FE:337,/data,{},DROSO_04_SIM_19_F,crop_2026-01-13_15-58-15.top_left_CROPNUMBER_20_UUID_DROSO_04_SIM_19_F.png,"[2926, 8285, 3240, 8738]",0.9299436807632446,1.0,00_data/01_segmented/crops,00_data/01_segmented/crops/crop_2026-01-13_15-58-15.top_left_CROPNUMBER_20_UUID_DROSO_04_SIM_19_F.json,00_data/01_segmented/crops/crop_2026-01-13_15-58-15.top_left_CROPNUMBER_20_UUID_DROSO_04_SIM_19_F.png,crops,
2026-01-13T15:52:35.076944,/data/d3dbcf42e05429343a8e1a5966e3bcf0/Epson Perfection V850/2026-01-13/2026-01-13_15-52-35/top_right,2026-01-13_15-52-35.top_right.jpg,/data/d3dbcf42e05429343a8e1a5966e3bcf0/Epson Perfection V850/2026-01-13/2026-01-13_15-52-35/top_right/2026-01-13_15-52-35.top_right.jpg,2026-01-13_15-52-35.top_right.thumb.jpg,21ba2cf23da353b8d840e52696871b60,top_right,"[110.5, 45.0, 200.0, 135.0]",jpg,3200,0,epsonscan2,esci2:usb:ES00FE:337,Epson Perfection V850,d3dbcf42e05429343a8e1a5966e3bcf0,epsonscan2:Epson Perfection V850::esci2:usb:ES00FE:337,/data,{},DROSO_03_SIM_19_M,crop_2026-01-13_15-52-35.top_right_CROPNUMBER_4_UUID_DROSO_03_SIM_19_M.png,"[5113, 7540, 5535, 7884]",0.9422834515571594,1.0,00_data/01_segmented/crops,00_data/01_segmented/crops/crop_2026-01-13_15-52-35.top_right_CROPNUMBER_4_UUID_DROSO_03_SIM_19_M.json,00_data/01_segmented/crops/crop_2026-01-13_15-52-35.top_right_CROPNUMBER_4_UUID_DROSO_03_SIM_19_M.png,crops,
2026-01-13T16:22:42.229986,/data/d3dbcf42e05429343a8e1a5966e3bcf0/Epson Perfection V850/2026-01-13/2026-01-13_16-22-42/top_right,2026-01-13_16-22-42.top_right.jpg,/data/d3dbcf42e05429343a8e1a5966e3bcf0/Epson Perfection V850/2026-01-13/2026-01-13_16-22-42/top_right/2026-01-13_16-22-42.top_right.jpg,2026-01-13_16-22-42.top_right.thumb.jpg,a62b428f433471233371d44992128bb0,top_right,"[110.5, 45.0, 200.0, 135.0]",jpg,3200,0,epsonscan2,esci2:usb:ES00FE:337,Epson Perfection V850,d3dbcf42e05429343a8e1a5966e3bcf0,epsonscan2:Epson Perfection V850::esci2:usb:ES00FE:337,/data,{},DROSO_03_MEL_19_M,crop_2026-01-13_16-22-42.top_right_CROPNUMBER_16_UUID_DROSO_03_MEL_19_M.png,"[5501, 5833, 5961, 6158]",0.9350985288619995,0.6027106630904797,00_data/01_segmented/crops,00_data/01_segmented/crops/crop_2026-01-13_16-22-42.top_right_CROPNUMBER_16_UUID_DROSO_03_MEL_19_M.json,00_data/01_segmented/crops/crop_2026-01-13_16-22-42.top_right_CROPNUMBER_16_UUID_DROSO_03_MEL_19_M.png,crops,
2026-01-13T15:52:35.076944,/data/d3dbcf42e05429343a8e1a5966e3bcf0/Epson Perfection V850/2026-01-13/2026-01-13_15-52-35/top_right,2026-01-13_15-52-35.top_right.jpg,/data/d3dbcf42e05429343a8e1a5966e3bcf0/Epson Perfection V850/2026-01-13/2026-01-13_15-52-35/top_right/2026-01-13_15-52-35.top_right.jpg,2026-01-13_15-52-35.top_right.thumb.jpg,21ba2cf23da353b8d840e52696871b60,top_right,"[110.5, 45.0, 200.0, 135.0]",jpg,3200,0,epsonscan2,esci2:usb:ES00FE:337,Epson Perfection V850,d3dbcf42e05429343a8e1a5966e3bcf0,epsonscan2:Epson Perfection V850::esci2:usb:ES00FE:337,/data,{},DROSO_03_SIM_19_M,crop_2026-01-13_15-52-35.top_right_CROPNUMBER_5_UUID_DROSO_03_SIM_19_M.png,"[4020, 8311, 4306, 8756]",0.940577507019043,0.6027106630904797,00_data/01_segmented/crops,00_data/01_segmented/crops/crop_2026-01-13_15-52-35.top_right_CROPNUMBER_5_UUID_DROSO_03_SIM_19_M.json,00_data/01_segmented/crops/crop_2026-01-13_15-52-35.top_right_CROPNUMBER_5_UUID_DROSO_03_SIM_19_M.png,crops,
2026-01-13T15:58:15.447485,/data/d3dbcf42e05429343a8e1a5966e3bcf0/Epson Perfection V850/2026-01-13/2026-01-13_15-58-15/top_right,2026-01-13_15-58-15.top_right.jpg,/data/d3dbcf42e05429343a8e1a5966e3bcf0/Epson Perfection V850/2026-01-13/2026-01-13_15-58-15/top_right/2026-01-13_15-58-15.top_right.jpg,2026-01-13_15-58-15.top_right.thumb.jpg,f4b3f70693284ad9b6a7bd19eb02b3d5,top_right,"[110.5, 45.0, 200.0, 135.0]",jpg,3200,0,epsonscan2,esci2:usb:ES00FE:337,Epson Perfection V850,d3dbcf42e05429343a8e1a5966e3bcf0,epsonscan2:Epson Perfection V850::esci2:usb:ES00FE:337,/data,{},DROSO_04_SIM_19_M,crop_2026-01-13_15-58-15.top_right_CROPNUMBER_6_UUID_DROSO_04_SIM_19_M.png,"[7195, 8262, 7610, 8671]",0.9478850364685059,1.0,00_data/01_segmented/crops,00_data/01_segmented/crops/crop_2026-01-13_15-58-15.top_right_CROPNUMBER_6_UUID_DROSO_04_SIM_19_M.json,00_data/01_segmented/crops/crop_2026-01-13_15-58-15.top_right_CROPNUMBER_6_UUID_DROSO_04_SIM_19_M.png,crops,
2026-01-13T15:58:15.447485,/data/d3dbcf42e05429343a8e1a5966e3bcf0/Epson Perfection V850/2026-01-13/2026-01-13_15-58-15/top_right,2026-01-13_15-58-15.top_right.jpg,/data/d3dbcf42e05429343a8e1a5966e3bcf0/Epson Perfection V850/2026-01-13/2026-01-13_15-58-15/top_right/2026-01-13_15-58-15.top_right.jpg,2026-01-13_15-58-15.top_right.thumb.jpg,f4b3f70693284ad9b6a7bd19eb02b3d5,top_right,"[110.5, 45.0, 200.0, 135.0]",jpg,3200,0,epsonscan2,esci2:usb:ES00FE:337,Epson Perfection V850,d3dbcf42e05429343a8e1a5966e3bcf0,epsonscan2:Epson Perfection V850::esci2:usb:ES00FE:337,/data,{},DROSO_04_SIM_19_M,crop_2026-01-13_15-58-15.top_right_CROPNUMBER_18_UUID_DROSO_04_SIM_19_M.png,"[5088, 8832, 5632, 9192]",0.9338322877883911,0.6027106630904797,00_data/01_segmented/crops,00_data/01_segmented/crops/crop_2026-01-13_15-58-15.top_right_CROPNUMBER_18_UUID_DROSO_04_SIM_19_M.json,00_data/01_segmented/crops/crop_2026-01-13_15-58-15.top_right_CROPNUMBER_18_UUID_DROSO_04_SIM_19_M.png,crops,
2026-01-13T15:58:15.447485,/data/d3dbcf42e05429343a8e1a5966e3bcf0/Epson Perfection V850/2026-01-13/2026-01-13_15-58-15/top_left,2026-01-13_15-58-15.top_left.jpg,/data/d3dbcf42e05429343a8e1a5966e3bcf0/Epson Perfection V850/2026-01-13/2026-01-13_15-58-15/top_left/2026-01-13_15-58-15.top_left.jpg,2026-01-13_15-58-15.top_left.thumb.jpg,06b4b76a8baf9e9d6a949609e6c4b9d4,top_left,"[22.0, 45.0, 110.0, 135.0]",jpg,3200,0,epsonscan2,esci2:usb:ES00FE:337,Epson Perfection V850,d3dbcf42e05429343a8e1a5966e3bcf0,epsonscan2:Epson Perfection V850::esci2:usb:ES00FE:337,/data,{},DROSO_04_SIM_19_F,crop_2026-01-13_15-58-15.top_left_CROPNUMBER_18_UUID_DROSO_04_SIM_19_F.png,"[4039, 8971, 4395, 9421]",0.9310146570205688,1.0,00_data/01_segmented/crops,00_data/01_segmented/crops/crop_2026-01-13_15-58-15.top_left_CROPNUMBER_18_UUID_DROSO_04_SIM_19_F.json,00_data/01_segmented/crops/crop_2026-01-13_15-58-15.top_left_CROPNUMBER_18_UUID_DROSO_04_SIM_19_F.png,crops,
2026-01-13T16:04:10.629205,/data/d3dbcf42e05429343a8e1a5966e3bcf0/Epson Perfection V850/2026-01-13/2026-01-13_16-04-10/top_right,2026-01-13_16-04-10.top_right.jpg,/data/d3dbcf42e05429343a8e1a5966e3bcf0/Epson Perfection V850/2026-01-13/2026-01-13_16-04-10/top_right/2026-01-13_16-04-10.top_right.jpg,2026-01-13_16-04-10.top_right.thumb.jpg,3126fa75aee2fe2913a08ebebfa0ed4f,top_right,"[110.5, 45.0, 200.0, 135.0]",jpg,3200,0,epsonscan2,esci2:usb:ES00FE:337,Epson Perfection V850,d3dbcf42e05429343a8e1a5966e3bcf0,epsonscan2:Epson Perfection V850::esci2:usb:ES00FE:337,/data,{},DROSO_05_SIM_19_M,crop_2026-01-13_16-04-10.top_right_CROPNUMBER_8_UUID_DROSO_05_SIM_19_M.png,"[2776, 8136, 3094, 8562]",0.9372391104698181,0.6027106630904797,00_data/01_segmented/crops,00_data/01_segmented/crops/crop_2026-01-13_16-04-10.top_right_CROPNUMBER_8_UUID_DROSO_05_SIM_19_M.json,00_data/01_segmented/crops/crop_2026-01-13_16-04-10.top_right_CROPNUMBER_8_UUID_DROSO_05_SIM_19_M.png,crops,
2026-01-13T15:52:35.076944,/data/d3dbcf42e05429343a8e1a5966e3bcf0/Epson Perfection V850/2026-01-13/2026-01-13_15-52-35/top_left,2026-01-13_15-52-35.top_left.jpg,/data/d3dbcf42e05429343a8e1a5966e3bcf0/Epson Perfection V850/2026-01-13/2026-01-13_15-52-35/top_left/2026-01-13_15-52-35.top_left.jpg,2026-01-13_15-52-35.top_left.thumb.jpg,c96bd3e091dcefbdce757afd0a69dc15,top_left,"[22.0, 45.0, 110.0, 135.0]",jpg,3200,0,epsonscan2,esci2:usb:ES00FE:337,Epson Perfection V850,d3dbcf42e05429343a8e1a5966e3bcf0,epsonscan2:Epson Perfection V850::esci2:usb:ES00FE:337,/data,{},DROSO_03_SIM_19_F,crop_2026-01-13_15-52-35.top_left_CROPNUMBER_15_UUID_DROSO_03_SIM_19_F.png,"[5697, 9366, 5954, 9861]",0.9196816682815552,1.0,00_data/01_segmented/crops,00_data/01_segmented/crops/crop_2026-01-13_15-52-35.top_left_CROPNUMBER_15_UUID_DROSO_03_SIM_19_F.json,00_data/01_segmented/crops/crop_2026-01-13_15-52-35.top_left_CROPNUMBER_15_UUID_DROSO_03_SIM_19_F.png,crops,
2026-01-13T16:17:02.422812,/data/d3dbcf42e05429343a8e1a5966e3bcf0/Epson Perfection V850/2026-01-13/2026-01-13_16-17-02/top_left,2026-01-13_16-17-02.top_left.jpg,/data/d3dbcf42e05429343a8e1a5966e3bcf0/Epson Perfection V850/2026-01-13/2026-01-13_16-17-02/top_left/2026-01-13_16-17-02.top_left.jpg,2026-01-13_16-17-02.top_left.thumb.jpg,73a37d7ec44337a23e2a64e1230cb14f,top_left,"[22.0, 45.0, 110.0, 135.0]",jpg,3200,0,epsonscan2,esci2:usb:ES00FE:337,Epson Perfection V850,d3dbcf42e05429343a8e1a5966e3bcf0,epsonscan2:Epson Perfection V850::esci2:usb:ES00FE:337,/data,{},DROSO_02_MEL_19_F,crop_2026-01-13_16-17-02.top_left_CROPNUMBER_27_UUID_DROSO_02_MEL_19_F.png,"[6154, 5704, 6621, 6024]",0.9293562173843384,1.0,00_data/01_segmented/crops,00_data/01_segmented/crops/crop_2026-01-13_16-17-02.top_left_CROPNUMBER_27_UUID_DROSO_02_MEL_19_F.json,00_data/01_segmented/crops/crop_2026-01-13_16-17-02.top_left_CROPNUMBER_27_UUID_DROSO_02_MEL_19_F.png,crops,
2026-01-13T16:17:02.422812,/data/d3dbcf42e05429343a8e1a5966e3bcf0/Epson Perfection V850/2026-01-13/2026-01-13_16-17-02/top_left,2026-01-13_16-17-02.top_left.jpg,/data/d3dbcf42e05429343a8e1a5966e3bcf0/Epson Perfection V850/2026-01-13/2026-01-13_16-17-02/top_left/2026-01-13_16-17-02.top_left.jpg,2026-01-13_16-17-02.top_left.thumb.jpg,73a37d7ec44337a23e2a64e1230cb14f,top_left,"[22.0, 45.0, 110.0, 135.0]",jpg,3200,0,epsonscan2,esci2:usb:ES00FE:337,Epson Perfection V850,d3dbcf42e05429343a8e1a5966e3bcf0,epsonscan2:Epson Perfection V850::esci2:usb:ES00FE:337,/data,{},DROSO_02_MEL_19_F,crop_2026-01-13_16-17-02.top_left_CROPNUMBER_26_UUID_DROSO_02_MEL_19_F.png,"[3491, 5597, 4030, 5939]",0.9304237961769104,0.6028218259357906,00_data/01_segmented/crops,00_data/01_segmented/crops/crop_2026-01-13_16-17-02.top_left_CROPNUMBER_26_UUID_DROSO_02_MEL_19_F.json,00_data/01_segmented/crops/crop_2026-01-13_16-17-02.top_left_CROPNUMBER_26_UUID_DROSO_02_MEL_19_F.png,crops,
2026-01-13T15:52:35.076944,/data/d3dbcf42e05429343a8e1a5966e3bcf0/Epson Perfection V850/2026-01-13/2026-01-13_15-52-35/top_left,2026-01-13_15-52-35.top_left.jpg,/data/d3dbcf42e05429343a8e1a5966e3bcf0/Epson Perfection V850/2026-01-13/2026-01-13_15-52-35/top_left/2026-01-13_15-52-35.top_left.jpg,2026-01-13_15-52-35.top_left.thumb.jpg,c96bd3e091dcefbdce757afd0a69dc15,top_left,"[22.0, 45.0, 110.0, 135.0]",jpg,3200,0,epsonscan2,esci2:usb:ES00FE:337,Epson Perfection V850,d3dbcf42e05429343a8e1a5966e3bcf0,epsonscan2:Epson Perfection V850::esci2:usb:ES00FE:337,/data,{},DROSO_03_SIM_19_F,crop_2026-01-13_15-52-35.top_left_CROPNUMBER_16_UUID_DROSO_03_SIM_19_F.png,"[549, 5566, 999, 5871]",0.7831794023513794,1.0,00_data/01_segmented/crops,00_data/01_segmented/crops/crop_2026-01-13_15-52-35.top_left_CROPNUMBER_16_UUID_DROSO_03_SIM_19_F.json,00_data/01_segmented/crops/crop_2026-01-13_15-52-35.top_left_CROPNUMBER_16_UUID_DROSO_03_SIM_19_F.png,crops,
2026-01-13T15:46:54.437940,/data/d3dbcf42e05429343a8e1a5966e3bcf0/Epson Perfection V850/2026-01-13/2026-01-13_15-46-54/top_right,2026-01-13_15-46-54.top_right.jpg,/data/d3dbcf42e05429343a8e1a5966e3bcf0/Epson Perfection V850/2026-01-13/2026-01-13_15-46-54/top_right/2026-01-13_15-46-54.top_right.jpg,2026-01-13_15-46-54.top_right.thumb.jpg,8cfcebfb20b3b3b2bc86ba50975b08d9,top_right,"[110.5, 45.0, 200.0, 135.0]",jpg,3200,0,epsonscan2,esci2:usb:ES00FE:337,Epson Perfection V850,d3dbcf42e05429343a8e1a5966e3bcf0,epsonscan2:Epson Perfection V850::esci2:usb:ES00FE:337,/data,{},DROSO_02_SIM_19_M,crop_2026-01-13_15-46-54.top_right_CROPNUMBER_10_UUID_DROSO_02_SIM_19_M.png,"[3456, 6314, 3887, 6708]",0.9387298226356506,1.0,00_data/01_segmented/crops,00_data/01_segmented/crops/crop_2026-01-13_15-46-54.top_right_CROPNUMBER_10_UUID_DROSO_02_SIM_19_M.json,00_data/01_segmented/crops/crop_2026-01-13_15-46-54.top_right_CROPNUMBER_10_UUID_DROSO_02_SIM_19_M.png,crops,
2026-01-13T16:17:02.422812,/data/d3dbcf42e05429343a8e1a5966e3bcf0/Epson Perfection V850/2026-01-13/2026-01-13_16-17-02/top_right,2026-01-13_16-17-02.top_right.jpg,/data/d3dbcf42e05429343a8e1a5966e3bcf0/Epson Perfection V850/2026-01-13/2026-01-13_16-17-02/top_right/2026-01-13_16-17-02.top_right.jpg,2026-01-13_16-17-02.top_right.thumb.jpg,dba0ed76fe036a6b6c2f125e044f31c3,top_right,"[110.5, 45.0, 200.0, 135.0]",jpg,3200,0,epsonscan2,esci2:usb:ES00FE:337,Epson Perfection V850,d3dbcf42e05429343a8e1a5966e3bcf0,epsonscan2:Epson Perfection V850::esci2:usb:ES00FE:337,/data,{},DROSO_02_MEL_19_M,crop_2026-01-13_16-17-02.top_right_CROPNUMBER_10_UUID_DROSO_02_MEL_19_M.png,"[7253, 7061, 7585, 7514]",0.9423909187316895,1.0,00_data/01_segmented/crops,00_data/01_segmented/crops/crop_2026-01-13_16-17-02.top_right_CROPNUMBER_10_UUID_DROSO_02_MEL_19_M.json,00_data/01_segmented/crops/crop_2026-01-13_16-17-02.top_right_CROPNUMBER_10_UUID_DROSO_02_MEL_19_M.png,crops,
2026-01-13T16:17:02.422812,/data/d3dbcf42e05429343a8e1a5966e3bcf0/Epson Perfection V850/2026-01-13/2026-01-13_16-17-02/top_left,2026-01-13_16-17-02.top_left.jpg,/data/d3dbcf42e05429343a8e1a5966e3bcf0/Epson Perfection V850/2026-01-13/2026-01-13_16-17-02/top_left/2026-01-13_16-17-02.top_left.jpg,2026-01-13_16-17-02.top_left.thumb.jpg,73a37d7ec44337a23e2a64e1230cb14f,top_left,"[22.0, 45.0, 110.0, 135.0]",jpg,3200,0,epsonscan2,esci2:usb:ES00FE:337,Epson Perfection V850,d3dbcf42e05429343a8e1a5966e3bcf0,epsonscan2:Epson Perfection V850::esci2:usb:ES00FE:337,/data,{},DROSO_02_MEL_19_F,crop_2026-01-13_16-17-02.top_left_CROPNUMBER_9_UUID_DROSO_02_MEL_19_F.png,"[2761, 5096, 3321, 5593]",0.9423239231109619,0.6028218259357906,00_data/01_segmented/crops,00_data/01_segmented/crops/crop_2026-01-13_16-17-02.top_left_CROPNUMBER_9_UUID_DROSO_02_MEL_19_F.json,00_data/01_segmented/crops/crop_2026-01-13_16-17-02.top_left_CROPNUMBER_9_UUID_DROSO_02_MEL_19_F.png,crops,
2026-01-13T16:17:02.422812,/data/d3dbcf42e05429343a8e1a5966e3bcf0/Epson Perfection V850/2026-01-13/2026-01-13_16-17-02/top_left,2026-01-13_16-17-02.top_left.jpg,/data/d3dbcf42e05429343a8e1a5966e3bcf0/Epson Perfection V850/2026-01-13/2026-01-13_16-17-02/top_left/2026-01-13_16-17-02.top_left.jpg,2026-01-13_16-17-02.top_left.thumb.jpg,73a37d7ec44337a23e2a64e1230cb14f,top_left,"[22.0, 45.0, 110.0, 135.0]",jpg,3200,0,epsonscan2,esci2:usb:ES00FE:337,Epson Perfection V850,d3dbcf42e05429343a8e1a5966e3bcf0,epsonscan2:Epson Perfection V850::esci2:usb:ES00FE:337,/data,{},DROSO_02_MEL_19_F,crop_2026-01-13_16-17-02.top_left_CROPNUMBER_29_UUID_DROSO_02_MEL_19_F.png,"[3569, 8367, 3911, 8881]",0.9283338785171509,0.6028218259357906,00_data/01_segmented/crops,00_data/01_segmented/crops/crop_2026-01-13_16-17-02.top_left_CROPNUMBER_29_UUID_DROSO_02_MEL_19_F.json,00_data/01_segmented/crops/crop_2026-01-13_16-17-02.top_left_CROPNUMBER_29_UUID_DROSO_02_MEL_19_F.png,crops,
2026-01-13T15:58:15.447485,/data/d3dbcf42e05429343a8e1a5966e3bcf0/Epson Perfection V850/2026-01-13/2026-01-13_15-58-15/top_left,2026-01-13_15-58-15.top_left.jpg,/data/d3dbcf42e05429343a8e1a5966e3bcf0/Epson Perfection V850/2026-01-13/2026-01-13_15-58-15/top_left/2026-01-13_15-58-15.top_left.jpg,2026-01-13_15-58-15.top_left.thumb.jpg,06b4b76a8baf9e9d6a949609e6c4b9d4,top_left,"[22.0, 45.0, 110.0, 135.0]",jpg,3200,0,epsonscan2,esci2:usb:ES00FE:337,Epson Perfection V850,d3dbcf42e05429343a8e1a5966e3bcf0,epsonscan2:Epson Perfection V850::esci2:usb:ES00FE:337,/data,{},DROSO_04_SIM_19_F,crop_2026-01-13_15-58-15.top_left_CROPNUMBER_26_UUID_DROSO_04_SIM_19_F.png,"[5843, 7790, 6072, 8243]",0.9209548830986023,1.0,00_data/01_segmented/crops,00_data/01_segmented/crops/crop_2026-01-13_15-58-15.top_left_CROPNUMBER_26_UUID_DROSO_04_SIM_19_F.json,00_data/01_segmented/crops/crop_2026-01-13_15-58-15.top_left_CROPNUMBER_26_UUID_DROSO_04_SIM_19_F.png,crops,
2026-01-13T16:17:02.422812,/data/d3dbcf42e05429343a8e1a5966e3bcf0/Epson Perfection V850/2026-01-13/2026-01-13_16-17-02/top_right,2026-01-13_16-17-02.top_right.jpg,/data/d3dbcf42e05429343a8e1a5966e3bcf0/Epson Perfection V850/2026-01-13/2026-01-13_16-17-02/top_right/2026-01-13_16-17-02.top_right.jpg,2026-01-13_16-17-02.top_right.thumb.jpg,dba0ed76fe036a6b6c2f125e044f31c3,top_right,"[110.5, 45.0, 200.0, 135.0]",jpg,3200,0,epsonscan2,esci2:usb:ES00FE:337,Epson Perfection V850,d3dbcf42e05429343a8e1a5966e3bcf0,epsonscan2:Epson Perfection V850::esci2:usb:ES00FE:337,/data,{},DROSO_02_MEL_19_M,crop_2026-01-13_16-17-02.top_right_CROPNUMBER_22_UUID_DROSO_02_MEL_19_M.png,"[1726, 6050, 1996, 6497]",0.934363067150116,1.0,00_data/01_segmented/crops,00_data/01_segmented/crops/crop_2026-01-13_16-17-02.top_right_CROPNUMBER_22_UUID_DROSO_02_MEL_19_M.json,00_data/01_segmented/crops/crop_2026-01-13_16-17-02.top_right_CROPNUMBER_22_UUID_DROSO_02_MEL_19_M.png,crops,
2026-01-13T16:04:10.629205,/data/d3dbcf42e05429343a8e1a5966e3bcf0/Epson Perfection V850/2026-01-13/2026-01-13_16-04-10/top_left,2026-01-13_16-04-10.top_left.jpg,/data/d3dbcf42e05429343a8e1a5966e3bcf0/Epson Perfection V850/2026-01-13/2026-01-13_16-04-10/top_left/2026-01-13_16-04-10.top_left.jpg,2026-01-13_16-04-10.top_left.thumb.jpg,e5f859616a1ebf20cb8f61da5b2008c2,top_left,"[22.0, 45.0, 110.0, 135.0]",jpg,3200,0,epsonscan2,esci2:usb:ES00FE:337,Epson Perfection V850,d3dbcf42e05429343a8e1a5966e3bcf0,epsonscan2:Epson Perfection V850::esci2:usb:ES00FE:337,/data,{},DROSO_05_SIM_19_F,crop_2026-01-13_16-04-10.top_left_CROPNUMBER_2_UUID_DROSO_05_SIM_19_F.png,"[2526, 7915, 2973, 8274]",0.952031135559082,1.0,00_data/01_segmented/crops,00_data/01_segmented/crops/crop_2026-01-13_16-04-10.top_left_CROPNUMBER_2_UUID_DROSO_05_SIM_19_F.json,00_data/01_segmented/crops/crop_2026-01-13_16-04-10.top_left_CROPNUMBER_2_UUID_DROSO_05_SIM_19_F.png,crops,
2026-01-13T16:22:42.229986,/data/d3dbcf42e05429343a8e1a5966e3bcf0/Epson Perfection V850/2026-01-13/2026-01-13_16-22-42/top_right,2026-01-13_16-22-42.top_right.jpg,/data/d3dbcf42e05429343a8e1a5966e3bcf0/Epson Perfection V850/2026-01-13/2026-01-13_16-22-42/top_right/2026-01-13_16-22-42.top_right.jpg,2026-01-13_16-22-42.top_right.thumb.jpg,a62b428f433471233371d44992128bb0,top_right,"[110.5, 45.0, 200.0, 135.0]",jpg,3200,0,epsonscan2,esci2:usb:ES00FE:337,Epson Perfection V850,d3dbcf42e05429343a8e1a5966e3bcf0,epsonscan2:Epson Perfection V850::esci2:usb:ES00FE:337,/data,{},DROSO_03_MEL_19_M,crop_2026-01-13_16-22-42.top_right_CROPNUMBER_0_UUID_DROSO_03_MEL_19_M.png,"[3165, 6745, 3614, 7162]",0.9533592462539673,0.6027106630904797,00_data/01_segmented/crops,00_data/01_segmented/crops/crop_2026-01-13_16-22-42.top_right_CROPNUMBER_0_UUID_DROSO_03_MEL_19_M.json,00_data/01_segmented/crops/crop_2026-01-13_16-22-42.top_right_CROPNUMBER_0_UUID_DROSO_03_MEL_19_M.png,crops,
2026-01-13T16:22:42.229986,/data/d3dbcf42e05429343a8e1a5966e3bcf0/Epson Perfection V850/2026-01-13/2026-01-13_16-22-42/top_left,2026-01-13_16-22-42.top_left.jpg,/data/d3dbcf42e05429343a8e1a5966e3bcf0/Epson Perfection V850/2026-01-13/2026-01-13_16-22-42/top_left/2026-01-13_16-22-42.top_left.jpg,2026-01-13_16-22-42.top_left.thumb.jpg,f331f82ac6dcbf4a1318ddee5307a618,top_left,"[22.0, 45.0, 110.0, 135.0]",jpg,3200,0,epsonscan2,esci2:usb:ES00FE:337,Epson Perfection V850,d3dbcf42e05429343a8e1a5966e3bcf0,epsonscan2:Epson Perfection V850::esci2:usb:ES00FE:337,/data,{},DROSO_03_MEL_19_F,crop_2026-01-13_16-22-42.top_left_CROPNUMBER_21_UUID_DROSO_03_MEL_19_F.png,"[3730, 7412, 4251, 7807]",0.934395432472229,1.0,00_data/01_segmented/crops,00_data/01_segmented/crops/crop_2026-01-13_16-22-42.top_left_CROPNUMBER_21_UUID_DROSO_03_MEL_19_F.json,00_data/01_segmented/crops/crop_2026-01-13_16-22-42.top_left_CROPNUMBER_21_UUID_DROSO_03_MEL_19_F.png,crops,
2026-01-13T15:58:15.447485,/data/d3dbcf42e05429343a8e1a5966e3bcf0/Epson Perfection V850/2026-01-13/2026-01-13_15-58-15/top_right,2026-01-13_15-58-15.top_right.jpg,/data/d3dbcf42e05429343a8e1a5966e3bcf0/Epson Perfection V850/2026-01-13/2026-01-13_15-58-15/top_right/2026-01-13_15-58-15.top_right.jpg,2026-01-13_15-58-15.top_right.thumb.jpg,f4b3f70693284ad9b6a7bd19eb02b3d5,top_right,"[110.5, 45.0, 200.0, 135.0]",jpg,3200,0,epsonscan2,esci2:usb:ES00FE:337,Epson Perfection V850,d3dbcf42e05429343a8e1a5966e3bcf0,epsonscan2:Epson Perfection V850::esci2:usb:ES00FE:337,/data,{},DROSO_04_SIM_19_M,crop_2026-01-13_15-58-15.top_right_CROPNUMBER_16_UUID_DROSO_04_SIM_19_M.png,"[5929, 8049, 6468, 8464]",0.9359396696090698,0.6027106630904797,00_data/01_segmented/crops,00_data/01_segmented/crops/crop_2026-01-13_15-58-15.top_right_CROPNUMBER_16_UUID_DROSO_04_SIM_19_M.json,00_data/01_segmented/crops/crop_2026-01-13_15-58-15.top_right_CROPNUMBER_16_UUID_DROSO_04_SIM_19_M.png,crops,
2026-01-13T15:40:38.651010,/data/d3dbcf42e05429343a8e1a5966e3bcf0/Epson Perfection V850/2026-01-13/2026-01-13_15-40-38/top_left,2026-01-13_15-40-38.top_left.jpg,/data/d3dbcf42e05429343a8e1a5966e3bcf0/Epson Perfection V850/2026-01-13/2026-01-13_15-40-38/top_left/2026-01-13_15-40-38.top_left.jpg,2026-01-13_15-40-38.top_left.thumb.jpg,16a144e86ca9c5e7bb9b16ddead6411f,top_left,"[22.0, 45.0, 110.0, 135.0]",jpg,3200,0,epsonscan2,esci2:usb:ES00FE:337,Epson Perfection V850,d3dbcf42e05429343a8e1a5966e3bcf0,epsonscan2:Epson Perfection V850::esci2:usb:ES00FE:337,/data,{},DROSO_01_SIM_19_F,crop_2026-01-13_15-40-38.top_left_CROPNUMBER_16_UUID_DROSO_01_SIM_19_F.png,"[4203, 7482, 4568, 7851]",0.9282858371734619,1.0,00_data/01_segmented/crops,00_data/01_segmented/crops/crop_2026-01-13_15-40-38.top_left_CROPNUMBER_16_UUID_DROSO_01_SIM_19_F.json,00_data/01_segmented/crops/crop_2026-01-13_15-40-38.top_left_CROPNUMBER_16_UUID_DROSO_01_SIM_19_F.png,crops,
2026-01-13T16:22:42.229986,/data/d3dbcf42e05429343a8e1a5966e3bcf0/Epson Perfection V850/2026-01-13/2026-01-13_16-22-42/top_right,2026-01-13_16-22-42.top_right.jpg,/data/d3dbcf42e05429343a8e1a5966e3bcf0/Epson Perfection V850/2026-01-13/2026-01-13_16-22-42/top_right/2026-01-13_16-22-42.top_right.jpg,2026-01-13_16-22-42.top_right.thumb.jpg,a62b428f433471233371d44992128bb0,top_right,"[110.5, 45.0, 200.0, 135.0]",jpg,3200,0,epsonscan2,esci2:usb:ES00FE:337,Epson Perfection V850,d3dbcf42e05429343a8e1a5966e3bcf0,epsonscan2:Epson Perfection V850::esci2:usb:ES00FE:337,/data,{},DROSO_03_MEL_19_M,crop_2026-01-13_16-22-42.top_right_CROPNUMBER_24_UUID_DROSO_03_MEL_19_M.png,"[2259, 4985, 2566, 5441]",0.92933189868927,1.0,00_data/01_segmented/crops,00_data/01_segmented/crops/crop_2026-01-13_16-22-42.top_right_CROPNUMBER_24_UUID_DROSO_03_MEL_19_M.json,00_data/01_segmented/crops/crop_2026-01-13_16-22-42.top_right_CROPNUMBER_24_UUID_DROSO_03_MEL_19_M.png,crops,
2026-01-13T15:58:15.447485,/data/d3dbcf42e05429343a8e1a5966e3bcf0/Epson Perfection V850/2026-01-13/2026-01-13_15-58-15/top_right,2026-01-13_15-58-15.top_right.jpg,/data/d3dbcf42e05429343a8e1a5966e3bcf0/Epson Perfection V850/2026-01-13/2026-01-13_15-58-15/top_right/2026-01-13_15-58-15.top_right.jpg,2026-01-13_15-58-15.top_right.thumb.jpg,f4b3f70693284ad9b6a7bd19eb02b3d5,top_right,"[110.5, 45.0, 200.0, 135.0]",jpg,3200,0,epsonscan2,esci2:usb:ES00FE:337,Epson Perfection V850,d3dbcf42e05429343a8e1a5966e3bcf0,epsonscan2:Epson Perfection V850::esci2:usb:ES00FE:337,/data,{},DROSO_04_SIM_19_M,crop_2026-01-13_15-58-15.top_right_CROPNUMBER_0_UUID_DROSO_04_SIM_19_M.png,"[7132, 7503, 7579, 7888]",0.9523526430130005,1.0,00_data/01_segmented/crops,00_data/01_segmented/crops/crop_2026-01-13_15-58-15.top_right_CROPNUMBER_0_UUID_DROSO_04_SIM_19_M.json,00_data/01_segmented/crops/crop_2026-01-13_15-58-15.top_right_CROPNUMBER_0_UUID_DROSO_04_SIM_19_M.png,crops,
2026-01-13T15:40:38.651010,/data/d3dbcf42e05429343a8e1a5966e3bcf0/Epson Perfection V850/2026-01-13/2026-01-13_15-40-38/top_right,2026-01-13_15-40-38.top_right.jpg,/data/d3dbcf42e05429343a8e1a5966e3bcf0/Epson Perfection V850/2026-01-13/2026-01-13_15-40-38/top_right/2026-01-13_15-40-38.top_right.jpg,2026-01-13_15-40-38.top_right.thumb.jpg,b3a9f59be4eab6b9c284088e08fe2da7,top_right,"[110.5, 45.0, 200.0, 135.0]",jpg,3200,0,epsonscan2,esci2:usb:ES00FE:337,Epson Perfection V850,d3dbcf42e05429343a8e1a5966e3bcf0,epsonscan2:Epson Perfection V850::esci2:usb:ES00FE:337,/data,{},DROSO_01_SIM_19_M,crop_2026-01-13_15-40-38.top_right_CROPNUMBER_14_UUID_DROSO_01_SIM_19_M.png,"[7389, 7088, 7807, 7548]",0.9330880641937256,0.6027106630904797,00_data/01_segmented/crops,00_data/01_segmented/crops/crop_2026-01-13_15-40-38.top_right_CROPNUMBER_14_UUID_DROSO_01_SIM_19_M.json,00_data/01_segmented/crops/crop_2026-01-13_15-40-38.top_right_CROPNUMBER_14_UUID_DROSO_01_SIM_19_M.png,crops,
2026-01-13T16:17:02.422812,/data/d3dbcf42e05429343a8e1a5966e3bcf0/Epson Perfection V850/2026-01-13/2026-01-13_16-17-02/top_left,2026-01-13_16-17-02.top_left.jpg,/data/d3dbcf42e05429343a8e1a5966e3bcf0/Epson Perfection V850/2026-01-13/2026-01-13_16-17-02/top_left/2026-01-13_16-17-02.top_left.jpg,2026-01-13_16-17-02.top_left.thumb.jpg,73a37d7ec44337a23e2a64e1230cb14f,top_left,"[22.0, 45.0, 110.0, 135.0]",jpg,3200,0,epsonscan2,esci2:usb:ES00FE:337,Epson Perfection V850,d3dbcf42e05429343a8e1a5966e3bcf0,epsonscan2:Epson Perfection V850::esci2:usb:ES00FE:337,/data,{},DROSO_02_MEL_19_F,crop_2026-01-13_16-17-02.top_left_CROPNUMBER_15_UUID_DROSO_02_MEL_19_F.png,"[2522, 5648, 2891, 6099]",0.9391371607780457,1.0,00_data/01_segmented/crops,00_data/01_segmented/crops/crop_2026-01-13_16-17-02.top_left_CROPNUMBER_15_UUID_DROSO_02_MEL_19_F.json,00_data/01_segmented/crops/crop_2026-01-13_16-17-02.top_left_CROPNUMBER_15_UUID_DROSO_02_MEL_19_F.png,crops,
2026-01-13T16:22:42.229986,/data/d3dbcf42e05429343a8e1a5966e3bcf0/Epson Perfection V850/2026-01-13/2026-01-13_16-22-42/top_right,2026-01-13_16-22-42.top_right.jpg,/data/d3dbcf42e05429343a8e1a5966e3bcf0/Epson Perfection V850/2026-01-13/2026-01-13_16-22-42/top_right/2026-01-13_16-22-42.top_right.jpg,2026-01-13_16-22-42.top_right.thumb.jpg,a62b428f433471233371d44992128bb0,top_right,"[110.5, 45.0, 200.0, 135.0]",jpg,3200,0,epsonscan2,esci2:usb:ES00FE:337,Epson Perfection V850,d3dbcf42e05429343a8e1a5966e3bcf0,epsonscan2:Epson Perfection V850::esci2:usb:ES00FE:337,/data,{},DROSO_03_MEL_19_M,crop_2026-01-13_16-22-42.top_right_CROPNUMBER_29_UUID_DROSO_03_MEL_19_M.png,"[7250, 7726, 7576, 8121]",0.92792809009552,1.0,00_data/01_segmented/crops,00_data/01_segmented/crops/crop_2026-01-13_16-22-42.top_right_CROPNUMBER_29_UUID_DROSO_03_MEL_19_M.json,00_data/01_segmented/crops/crop_2026-01-13_16-22-42.top_right_CROPNUMBER_29_UUID_DROSO_03_MEL_19_M.png,crops,
2026-01-13T16:17:02.422812,/data/d3dbcf42e05429343a8e1a5966e3bcf0/Epson Perfection V850/2026-01-13/2026-01-13_16-17-02/top_right,2026-01-13_16-17-02.top_right.jpg,/data/d3dbcf42e05429343a8e1a5966e3bcf0/Epson Perfection V850/2026-01-13/2026-01-13_16-17-02/top_right/2026-01-13_16-17-02.top_right.jpg,2026-01-13_16-17-02.top_right.thumb.jpg,dba0ed76fe036a6b6c2f125e044f31c3,top_right,"[110.5, 45.0, 200.0, 135.0]",jpg,3200,0,epsonscan2,esci2:usb:ES00FE:337,Epson Perfection V850,d3dbcf42e05429343a8e1a5966e3bcf0,epsonscan2:Epson Perfection V850::esci2:usb:ES00FE:337,/data,{},DROSO_02_MEL_19_M,crop_2026-01-13_16-17-02.top_right_CROPNUMBER_11_UUID_DROSO_02_MEL_19_M.png,"[2476, 8010, 2948, 8310]",0.9411513209342957,1.0,00_data/01_segmented/crops,00_data/01_segmented/crops/crop_2026-01-13_16-17-02.top_right_CROPNUMBER_11_UUID_DROSO_02_MEL_19_M.json,00_data/01_segmented/crops/crop_2026-01-13_16-17-02.top_right_CROPNUMBER_11_UUID_DROSO_02_MEL_19_M.png,crops,
2026-01-13T16:17:02.422812,/data/d3dbcf42e05429343a8e1a5966e3bcf0/Epson Perfection V850/2026-01-13/2026-01-13_16-17-02/top_left,2026-01-13_16-17-02.top_left.jpg,/data/d3dbcf42e05429343a8e1a5966e3bcf0/Epson Perfection V850/2026-01-13/2026-01-13_16-17-02/top_left/2026-01-13_16-17-02.top_left.jpg,2026-01-13_16-17-02.top_left.thumb.jpg,73a37d7ec44337a23e2a64e1230cb14f,top_left,"[22.0, 45.0, 110.0, 135.0]",jpg,3200,0,epsonscan2,esci2:usb:ES00FE:337,Epson Perfection V850,d3dbcf42e05429343a8e1a5966e3bcf0,epsonscan2:Epson Perfection V850::esci2:usb:ES00FE:337,/data,{},DROSO_02_MEL_19_F,crop_2026-01-13_16-17-02.top_left_CROPNUMBER_8_UUID_DROSO_02_MEL_19_F.png,"[5330, 8711, 5821, 9032]",0.9445156455039978,0.6028218259357906,00_data/01_segmented/crops,00_data/01_segmented/crops/crop_2026-01-13_16-17-02.top_left_CROPNUMBER_8_UUID_DROSO_02_MEL_19_F.json,00_data/01_segmented/crops/crop_2026-01-13_16-17-02.top_left_CROPNUMBER_8_UUID_DROSO_02_MEL_19_F.png,crops,
2026-01-13T16:09:56.394761,/data/d3dbcf42e05429343a8e1a5966e3bcf0/Epson Perfection V850/2026-01-13/2026-01-13_16-09-56/top_right,2026-01-13_16-09-56.top_right.jpg,/data/d3dbcf42e05429343a8e1a5966e3bcf0/Epson Perfection V850/2026-01-13/2026-01-13_16-09-56/top_right/2026-01-13_16-09-56.top_right.jpg,2026-01-13_16-09-56.top_right.thumb.jpg,aee7ff74e98fd3cb0d78628f63d1119f,top_right,"[110.5, 45.0, 200.0, 135.0]",jpg,3200,0,epsonscan2,esci2:usb:ES00FE:337,Epson Perfection V850,d3dbcf42e05429343a8e1a5966e3bcf0,epsonscan2:Epson Perfection V850::esci2:usb:ES00FE:337,/data,{},DROSO_01_MEL_19_M,crop_2026-01-13_16-09-56.top_right_CROPNUMBER_15_UUID_DROSO_01_MEL_19_M.png,"[7649, 5977, 8113, 6382]",0.943097710609436,1.0,00_data/01_segmented/crops,00_data/01_segmented/crops/crop_2026-01-13_16-09-56.top_right_CROPNUMBER_15_UUID_DROSO_01_MEL_19_M.json,00_data/01_segmented/crops/crop_2026-01-13_16-09-56.top_right_CROPNUMBER_15_UUID_DROSO_01_MEL_19_M.png,crops,
2026-01-13T15:58:15.447485,/data/d3dbcf42e05429343a8e1a5966e3bcf0/Epson Perfection V850/2026-01-13/2026-01-13_15-58-15/top_right,2026-01-13_15-58-15.top_right.jpg,/data/d3dbcf42e05429343a8e1a5966e3bcf0/Epson Perfection V850/2026-01-13/2026-01-13_15-58-15/top_right/2026-01-13_15-58-15.top_right.jpg,2026-01-13_15-58-15.top_right.thumb.jpg,f4b3f70693284ad9b6a7bd19eb02b3d5,top_right,"[110.5, 45.0, 200.0, 135.0]",jpg,3200,0,epsonscan2,esci2:usb:ES00FE:337,Epson Perfection V850,d3dbcf42e05429343a8e1a5966e3bcf0,epsonscan2:Epson Perfection V850::esci2:usb:ES00FE:337,/data,{},DROSO_04_SIM_19_M,crop_2026-01-13_15-58-15.top_right_CROPNUMBER_5_UUID_DROSO_04_SIM_19_M.png,"[3797, 6712, 4181, 7157]",0.9486579895019531,1.0,00_data/01_segmented/crops,00_data/01_segmented/crops/crop_2026-01-13_15-58-15.top_right_CROPNUMBER_5_UUID_DROSO_04_SIM_19_M.json,00_data/01_segmented/crops/crop_2026-01-13_15-58-15.top_right_CROPNUMBER_5_UUID_DROSO_04_SIM_19_M.png,crops,
2026-01-13T15:52:35.076944,/data/d3dbcf42e05429343a8e1a5966e3bcf0/Epson Perfection V850/2026-01-13/2026-01-13_15-52-35/top_right,2026-01-13_15-52-35.top_right.jpg,/data/d3dbcf42e05429343a8e1a5966e3bcf0/Epson Perfection V850/2026-01-13/2026-01-13_15-52-35/top_right/2026-01-13_15-52-35.top_right.jpg,2026-01-13_15-52-35.top_right.thumb.jpg,21ba2cf23da353b8d840e52696871b60,top_right,"[110.5, 45.0, 200.0, 135.0]",jpg,3200,0,epsonscan2,esci2:usb:ES00FE:337,Epson Perfection V850,d3dbcf42e05429343a8e1a5966e3bcf0,epsonscan2:Epson Perfection V850::esci2:usb:ES00FE:337,/data,{},DROSO_03_SIM_19_M,crop_2026-01-13_15-52-35.top_right_CROPNUMBER_9_UUID_DROSO_03_SIM_19_M.png,"[4540, 6377, 5017, 6800]",0.9347966313362122,0.6027106630904797,00_data/01_segmented/crops,00_data/01_segmented/crops/crop_2026-01-13_15-52-35.top_right_CROPNUMBER_9_UUID_DROSO_03_SIM_19_M.json,00_data/01_segmented/crops/crop_2026-01-13_15-52-35.top_right_CROPNUMBER_9_UUID_DROSO_03_SIM_19_M.png,crops,
2026-01-13T15:40:38.651010,/data/d3dbcf42e05429343a8e1a5966e3bcf0/Epson Perfection V850/2026-01-13/2026-01-13_15-40-38/top_right,2026-01-13_15-40-38.top_right.jpg,/data/d3dbcf42e05429343a8e1a5966e3bcf0/Epson Perfection V850/2026-01-13/2026-01-13_15-40-38/top_right/2026-01-13_15-40-38.top_right.jpg,2026-01-13_15-40-38.top_right.thumb.jpg,b3a9f59be4eab6b9c284088e08fe2da7,top_right,"[110.5, 45.0, 200.0, 135.0]",jpg,3200,0,epsonscan2,esci2:usb:ES00FE:337,Epson Perfection V850,d3dbcf42e05429343a8e1a5966e3bcf0,epsonscan2:Epson Perfection V850::esci2:usb:ES00FE:337,/data,{},DROSO_01_SIM_19_M,crop_2026-01-13_15-40-38.top_right_CROPNUMBER_1_UUID_DROSO_01_SIM_19_M.png,"[5368, 6488, 5736, 6927]",0.9488880634307861,0.6027106630904797,00_data/01_segmented/crops,00_data/01_segmented/crops/crop_2026-01-13_15-40-38.top_right_CROPNUMBER_1_UUID_DROSO_01_SIM_19_M.json,00_data/01_segmented/crops/crop_2026-01-13_15-40-38.top_right_CROPNUMBER_1_UUID_DROSO_01_SIM_19_M.png,crops,
2026-01-13T16:04:10.629205,/data/d3dbcf42e05429343a8e1a5966e3bcf0/Epson Perfection V850/2026-01-13/2026-01-13_16-04-10/top_left,2026-01-13_16-04-10.top_left.jpg,/data/d3dbcf42e05429343a8e1a5966e3bcf0/Epson Perfection V850/2026-01-13/2026-01-13_16-04-10/top_left/2026-01-13_16-04-10.top_left.jpg,2026-01-13_16-04-10.top_left.thumb.jpg,e5f859616a1ebf20cb8f61da5b2008c2,top_left,"[22.0, 45.0, 110.0, 135.0]",jpg,3200,0,epsonscan2,esci2:usb:ES00FE:337,Epson Perfection V850,d3dbcf42e05429343a8e1a5966e3bcf0,epsonscan2:Epson Perfection V850::esci2:usb:ES00FE:337,/data,{},DROSO_05_SIM_19_F,crop_2026-01-13_16-04-10.top_left_CROPNUMBER_23_UUID_DROSO_05_SIM_19_F.png,"[4121, 7366, 4379, 7830]",0.9237099289894104,1.0,00_data/01_segmented/crops,00_data/01_segmented/crops/crop_2026-01-13_16-04-10.top_left_CROPNUMBER_23_UUID_DROSO_05_SIM_19_F.json,00_data/01_segmented/crops/crop_2026-01-13_16-04-10.top_left_CROPNUMBER_23_UUID_DROSO_05_SIM_19_F.png,crops,
2026-01-13T16:04:10.629205,/data/d3dbcf42e05429343a8e1a5966e3bcf0/Epson Perfection V850/2026-01-13/2026-01-13_16-04-10/top_right,2026-01-13_16-04-10.top_right.jpg,/data/d3dbcf42e05429343a8e1a5966e3bcf0/Epson Perfection V850/2026-01-13/2026-01-13_16-04-10/top_right/2026-01-13_16-04-10.top_right.jpg,2026-01-13_16-04-10.top_right.thumb.jpg,3126fa75aee2fe2913a08ebebfa0ed4f,top_right,"[110.5, 45.0, 200.0, 135.0]",jpg,3200,0,epsonscan2,esci2:usb:ES00FE:337,Epson Perfection V850,d3dbcf42e05429343a8e1a5966e3bcf0,epsonscan2:Epson Perfection V850::esci2:usb:ES00FE:337,/data,{},DROSO_05_SIM_19_M,crop_2026-01-13_16-04-10.top_right_CROPNUMBER_2_UUID_DROSO_05_SIM_19_M.png,"[8110, 8311, 8419, 8734]",0.9417912364006042,1.0,00_data/01_segmented/crops,00_data/01_segmented/crops/crop_2026-01-13_16-04-10.top_right_CROPNUMBER_2_UUID_DROSO_05_SIM_19_M.json,00_data/01_segmented/crops/crop_2026-01-13_16-04-10.top_right_CROPNUMBER_2_UUID_DROSO_05_SIM_19_M.png,crops,
2026-01-13T15:52:35.076944,/data/d3dbcf42e05429343a8e1a5966e3bcf0/Epson Perfection V850/2026-01-13/2026-01-13_15-52-35/top_right,2026-01-13_15-52-35.top_right.jpg,/data/d3dbcf42e05429343a8e1a5966e3bcf0/Epson Perfection V850/2026-01-13/2026-01-13_15-52-35/top_right/2026-01-13_15-52-35.top_right.jpg,2026-01-13_15-52-35.top_right.thumb.jpg,21ba2cf23da353b8d840e52696871b60,top_right,"[110.5, 45.0, 200.0, 135.0]",jpg,3200,0,epsonscan2,esci2:usb:ES00FE:337,Epson Perfection V850,d3dbcf42e05429343a8e1a5966e3bcf0,epsonscan2:Epson Perfection V850::esci2:usb:ES00FE:337,/data,{},DROSO_03_SIM_19_M,crop_2026-01-13_15-52-35.top_right_CROPNUMBER_3_UUID_DROSO_03_SIM_19_M.png,"[5322, 6331, 5737, 6734]",0.9454914331436157,1.0,00_data/01_segmented/crops,00_data/01_segmented/crops/crop_2026-01-13_15-52-35.top_right_CROPNUMBER_3_UUID_DROSO_03_SIM_19_M.json,00_data/01_segmented/crops/crop_2026-01-13_15-52-35.top_right_CROPNUMBER_3_UUID_DROSO_03_SIM_19_M.png,crops,
2026-01-13T16:17:02.422812,/data/d3dbcf42e05429343a8e1a5966e3bcf0/Epson Perfection V850/2026-01-13/2026-01-13_16-17-02/top_right,2026-01-13_16-17-02.top_right.jpg,/data/d3dbcf42e05429343a8e1a5966e3bcf0/Epson Perfection V850/2026-01-13/2026-01-13_16-17-02/top_right/2026-01-13_16-17-02.top_right.jpg,2026-01-13_16-17-02.top_right.thumb.jpg,dba0ed76fe036a6b6c2f125e044f31c3,top_right,"[110.5, 45.0, 200.0, 135.0]",jpg,3200,0,epsonscan2,esci2:usb:ES00FE:337,Epson Perfection V850,d3dbcf42e05429343a8e1a5966e3bcf0,epsonscan2:Epson Perfection V850::esci2:usb:ES00FE:337,/data,{},DROSO_02_MEL_19_M,crop_2026-01-13_16-17-02.top_right_CROPNUMBER_15_UUID_DROSO_02_MEL_19_M.png,"[3763, 6683, 4109, 7109]",0.9377433061599731,1.0,00_data/01_segmented/crops,00_data/01_segmented/crops/crop_2026-01-13_16-17-02.top_right_CROPNUMBER_15_UUID_DROSO_02_MEL_19_M.json,00_data/01_segmented/crops/crop_2026-01-13_16-17-02.top_right_CROPNUMBER_15_UUID_DROSO_02_MEL_19_M.png,crops,
2026-01-13T15:52:35.076944,/data/d3dbcf42e05429343a8e1a5966e3bcf0/Epson Perfection V850/2026-01-13/2026-01-13_15-52-35/top_right,2026-01-13_15-52-35.top_right.jpg,/data/d3dbcf42e05429343a8e1a5966e3bcf0/Epson Perfection V850/2026-01-13/2026-01-13_15-52-35/top_right/2026-01-13_15-52-35.top_right.jpg,2026-01-13_15-52-35.top_right.thumb.jpg,21ba2cf23da353b8d840e52696871b60,top_right,"[110.5, 45.0, 200.0, 135.0]",jpg,3200,0,epsonscan2,esci2:usb:ES00FE:337,Epson Perfection V850,d3dbcf42e05429343a8e1a5966e3bcf0,epsonscan2:Epson Perfection V850::esci2:usb:ES00FE:337,/data,{},DROSO_03_SIM_19_M,crop_2026-01-13_15-52-35.top_right_CROPNUMBER_11_UUID_DROSO_03_SIM_19_M.png,"[4061, 7566, 4484, 8104]",0.9338276982307434,0.6027106630904797,00_data/01_segmented/crops,00_data/01_segmented/crops/crop_2026-01-13_15-52-35.top_right_CROPNUMBER_11_UUID_DROSO_03_SIM_19_M.json,00_data/01_segmented/crops/crop_2026-01-13_15-52-35.top_right_CROPNUMBER_11_UUID_DROSO_03_SIM_19_M.png,crops,
2026-01-13T16:09:56.394761,/data/d3dbcf42e05429343a8e1a5966e3bcf0/Epson Perfection V850/2026-01-13/2026-01-13_16-09-56/top_right,2026-01-13_16-09-56.top_right.jpg,/data/d3dbcf42e05429343a8e1a5966e3bcf0/Epson Perfection V850/2026-01-13/2026-01-13_16-09-56/top_right/2026-01-13_16-09-56.top_right.jpg,2026-01-13_16-09-56.top_right.thumb.jpg,aee7ff74e98fd3cb0d78628f63d1119f,top_right,"[110.5, 45.0, 200.0, 135.0]",jpg,3200,0,epsonscan2,esci2:usb:ES00FE:337,Epson Perfection V850,d3dbcf42e05429343a8e1a5966e3bcf0,epsonscan2:Epson Perfection V850::esci2:usb:ES00FE:337,/data,{},DROSO_01_MEL_19_M,crop_2026-01-13_16-09-56.top_right_CROPNUMBER_58_UUID_DROSO_01_MEL_19_M.png,"[7351, 4281, 7687, 4706]",0.9274300932884216,1.0,00_data/01_segmented/crops,00_data/01_segmented/crops/crop_2026-01-13_16-09-56.top_right_CROPNUMBER_58_UUID_DROSO_01_MEL_19_M.json,00_data/01_segmented/crops/crop_2026-01-13_16-09-56.top_right_CROPNUMBER_58_UUID_DROSO_01_MEL_19_M.png,crops,
2026-01-13T16:22:42.229986,/data/d3dbcf42e05429343a8e1a5966e3bcf0/Epson Perfection V850/2026-01-13/2026-01-13_16-22-42/top_left,2026-01-13_16-22-42.top_left.jpg,/data/d3dbcf42e05429343a8e1a5966e3bcf0/Epson Perfection V850/2026-01-13/2026-01-13_16-22-42/top_left/2026-01-13_16-22-42.top_left.jpg,2026-01-13_16-22-42.top_left.thumb.jpg,f331f82ac6dcbf4a1318ddee5307a618,top_left,"[22.0, 45.0, 110.0, 135.0]",jpg,3200,0,epsonscan2,esci2:usb:ES00FE:337,Epson Perfection V850,d3dbcf42e05429343a8e1a5966e3bcf0,epsonscan2:Epson Perfection V850::esci2:usb:ES00FE:337,/data,{},DROSO_03_MEL_19_F,crop_2026-01-13_16-22-42.top_left_CROPNUMBER_29_UUID_DROSO_03_MEL_19_F.png,"[6346, 8830, 6869, 9213]",0.9325886368751526,0.6028218259357906,00_data/01_segmented/crops,00_data/01_segmented/crops/crop_2026-01-13_16-22-42.top_left_CROPNUMBER_29_UUID_DROSO_03_MEL_19_F.json,00_data/01_segmented/crops/crop_2026-01-13_16-22-42.top_left_CROPNUMBER_29_UUID_DROSO_03_MEL_19_F.png,crops,
2026-01-13T15:40:38.651010,/data/d3dbcf42e05429343a8e1a5966e3bcf0/Epson Perfection V850/2026-01-13/2026-01-13_15-40-38/top_right,2026-01-13_15-40-38.top_right.jpg,/data/d3dbcf42e05429343a8e1a5966e3bcf0/Epson Perfection V850/2026-01-13/2026-01-13_15-40-38/top_right/2026-01-13_15-40-38.top_right.jpg,2026-01-13_15-40-38.top_right.thumb.jpg,b3a9f59be4eab6b9c284088e08fe2da7,top_right,"[110.5, 45.0, 200.0, 135.0]",jpg,3200,0,epsonscan2,esci2:usb:ES00FE:337,Epson Perfection V850,d3dbcf42e05429343a8e1a5966e3bcf0,epsonscan2:Epson Perfection V850::esci2:usb:ES00FE:337,/data,{},DROSO_01_SIM_19_M,crop_2026-01-13_15-40-38.top_right_CROPNUMBER_0_UUID_DROSO_01_SIM_19_M.png,"[6796, 6074, 7262, 6449]",0.956535279750824,1.0,00_data/01_segmented/crops,00_data/01_segmented/crops/crop_2026-01-13_15-40-38.top_right_CROPNUMBER_0_UUID_DROSO_01_SIM_19_M.json,00_data/01_segmented/crops/crop_2026-01-13_15-40-38.top_right_CROPNUMBER_0_UUID_DROSO_01_SIM_19_M.png,crops,
2026-01-13T16:22:42.229986,/data/d3dbcf42e05429343a8e1a5966e3bcf0/Epson Perfection V850/2026-01-13/2026-01-13_16-22-42/top_left,2026-01-13_16-22-42.top_left.jpg,/data/d3dbcf42e05429343a8e1a5966e3bcf0/Epson Perfection V850/2026-01-13/2026-01-13_16-22-42/top_left/2026-01-13_16-22-42.top_left.jpg,2026-01-13_16-22-42.top_left.thumb.jpg,f331f82ac6dcbf4a1318ddee5307a618,top_left,"[22.0, 45.0, 110.0, 135.0]",jpg,3200,0,epsonscan2,esci2:usb:ES00FE:337,Epson Perfection V850,d3dbcf42e05429343a8e1a5966e3bcf0,epsonscan2:Epson Perfection V850::esci2:usb:ES00FE:337,/data,{},DROSO_03_MEL_19_F,crop_2026-01-13_16-22-42.top_left_CROPNUMBER_10_UUID_DROSO_03_MEL_19_F.png,"[5720, 6940, 6166, 7400]",0.9375573992729187,1.0,00_data/01_segmented/crops,00_data/01_segmented/crops/crop_2026-01-13_16-22-42.top_left_CROPNUMBER_10_UUID_DROSO_03_MEL_19_F.json,00_data/01_segmented/crops/crop_2026-01-13_16-22-42.top_left_CROPNUMBER_10_UUID_DROSO_03_MEL_19_F.png,crops,
2026-01-13T16:22:42.229986,/data/d3dbcf42e05429343a8e1a5966e3bcf0/Epson Perfection V850/2026-01-13/2026-01-13_16-22-42/top_left,2026-01-13_16-22-42.top_left.jpg,/data/d3dbcf42e05429343a8e1a5966e3bcf0/Epson Perfection V850/2026-01-13/2026-01-13_16-22-42/top_left/2026-01-13_16-22-42.top_left.jpg,2026-01-13_16-22-42.top_left.thumb.jpg,f331f82ac6dcbf4a1318ddee5307a618,top_left,"[22.0, 45.0, 110.0, 135.0]",jpg,3200,0,epsonscan2,esci2:usb:ES00FE:337,Epson Perfection V850,d3dbcf42e05429343a8e1a5966e3bcf0,epsonscan2:Epson Perfection V850::esci2:usb:ES00FE:337,/data,{},DROSO_03_MEL_19_F,crop_2026-01-13_16-22-42.top_left_CROPNUMBER_16_UUID_DROSO_03_MEL_19_F.png,"[7678, 6408, 7949, 6933]",0.936427116394043,0.6028218259357906,00_data/01_segmented/crops,00_data/01_segmented/crops/crop_2026-01-13_16-22-42.top_left_CROPNUMBER_16_UUID_DROSO_03_MEL_19_F.json,00_data/01_segmented/crops/crop_2026-01-13_16-22-42.top_left_CROPNUMBER_16_UUID_DROSO_03_MEL_19_F.png,crops,
2026-01-13T15:58:15.447485,/data/d3dbcf42e05429343a8e1a5966e3bcf0/Epson Perfection V850/2026-01-13/2026-01-13_15-58-15/top_right,2026-01-13_15-58-15.top_right.jpg,/data/d3dbcf42e05429343a8e1a5966e3bcf0/Epson Perfection V850/2026-01-13/2026-01-13_15-58-15/top_right/2026-01-13_15-58-15.top_right.jpg,2026-01-13_15-58-15.top_right.thumb.jpg,f4b3f70693284ad9b6a7bd19eb02b3d5,top_right,"[110.5, 45.0, 200.0, 135.0]",jpg,3200,0,epsonscan2,esci2:usb:ES00FE:337,Epson Perfection V850,d3dbcf42e05429343a8e1a5966e3bcf0,epsonscan2:Epson Perfection V850::esci2:usb:ES00FE:337,/data,{},DROSO_04_SIM_19_M,crop_2026-01-13_15-58-15.top_right_CROPNUMBER_14_UUID_DROSO_04_SIM_19_M.png,"[2774, 8827, 3200, 9213]",0.9418073296546936,1.0,00_data/01_segmented/crops,00_data/01_segmented/crops/crop_2026-01-13_15-58-15.top_right_CROPNUMBER_14_UUID_DROSO_04_SIM_19_M.json,00_data/01_segmented/crops/crop_2026-01-13_15-58-15.top_right_CROPNUMBER_14_UUID_DROSO_04_SIM_19_M.png,crops,
2026-01-13T16:09:56.394761,/data/d3dbcf42e05429343a8e1a5966e3bcf0/Epson Perfection V850/2026-01-13/2026-01-13_16-09-56/top_right,2026-01-13_16-09-56.top_right.jpg,/data/d3dbcf42e05429343a8e1a5966e3bcf0/Epson Perfection V850/2026-01-13/2026-01-13_16-09-56/top_right/2026-01-13_16-09-56.top_right.jpg,2026-01-13_16-09-56.top_right.thumb.jpg,aee7ff74e98fd3cb0d78628f63d1119f,top_right,"[110.5, 45.0, 200.0, 135.0]",jpg,3200,0,epsonscan2,esci2:usb:ES00FE:337,Epson Perfection V850,d3dbcf42e05429343a8e1a5966e3bcf0,epsonscan2:Epson Perfection V850::esci2:usb:ES00FE:337,/data,{},DROSO_01_MEL_19_M,crop_2026-01-13_16-09-56.top_right_CROPNUMBER_42_UUID_DROSO_01_MEL_19_M.png,"[7712, 5334, 8154, 5823]",0.9358941316604614,0.6027106630904797,00_data/01_segmented/crops,00_data/01_segmented/crops/crop_2026-01-13_16-09-56.top_right_CROPNUMBER_42_UUID_DROSO_01_MEL_19_M.json,00_data/01_segmented/crops/crop_2026-01-13_16-09-56.top_right_CROPNUMBER_42_UUID_DROSO_01_MEL_19_M.png,crops,
2026-01-13T16:22:42.229986,/data/d3dbcf42e05429343a8e1a5966e3bcf0/Epson Perfection V850/2026-01-13/2026-01-13_16-22-42/top_left,2026-01-13_16-22-42.top_left.jpg,/data/d3dbcf42e05429343a8e1a5966e3bcf0/Epson Perfection V850/2026-01-13/2026-01-13_16-22-42/top_left/2026-01-13_16-22-42.top_left.jpg,2026-01-13_16-22-42.top_left.thumb.jpg,f331f82ac6dcbf4a1318ddee5307a618,top_left,"[22.0, 45.0, 110.0, 135.0]",jpg,3200,0,epsonscan2,esci2:usb:ES00FE:337,Epson Perfection V850,d3dbcf42e05429343a8e1a5966e3bcf0,epsonscan2:Epson Perfection V850::esci2:usb:ES00FE:337,/data,{},DROSO_03_MEL_19_F,crop_2026-01-13_16-22-42.top_left_CROPNUMBER_23_UUID_DROSO_03_MEL_19_F.png,"[2985, 5027, 3587, 5479]",0.9340698719024658,1.0,00_data/01_segmented/crops,00_data/01_segmented/crops/crop_2026-01-13_16-22-42.top_left_CROPNUMBER_23_UUID_DROSO_03_MEL_19_F.json,00_data/01_segmented/crops/crop_2026-01-13_16-22-42.top_left_CROPNUMBER_23_UUID_DROSO_03_MEL_19_F.png,crops,
2026-01-13T15:58:15.447485,/data/d3dbcf42e05429343a8e1a5966e3bcf0/Epson Perfection V850/2026-01-13/2026-01-13_15-58-15/top_right,2026-01-13_15-58-15.top_right.jpg,/data/d3dbcf42e05429343a8e1a5966e3bcf0/Epson Perfection V850/2026-01-13/2026-01-13_15-58-15/top_right/2026-01-13_15-58-15.top_right.jpg,2026-01-13_15-58-15.top_right.thumb.jpg,f4b3f70693284ad9b6a7bd19eb02b3d5,top_right,"[110.5, 45.0, 200.0, 135.0]",jpg,3200,0,epsonscan2,esci2:usb:ES00FE:337,Epson Perfection V850,d3dbcf42e05429343a8e1a5966e3bcf0,epsonscan2:Epson Perfection V850::esci2:usb:ES00FE:337,/data,{},DROSO_04_SIM_19_M,crop_2026-01-13_15-58-15.top_right_CROPNUMBER_17_UUID_DROSO_04_SIM_19_M.png,"[3343, 6028, 3757, 6502]",0.9356091618537903,0.6027106630904797,00_data/01_segmented/crops,00_data/01_segmented/crops/crop_2026-01-13_15-58-15.top_right_CROPNUMBER_17_UUID_DROSO_04_SIM_19_M.json,00_data/01_segmented/crops/crop_2026-01-13_15-58-15.top_right_CROPNUMBER_17_UUID_DROSO_04_SIM_19_M.png,crops,
2026-01-13T16:09:56.394761,/data/d3dbcf42e05429343a8e1a5966e3bcf0/Epson Perfection V850/2026-01-13/2026-01-13_16-09-56/top_left,2026-01-13_16-09-56.top_left.jpg,/data/d3dbcf42e05429343a8e1a5966e3bcf0/Epson Perfection V850/2026-01-13/2026-01-13_16-09-56/top_left/2026-01-13_16-09-56.top_left.jpg,2026-01-13_16-09-56.top_left.thumb.jpg,788d0971822fc839506e3180de7f3b36,top_left,"[22.0, 45.0, 110.0, 135.0]",jpg,3200,0,epsonscan2,esci2:usb:ES00FE:337,Epson Perfection V850,d3dbcf42e05429343a8e1a5966e3bcf0,epsonscan2:Epson Perfection V850::esci2:usb:ES00FE:337,/data,{},DROSO_01_MEL_19_F,crop_2026-01-13_16-09-56.top_left_CROPNUMBER_40_UUID_DROSO_01_MEL_19_F.png,"[5005, 7253, 5540, 7738]",0.9268836975097656,1.0,00_data/01_segmented/crops,00_data/01_segmented/crops/crop_2026-01-13_16-09-56.top_left_CROPNUMBER_40_UUID_DROSO_01_MEL_19_F.json,00_data/01_segmented/crops/crop_2026-01-13_16-09-56.top_left_CROPNUMBER_40_UUID_DROSO_01_MEL_19_F.png,crops,
2026-01-13T16:17:02.422812,/data/d3dbcf42e05429343a8e1a5966e3bcf0/Epson Perfection V850/2026-01-13/2026-01-13_16-17-02/top_left,2026-01-13_16-17-02.top_left.jpg,/data/d3dbcf42e05429343a8e1a5966e3bcf0/Epson Perfection V850/2026-01-13/2026-01-13_16-17-02/top_left/2026-01-13_16-17-02.top_left.jpg,2026-01-13_16-17-02.top_left.thumb.jpg,73a37d7ec44337a23e2a64e1230cb14f,top_left,"[22.0, 45.0, 110.0, 135.0]",jpg,3200,0,epsonscan2,esci2:usb:ES00FE:337,Epson Perfection V850,d3dbcf42e05429343a8e1a5966e3bcf0,epsonscan2:Epson Perfection V850::esci2:usb:ES00FE:337,/data,{},DROSO_02_MEL_19_F,crop_2026-01-13_16-17-02.top_left_CROPNUMBER_16_UUID_DROSO_02_MEL_19_F.png,"[5193, 6973, 5681, 7380]",0.9390128254890442,0.6028218259357906,00_data/01_segmented/crops,00_data/01_segmented/crops/crop_2026-01-13_16-17-02.top_left_CROPNUMBER_16_UUID_DROSO_02_MEL_19_F.json,00_data/01_segmented/crops/crop_2026-01-13_16-17-02.top_left_CROPNUMBER_16_UUID_DROSO_02_MEL_19_F.png,crops,
2026-01-13T16:22:42.229986,/data/d3dbcf42e05429343a8e1a5966e3bcf0/Epson Perfection V850/2026-01-13/2026-01-13_16-22-42/top_right,2026-01-13_16-22-42.top_right.jpg,/data/d3dbcf42e05429343a8e1a5966e3bcf0/Epson Perfection V850/2026-01-13/2026-01-13_16-22-42/top_right/2026-01-13_16-22-42.top_right.jpg,2026-01-13_16-22-42.top_right.thumb.jpg,a62b428f433471233371d44992128bb0,top_right,"[110.5, 45.0, 200.0, 135.0]",jpg,3200,0,epsonscan2,esci2:usb:ES00FE:337,Epson Perfection V850,d3dbcf42e05429343a8e1a5966e3bcf0,epsonscan2:Epson Perfection V850::esci2:usb:ES00FE:337,/data,{},DROSO_03_MEL_19_M,crop_2026-01-13_16-22-42.top_right_CROPNUMBER_7_UUID_DROSO_03_MEL_19_M.png,"[4289, 8521, 4739, 8847]",0.9412187933921814,0.6027106630904797,00_data/01_segmented/crops,00_data/01_segmented/crops/crop_2026-01-13_16-22-42.top_right_CROPNUMBER_7_UUID_DROSO_03_MEL_19_M.json,00_data/01_segmented/crops/crop_2026-01-13_16-22-42.top_right_CROPNUMBER_7_UUID_DROSO_03_MEL_19_M.png,crops,
2026-01-13T16:04:10.629205,/data/d3dbcf42e05429343a8e1a5966e3bcf0/Epson Perfection V850/2026-01-13/2026-01-13_16-04-10/top_left,2026-01-13_16-04-10.top_left.jpg,/data/d3dbcf42e05429343a8e1a5966e3bcf0/Epson Perfection V850/2026-01-13/2026-01-13_16-04-10/top_left/2026-01-13_16-04-10.top_left.jpg,2026-01-13_16-04-10.top_left.thumb.jpg,e5f859616a1ebf20cb8f61da5b2008c2,top_left,"[22.0, 45.0, 110.0, 135.0]",jpg,3200,0,epsonscan2,esci2:usb:ES00FE:337,Epson Perfection V850,d3dbcf42e05429343a8e1a5966e3bcf0,epsonscan2:Epson Perfection V850::esci2:usb:ES00FE:337,/data,{},DROSO_05_SIM_19_F,crop_2026-01-13_16-04-10.top_left_CROPNUMBER_8_UUID_DROSO_05_SIM_19_F.png,"[4655, 8756, 5127, 9200]",0.9427660703659058,0.6028218259357906,00_data/01_segmented/crops,00_data/01_segmented/crops/crop_2026-01-13_16-04-10.top_left_CROPNUMBER_8_UUID_DROSO_05_SIM_19_F.json,00_data/01_segmented/crops/crop_2026-01-13_16-04-10.top_left_CROPNUMBER_8_UUID_DROSO_05_SIM_19_F.png,crops,
2026-01-13T16:09:56.394761,/data/d3dbcf42e05429343a8e1a5966e3bcf0/Epson Perfection V850/2026-01-13/2026-01-13_16-09-56/top_right,2026-01-13_16-09-56.top_right.jpg,/data/d3dbcf42e05429343a8e1a5966e3bcf0/Epson Perfection V850/2026-01-13/2026-01-13_16-09-56/top_right/2026-01-13_16-09-56.top_right.jpg,2026-01-13_16-09-56.top_right.thumb.jpg,aee7ff74e98fd3cb0d78628f63d1119f,top_right,"[110.5, 45.0, 200.0, 135.0]",jpg,3200,0,epsonscan2,esci2:usb:ES00FE:337,Epson Perfection V850,d3dbcf42e05429343a8e1a5966e3bcf0,epsonscan2:Epson Perfection V850::esci2:usb:ES00FE:337,/data,{},DROSO_01_MEL_19_M,crop_2026-01-13_16-09-56.top_right_CROPNUMBER_52_UUID_DROSO_01_MEL_19_M.png,"[5157, 5280, 5521, 5813]",0.9313378930091858,0.6027106630904797,00_data/01_segmented/crops,00_data/01_segmented/crops/crop_2026-01-13_16-09-56.top_right_CROPNUMBER_52_UUID_DROSO_01_MEL_19_M.json,00_data/01_segmented/crops/crop_2026-01-13_16-09-56.top_right_CROPNUMBER_52_UUID_DROSO_01_MEL_19_M.png,crops,
2026-01-13T16:17:02.422812,/data/d3dbcf42e05429343a8e1a5966e3bcf0/Epson Perfection V850/2026-01-13/2026-01-13_16-17-02/top_right,2026-01-13_16-17-02.top_right.jpg,/data/d3dbcf42e05429343a8e1a5966e3bcf0/Epson Perfection V850/2026-01-13/2026-01-13_16-17-02/top_right/2026-01-13_16-17-02.top_right.jpg,2026-01-13_16-17-02.top_right.thumb.jpg,dba0ed76fe036a6b6c2f125e044f31c3,top_right,"[110.5, 45.0, 200.0, 135.0]",jpg,3200,0,epsonscan2,esci2:usb:ES00FE:337,Epson Perfection V850,d3dbcf42e05429343a8e1a5966e3bcf0,epsonscan2:Epson Perfection V850::esci2:usb:ES00FE:337,/data,{},DROSO_02_MEL_19_M,crop_2026-01-13_16-17-02.top_right_CROPNUMBER_4_UUID_DROSO_02_MEL_19_M.png,"[3158, 5497, 3480, 5977]",0.94509357213974,1.0,00_data/01_segmented/crops,00_data/01_segmented/crops/crop_2026-01-13_16-17-02.top_right_CROPNUMBER_4_UUID_DROSO_02_MEL_19_M.json,00_data/01_segmented/crops/crop_2026-01-13_16-17-02.top_right_CROPNUMBER_4_UUID_DROSO_02_MEL_19_M.png,crops,
2026-01-13T15:52:35.076944,/data/d3dbcf42e05429343a8e1a5966e3bcf0/Epson Perfection V850/2026-01-13/2026-01-13_15-52-35/top_right,2026-01-13_15-52-35.top_right.jpg,/data/d3dbcf42e05429343a8e1a5966e3bcf0/Epson Perfection V850/2026-01-13/2026-01-13_15-52-35/top_right/2026-01-13_15-52-35.top_right.jpg,2026-01-13_15-52-35.top_right.thumb.jpg,21ba2cf23da353b8d840e52696871b60,top_right,"[110.5, 45.0, 200.0, 135.0]",jpg,3200,0,epsonscan2,esci2:usb:ES00FE:337,Epson Perfection V850,d3dbcf42e05429343a8e1a5966e3bcf0,epsonscan2:Epson Perfection V850::esci2:usb:ES00FE:337,/data,{},DROSO_03_SIM_19_M,crop_2026-01-13_15-52-35.top_right_CROPNUMBER_6_UUID_DROSO_03_SIM_19_M.png,"[4031, 6832, 4334, 7249]",0.9388247728347778,0.6027106630904797,00_data/01_segmented/crops,00_data/01_segmented/crops/crop_2026-01-13_15-52-35.top_right_CROPNUMBER_6_UUID_DROSO_03_SIM_19_M.json,00_data/01_segmented/crops/crop_2026-01-13_15-52-35.top_right_CROPNUMBER_6_UUID_DROSO_03_SIM_19_M.png,crops,
2026-01-13T15:46:54.437940,/data/d3dbcf42e05429343a8e1a5966e3bcf0/Epson Perfection V850/2026-01-13/2026-01-13_15-46-54/top_right,2026-01-13_15-46-54.top_right.jpg,/data/d3dbcf42e05429343a8e1a5966e3bcf0/Epson Perfection V850/2026-01-13/2026-01-13_15-46-54/top_right/2026-01-13_15-46-54.top_right.jpg,2026-01-13_15-46-54.top_right.thumb.jpg,8cfcebfb20b3b3b2bc86ba50975b08d9,top_right,"[110.5, 45.0, 200.0, 135.0]",jpg,3200,0,epsonscan2,esci2:usb:ES00FE:337,Epson Perfection V850,d3dbcf42e05429343a8e1a5966e3bcf0,epsonscan2:Epson Perfection V850::esci2:usb:ES00FE:337,/data,{},DROSO_02_SIM_19_M,crop_2026-01-13_15-46-54.top_right_CROPNUMBER_23_UUID_DROSO_02_SIM_19_M.png,"[4247, 8413, 4657, 8938]",0.9049614667892456,0.6027106630904797,00_data/01_segmented/crops,00_data/01_segmented/crops/crop_2026-01-13_15-46-54.top_right_CROPNUMBER_23_UUID_DROSO_02_SIM_19_M.json,00_data/01_segmented/crops/crop_2026-01-13_15-46-54.top_right_CROPNUMBER_23_UUID_DROSO_02_SIM_19_M.png,crops,
2026-01-13T16:17:02.422812,/data/d3dbcf42e05429343a8e1a5966e3bcf0/Epson Perfection V850/2026-01-13/2026-01-13_16-17-02/top_right,2026-01-13_16-17-02.top_right.jpg,/data/d3dbcf42e05429343a8e1a5966e3bcf0/Epson Perfection V850/2026-01-13/2026-01-13_16-17-02/top_right/2026-01-13_16-17-02.top_right.jpg,2026-01-13_16-17-02.top_right.thumb.jpg,dba0ed76fe036a6b6c2f125e044f31c3,top_right,"[110.5, 45.0, 200.0, 135.0]",jpg,3200,0,epsonscan2,esci2:usb:ES00FE:337,Epson Perfection V850,d3dbcf42e05429343a8e1a5966e3bcf0,epsonscan2:Epson Perfection V850::esci2:usb:ES00FE:337,/data,{},DROSO_02_MEL_19_M,crop_2026-01-13_16-17-02.top_right_CROPNUMBER_20_UUID_DROSO_02_MEL_19_M.png,"[6878, 7952, 7358, 8377]",0.9347928762435913,0.6027106630904797,00_data/01_segmented/crops,00_data/01_segmented/crops/crop_2026-01-13_16-17-02.top_right_CROPNUMBER_20_UUID_DROSO_02_MEL_19_M.json,00_data/01_segmented/crops/crop_2026-01-13_16-17-02.top_right_CROPNUMBER_20_UUID_DROSO_02_MEL_19_M.png,crops,
2026-01-13T15:52:35.076944,/data/d3dbcf42e05429343a8e1a5966e3bcf0/Epson Perfection V850/2026-01-13/2026-01-13_15-52-35/top_left,2026-01-13_15-52-35.top_left.jpg,/data/d3dbcf42e05429343a8e1a5966e3bcf0/Epson Perfection V850/2026-01-13/2026-01-13_15-52-35/top_left/2026-01-13_15-52-35.top_left.jpg,2026-01-13_15-52-35.top_left.thumb.jpg,c96bd3e091dcefbdce757afd0a69dc15,top_left,"[22.0, 45.0, 110.0, 135.0]",jpg,3200,0,epsonscan2,esci2:usb:ES00FE:337,Epson Perfection V850,d3dbcf42e05429343a8e1a5966e3bcf0,epsonscan2:Epson Perfection V850::esci2:usb:ES00FE:337,/data,{},DROSO_03_SIM_19_F,crop_2026-01-13_15-52-35.top_left_CROPNUMBER_12_UUID_DROSO_03_SIM_19_F.png,"[5765, 8077, 6211, 8399]",0.9356943964958191,1.0,00_data/01_segmented/crops,00_data/01_segmented/crops/crop_2026-01-13_15-52-35.top_left_CROPNUMBER_12_UUID_DROSO_03_SIM_19_F.json,00_data/01_segmented/crops/crop_2026-01-13_15-52-35.top_left_CROPNUMBER_12_UUID_DROSO_03_SIM_19_F.png,crops,
2026-01-13T15:46:54.437940,/data/d3dbcf42e05429343a8e1a5966e3bcf0/Epson Perfection V850/2026-01-13/2026-01-13_15-46-54/top_right,2026-01-13_15-46-54.top_right.jpg,/data/d3dbcf42e05429343a8e1a5966e3bcf0/Epson Perfection V850/2026-01-13/2026-01-13_15-46-54/top_right/2026-01-13_15-46-54.top_right.jpg,2026-01-13_15-46-54.top_right.thumb.jpg,8cfcebfb20b3b3b2bc86ba50975b08d9,top_right,"[110.5, 45.0, 200.0, 135.0]",jpg,3200,0,epsonscan2,esci2:usb:ES00FE:337,Epson Perfection V850,d3dbcf42e05429343a8e1a5966e3bcf0,epsonscan2:Epson Perfection V850::esci2:usb:ES00FE:337,/data,{},DROSO_02_SIM_19_M,crop_2026-01-13_15-46-54.top_right_CROPNUMBER_7_UUID_DROSO_02_SIM_19_M.png,"[6203, 7438, 6653, 7895]",0.9422419667243958,0.6027106630904797,00_data/01_segmented/crops,00_data/01_segmented/crops/crop_2026-01-13_15-46-54.top_right_CROPNUMBER_7_UUID_DROSO_02_SIM_19_M.json,00_data/01_segmented/crops/crop_2026-01-13_15-46-54.top_right_CROPNUMBER_7_UUID_DROSO_02_SIM_19_M.png,crops,
2026-01-13T16:17:02.422812,/data/d3dbcf42e05429343a8e1a5966e3bcf0/Epson Perfection V850/2026-01-13/2026-01-13_16-17-02/top_left,2026-01-13_16-17-02.top_left.jpg,/data/d3dbcf42e05429343a8e1a5966e3bcf0/Epson Perfection V850/2026-01-13/2026-01-13_16-17-02/top_left/2026-01-13_16-17-02.top_left.jpg,2026-01-13_16-17-02.top_left.thumb.jpg,73a37d7ec44337a23e2a64e1230cb14f,top_left,"[22.0, 45.0, 110.0, 135.0]",jpg,3200,0,epsonscan2,esci2:usb:ES00FE:337,Epson Perfection V850,d3dbcf42e05429343a8e1a5966e3bcf0,epsonscan2:Epson Perfection V850::esci2:usb:ES00FE:337,/data,{},DROSO_02_MEL_19_F,crop_2026-01-13_16-17-02.top_left_CROPNUMBER_17_UUID_DROSO_02_MEL_19_F.png,"[7770, 8523, 8286, 8884]",0.9383687973022461,0.6028218259357906,00_data/01_segmented/crops,00_data/01_segmented/crops/crop_2026-01-13_16-17-02.top_left_CROPNUMBER_17_UUID_DROSO_02_MEL_19_F.json,00_data/01_segmented/crops/crop_2026-01-13_16-17-02.top_left_CROPNUMBER_17_UUID_DROSO_02_MEL_19_F.png,crops,
2026-01-13T16:09:56.394761,/data/d3dbcf42e05429343a8e1a5966e3bcf0/Epson Perfection V850/2026-01-13/2026-01-13_16-09-56/top_left,2026-01-13_16-09-56.top_left.jpg,/data/d3dbcf42e05429343a8e1a5966e3bcf0/Epson Perfection V850/2026-01-13/2026-01-13_16-09-56/top_left/2026-01-13_16-09-56.top_left.jpg,2026-01-13_16-09-56.top_left.thumb.jpg,788d0971822fc839506e3180de7f3b36,top_left,"[22.0, 45.0, 110.0, 135.0]",jpg,3200,0,epsonscan2,esci2:usb:ES00FE:337,Epson Perfection V850,d3dbcf42e05429343a8e1a5966e3bcf0,epsonscan2:Epson Perfection V850::esci2:usb:ES00FE:337,/data,{},DROSO_01_MEL_19_F,crop_2026-01-13_16-09-56.top_left_CROPNUMBER_27_UUID_DROSO_01_MEL_19_F.png,"[6646, 6947, 7161, 7335]",0.9369345307350159,0.6028218259357906,00_data/01_segmented/crops,00_data/01_segmented/crops/crop_2026-01-13_16-09-56.top_left_CROPNUMBER_27_UUID_DROSO_01_MEL_19_F.json,00_data/01_segmented/crops/crop_2026-01-13_16-09-56.top_left_CROPNUMBER_27_UUID_DROSO_01_MEL_19_F.png,crops,
2026-01-13T16:04:10.629205,/data/d3dbcf42e05429343a8e1a5966e3bcf0/Epson Perfection V850/2026-01-13/2026-01-13_16-04-10/top_right,2026-01-13_16-04-10.top_right.jpg,/data/d3dbcf42e05429343a8e1a5966e3bcf0/Epson Perfection V850/2026-01-13/2026-01-13_16-04-10/top_right/2026-01-13_16-04-10.top_right.jpg,2026-01-13_16-04-10.top_right.thumb.jpg,3126fa75aee2fe2913a08ebebfa0ed4f,top_right,"[110.5, 45.0, 200.0, 135.0]",jpg,3200,0,epsonscan2,esci2:usb:ES00FE:337,Epson Perfection V850,d3dbcf42e05429343a8e1a5966e3bcf0,epsonscan2:Epson Perfection V850::esci2:usb:ES00FE:337,/data,{},DROSO_05_SIM_19_M,crop_2026-01-13_16-04-10.top_right_CROPNUMBER_5_UUID_DROSO_05_SIM_19_M.png,"[5305, 8355, 5682, 8691]",0.9390808343887329,1.0,00_data/01_segmented/crops,00_data/01_segmented/crops/crop_2026-01-13_16-04-10.top_right_CROPNUMBER_5_UUID_DROSO_05_SIM_19_M.json,00_data/01_segmented/crops/crop_2026-01-13_16-04-10.top_right_CROPNUMBER_5_UUID_DROSO_05_SIM_19_M.png,crops,
2026-01-13T16:09:56.394761,/data/d3dbcf42e05429343a8e1a5966e3bcf0/Epson Perfection V850/2026-01-13/2026-01-13_16-09-56/top_right,2026-01-13_16-09-56.top_right.jpg,/data/d3dbcf42e05429343a8e1a5966e3bcf0/Epson Perfection V850/2026-01-13/2026-01-13_16-09-56/top_right/2026-01-13_16-09-56.top_right.jpg,2026-01-13_16-09-56.top_right.thumb.jpg,aee7ff74e98fd3cb0d78628f63d1119f,top_right,"[110.5, 45.0, 200.0, 135.0]",jpg,3200,0,epsonscan2,esci2:usb:ES00FE:337,Epson Perfection V850,d3dbcf42e05429343a8e1a5966e3bcf0,epsonscan2:Epson Perfection V850::esci2:usb:ES00FE:337,/data,{},DROSO_01_MEL_19_M,crop_2026-01-13_16-09-56.top_right_CROPNUMBER_43_UUID_DROSO_01_MEL_19_M.png,"[6694, 5838, 7014, 6306]",0.9357376098632812,0.6027106630904797,00_data/01_segmented/crops,00_data/01_segmented/crops/crop_2026-01-13_16-09-56.top_right_CROPNUMBER_43_UUID_DROSO_01_MEL_19_M.json,00_data/01_segmented/crops/crop_2026-01-13_16-09-56.top_right_CROPNUMBER_43_UUID_DROSO_01_MEL_19_M.png,crops,
2026-01-13T16:09:56.394761,/data/d3dbcf42e05429343a8e1a5966e3bcf0/Epson Perfection V850/2026-01-13/2026-01-13_16-09-56/top_right,2026-01-13_16-09-56.top_right.jpg,/data/d3dbcf42e05429343a8e1a5966e3bcf0/Epson Perfection V850/2026-01-13/2026-01-13_16-09-56/top_right/2026-01-13_16-09-56.top_right.jpg,2026-01-13_16-09-56.top_right.thumb.jpg,aee7ff74e98fd3cb0d78628f63d1119f,top_right,"[110.5, 45.0, 200.0, 135.0]",jpg,3200,0,epsonscan2,esci2:usb:ES00FE:337,Epson Perfection V850,d3dbcf42e05429343a8e1a5966e3bcf0,epsonscan2:Epson Perfection V850::esci2:usb:ES00FE:337,/data,{},DROSO_01_MEL_19_M,crop_2026-01-13_16-09-56.top_right_CROPNUMBER_57_UUID_DROSO_01_MEL_19_M.png,"[8215, 5100, 8841, 5422]",0.9283960461616516,1.0,00_data/01_segmented/crops,00_data/01_segmented/crops/crop_2026-01-13_16-09-56.top_right_CROPNUMBER_57_UUID_DROSO_01_MEL_19_M.json,00_data/01_segmented/crops/crop_2026-01-13_16-09-56.top_right_CROPNUMBER_57_UUID_DROSO_01_MEL_19_M.png,crops,
2026-01-13T15:46:54.437940,/data/d3dbcf42e05429343a8e1a5966e3bcf0/Epson Perfection V850/2026-01-13/2026-01-13_15-46-54/top_left,2026-01-13_15-46-54.top_left.jpg,/data/d3dbcf42e05429343a8e1a5966e3bcf0/Epson Perfection V850/2026-01-13/2026-01-13_15-46-54/top_left/2026-01-13_15-46-54.top_left.jpg,2026-01-13_15-46-54.top_left.thumb.jpg,5483407fad8572e990edf163cad31d3d,top_left,"[22.0, 45.0, 110.0, 135.0]",jpg,3200,0,epsonscan2,esci2:usb:ES00FE:337,Epson Perfection V850,d3dbcf42e05429343a8e1a5966e3bcf0,epsonscan2:Epson Perfection V850::esci2:usb:ES00FE:337,/data,{},DROSO_02_SIM_19_F,crop_2026-01-13_15-46-54.top_left_CROPNUMBER_10_UUID_DROSO_02_SIM_19_F.png,"[5072, 6432, 5542, 6778]",0.9304220676422119,0.6028218259357906,00_data/01_segmented/crops,00_data/01_segmented/crops/crop_2026-01-13_15-46-54.top_left_CROPNUMBER_10_UUID_DROSO_02_SIM_19_F.json,00_data/01_segmented/crops/crop_2026-01-13_15-46-54.top_left_CROPNUMBER_10_UUID_DROSO_02_SIM_19_F.png,crops,
2026-01-13T16:09:56.394761,/data/d3dbcf42e05429343a8e1a5966e3bcf0/Epson Perfection V850/2026-01-13/2026-01-13_16-09-56/top_right,2026-01-13_16-09-56.top_right.jpg,/data/d3dbcf42e05429343a8e1a5966e3bcf0/Epson Perfection V850/2026-01-13/2026-01-13_16-09-56/top_right/2026-01-13_16-09-56.top_right.jpg,2026-01-13_16-09-56.top_right.thumb.jpg,aee7ff74e98fd3cb0d78628f63d1119f,top_right,"[110.5, 45.0, 200.0, 135.0]",jpg,3200,0,epsonscan2,esci2:usb:ES00FE:337,Epson Perfection V850,d3dbcf42e05429343a8e1a5966e3bcf0,epsonscan2:Epson Perfection V850::esci2:usb:ES00FE:337,/data,{},DROSO_01_MEL_19_M,crop_2026-01-13_16-09-56.top_right_CROPNUMBER_5_UUID_DROSO_01_MEL_19_M.png,"[2568, 9269, 3022, 9599]",0.9501977562904358,1.0,00_data/01_segmented/crops,00_data/01_segmented/crops/crop_2026-01-13_16-09-56.top_right_CROPNUMBER_5_UUID_DROSO_01_MEL_19_M.json,00_data/01_segmented/crops/crop_2026-01-13_16-09-56.top_right_CROPNUMBER_5_UUID_DROSO_01_MEL_19_M.png,crops,
2026-01-13T15:40:38.651010,/data/d3dbcf42e05429343a8e1a5966e3bcf0/Epson Perfection V850/2026-01-13/2026-01-13_15-40-38/top_left,2026-01-13_15-40-38.top_left.jpg,/data/d3dbcf42e05429343a8e1a5966e3bcf0/Epson Perfection V850/2026-01-13/2026-01-13_15-40-38/top_left/2026-01-13_15-40-38.top_left.jpg,2026-01-13_15-40-38.top_left.thumb.jpg,16a144e86ca9c5e7bb9b16ddead6411f,top_left,"[22.0, 45.0, 110.0, 135.0]",jpg,3200,0,epsonscan2,esci2:usb:ES00FE:337,Epson Perfection V850,d3dbcf42e05429343a8e1a5966e3bcf0,epsonscan2:Epson Perfection V850::esci2:usb:ES00FE:337,/data,{},DROSO_01_SIM_19_F,crop_2026-01-13_15-40-38.top_left_CROPNUMBER_12_UUID_DROSO_01_SIM_19_F.png,"[6581, 5497, 6983, 5956]",0.9347004890441895,0.6028218259357906,00_data/01_segmented/crops,00_data/01_segmented/crops/crop_2026-01-13_15-40-38.top_left_CROPNUMBER_12_UUID_DROSO_01_SIM_19_F.json,00_data/01_segmented/crops/crop_2026-01-13_15-40-38.top_left_CROPNUMBER_12_UUID_DROSO_01_SIM_19_F.png,crops,
2026-01-13T15:52:35.076944,/data/d3dbcf42e05429343a8e1a5966e3bcf0/Epson Perfection V850/2026-01-13/2026-01-13_15-52-35/top_right,2026-01-13_15-52-35.top_right.jpg,/data/d3dbcf42e05429343a8e1a5966e3bcf0/Epson Perfection V850/2026-01-13/2026-01-13_15-52-35/top_right/2026-01-13_15-52-35.top_right.jpg,2026-01-13_15-52-35.top_right.thumb.jpg,21ba2cf23da353b8d840e52696871b60,top_right,"[110.5, 45.0, 200.0, 135.0]",jpg,3200,0,epsonscan2,esci2:usb:ES00FE:337,Epson Perfection V850,d3dbcf42e05429343a8e1a5966e3bcf0,epsonscan2:Epson Perfection V850::esci2:usb:ES00FE:337,/data,{},DROSO_03_SIM_19_M,crop_2026-01-13_15-52-35.top_right_CROPNUMBER_7_UUID_DROSO_03_SIM_19_M.png,"[6896, 6162, 7334, 6525]",0.9382707476615906,1.0,00_data/01_segmented/crops,00_data/01_segmented/crops/crop_2026-01-13_15-52-35.top_right_CROPNUMBER_7_UUID_DROSO_03_SIM_19_M.json,00_data/01_segmented/crops/crop_2026-01-13_15-52-35.top_right_CROPNUMBER_7_UUID_DROSO_03_SIM_19_M.png,crops,
2026-01-13T16:09:56.394761,/data/d3dbcf42e05429343a8e1a5966e3bcf0/Epson Perfection V850/2026-01-13/2026-01-13_16-09-56/top_right,2026-01-13_16-09-56.top_right.jpg,/data/d3dbcf42e05429343a8e1a5966e3bcf0/Epson Perfection V850/2026-01-13/2026-01-13_16-09-56/top_right/2026-01-13_16-09-56.top_right.jpg,2026-01-13_16-09-56.top_right.thumb.jpg,aee7ff74e98fd3cb0d78628f63d1119f,top_right,"[110.5, 45.0, 200.0, 135.0]",jpg,3200,0,epsonscan2,esci2:usb:ES00FE:337,Epson Perfection V850,d3dbcf42e05429343a8e1a5966e3bcf0,epsonscan2:Epson Perfection V850::esci2:usb:ES00FE:337,/data,{},DROSO_01_MEL_19_M,crop_2026-01-13_16-09-56.top_right_CROPNUMBER_51_UUID_DROSO_01_MEL_19_M.png,"[8000, 4280, 8315, 4704]",0.9317551255226135,1.0,00_data/01_segmented/crops,00_data/01_segmented/crops/crop_2026-01-13_16-09-56.top_right_CROPNUMBER_51_UUID_DROSO_01_MEL_19_M.json,00_data/01_segmented/crops/crop_2026-01-13_16-09-56.top_right_CROPNUMBER_51_UUID_DROSO_01_MEL_19_M.png,crops,
2026-01-13T15:40:38.651010,/data/d3dbcf42e05429343a8e1a5966e3bcf0/Epson Perfection V850/2026-01-13/2026-01-13_15-40-38/top_right,2026-01-13_15-40-38.top_right.jpg,/data/d3dbcf42e05429343a8e1a5966e3bcf0/Epson Perfection V850/2026-01-13/2026-01-13_15-40-38/top_right/2026-01-13_15-40-38.top_right.jpg,2026-01-13_15-40-38.top_right.thumb.jpg,b3a9f59be4eab6b9c284088e08fe2da7,top_right,"[110.5, 45.0, 200.0, 135.0]",jpg,3200,0,epsonscan2,esci2:usb:ES00FE:337,Epson Perfection V850,d3dbcf42e05429343a8e1a5966e3bcf0,epsonscan2:Epson Perfection V850::esci2:usb:ES00FE:337,/data,{},DROSO_01_SIM_19_M,crop_2026-01-13_15-40-38.top_right_CROPNUMBER_17_UUID_DROSO_01_SIM_19_M.png,"[8093, 7978, 8371, 8426]",0.9235865473747253,1.0,00_data/01_segmented/crops,00_data/01_segmented/crops/crop_2026-01-13_15-40-38.top_right_CROPNUMBER_17_UUID_DROSO_01_SIM_19_M.json,00_data/01_segmented/crops/crop_2026-01-13_15-40-38.top_right_CROPNUMBER_17_UUID_DROSO_01_SIM_19_M.png,crops,
2026-01-13T16:09:56.394761,/data/d3dbcf42e05429343a8e1a5966e3bcf0/Epson Perfection V850/2026-01-13/2026-01-13_16-09-56/top_left,2026-01-13_16-09-56.top_left.jpg,/data/d3dbcf42e05429343a8e1a5966e3bcf0/Epson Perfection V850/2026-01-13/2026-01-13_16-09-56/top_left/2026-01-13_16-09-56.top_left.jpg,2026-01-13_16-09-56.top_left.thumb.jpg,788d0971822fc839506e3180de7f3b36,top_left,"[22.0, 45.0, 110.0, 135.0]",jpg,3200,0,epsonscan2,esci2:usb:ES00FE:337,Epson Perfection V850,d3dbcf42e05429343a8e1a5966e3bcf0,epsonscan2:Epson Perfection V850::esci2:usb:ES00FE:337,/data,{},DROSO_01_MEL_19_F,crop_2026-01-13_16-09-56.top_left_CROPNUMBER_17_UUID_DROSO_01_MEL_19_F.png,"[1885, 5099, 2255, 5513]",0.9405108094215393,1.0,00_data/01_segmented/crops,00_data/01_segmented/crops/crop_2026-01-13_16-09-56.top_left_CROPNUMBER_17_UUID_DROSO_01_MEL_19_F.json,00_data/01_segmented/crops/crop_2026-01-13_16-09-56.top_left_CROPNUMBER_17_UUID_DROSO_01_MEL_19_F.png,crops,
2026-01-13T16:17:02.422812,/data/d3dbcf42e05429343a8e1a5966e3bcf0/Epson Perfection V850/2026-01-13/2026-01-13_16-17-02/top_left,2026-01-13_16-17-02.top_left.jpg,/data/d3dbcf42e05429343a8e1a5966e3bcf0/Epson Perfection V850/2026-01-13/2026-01-13_16-17-02/top_left/2026-01-13_16-17-02.top_left.jpg,2026-01-13_16-17-02.top_left.thumb.jpg,73a37d7ec44337a23e2a64e1230cb14f,top_left,"[22.0, 45.0, 110.0, 135.0]",jpg,3200,0,epsonscan2,esci2:usb:ES00FE:337,Epson Perfection V850,d3dbcf42e05429343a8e1a5966e3bcf0,epsonscan2:Epson Perfection V850::esci2:usb:ES00FE:337,/data,{},DROSO_02_MEL_19_F,crop_2026-01-13_16-17-02.top_left_CROPNUMBER_7_UUID_DROSO_02_MEL_19_F.png,"[2751, 7004, 3118, 7424]",0.9447356462478638,1.0,00_data/01_segmented/crops,00_data/01_segmented/crops/crop_2026-01-13_16-17-02.top_left_CROPNUMBER_7_UUID_DROSO_02_MEL_19_F.json,00_data/01_segmented/crops/crop_2026-01-13_16-17-02.top_left_CROPNUMBER_7_UUID_DROSO_02_MEL_19_F.png,crops,
2026-01-13T16:09:56.394761,/data/d3dbcf42e05429343a8e1a5966e3bcf0/Epson Perfection V850/2026-01-13/2026-01-13_16-09-56/top_left,2026-01-13_16-09-56.top_left.jpg,/data/d3dbcf42e05429343a8e1a5966e3bcf0/Epson Perfection V850/2026-01-13/2026-01-13_16-09-56/top_left/2026-01-13_16-09-56.top_left.jpg,2026-01-13_16-09-56.top_left.thumb.jpg,788d0971822fc839506e3180de7f3b36,top_left,"[22.0, 45.0, 110.0, 135.0]",jpg,3200,0,epsonscan2,esci2:usb:ES00FE:337,Epson Perfection V850,d3dbcf42e05429343a8e1a5966e3bcf0,epsonscan2:Epson Perfection V850::esci2:usb:ES00FE:337,/data,{},DROSO_01_MEL_19_F,crop_2026-01-13_16-09-56.top_left_CROPNUMBER_0_UUID_DROSO_01_MEL_19_F.png,"[7601, 8209, 8065, 8587]",0.9565319418907166,1.0,00_data/01_segmented/crops,00_data/01_segmented/crops/crop_2026-01-13_16-09-56.top_left_CROPNUMBER_0_UUID_DROSO_01_MEL_19_F.json,00_data/01_segmented/crops/crop_2026-01-13_16-09-56.top_left_CROPNUMBER_0_UUID_DROSO_01_MEL_19_F.png,crops,
2026-01-13T15:58:15.447485,/data/d3dbcf42e05429343a8e1a5966e3bcf0/Epson Perfection V850/2026-01-13/2026-01-13_15-58-15/top_left,2026-01-13_15-58-15.top_left.jpg,/data/d3dbcf42e05429343a8e1a5966e3bcf0/Epson Perfection V850/2026-01-13/2026-01-13_15-58-15/top_left/2026-01-13_15-58-15.top_left.jpg,2026-01-13_15-58-15.top_left.thumb.jpg,06b4b76a8baf9e9d6a949609e6c4b9d4,top_left,"[22.0, 45.0, 110.0, 135.0]",jpg,3200,0,epsonscan2,esci2:usb:ES00FE:337,Epson Perfection V850,d3dbcf42e05429343a8e1a5966e3bcf0,epsonscan2:Epson Perfection V850::esci2:usb:ES00FE:337,/data,{},DROSO_04_SIM_19_F,crop_2026-01-13_15-58-15.top_left_CROPNUMBER_10_UUID_DROSO_04_SIM_19_F.png,"[3139, 8880, 3447, 9355]",0.9365028142929077,1.0,00_data/01_segmented/crops,00_data/01_segmented/crops/crop_2026-01-13_15-58-15.top_left_CROPNUMBER_10_UUID_DROSO_04_SIM_19_F.json,00_data/01_segmented/crops/crop_2026-01-13_15-58-15.top_left_CROPNUMBER_10_UUID_DROSO_04_SIM_19_F.png,crops,
2026-01-13T15:58:15.447485,/data/d3dbcf42e05429343a8e1a5966e3bcf0/Epson Perfection V850/2026-01-13/2026-01-13_15-58-15/top_right,2026-01-13_15-58-15.top_right.jpg,/data/d3dbcf42e05429343a8e1a5966e3bcf0/Epson Perfection V850/2026-01-13/2026-01-13_15-58-15/top_right/2026-01-13_15-58-15.top_right.jpg,2026-01-13_15-58-15.top_right.thumb.jpg,f4b3f70693284ad9b6a7bd19eb02b3d5,top_right,"[110.5, 45.0, 200.0, 135.0]",jpg,3200,0,epsonscan2,esci2:usb:ES00FE:337,Epson Perfection V850,d3dbcf42e05429343a8e1a5966e3bcf0,epsonscan2:Epson Perfection V850::esci2:usb:ES00FE:337,/data,{},DROSO_04_SIM_19_M,crop_2026-01-13_15-58-15.top_right_CROPNUMBER_4_UUID_DROSO_04_SIM_19_M.png,"[4336, 9293, 4802, 9634]",0.9493226408958435,1.0,00_data/01_segmented/crops,00_data/01_segmented/crops/crop_2026-01-13_15-58-15.top_right_CROPNUMBER_4_UUID_DROSO_04_SIM_19_M.json,00_data/01_segmented/crops/crop_2026-01-13_15-58-15.top_right_CROPNUMBER_4_UUID_DROSO_04_SIM_19_M.png,crops,
2026-01-13T15:58:15.447485,/data/d3dbcf42e05429343a8e1a5966e3bcf0/Epson Perfection V850/2026-01-13/2026-01-13_15-58-15/top_left,2026-01-13_15-58-15.top_left.jpg,/data/d3dbcf42e05429343a8e1a5966e3bcf0/Epson Perfection V850/2026-01-13/2026-01-13_15-58-15/top_left/2026-01-13_15-58-15.top_left.jpg,2026-01-13_15-58-15.top_left.thumb.jpg,06b4b76a8baf9e9d6a949609e6c4b9d4,top_left,"[22.0, 45.0, 110.0, 135.0]",jpg,3200,0,epsonscan2,esci2:usb:ES00FE:337,Epson Perfection V850,d3dbcf42e05429343a8e1a5966e3bcf0,epsonscan2:Epson Perfection V850::esci2:usb:ES00FE:337,/data,{},DROSO_04_SIM_19_F,crop_2026-01-13_15-58-15.top_left_CROPNUMBER_9_UUID_DROSO_04_SIM_19_F.png,"[5193, 8942, 5526, 9425]",0.9367485642433167,1.0,00_data/01_segmented/crops,00_data/01_segmented/crops/crop_2026-01-13_15-58-15.top_left_CROPNUMBER_9_UUID_DROSO_04_SIM_19_F.json,00_data/01_segmented/crops/crop_2026-01-13_15-58-15.top_left_CROPNUMBER_9_UUID_DROSO_04_SIM_19_F.png,crops,
2026-01-13T16:09:56.394761,/data/d3dbcf42e05429343a8e1a5966e3bcf0/Epson Perfection V850/2026-01-13/2026-01-13_16-09-56/top_right,2026-01-13_16-09-56.top_right.jpg,/data/d3dbcf42e05429343a8e1a5966e3bcf0/Epson Perfection V850/2026-01-13/2026-01-13_16-09-56/top_right/2026-01-13_16-09-56.top_right.jpg,2026-01-13_16-09-56.top_right.thumb.jpg,aee7ff74e98fd3cb0d78628f63d1119f,top_right,"[110.5, 45.0, 200.0, 135.0]",jpg,3200,0,epsonscan2,esci2:usb:ES00FE:337,Epson Perfection V850,d3dbcf42e05429343a8e1a5966e3bcf0,epsonscan2:Epson Perfection V850::esci2:usb:ES00FE:337,/data,{},DROSO_01_MEL_19_M,crop_2026-01-13_16-09-56.top_right_CROPNUMBER_12_UUID_DROSO_01_MEL_19_M.png,"[1777, 8135, 2236, 8394]",0.9440381526947021,1.0,00_data/01_segmented/crops,00_data/01_segmented/crops/crop_2026-01-13_16-09-56.top_right_CROPNUMBER_12_UUID_DROSO_01_MEL_19_M.json,00_data/01_segmented/crops/crop_2026-01-13_16-09-56.top_right_CROPNUMBER_12_UUID_DROSO_01_MEL_19_M.png,crops,
2026-01-13T15:58:15.447485,/data/d3dbcf42e05429343a8e1a5966e3bcf0/Epson Perfection V850/2026-01-13/2026-01-13_15-58-15/top_left,2026-01-13_15-58-15.top_left.jpg,/data/d3dbcf42e05429343a8e1a5966e3bcf0/Epson Perfection V850/2026-01-13/2026-01-13_15-58-15/top_left/2026-01-13_15-58-15.top_left.jpg,2026-01-13_15-58-15.top_left.thumb.jpg,06b4b76a8baf9e9d6a949609e6c4b9d4,top_left,"[22.0, 45.0, 110.0, 135.0]",jpg,3200,0,epsonscan2,esci2:usb:ES00FE:337,Epson Perfection V850,d3dbcf42e05429343a8e1a5966e3bcf0,epsonscan2:Epson Perfection V850::esci2:usb:ES00FE:337,/data,{},DROSO_04_SIM_19_F,crop_2026-01-13_15-58-15.top_left_CROPNUMBER_6_UUID_DROSO_04_SIM_19_F.png,"[3694, 7658, 4121, 8092]",0.9413643479347229,1.0,00_data/01_segmented/crops,00_data/01_segmented/crops/crop_2026-01-13_15-58-15.top_left_CROPNUMBER_6_UUID_DROSO_04_SIM_19_F.json,00_data/01_segmented/crops/crop_2026-01-13_15-58-15.top_left_CROPNUMBER_6_UUID_DROSO_04_SIM_19_F.png,crops,
2026-01-13T16:04:10.629205,/data/d3dbcf42e05429343a8e1a5966e3bcf0/Epson Perfection V850/2026-01-13/2026-01-13_16-04-10/top_right,2026-01-13_16-04-10.top_right.jpg,/data/d3dbcf42e05429343a8e1a5966e3bcf0/Epson Perfection V850/2026-01-13/2026-01-13_16-04-10/top_right/2026-01-13_16-04-10.top_right.jpg,2026-01-13_16-04-10.top_right.thumb.jpg,3126fa75aee2fe2913a08ebebfa0ed4f,top_right,"[110.5, 45.0, 200.0, 135.0]",jpg,3200,0,epsonscan2,esci2:usb:ES00FE:337,Epson Perfection V850,d3dbcf42e05429343a8e1a5966e3bcf0,epsonscan2:Epson Perfection V850::esci2:usb:ES00FE:337,/data,{},DROSO_05_SIM_19_M,crop_2026-01-13_16-04-10.top_right_CROPNUMBER_11_UUID_DROSO_05_SIM_19_M.png,"[4401, 7165, 4755, 7509]",0.9343869090080261,1.0,00_data/01_segmented/crops,00_data/01_segmented/crops/crop_2026-01-13_16-04-10.top_right_CROPNUMBER_11_UUID_DROSO_05_SIM_19_M.json,00_data/01_segmented/crops/crop_2026-01-13_16-04-10.top_right_CROPNUMBER_11_UUID_DROSO_05_SIM_19_M.png,crops,
2026-01-13T16:22:42.229986,/data/d3dbcf42e05429343a8e1a5966e3bcf0/Epson Perfection V850/2026-01-13/2026-01-13_16-22-42/top_left,2026-01-13_16-22-42.top_left.jpg,/data/d3dbcf42e05429343a8e1a5966e3bcf0/Epson Perfection V850/2026-01-13/2026-01-13_16-22-42/top_left/2026-01-13_16-22-42.top_left.jpg,2026-01-13_16-22-42.top_left.thumb.jpg,f331f82ac6dcbf4a1318ddee5307a618,top_left,"[22.0, 45.0, 110.0, 135.0]",jpg,3200,0,epsonscan2,esci2:usb:ES00FE:337,Epson Perfection V850,d3dbcf42e05429343a8e1a5966e3bcf0,epsonscan2:Epson Perfection V850::esci2:usb:ES00FE:337,/data,{},DROSO_03_MEL_19_F,crop_2026-01-13_16-22-42.top_left_CROPNUMBER_14_UUID_DROSO_03_MEL_19_F.png,"[5493, 8974, 5822, 9470]",0.9368546605110168,0.6028218259357906,00_data/01_segmented/crops,00_data/01_segmented/crops/crop_2026-01-13_16-22-42.top_left_CROPNUMBER_14_UUID_DROSO_03_MEL_19_F.json,00_data/01_segmented/crops/crop_2026-01-13_16-22-42.top_left_CROPNUMBER_14_UUID_DROSO_03_MEL_19_F.png,crops,
2026-01-13T16:09:56.394761,/data/d3dbcf42e05429343a8e1a5966e3bcf0/Epson Perfection V850/2026-01-13/2026-01-13_16-09-56/top_right,2026-01-13_16-09-56.top_right.jpg,/data/d3dbcf42e05429343a8e1a5966e3bcf0/Epson Perfection V850/2026-01-13/2026-01-13_16-09-56/top_right/2026-01-13_16-09-56.top_right.jpg,2026-01-13_16-09-56.top_right.thumb.jpg,aee7ff74e98fd3cb0d78628f63d1119f,top_right,"[110.5, 45.0, 200.0, 135.0]",jpg,3200,0,epsonscan2,esci2:usb:ES00FE:337,Epson Perfection V850,d3dbcf42e05429343a8e1a5966e3bcf0,epsonscan2:Epson Perfection V850::esci2:usb:ES00FE:337,/data,{},DROSO_01_MEL_19_M,crop_2026-01-13_16-09-56.top_right_CROPNUMBER_49_UUID_DROSO_01_MEL_19_M.png,"[8470, 8112, 8742, 8549]",0.9330500364303589,1.0,00_data/01_segmented/crops,00_data/01_segmented/crops/crop_2026-01-13_16-09-56.top_right_CROPNUMBER_49_UUID_DROSO_01_MEL_19_M.json,00_data/01_segmented/crops/crop_2026-01-13_16-09-56.top_right_CROPNUMBER_49_UUID_DROSO_01_MEL_19_M.png,crops,
2026-01-13T16:17:02.422812,/data/d3dbcf42e05429343a8e1a5966e3bcf0/Epson Perfection V850/2026-01-13/2026-01-13_16-17-02/top_left,2026-01-13_16-17-02.top_left.jpg,/data/d3dbcf42e05429343a8e1a5966e3bcf0/Epson Perfection V850/2026-01-13/2026-01-13_16-17-02/top_left/2026-01-13_16-17-02.top_left.jpg,2026-01-13_16-17-02.top_left.thumb.jpg,73a37d7ec44337a23e2a64e1230cb14f,top_left,"[22.0, 45.0, 110.0, 135.0]",jpg,3200,0,epsonscan2,esci2:usb:ES00FE:337,Epson Perfection V850,d3dbcf42e05429343a8e1a5966e3bcf0,epsonscan2:Epson Perfection V850::esci2:usb:ES00FE:337,/data,{},DROSO_02_MEL_19_F,crop_2026-01-13_16-17-02.top_left_CROPNUMBER_13_UUID_DROSO_02_MEL_19_F.png,"[6731, 9564, 7223, 9861]",0.9402139782905579,1.0,00_data/01_segmented/crops,00_data/01_segmented/crops/crop_2026-01-13_16-17-02.top_left_CROPNUMBER_13_UUID_DROSO_02_MEL_19_F.json,00_data/01_segmented/crops/crop_2026-01-13_16-17-02.top_left_CROPNUMBER_13_UUID_DROSO_02_MEL_19_F.png,crops,
2026-01-13T16:09:56.394761,/data/d3dbcf42e05429343a8e1a5966e3bcf0/Epson Perfection V850/2026-01-13/2026-01-13_16-09-56/top_right,2026-01-13_16-09-56.top_right.jpg,/data/d3dbcf42e05429343a8e1a5966e3bcf0/Epson Perfection V850/2026-01-13/2026-01-13_16-09-56/top_right/2026-01-13_16-09-56.top_right.jpg,2026-01-13_16-09-56.top_right.thumb.jpg,aee7ff74e98fd3cb0d78628f63d1119f,top_right,"[110.5, 45.0, 200.0, 135.0]",jpg,3200,0,epsonscan2,esci2:usb:ES00FE:337,Epson Perfection V850,d3dbcf42e05429343a8e1a5966e3bcf0,epsonscan2:Epson Perfection V850::esci2:usb:ES00FE:337,/data,{},DROSO_01_MEL_19_M,crop_2026-01-13_16-09-56.top_right_CROPNUMBER_29_UUID_DROSO_01_MEL_19_M.png,"[9168, 5266, 9711, 5763]",0.9390023946762085,0.6027106630904797,00_data/01_segmented/crops,00_data/01_segmented/crops/crop_2026-01-13_16-09-56.top_right_CROPNUMBER_29_UUID_DROSO_01_MEL_19_M.json,00_data/01_segmented/crops/crop_2026-01-13_16-09-56.top_right_CROPNUMBER_29_UUID_DROSO_01_MEL_19_M.png,crops,
2026-01-13T16:09:56.394761,/data/d3dbcf42e05429343a8e1a5966e3bcf0/Epson Perfection V850/2026-01-13/2026-01-13_16-09-56/top_right,2026-01-13_16-09-56.top_right.jpg,/data/d3dbcf42e05429343a8e1a5966e3bcf0/Epson Perfection V850/2026-01-13/2026-01-13_16-09-56/top_right/2026-01-13_16-09-56.top_right.jpg,2026-01-13_16-09-56.top_right.thumb.jpg,aee7ff74e98fd3cb0d78628f63d1119f,top_right,"[110.5, 45.0, 200.0, 135.0]",jpg,3200,0,epsonscan2,esci2:usb:ES00FE:337,Epson Perfection V850,d3dbcf42e05429343a8e1a5966e3bcf0,epsonscan2:Epson Perfection V850::esci2:usb:ES00FE:337,/data,{},DROSO_01_MEL_19_M,crop_2026-01-13_16-09-56.top_right_CROPNUMBER_55_UUID_DROSO_01_MEL_19_M.png,"[6346, 5193, 6779, 5670]",0.9294772148132324,1.0,00_data/01_segmented/crops,00_data/01_segmented/crops/crop_2026-01-13_16-09-56.top_right_CROPNUMBER_55_UUID_DROSO_01_MEL_19_M.json,00_data/01_segmented/crops/crop_2026-01-13_16-09-56.top_right_CROPNUMBER_55_UUID_DROSO_01_MEL_19_M.png,crops,
2026-01-13T16:22:42.229986,/data/d3dbcf42e05429343a8e1a5966e3bcf0/Epson Perfection V850/2026-01-13/2026-01-13_16-22-42/top_left,2026-01-13_16-22-42.top_left.jpg,/data/d3dbcf42e05429343a8e1a5966e3bcf0/Epson Perfection V850/2026-01-13/2026-01-13_16-22-42/top_left/2026-01-13_16-22-42.top_left.jpg,2026-01-13_16-22-42.top_left.thumb.jpg,f331f82ac6dcbf4a1318ddee5307a618,top_left,"[22.0, 45.0, 110.0, 135.0]",jpg,3200,0,epsonscan2,esci2:usb:ES00FE:337,Epson Perfection V850,d3dbcf42e05429343a8e1a5966e3bcf0,epsonscan2:Epson Perfection V850::esci2:usb:ES00FE:337,/data,{},DROSO_03_MEL_19_F,crop_2026-01-13_16-22-42.top_left_CROPNUMBER_0_UUID_DROSO_03_MEL_19_F.png,"[7217, 5404, 7690, 5724]",0.9451636672019958,1.0,00_data/01_segmented/crops,00_data/01_segmented/crops/crop_2026-01-13_16-22-42.top_left_CROPNUMBER_0_UUID_DROSO_03_MEL_19_F.json,00_data/01_segmented/crops/crop_2026-01-13_16-22-42.top_left_CROPNUMBER_0_UUID_DROSO_03_MEL_19_F.png,crops,
2026-01-13T15:58:15.447485,/data/d3dbcf42e05429343a8e1a5966e3bcf0/Epson Perfection V850/2026-01-13/2026-01-13_15-58-15/top_left,2026-01-13_15-58-15.top_left.jpg,/data/d3dbcf42e05429343a8e1a5966e3bcf0/Epson Perfection V850/2026-01-13/2026-01-13_15-58-15/top_left/2026-01-13_15-58-15.top_left.jpg,2026-01-13_15-58-15.top_left.thumb.jpg,06b4b76a8baf9e9d6a949609e6c4b9d4,top_left,"[22.0, 45.0, 110.0, 135.0]",jpg,3200,0,epsonscan2,esci2:usb:ES00FE:337,Epson Perfection V850,d3dbcf42e05429343a8e1a5966e3bcf0,epsonscan2:Epson Perfection V850::esci2:usb:ES00FE:337,/data,{},DROSO_04_SIM_19_F,crop_2026-01-13_15-58-15.top_left_CROPNUMBER_0_UUID_DROSO_04_SIM_19_F.png,"[4207, 5829, 4657, 6253]",0.9519922137260437,1.0,00_data/01_segmented/crops,00_data/01_segmented/crops/crop_2026-01-13_15-58-15.top_left_CROPNUMBER_0_UUID_DROSO_04_SIM_19_F.json,00_data/01_segmented/crops/crop_2026-01-13_15-58-15.top_left_CROPNUMBER_0_UUID_DROSO_04_SIM_19_F.png,crops,
2026-01-13T16:22:42.229986,/data/d3dbcf42e05429343a8e1a5966e3bcf0/Epson Perfection V850/2026-01-13/2026-01-13_16-22-42/top_right,2026-01-13_16-22-42.top_right.jpg,/data/d3dbcf42e05429343a8e1a5966e3bcf0/Epson Perfection V850/2026-01-13/2026-01-13_16-22-42/top_right/2026-01-13_16-22-42.top_right.jpg,2026-01-13_16-22-42.top_right.thumb.jpg,a62b428f433471233371d44992128bb0,top_right,"[110.5, 45.0, 200.0, 135.0]",jpg,3200,0,epsonscan2,esci2:usb:ES00FE:337,Epson Perfection V850,d3dbcf42e05429343a8e1a5966e3bcf0,epsonscan2:Epson Perfection V850::esci2:usb:ES00FE:337,/data,{},DROSO_03_MEL_19_M,crop_2026-01-13_16-22-42.top_right_CROPNUMBER_26_UUID_DROSO_03_MEL_19_M.png,"[5052, 6882, 5411, 7276]",0.9289517402648926,1.0,00_data/01_segmented/crops,00_data/01_segmented/crops/crop_2026-01-13_16-22-42.top_right_CROPNUMBER_26_UUID_DROSO_03_MEL_19_M.json,00_data/01_segmented/crops/crop_2026-01-13_16-22-42.top_right_CROPNUMBER_26_UUID_DROSO_03_MEL_19_M.png,crops,
2026-01-13T16:17:02.422812,/data/d3dbcf42e05429343a8e1a5966e3bcf0/Epson Perfection V850/2026-01-13/2026-01-13_16-17-02/top_left,2026-01-13_16-17-02.top_left.jpg,/data/d3dbcf42e05429343a8e1a5966e3bcf0/Epson Perfection V850/2026-01-13/2026-01-13_16-17-02/top_left/2026-01-13_16-17-02.top_left.jpg,2026-01-13_16-17-02.top_left.thumb.jpg,73a37d7ec44337a23e2a64e1230cb14f,top_left,"[22.0, 45.0, 110.0, 135.0]",jpg,3200,0,epsonscan2,esci2:usb:ES00FE:337,Epson Perfection V850,d3dbcf42e05429343a8e1a5966e3bcf0,epsonscan2:Epson Perfection V850::esci2:usb:ES00FE:337,/data,{},DROSO_02_MEL_19_F,crop_2026-01-13_16-17-02.top_left_CROPNUMBER_12_UUID_DROSO_02_MEL_19_F.png,"[2813, 5931, 3344, 6380]",0.9402692317962646,1.0,00_data/01_segmented/crops,00_data/01_segmented/crops/crop_2026-01-13_16-17-02.top_left_CROPNUMBER_12_UUID_DROSO_02_MEL_19_F.json,00_data/01_segmented/crops/crop_2026-01-13_16-17-02.top_left_CROPNUMBER_12_UUID_DROSO_02_MEL_19_F.png,crops,
2026-01-13T16:09:56.394761,/data/d3dbcf42e05429343a8e1a5966e3bcf0/Epson Perfection V850/2026-01-13/2026-01-13_16-09-56/top_right,2026-01-13_16-09-56.top_right.jpg,/data/d3dbcf42e05429343a8e1a5966e3bcf0/Epson Perfection V850/2026-01-13/2026-01-13_16-09-56/top_right/2026-01-13_16-09-56.top_right.jpg,2026-01-13_16-09-56.top_right.thumb.jpg,aee7ff74e98fd3cb0d78628f63d1119f,top_right,"[110.5, 45.0, 200.0, 135.0]",jpg,3200,0,epsonscan2,esci2:usb:ES00FE:337,Epson Perfection V850,d3dbcf42e05429343a8e1a5966e3bcf0,epsonscan2:Epson Perfection V850::esci2:usb:ES00FE:337,/data,{},DROSO_01_MEL_19_M,crop_2026-01-13_16-09-56.top_right_CROPNUMBER_8_UUID_DROSO_01_MEL_19_M.png,"[5150, 9827, 5605, 10084]",0.9448012709617615,1.0,00_data/01_segmented/crops,00_data/01_segmented/crops/crop_2026-01-13_16-09-56.top_right_CROPNUMBER_8_UUID_DROSO_01_MEL_19_M.json,00_data/01_segmented/crops/crop_2026-01-13_16-09-56.top_right_CROPNUMBER_8_UUID_DROSO_01_MEL_19_M.png,crops,
2026-01-13T15:58:15.447485,/data/d3dbcf42e05429343a8e1a5966e3bcf0/Epson Perfection V850/2026-01-13/2026-01-13_15-58-15/top_left,2026-01-13_15-58-15.top_left.jpg,/data/d3dbcf42e05429343a8e1a5966e3bcf0/Epson Perfection V850/2026-01-13/2026-01-13_15-58-15/top_left/2026-01-13_15-58-15.top_left.jpg,2026-01-13_15-58-15.top_left.thumb.jpg,06b4b76a8baf9e9d6a949609e6c4b9d4,top_left,"[22.0, 45.0, 110.0, 135.0]",jpg,3200,0,epsonscan2,esci2:usb:ES00FE:337,Epson Perfection V850,d3dbcf42e05429343a8e1a5966e3bcf0,epsonscan2:Epson Perfection V850::esci2:usb:ES00FE:337,/data,{},DROSO_04_SIM_19_F,crop_2026-01-13_15-58-15.top_left_CROPNUMBER_21_UUID_DROSO_04_SIM_19_F.png,"[5187, 7083, 5618, 7429]",0.9298787117004395,1.0,00_data/01_segmented/crops,00_data/01_segmented/crops/crop_2026-01-13_15-58-15.top_left_CROPNUMBER_21_UUID_DROSO_04_SIM_19_F.json,00_data/01_segmented/crops/crop_2026-01-13_15-58-15.top_left_CROPNUMBER_21_UUID_DROSO_04_SIM_19_F.png,crops,
2026-01-13T15:40:38.651010,/data/d3dbcf42e05429343a8e1a5966e3bcf0/Epson Perfection V850/2026-01-13/2026-01-13_15-40-38/top_left,2026-01-13_15-40-38.top_left.jpg,/data/d3dbcf42e05429343a8e1a5966e3bcf0/Epson Perfection V850/2026-01-13/2026-01-13_15-40-38/top_left/2026-01-13_15-40-38.top_left.jpg,2026-01-13_15-40-38.top_left.thumb.jpg,16a144e86ca9c5e7bb9b16ddead6411f,top_left,"[22.0, 45.0, 110.0, 135.0]",jpg,3200,0,epsonscan2,esci2:usb:ES00FE:337,Epson Perfection V850,d3dbcf42e05429343a8e1a5966e3bcf0,epsonscan2:Epson Perfection V850::esci2:usb:ES00FE:337,/data,{},DROSO_01_SIM_19_F,crop_2026-01-13_15-40-38.top_left_CROPNUMBER_1_UUID_DROSO_01_SIM_19_F.png,"[4960, 6643, 5368, 7067]",0.949266791343689,1.0,00_data/01_segmented/crops,00_data/01_segmented/crops/crop_2026-01-13_15-40-38.top_left_CROPNUMBER_1_UUID_DROSO_01_SIM_19_F.json,00_data/01_segmented/crops/crop_2026-01-13_15-40-38.top_left_CROPNUMBER_1_UUID_DROSO_01_SIM_19_F.png,crops,
2026-01-13T16:04:10.629205,/data/d3dbcf42e05429343a8e1a5966e3bcf0/Epson Perfection V850/2026-01-13/2026-01-13_16-04-10/top_left,2026-01-13_16-04-10.top_left.jpg,/data/d3dbcf42e05429343a8e1a5966e3bcf0/Epson Perfection V850/2026-01-13/2026-01-13_16-04-10/top_left/2026-01-13_16-04-10.top_left.jpg,2026-01-13_16-04-10.top_left.thumb.jpg,e5f859616a1ebf20cb8f61da5b2008c2,top_left,"[22.0, 45.0, 110.0, 135.0]",jpg,3200,0,epsonscan2,esci2:usb:ES00FE:337,Epson Perfection V850,d3dbcf42e05429343a8e1a5966e3bcf0,epsonscan2:Epson Perfection V850::esci2:usb:ES00FE:337,/data,{},DROSO_05_SIM_19_F,crop_2026-01-13_16-04-10.top_left_CROPNUMBER_22_UUID_DROSO_05_SIM_19_F.png,"[3517, 6716, 3981, 6977]",0.9291553497314453,1.0,00_data/01_segmented/crops,00_data/01_segmented/crops/crop_2026-01-13_16-04-10.top_left_CROPNUMBER_22_UUID_DROSO_05_SIM_19_F.json,00_data/01_segmented/crops/crop_2026-01-13_16-04-10.top_left_CROPNUMBER_22_UUID_DROSO_05_SIM_19_F.png,crops,
2026-01-13T15:46:54.437940,/data/d3dbcf42e05429343a8e1a5966e3bcf0/Epson Perfection V850/2026-01-13/2026-01-13_15-46-54/top_left,2026-01-13_15-46-54.top_left.jpg,/data/d3dbcf42e05429343a8e1a5966e3bcf0/Epson Perfection V850/2026-01-13/2026-01-13_15-46-54/top_left/2026-01-13_15-46-54.top_left.jpg,2026-01-13_15-46-54.top_left.thumb.jpg,5483407fad8572e990edf163cad31d3d,top_left,"[22.0, 45.0, 110.0, 135.0]",jpg,3200,0,epsonscan2,esci2:usb:ES00FE:337,Epson Perfection V850,d3dbcf42e05429343a8e1a5966e3bcf0,epsonscan2:Epson Perfection V850::esci2:usb:ES00FE:337,/data,{},DROSO_02_SIM_19_F,crop_2026-01-13_15-46-54.top_left_CROPNUMBER_14_UUID_DROSO_02_SIM_19_F.png,"[4919, 6084, 5244, 6511]",0.9278055429458618,1.0,00_data/01_segmented/crops,00_data/01_segmented/crops/crop_2026-01-13_15-46-54.top_left_CROPNUMBER_14_UUID_DROSO_02_SIM_19_F.json,00_data/01_segmented/crops/crop_2026-01-13_15-46-54.top_left_CROPNUMBER_14_UUID_DROSO_02_SIM_19_F.png,crops,
2026-01-13T16:22:42.229986,/data/d3dbcf42e05429343a8e1a5966e3bcf0/Epson Perfection V850/2026-01-13/2026-01-13_16-22-42/top_left,2026-01-13_16-22-42.top_left.jpg,/data/d3dbcf42e05429343a8e1a5966e3bcf0/Epson Perfection V850/2026-01-13/2026-01-13_16-22-42/top_left/2026-01-13_16-22-42.top_left.jpg,2026-01-13_16-22-42.top_left.thumb.jpg,f331f82ac6dcbf4a1318ddee5307a618,top_left,"[22.0, 45.0, 110.0, 135.0]",jpg,3200,0,epsonscan2,esci2:usb:ES00FE:337,Epson Perfection V850,d3dbcf42e05429343a8e1a5966e3bcf0,epsonscan2:Epson Perfection V850::esci2:usb:ES00FE:337,/data,{},DROSO_03_MEL_19_F,crop_2026-01-13_16-22-42.top_left_CROPNUMBER_7_UUID_DROSO_03_MEL_19_F.png,"[8399, 5562, 8909, 5938]",0.9383822679519653,0.6028218259357906,00_data/01_segmented/crops,00_data/01_segmented/crops/crop_2026-01-13_16-22-42.top_left_CROPNUMBER_7_UUID_DROSO_03_MEL_19_F.json,00_data/01_segmented/crops/crop_2026-01-13_16-22-42.top_left_CROPNUMBER_7_UUID_DROSO_03_MEL_19_F.png,crops,
2026-01-13T15:46:54.437940,/data/d3dbcf42e05429343a8e1a5966e3bcf0/Epson Perfection V850/2026-01-13/2026-01-13_15-46-54/top_left,2026-01-13_15-46-54.top_left.jpg,/data/d3dbcf42e05429343a8e1a5966e3bcf0/Epson Perfection V850/2026-01-13/2026-01-13_15-46-54/top_left/2026-01-13_15-46-54.top_left.jpg,2026-01-13_15-46-54.top_left.thumb.jpg,5483407fad8572e990edf163cad31d3d,top_left,"[22.0, 45.0, 110.0, 135.0]",jpg,3200,0,epsonscan2,esci2:usb:ES00FE:337,Epson Perfection V850,d3dbcf42e05429343a8e1a5966e3bcf0,epsonscan2:Epson Perfection V850::esci2:usb:ES00FE:337,/data,{},DROSO_02_SIM_19_F,crop_2026-01-13_15-46-54.top_left_CROPNUMBER_12_UUID_DROSO_02_SIM_19_F.png,"[3755, 5116, 4214, 5359]",0.9302127361297607,1.0,00_data/01_segmented/crops,00_data/01_segmented/crops/crop_2026-01-13_15-46-54.top_left_CROPNUMBER_12_UUID_DROSO_02_SIM_19_F.json,00_data/01_segmented/crops/crop_2026-01-13_15-46-54.top_left_CROPNUMBER_12_UUID_DROSO_02_SIM_19_F.png,crops,
2026-01-13T16:09:56.394761,/data/d3dbcf42e05429343a8e1a5966e3bcf0/Epson Perfection V850/2026-01-13/2026-01-13_16-09-56/top_right,2026-01-13_16-09-56.top_right.jpg,/data/d3dbcf42e05429343a8e1a5966e3bcf0/Epson Perfection V850/2026-01-13/2026-01-13_16-09-56/top_right/2026-01-13_16-09-56.top_right.jpg,2026-01-13_16-09-56.top_right.thumb.jpg,aee7ff74e98fd3cb0d78628f63d1119f,top_right,"[110.5, 45.0, 200.0, 135.0]",jpg,3200,0,epsonscan2,esci2:usb:ES00FE:337,Epson Perfection V850,d3dbcf42e05429343a8e1a5966e3bcf0,epsonscan2:Epson Perfection V850::esci2:usb:ES00FE:337,/data,{},DROSO_01_MEL_19_M,crop_2026-01-13_16-09-56.top_right_CROPNUMBER_61_UUID_DROSO_01_MEL_19_M.png,"[5334, 8329, 5872, 8682]",0.9233546853065491,0.6027106630904797,00_data/01_segmented/crops,00_data/01_segmented/crops/crop_2026-01-13_16-09-56.top_right_CROPNUMBER_61_UUID_DROSO_01_MEL_19_M.json,00_data/01_segmented/crops/crop_2026-01-13_16-09-56.top_right_CROPNUMBER_61_UUID_DROSO_01_MEL_19_M.png,crops,
2026-01-13T16:22:42.229986,/data/d3dbcf42e05429343a8e1a5966e3bcf0/Epson Perfection V850/2026-01-13/2026-01-13_16-22-42/top_left,2026-01-13_16-22-42.top_left.jpg,/data/d3dbcf42e05429343a8e1a5966e3bcf0/Epson Perfection V850/2026-01-13/2026-01-13_16-22-42/top_left/2026-01-13_16-22-42.top_left.jpg,2026-01-13_16-22-42.top_left.thumb.jpg,f331f82ac6dcbf4a1318ddee5307a618,top_left,"[22.0, 45.0, 110.0, 135.0]",jpg,3200,0,epsonscan2,esci2:usb:ES00FE:337,Epson Perfection V850,d3dbcf42e05429343a8e1a5966e3bcf0,epsonscan2:Epson Perfection V850::esci2:usb:ES00FE:337,/data,{},DROSO_03_MEL_19_F,crop_2026-01-13_16-22-42.top_left_CROPNUMBER_1_UUID_DROSO_03_MEL_19_F.png,"[5671, 8104, 6015, 8570]",0.9442448616027832,1.0,00_data/01_segmented/crops,00_data/01_segmented/crops/crop_2026-01-13_16-22-42.top_left_CROPNUMBER_1_UUID_DROSO_03_MEL_19_F.json,00_data/01_segmented/crops/crop_2026-01-13_16-22-42.top_left_CROPNUMBER_1_UUID_DROSO_03_MEL_19_F.png,crops,
2026-01-13T16:22:42.229986,/data/d3dbcf42e05429343a8e1a5966e3bcf0/Epson Perfection V850/2026-01-13/2026-01-13_16-22-42/top_left,2026-01-13_16-22-42.top_left.jpg,/data/d3dbcf42e05429343a8e1a5966e3bcf0/Epson Perfection V850/2026-01-13/2026-01-13_16-22-42/top_left/2026-01-13_16-22-42.top_left.jpg,2026-01-13_16-22-42.top_left.thumb.jpg,f331f82ac6dcbf4a1318ddee5307a618,top_left,"[22.0, 45.0, 110.0, 135.0]",jpg,3200,0,epsonscan2,esci2:usb:ES00FE:337,Epson Perfection V850,d3dbcf42e05429343a8e1a5966e3bcf0,epsonscan2:Epson Perfection V850::esci2:usb:ES00FE:337,/data,{},DROSO_03_MEL_19_F,crop_2026-01-13_16-22-42.top_left_CROPNUMBER_32_UUID_DROSO_03_MEL_19_F.png,"[6171, 7558, 6500, 8046]",0.926338791847229,0.6028218259357906,00_data/01_segmented/crops,00_data/01_segmented/crops/crop_2026-01-13_16-22-42.top_left_CROPNUMBER_32_UUID_DROSO_03_MEL_19_F.json,00_data/01_segmented/crops/crop_2026-01-13_16-22-42.top_left_CROPNUMBER_32_UUID_DROSO_03_MEL_19_F.png,crops,
2026-01-13T16:17:02.422812,/data/d3dbcf42e05429343a8e1a5966e3bcf0/Epson Perfection V850/2026-01-13/2026-01-13_16-17-02/top_left,2026-01-13_16-17-02.top_left.jpg,/data/d3dbcf42e05429343a8e1a5966e3bcf0/Epson Perfection V850/2026-01-13/2026-01-13_16-17-02/top_left/2026-01-13_16-17-02.top_left.jpg,2026-01-13_16-17-02.top_left.thumb.jpg,73a37d7ec44337a23e2a64e1230cb14f,top_left,"[22.0, 45.0, 110.0, 135.0]",jpg,3200,0,epsonscan2,esci2:usb:ES00FE:337,Epson Perfection V850,d3dbcf42e05429343a8e1a5966e3bcf0,epsonscan2:Epson Perfection V850::esci2:usb:ES00FE:337,/data,{},DROSO_02_MEL_19_F,crop_2026-01-13_16-17-02.top_left_CROPNUMBER_10_UUID_DROSO_02_MEL_19_F.png,"[6829, 8928, 7299, 9270]",0.9420636892318726,1.0,00_data/01_segmented/crops,00_data/01_segmented/crops/crop_2026-01-13_16-17-02.top_left_CROPNUMBER_10_UUID_DROSO_02_MEL_19_F.json,00_data/01_segmented/crops/crop_2026-01-13_16-17-02.top_left_CROPNUMBER_10_UUID_DROSO_02_MEL_19_F.png,crops,
2026-01-13T15:58:15.447485,/data/d3dbcf42e05429343a8e1a5966e3bcf0/Epson Perfection V850/2026-01-13/2026-01-13_15-58-15/top_left,2026-01-13_15-58-15.top_left.jpg,/data/d3dbcf42e05429343a8e1a5966e3bcf0/Epson Perfection V850/2026-01-13/2026-01-13_15-58-15/top_left/2026-01-13_15-58-15.top_left.jpg,2026-01-13_15-58-15.top_left.thumb.jpg,06b4b76a8baf9e9d6a949609e6c4b9d4,top_left,"[22.0, 45.0, 110.0, 135.0]",jpg,3200,0,epsonscan2,esci2:usb:ES00FE:337,Epson Perfection V850,d3dbcf42e05429343a8e1a5966e3bcf0,epsonscan2:Epson Perfection V850::esci2:usb:ES00FE:337,/data,{},DROSO_04_SIM_19_F,crop_2026-01-13_15-58-15.top_left_CROPNUMBER_11_UUID_DROSO_04_SIM_19_F.png,"[3096, 6664, 3473, 7081]",0.93639075756073,1.0,00_data/01_segmented/crops,00_data/01_segmented/crops/crop_2026-01-13_15-58-15.top_left_CROPNUMBER_11_UUID_DROSO_04_SIM_19_F.json,00_data/01_segmented/crops/crop_2026-01-13_15-58-15.top_left_CROPNUMBER_11_UUID_DROSO_04_SIM_19_F.png,crops,
2026-01-13T15:52:35.076944,/data/d3dbcf42e05429343a8e1a5966e3bcf0/Epson Perfection V850/2026-01-13/2026-01-13_15-52-35/top_right,2026-01-13_15-52-35.top_right.jpg,/data/d3dbcf42e05429343a8e1a5966e3bcf0/Epson Perfection V850/2026-01-13/2026-01-13_15-52-35/top_right/2026-01-13_15-52-35.top_right.jpg,2026-01-13_15-52-35.top_right.thumb.jpg,21ba2cf23da353b8d840e52696871b60,top_right,"[110.5, 45.0, 200.0, 135.0]",jpg,3200,0,epsonscan2,esci2:usb:ES00FE:337,Epson Perfection V850,d3dbcf42e05429343a8e1a5966e3bcf0,epsonscan2:Epson Perfection V850::esci2:usb:ES00FE:337,/data,{},DROSO_03_SIM_19_M,crop_2026-01-13_15-52-35.top_right_CROPNUMBER_10_UUID_DROSO_03_SIM_19_M.png,"[6906, 8954, 7297, 9314]",0.9345971941947937,0.6027106630904797,00_data/01_segmented/crops,00_data/01_segmented/crops/crop_2026-01-13_15-52-35.top_right_CROPNUMBER_10_UUID_DROSO_03_SIM_19_M.json,00_data/01_segmented/crops/crop_2026-01-13_15-52-35.top_right_CROPNUMBER_10_UUID_DROSO_03_SIM_19_M.png,crops,
2026-01-13T16:17:02.422812,/data/d3dbcf42e05429343a8e1a5966e3bcf0/Epson Perfection V850/2026-01-13/2026-01-13_16-17-02/top_right,2026-01-13_16-17-02.top_right.jpg,/data/d3dbcf42e05429343a8e1a5966e3bcf0/Epson Perfection V850/2026-01-13/2026-01-13_16-17-02/top_right/2026-01-13_16-17-02.top_right.jpg,2026-01-13_16-17-02.top_right.thumb.jpg,dba0ed76fe036a6b6c2f125e044f31c3,top_right,"[110.5, 45.0, 200.0, 135.0]",jpg,3200,0,epsonscan2,esci2:usb:ES00FE:337,Epson Perfection V850,d3dbcf42e05429343a8e1a5966e3bcf0,epsonscan2:Epson Perfection V850::esci2:usb:ES00FE:337,/data,{},DROSO_02_MEL_19_M,crop_2026-01-13_16-17-02.top_right_CROPNUMBER_30_UUID_DROSO_02_MEL_19_M.png,"[1987, 9143, 2255, 9446]",0.23632554709911346,1.0,00_data/01_segmented/crops,00_data/01_segmented/crops/crop_2026-01-13_16-17-02.top_right_CROPNUMBER_30_UUID_DROSO_02_MEL_19_M.json,00_data/01_segmented/crops/crop_2026-01-13_16-17-02.top_right_CROPNUMBER_30_UUID_DROSO_02_MEL_19_M.png,crops,
2026-01-13T15:46:54.437940,/data/d3dbcf42e05429343a8e1a5966e3bcf0/Epson Perfection V850/2026-01-13/2026-01-13_15-46-54/top_left,2026-01-13_15-46-54.top_left.jpg,/data/d3dbcf42e05429343a8e1a5966e3bcf0/Epson Perfection V850/2026-01-13/2026-01-13_15-46-54/top_left/2026-01-13_15-46-54.top_left.jpg,2026-01-13_15-46-54.top_left.thumb.jpg,5483407fad8572e990edf163cad31d3d,top_left,"[22.0, 45.0, 110.0, 135.0]",jpg,3200,0,epsonscan2,esci2:usb:ES00FE:337,Epson Perfection V850,d3dbcf42e05429343a8e1a5966e3bcf0,epsonscan2:Epson Perfection V850::esci2:usb:ES00FE:337,/data,{},DROSO_02_SIM_19_F,crop_2026-01-13_15-46-54.top_left_CROPNUMBER_4_UUID_DROSO_02_SIM_19_F.png,"[5620, 5980, 6106, 6386]",0.9378600716590881,0.6028218259357906,00_data/01_segmented/crops,00_data/01_segmented/crops/crop_2026-01-13_15-46-54.top_left_CROPNUMBER_4_UUID_DROSO_02_SIM_19_F.json,00_data/01_segmented/crops/crop_2026-01-13_15-46-54.top_left_CROPNUMBER_4_UUID_DROSO_02_SIM_19_F.png,crops,
2026-01-13T16:22:42.229986,/data/d3dbcf42e05429343a8e1a5966e3bcf0/Epson Perfection V850/2026-01-13/2026-01-13_16-22-42/top_right,2026-01-13_16-22-42.top_right.jpg,/data/d3dbcf42e05429343a8e1a5966e3bcf0/Epson Perfection V850/2026-01-13/2026-01-13_16-22-42/top_right/2026-01-13_16-22-42.top_right.jpg,2026-01-13_16-22-42.top_right.thumb.jpg,a62b428f433471233371d44992128bb0,top_right,"[110.5, 45.0, 200.0, 135.0]",jpg,3200,0,epsonscan2,esci2:usb:ES00FE:337,Epson Perfection V850,d3dbcf42e05429343a8e1a5966e3bcf0,epsonscan2:Epson Perfection V850::esci2:usb:ES00FE:337,/data,{},DROSO_03_MEL_19_M,crop_2026-01-13_16-22-42.top_right_CROPNUMBER_5_UUID_DROSO_03_MEL_19_M.png,"[3273, 7685, 3780, 8236]",0.9426310062408447,1.0,00_data/01_segmented/crops,00_data/01_segmented/crops/crop_2026-01-13_16-22-42.top_right_CROPNUMBER_5_UUID_DROSO_03_MEL_19_M.json,00_data/01_segmented/crops/crop_2026-01-13_16-22-42.top_right_CROPNUMBER_5_UUID_DROSO_03_MEL_19_M.png,crops,
2026-01-13T16:17:02.422812,/data/d3dbcf42e05429343a8e1a5966e3bcf0/Epson Perfection V850/2026-01-13/2026-01-13_16-17-02/top_left,2026-01-13_16-17-02.top_left.jpg,/data/d3dbcf42e05429343a8e1a5966e3bcf0/Epson Perfection V850/2026-01-13/2026-01-13_16-17-02/top_left/2026-01-13_16-17-02.top_left.jpg,2026-01-13_16-17-02.top_left.thumb.jpg,73a37d7ec44337a23e2a64e1230cb14f,top_left,"[22.0, 45.0, 110.0, 135.0]",jpg,3200,0,epsonscan2,esci2:usb:ES00FE:337,Epson Perfection V850,d3dbcf42e05429343a8e1a5966e3bcf0,epsonscan2:Epson Perfection V850::esci2:usb:ES00FE:337,/data,{},DROSO_02_MEL_19_F,crop_2026-01-13_16-17-02.top_left_CROPNUMBER_30_UUID_DROSO_02_MEL_19_F.png,"[6804, 812, 7094, 1150]",0.679968535900116,1.0,00_data/01_segmented/crops,00_data/01_segmented/crops/crop_2026-01-13_16-17-02.top_left_CROPNUMBER_30_UUID_DROSO_02_MEL_19_F.json,00_data/01_segmented/crops/crop_2026-01-13_16-17-02.top_left_CROPNUMBER_30_UUID_DROSO_02_MEL_19_F.png,crops,
2026-01-13T16:09:56.394761,/data/d3dbcf42e05429343a8e1a5966e3bcf0/Epson Perfection V850/2026-01-13/2026-01-13_16-09-56/top_right,2026-01-13_16-09-56.top_right.jpg,/data/d3dbcf42e05429343a8e1a5966e3bcf0/Epson Perfection V850/2026-01-13/2026-01-13_16-09-56/top_right/2026-01-13_16-09-56.top_right.jpg,2026-01-13_16-09-56.top_right.thumb.jpg,aee7ff74e98fd3cb0d78628f63d1119f,top_right,"[110.5, 45.0, 200.0, 135.0]",jpg,3200,0,epsonscan2,esci2:usb:ES00FE:337,Epson Perfection V850,d3dbcf42e05429343a8e1a5966e3bcf0,epsonscan2:Epson Perfection V850::esci2:usb:ES00FE:337,/data,{},DROSO_01_MEL_19_M,crop_2026-01-13_16-09-56.top_right_CROPNUMBER_48_UUID_DROSO_01_MEL_19_M.png,"[5289, 6084, 5593, 6539]",0.9336361885070801,1.0,00_data/01_segmented/crops,00_data/01_segmented/crops/crop_2026-01-13_16-09-56.top_right_CROPNUMBER_48_UUID_DROSO_01_MEL_19_M.json,00_data/01_segmented/crops/crop_2026-01-13_16-09-56.top_right_CROPNUMBER_48_UUID_DROSO_01_MEL_19_M.png,crops,
2026-01-13T16:09:56.394761,/data/d3dbcf42e05429343a8e1a5966e3bcf0/Epson Perfection V850/2026-01-13/2026-01-13_16-09-56/top_left,2026-01-13_16-09-56.top_left.jpg,/data/d3dbcf42e05429343a8e1a5966e3bcf0/Epson Perfection V850/2026-01-13/2026-01-13_16-09-56/top_left/2026-01-13_16-09-56.top_left.jpg,2026-01-13_16-09-56.top_left.thumb.jpg,788d0971822fc839506e3180de7f3b36,top_left,"[22.0, 45.0, 110.0, 135.0]",jpg,3200,0,epsonscan2,esci2:usb:ES00FE:337,Epson Perfection V850,d3dbcf42e05429343a8e1a5966e3bcf0,epsonscan2:Epson Perfection V850::esci2:usb:ES00FE:337,/data,{},DROSO_01_MEL_19_F,crop_2026-01-13_16-09-56.top_left_CROPNUMBER_29_UUID_DROSO_01_MEL_19_F.png,"[8346, 6207, 8875, 6617]",0.9359283447265625,0.6028218259357906,00_data/01_segmented/crops,00_data/01_segmented/crops/crop_2026-01-13_16-09-56.top_left_CROPNUMBER_29_UUID_DROSO_01_MEL_19_F.json,00_data/01_segmented/crops/crop_2026-01-13_16-09-56.top_left_CROPNUMBER_29_UUID_DROSO_01_MEL_19_F.png,crops,
2026-01-13T15:52:35.076944,/data/d3dbcf42e05429343a8e1a5966e3bcf0/Epson Perfection V850/2026-01-13/2026-01-13_15-52-35/top_left,2026-01-13_15-52-35.top_left.jpg,/data/d3dbcf42e05429343a8e1a5966e3bcf0/Epson Perfection V850/2026-01-13/2026-01-13_15-52-35/top_left/2026-01-13_15-52-35.top_left.jpg,2026-01-13_15-52-35.top_left.thumb.jpg,c96bd3e091dcefbdce757afd0a69dc15,top_left,"[22.0, 45.0, 110.0, 135.0]",jpg,3200,0,epsonscan2,esci2:usb:ES00FE:337,Epson Perfection V850,d3dbcf42e05429343a8e1a5966e3bcf0,epsonscan2:Epson Perfection V850::esci2:usb:ES00FE:337,/data,{},DROSO_03_SIM_19_F,crop_2026-01-13_15-52-35.top_left_CROPNUMBER_10_UUID_DROSO_03_SIM_19_F.png,"[3420, 7466, 3751, 7919]",0.9390102624893188,1.0,00_data/01_segmented/crops,00_data/01_segmented/crops/crop_2026-01-13_15-52-35.top_left_CROPNUMBER_10_UUID_DROSO_03_SIM_19_F.json,00_data/01_segmented/crops/crop_2026-01-13_15-52-35.top_left_CROPNUMBER_10_UUID_DROSO_03_SIM_19_F.png,crops,
2026-01-13T16:22:42.229986,/data/d3dbcf42e05429343a8e1a5966e3bcf0/Epson Perfection V850/2026-01-13/2026-01-13_16-22-42/top_right,2026-01-13_16-22-42.top_right.jpg,/data/d3dbcf42e05429343a8e1a5966e3bcf0/Epson Perfection V850/2026-01-13/2026-01-13_16-22-42/top_right/2026-01-13_16-22-42.top_right.jpg,2026-01-13_16-22-42.top_right.thumb.jpg,a62b428f433471233371d44992128bb0,top_right,"[110.5, 45.0, 200.0, 135.0]",jpg,3200,0,epsonscan2,esci2:usb:ES00FE:337,Epson Perfection V850,d3dbcf42e05429343a8e1a5966e3bcf0,epsonscan2:Epson Perfection V850::esci2:usb:ES00FE:337,/data,{},DROSO_03_MEL_19_M,crop_2026-01-13_16-22-42.top_right_CROPNUMBER_27_UUID_DROSO_03_MEL_19_M.png,"[8543, 8115, 8857, 8574]",0.9284272193908691,0.6027106630904797,00_data/01_segmented/crops,00_data/01_segmented/crops/crop_2026-01-13_16-22-42.top_right_CROPNUMBER_27_UUID_DROSO_03_MEL_19_M.json,00_data/01_segmented/crops/crop_2026-01-13_16-22-42.top_right_CROPNUMBER_27_UUID_DROSO_03_MEL_19_M.png,crops,
2026-01-13T16:09:56.394761,/data/d3dbcf42e05429343a8e1a5966e3bcf0/Epson Perfection V850/2026-01-13/2026-01-13_16-09-56/top_right,2026-01-13_16-09-56.top_right.jpg,/data/d3dbcf42e05429343a8e1a5966e3bcf0/Epson Perfection V850/2026-01-13/2026-01-13_16-09-56/top_right/2026-01-13_16-09-56.top_right.jpg,2026-01-13_16-09-56.top_right.thumb.jpg,aee7ff74e98fd3cb0d78628f63d1119f,top_right,"[110.5, 45.0, 200.0, 135.0]",jpg,3200,0,epsonscan2,esci2:usb:ES00FE:337,Epson Perfection V850,d3dbcf42e05429343a8e1a5966e3bcf0,epsonscan2:Epson Perfection V850::esci2:usb:ES00FE:337,/data,{},DROSO_01_MEL_19_M,crop_2026-01-13_16-09-56.top_right_CROPNUMBER_1_UUID_DROSO_01_MEL_19_M.png,"[1564, 7288, 1952, 7750]",0.9554783701896667,1.0,00_data/01_segmented/crops,00_data/01_segmented/crops/crop_2026-01-13_16-09-56.top_right_CROPNUMBER_1_UUID_DROSO_01_MEL_19_M.json,00_data/01_segmented/crops/crop_2026-01-13_16-09-56.top_right_CROPNUMBER_1_UUID_DROSO_01_MEL_19_M.png,crops,
2026-01-13T16:22:42.229986,/data/d3dbcf42e05429343a8e1a5966e3bcf0/Epson Perfection V850/2026-01-13/2026-01-13_16-22-42/top_left,2026-01-13_16-22-42.top_left.jpg,/data/d3dbcf42e05429343a8e1a5966e3bcf0/Epson Perfection V850/2026-01-13/2026-01-13_16-22-42/top_left/2026-01-13_16-22-42.top_left.jpg,2026-01-13_16-22-42.top_left.thumb.jpg,f331f82ac6dcbf4a1318ddee5307a618,top_left,"[22.0, 45.0, 110.0, 135.0]",jpg,3200,0,epsonscan2,esci2:usb:ES00FE:337,Epson Perfection V850,d3dbcf42e05429343a8e1a5966e3bcf0,epsonscan2:Epson Perfection V850::esci2:usb:ES00FE:337,/data,{},DROSO_03_MEL_19_F,crop_2026-01-13_16-22-42.top_left_CROPNUMBER_17_UUID_DROSO_03_MEL_19_F.png,"[1958, 6251, 2415, 6755]",0.9363298416137695,0.6028218259357906,00_data/01_segmented/crops,00_data/01_segmented/crops/crop_2026-01-13_16-22-42.top_left_CROPNUMBER_17_UUID_DROSO_03_MEL_19_F.json,00_data/01_segmented/crops/crop_2026-01-13_16-22-42.top_left_CROPNUMBER_17_UUID_DROSO_03_MEL_19_F.png,crops,
2026-01-13T15:52:35.076944,/data/d3dbcf42e05429343a8e1a5966e3bcf0/Epson Perfection V850/2026-01-13/2026-01-13_15-52-35/top_left,2026-01-13_15-52-35.top_left.jpg,/data/d3dbcf42e05429343a8e1a5966e3bcf0/Epson Perfection V850/2026-01-13/2026-01-13_15-52-35/top_left/2026-01-13_15-52-35.top_left.jpg,2026-01-13_15-52-35.top_left.thumb.jpg,c96bd3e091dcefbdce757afd0a69dc15,top_left,"[22.0, 45.0, 110.0, 135.0]",jpg,3200,0,epsonscan2,esci2:usb:ES00FE:337,Epson Perfection V850,d3dbcf42e05429343a8e1a5966e3bcf0,epsonscan2:Epson Perfection V850::esci2:usb:ES00FE:337,/data,{},DROSO_03_SIM_19_F,crop_2026-01-13_15-52-35.top_left_CROPNUMBER_17_UUID_DROSO_03_SIM_19_F.png,"[4787, 2784, 6400, 4457]",0.3022361993789673,0.6028218259357906,00_data/01_segmented/crops,00_data/01_segmented/crops/crop_2026-01-13_15-52-35.top_left_CROPNUMBER_17_UUID_DROSO_03_SIM_19_F.json,00_data/01_segmented/crops/crop_2026-01-13_15-52-35.top_left_CROPNUMBER_17_UUID_DROSO_03_SIM_19_F.png,crops,
2026-01-13T15:40:38.651010,/data/d3dbcf42e05429343a8e1a5966e3bcf0/Epson Perfection V850/2026-01-13/2026-01-13_15-40-38/top_left,2026-01-13_15-40-38.top_left.jpg,/data/d3dbcf42e05429343a8e1a5966e3bcf0/Epson Perfection V850/2026-01-13/2026-01-13_15-40-38/top_left/2026-01-13_15-40-38.top_left.jpg,2026-01-13_15-40-38.top_left.thumb.jpg,16a144e86ca9c5e7bb9b16ddead6411f,top_left,"[22.0, 45.0, 110.0, 135.0]",jpg,3200,0,epsonscan2,esci2:usb:ES00FE:337,Epson Perfection V850,d3dbcf42e05429343a8e1a5966e3bcf0,epsonscan2:Epson Perfection V850::esci2:usb:ES00FE:337,/data,{},DROSO_01_SIM_19_F,crop_2026-01-13_15-40-38.top_left_CROPNUMBER_11_UUID_DROSO_01_SIM_19_F.png,"[4633, 9286, 5117, 9700]",0.9349366426467896,0.6028218259357906,00_data/01_segmented/crops,00_data/01_segmented/crops/crop_2026-01-13_15-40-38.top_left_CROPNUMBER_11_UUID_DROSO_01_SIM_19_F.json,00_data/01_segmented/crops/crop_2026-01-13_15-40-38.top_left_CROPNUMBER_11_UUID_DROSO_01_SIM_19_F.png,crops,
2026-01-13T15:40:38.651010,/data/d3dbcf42e05429343a8e1a5966e3bcf0/Epson Perfection V850/2026-01-13/2026-01-13_15-40-38/top_left,2026-01-13_15-40-38.top_left.jpg,/data/d3dbcf42e05429343a8e1a5966e3bcf0/Epson Perfection V850/2026-01-13/2026-01-13_15-40-38/top_left/2026-01-13_15-40-38.top_left.jpg,2026-01-13_15-40-38.top_left.thumb.jpg,16a144e86ca9c5e7bb9b16ddead6411f,top_left,"[22.0, 45.0, 110.0, 135.0]",jpg,3200,0,epsonscan2,esci2:usb:ES00FE:337,Epson Perfection V850,d3dbcf42e05429343a8e1a5966e3bcf0,epsonscan2:Epson Perfection V850::esci2:usb:ES00FE:337,/data,{},DROSO_01_SIM_19_F,crop_2026-01-13_15-40-38.top_left_CROPNUMBER_9_UUID_DROSO_01_SIM_19_F.png,"[4106, 6701, 4494, 7051]",0.936576247215271,1.0,00_data/01_segmented/crops,00_data/01_segmented/crops/crop_2026-01-13_15-40-38.top_left_CROPNUMBER_9_UUID_DROSO_01_SIM_19_F.json,00_data/01_segmented/crops/crop_2026-01-13_15-40-38.top_left_CROPNUMBER_9_UUID_DROSO_01_SIM_19_F.png,crops,
2026-01-13T15:40:38.651010,/data/d3dbcf42e05429343a8e1a5966e3bcf0/Epson Perfection V850/2026-01-13/2026-01-13_15-40-38/top_left,2026-01-13_15-40-38.top_left.jpg,/data/d3dbcf42e05429343a8e1a5966e3bcf0/Epson Perfection V850/2026-01-13/2026-01-13_15-40-38/top_left/2026-01-13_15-40-38.top_left.jpg,2026-01-13_15-40-38.top_left.thumb.jpg,16a144e86ca9c5e7bb9b16ddead6411f,top_left,"[22.0, 45.0, 110.0, 135.0]",jpg,3200,0,epsonscan2,esci2:usb:ES00FE:337,Epson Perfection V850,d3dbcf42e05429343a8e1a5966e3bcf0,epsonscan2:Epson Perfection V850::esci2:usb:ES00FE:337,/data,{},DROSO_01_SIM_19_F,crop_2026-01-13_15-40-38.top_left_CROPNUMBER_3_UUID_DROSO_01_SIM_19_F.png,"[4716, 8288, 5170, 8748]",0.9461793899536133,0.6028218259357906,00_data/01_segmented/crops,00_data/01_segmented/crops/crop_2026-01-13_15-40-38.top_left_CROPNUMBER_3_UUID_DROSO_01_SIM_19_F.json,00_data/01_segmented/crops/crop_2026-01-13_15-40-38.top_left_CROPNUMBER_3_UUID_DROSO_01_SIM_19_F.png,crops,
2026-01-13T16:04:10.629205,/data/d3dbcf42e05429343a8e1a5966e3bcf0/Epson Perfection V850/2026-01-13/2026-01-13_16-04-10/top_left,2026-01-13_16-04-10.top_left.jpg,/data/d3dbcf42e05429343a8e1a5966e3bcf0/Epson Perfection V850/2026-01-13/2026-01-13_16-04-10/top_left/2026-01-13_16-04-10.top_left.jpg,2026-01-13_16-04-10.top_left.thumb.jpg,e5f859616a1ebf20cb8f61da5b2008c2,top_left,"[22.0, 45.0, 110.0, 135.0]",jpg,3200,0,epsonscan2,esci2:usb:ES00FE:337,Epson Perfection V850,d3dbcf42e05429343a8e1a5966e3bcf0,epsonscan2:Epson Perfection V850::esci2:usb:ES00FE:337,/data,{},DROSO_05_SIM_19_F,crop_2026-01-13_16-04-10.top_left_CROPNUMBER_11_UUID_DROSO_05_SIM_19_F.png,"[3983, 8670, 4430, 9014]",0.9353381991386414,1.0,00_data/01_segmented/crops,00_data/01_segmented/crops/crop_2026-01-13_16-04-10.top_left_CROPNUMBER_11_UUID_DROSO_05_SIM_19_F.json,00_data/01_segmented/crops/crop_2026-01-13_16-04-10.top_left_CROPNUMBER_11_UUID_DROSO_05_SIM_19_F.png,crops,
2026-01-13T15:52:35.076944,/data/d3dbcf42e05429343a8e1a5966e3bcf0/Epson Perfection V850/2026-01-13/2026-01-13_15-52-35/top_left,2026-01-13_15-52-35.top_left.jpg,/data/d3dbcf42e05429343a8e1a5966e3bcf0/Epson Perfection V850/2026-01-13/2026-01-13_15-52-35/top_left/2026-01-13_15-52-35.top_left.jpg,2026-01-13_15-52-35.top_left.thumb.jpg,c96bd3e091dcefbdce757afd0a69dc15,top_left,"[22.0, 45.0, 110.0, 135.0]",jpg,3200,0,epsonscan2,esci2:usb:ES00FE:337,Epson Perfection V850,d3dbcf42e05429343a8e1a5966e3bcf0,epsonscan2:Epson Perfection V850::esci2:usb:ES00FE:337,/data,{},DROSO_03_SIM_19_F,crop_2026-01-13_15-52-35.top_left_CROPNUMBER_7_UUID_DROSO_03_SIM_19_F.png,"[4552, 7094, 5000, 7413]",0.9417073130607605,1.0,00_data/01_segmented/crops,00_data/01_segmented/crops/crop_2026-01-13_15-52-35.top_left_CROPNUMBER_7_UUID_DROSO_03_SIM_19_F.json,00_data/01_segmented/crops/crop_2026-01-13_15-52-35.top_left_CROPNUMBER_7_UUID_DROSO_03_SIM_19_F.png,crops,
2026-01-13T16:04:10.629205,/data/d3dbcf42e05429343a8e1a5966e3bcf0/Epson Perfection V850/2026-01-13/2026-01-13_16-04-10/top_left,2026-01-13_16-04-10.top_left.jpg,/data/d3dbcf42e05429343a8e1a5966e3bcf0/Epson Perfection V850/2026-01-13/2026-01-13_16-04-10/top_left/2026-01-13_16-04-10.top_left.jpg,2026-01-13_16-04-10.top_left.thumb.jpg,e5f859616a1ebf20cb8f61da5b2008c2,top_left,"[22.0, 45.0, 110.0, 135.0]",jpg,3200,0,epsonscan2,esci2:usb:ES00FE:337,Epson Perfection V850,d3dbcf42e05429343a8e1a5966e3bcf0,epsonscan2:Epson Perfection V850::esci2:usb:ES00FE:337,/data,{},DROSO_05_SIM_19_F,crop_2026-01-13_16-04-10.top_left_CROPNUMBER_5_UUID_DROSO_05_SIM_19_F.png,"[4116, 6041, 4445, 6498]",0.9472190737724304,1.0,00_data/01_segmented/crops,00_data/01_segmented/crops/crop_2026-01-13_16-04-10.top_left_CROPNUMBER_5_UUID_DROSO_05_SIM_19_F.json,00_data/01_segmented/crops/crop_2026-01-13_16-04-10.top_left_CROPNUMBER_5_UUID_DROSO_05_SIM_19_F.png,crops,
2026-01-13T16:09:56.394761,/data/d3dbcf42e05429343a8e1a5966e3bcf0/Epson Perfection V850/2026-01-13/2026-01-13_16-09-56/top_left,2026-01-13_16-09-56.top_left.jpg,/data/d3dbcf42e05429343a8e1a5966e3bcf0/Epson Perfection V850/2026-01-13/2026-01-13_16-09-56/top_left/2026-01-13_16-09-56.top_left.jpg,2026-01-13_16-09-56.top_left.thumb.jpg,788d0971822fc839506e3180de7f3b36,top_left,"[22.0, 45.0, 110.0, 135.0]",jpg,3200,0,epsonscan2,esci2:usb:ES00FE:337,Epson Perfection V850,d3dbcf42e05429343a8e1a5966e3bcf0,epsonscan2:Epson Perfection V850::esci2:usb:ES00FE:337,/data,{},DROSO_01_MEL_19_F,crop_2026-01-13_16-09-56.top_left_CROPNUMBER_30_UUID_DROSO_01_MEL_19_F.png,"[4047, 7635, 4458, 8168]",0.9354854226112366,0.6028218259357906,00_data/01_segmented/crops,00_data/01_segmented/crops/crop_2026-01-13_16-09-56.top_left_CROPNUMBER_30_UUID_DROSO_01_MEL_19_F.json,00_data/01_segmented/crops/crop_2026-01-13_16-09-56.top_left_CROPNUMBER_30_UUID_DROSO_01_MEL_19_F.png,crops,
2026-01-13T15:46:54.437940,/data/d3dbcf42e05429343a8e1a5966e3bcf0/Epson Perfection V850/2026-01-13/2026-01-13_15-46-54/top_right,2026-01-13_15-46-54.top_right.jpg,/data/d3dbcf42e05429343a8e1a5966e3bcf0/Epson Perfection V850/2026-01-13/2026-01-13_15-46-54/top_right/2026-01-13_15-46-54.top_right.jpg,2026-01-13_15-46-54.top_right.thumb.jpg,8cfcebfb20b3b3b2bc86ba50975b08d9,top_right,"[110.5, 45.0, 200.0, 135.0]",jpg,3200,0,epsonscan2,esci2:usb:ES00FE:337,Epson Perfection V850,d3dbcf42e05429343a8e1a5966e3bcf0,epsonscan2:Epson Perfection V850::esci2:usb:ES00FE:337,/data,{},DROSO_02_SIM_19_M,crop_2026-01-13_15-46-54.top_right_CROPNUMBER_6_UUID_DROSO_02_SIM_19_M.png,"[4997, 7756, 5439, 8170]",0.9434283971786499,1.0,00_data/01_segmented/crops,00_data/01_segmented/crops/crop_2026-01-13_15-46-54.top_right_CROPNUMBER_6_UUID_DROSO_02_SIM_19_M.json,00_data/01_segmented/crops/crop_2026-01-13_15-46-54.top_right_CROPNUMBER_6_UUID_DROSO_02_SIM_19_M.png,crops,
2026-01-13T15:58:15.447485,/data/d3dbcf42e05429343a8e1a5966e3bcf0/Epson Perfection V850/2026-01-13/2026-01-13_15-58-15/top_left,2026-01-13_15-58-15.top_left.jpg,/data/d3dbcf42e05429343a8e1a5966e3bcf0/Epson Perfection V850/2026-01-13/2026-01-13_15-58-15/top_left/2026-01-13_15-58-15.top_left.jpg,2026-01-13_15-58-15.top_left.thumb.jpg,06b4b76a8baf9e9d6a949609e6c4b9d4,top_left,"[22.0, 45.0, 110.0, 135.0]",jpg,3200,0,epsonscan2,esci2:usb:ES00FE:337,Epson Perfection V850,d3dbcf42e05429343a8e1a5966e3bcf0,epsonscan2:Epson Perfection V850::esci2:usb:ES00FE:337,/data,{},DROSO_04_SIM_19_F,crop_2026-01-13_15-58-15.top_left_CROPNUMBER_19_UUID_DROSO_04_SIM_19_F.png,"[6246, 7365, 6599, 7726]",0.9300485253334045,1.0,00_data/01_segmented/crops,00_data/01_segmented/crops/crop_2026-01-13_15-58-15.top_left_CROPNUMBER_19_UUID_DROSO_04_SIM_19_F.json,00_data/01_segmented/crops/crop_2026-01-13_15-58-15.top_left_CROPNUMBER_19_UUID_DROSO_04_SIM_19_F.png,crops,
2026-01-13T16:22:42.229986,/data/d3dbcf42e05429343a8e1a5966e3bcf0/Epson Perfection V850/2026-01-13/2026-01-13_16-22-42/top_left,2026-01-13_16-22-42.top_left.jpg,/data/d3dbcf42e05429343a8e1a5966e3bcf0/Epson Perfection V850/2026-01-13/2026-01-13_16-22-42/top_left/2026-01-13_16-22-42.top_left.jpg,2026-01-13_16-22-42.top_left.thumb.jpg,f331f82ac6dcbf4a1318ddee5307a618,top_left,"[22.0, 45.0, 110.0, 135.0]",jpg,3200,0,epsonscan2,esci2:usb:ES00FE:337,Epson Perfection V850,d3dbcf42e05429343a8e1a5966e3bcf0,epsonscan2:Epson Perfection V850::esci2:usb:ES00FE:337,/data,{},DROSO_03_MEL_19_F,crop_2026-01-13_16-22-42.top_left_CROPNUMBER_18_UUID_DROSO_03_MEL_19_F.png,"[7637, 8419, 8063, 8921]",0.9360735416412354,0.6028218259357906,00_data/01_segmented/crops,00_data/01_segmented/crops/crop_2026-01-13_16-22-42.top_left_CROPNUMBER_18_UUID_DROSO_03_MEL_19_F.json,00_data/01_segmented/crops/crop_2026-01-13_16-22-42.top_left_CROPNUMBER_18_UUID_DROSO_03_MEL_19_F.png,crops,
2026-01-13T16:09:56.394761,/data/d3dbcf42e05429343a8e1a5966e3bcf0/Epson Perfection V850/2026-01-13/2026-01-13_16-09-56/top_right,2026-01-13_16-09-56.top_right.jpg,/data/d3dbcf42e05429343a8e1a5966e3bcf0/Epson Perfection V850/2026-01-13/2026-01-13_16-09-56/top_right/2026-01-13_16-09-56.top_right.jpg,2026-01-13_16-09-56.top_right.thumb.jpg,aee7ff74e98fd3cb0d78628f63d1119f,top_right,"[110.5, 45.0, 200.0, 135.0]",jpg,3200,0,epsonscan2,esci2:usb:ES00FE:337,Epson Perfection V850,d3dbcf42e05429343a8e1a5966e3bcf0,epsonscan2:Epson Perfection V850::esci2:usb:ES00FE:337,/data,{},DROSO_01_MEL_19_M,crop_2026-01-13_16-09-56.top_right_CROPNUMBER_33_UUID_DROSO_01_MEL_19_M.png,"[7377, 5029, 7669, 5489]",0.9381389021873474,1.0,00_data/01_segmented/crops,00_data/01_segmented/crops/crop_2026-01-13_16-09-56.top_right_CROPNUMBER_33_UUID_DROSO_01_MEL_19_M.json,00_data/01_segmented/crops/crop_2026-01-13_16-09-56.top_right_CROPNUMBER_33_UUID_DROSO_01_MEL_19_M.png,crops,
2026-01-13T15:58:15.447485,/data/d3dbcf42e05429343a8e1a5966e3bcf0/Epson Perfection V850/2026-01-13/2026-01-13_15-58-15/top_left,2026-01-13_15-58-15.top_left.jpg,/data/d3dbcf42e05429343a8e1a5966e3bcf0/Epson Perfection V850/2026-01-13/2026-01-13_15-58-15/top_left/2026-01-13_15-58-15.top_left.jpg,2026-01-13_15-58-15.top_left.thumb.jpg,06b4b76a8baf9e9d6a949609e6c4b9d4,top_left,"[22.0, 45.0, 110.0, 135.0]",jpg,3200,0,epsonscan2,esci2:usb:ES00FE:337,Epson Perfection V850,d3dbcf42e05429343a8e1a5966e3bcf0,epsonscan2:Epson Perfection V850::esci2:usb:ES00FE:337,/data,{},DROSO_04_SIM_19_F,crop_2026-01-13_15-58-15.top_left_CROPNUMBER_16_UUID_DROSO_04_SIM_19_F.png,"[2692, 7855, 3124, 8303]",0.9336071014404297,0.6028218259357906,00_data/01_segmented/crops,00_data/01_segmented/crops/crop_2026-01-13_15-58-15.top_left_CROPNUMBER_16_UUID_DROSO_04_SIM_19_F.json,00_data/01_segmented/crops/crop_2026-01-13_15-58-15.top_left_CROPNUMBER_16_UUID_DROSO_04_SIM_19_F.png,crops,
2026-01-13T15:52:35.076944,/data/d3dbcf42e05429343a8e1a5966e3bcf0/Epson Perfection V850/2026-01-13/2026-01-13_15-52-35/top_left,2026-01-13_15-52-35.top_left.jpg,/data/d3dbcf42e05429343a8e1a5966e3bcf0/Epson Perfection V850/2026-01-13/2026-01-13_15-52-35/top_left/2026-01-13_15-52-35.top_left.jpg,2026-01-13_15-52-35.top_left.thumb.jpg,c96bd3e091dcefbdce757afd0a69dc15,top_left,"[22.0, 45.0, 110.0, 135.0]",jpg,3200,0,epsonscan2,esci2:usb:ES00FE:337,Epson Perfection V850,d3dbcf42e05429343a8e1a5966e3bcf0,epsonscan2:Epson Perfection V850::esci2:usb:ES00FE:337,/data,{},DROSO_03_SIM_19_F,crop_2026-01-13_15-52-35.top_left_CROPNUMBER_6_UUID_DROSO_03_SIM_19_F.png,"[5258, 9363, 5664, 9810]",0.9443351030349731,1.0,00_data/01_segmented/crops,00_data/01_segmented/crops/crop_2026-01-13_15-52-35.top_left_CROPNUMBER_6_UUID_DROSO_03_SIM_19_F.json,00_data/01_segmented/crops/crop_2026-01-13_15-52-35.top_left_CROPNUMBER_6_UUID_DROSO_03_SIM_19_F.png,crops,
2026-01-13T15:52:35.076944,/data/d3dbcf42e05429343a8e1a5966e3bcf0/Epson Perfection V850/2026-01-13/2026-01-13_15-52-35/top_left,2026-01-13_15-52-35.top_left.jpg,/data/d3dbcf42e05429343a8e1a5966e3bcf0/Epson Perfection V850/2026-01-13/2026-01-13_15-52-35/top_left/2026-01-13_15-52-35.top_left.jpg,2026-01-13_15-52-35.top_left.thumb.jpg,c96bd3e091dcefbdce757afd0a69dc15,top_left,"[22.0, 45.0, 110.0, 135.0]",jpg,3200,0,epsonscan2,esci2:usb:ES00FE:337,Epson Perfection V850,d3dbcf42e05429343a8e1a5966e3bcf0,epsonscan2:Epson Perfection V850::esci2:usb:ES00FE:337,/data,{},DROSO_03_SIM_19_F,crop_2026-01-13_15-52-35.top_left_CROPNUMBER_1_UUID_DROSO_03_SIM_19_F.png,"[7759, 8015, 8230, 8307]",0.9514007568359375,1.0,00_data/01_segmented/crops,00_data/01_segmented/crops/crop_2026-01-13_15-52-35.top_left_CROPNUMBER_1_UUID_DROSO_03_SIM_19_F.json,00_data/01_segmented/crops/crop_2026-01-13_15-52-35.top_left_CROPNUMBER_1_UUID_DROSO_03_SIM_19_F.png,crops,
2026-01-13T16:09:56.394761,/data/d3dbcf42e05429343a8e1a5966e3bcf0/Epson Perfection V850/2026-01-13/2026-01-13_16-09-56/top_left,2026-01-13_16-09-56.top_left.jpg,/data/d3dbcf42e05429343a8e1a5966e3bcf0/Epson Perfection V850/2026-01-13/2026-01-13_16-09-56/top_left/2026-01-13_16-09-56.top_left.jpg,2026-01-13_16-09-56.top_left.thumb.jpg,788d0971822fc839506e3180de7f3b36,top_left,"[22.0, 45.0, 110.0, 135.0]",jpg,3200,0,epsonscan2,esci2:usb:ES00FE:337,Epson Perfection V850,d3dbcf42e05429343a8e1a5966e3bcf0,epsonscan2:Epson Perfection V850::esci2:usb:ES00FE:337,/data,{},DROSO_01_MEL_19_F,crop_2026-01-13_16-09-56.top_left_CROPNUMBER_18_UUID_DROSO_01_MEL_19_F.png,"[3638, 8150, 4155, 8512]",0.9403289556503296,0.6028218259357906,00_data/01_segmented/crops,00_data/01_segmented/crops/crop_2026-01-13_16-09-56.top_left_CROPNUMBER_18_UUID_DROSO_01_MEL_19_F.json,00_data/01_segmented/crops/crop_2026-01-13_16-09-56.top_left_CROPNUMBER_18_UUID_DROSO_01_MEL_19_F.png,crops,
2026-01-13T16:09:56.394761,/data/d3dbcf42e05429343a8e1a5966e3bcf0/Epson Perfection V850/2026-01-13/2026-01-13_16-09-56/top_right,2026-01-13_16-09-56.top_right.jpg,/data/d3dbcf42e05429343a8e1a5966e3bcf0/Epson Perfection V850/2026-01-13/2026-01-13_16-09-56/top_right/2026-01-13_16-09-56.top_right.jpg,2026-01-13_16-09-56.top_right.thumb.jpg,aee7ff74e98fd3cb0d78628f63d1119f,top_right,"[110.5, 45.0, 200.0, 135.0]",jpg,3200,0,epsonscan2,esci2:usb:ES00FE:337,Epson Perfection V850,d3dbcf42e05429343a8e1a5966e3bcf0,epsonscan2:Epson Perfection V850::esci2:usb:ES00FE:337,/data,{},DROSO_01_MEL_19_M,crop_2026-01-13_16-09-56.top_right_CROPNUMBER_34_UUID_DROSO_01_MEL_19_M.png,"[2763, 8446, 3138, 8920]",0.9373999238014221,1.0,00_data/01_segmented/crops,00_data/01_segmented/crops/crop_2026-01-13_16-09-56.top_right_CROPNUMBER_34_UUID_DROSO_01_MEL_19_M.json,00_data/01_segmented/crops/crop_2026-01-13_16-09-56.top_right_CROPNUMBER_34_UUID_DROSO_01_MEL_19_M.png,crops,
2026-01-13T16:09:56.394761,/data/d3dbcf42e05429343a8e1a5966e3bcf0/Epson Perfection V850/2026-01-13/2026-01-13_16-09-56/top_right,2026-01-13_16-09-56.top_right.jpg,/data/d3dbcf42e05429343a8e1a5966e3bcf0/Epson Perfection V850/2026-01-13/2026-01-13_16-09-56/top_right/2026-01-13_16-09-56.top_right.jpg,2026-01-13_16-09-56.top_right.thumb.jpg,aee7ff74e98fd3cb0d78628f63d1119f,top_right,"[110.5, 45.0, 200.0, 135.0]",jpg,3200,0,epsonscan2,esci2:usb:ES00FE:337,Epson Perfection V850,d3dbcf42e05429343a8e1a5966e3bcf0,epsonscan2:Epson Perfection V850::esci2:usb:ES00FE:337,/data,{},DROSO_01_MEL_19_M,crop_2026-01-13_16-09-56.top_right_CROPNUMBER_4_UUID_DROSO_01_MEL_19_M.png,"[9928, 7068, 10381, 7401]",0.9523769021034241,1.0,00_data/01_segmented/crops,00_data/01_segmented/crops/crop_2026-01-13_16-09-56.top_right_CROPNUMBER_4_UUID_DROSO_01_MEL_19_M.json,00_data/01_segmented/crops/crop_2026-01-13_16-09-56.top_right_CROPNUMBER_4_UUID_DROSO_01_MEL_19_M.png,crops,
2026-01-13T16:04:10.629205,/data/d3dbcf42e05429343a8e1a5966e3bcf0/Epson Perfection V850/2026-01-13/2026-01-13_16-04-10/top_left,2026-01-13_16-04-10.top_left.jpg,/data/d3dbcf42e05429343a8e1a5966e3bcf0/Epson Perfection V850/2026-01-13/2026-01-13_16-04-10/top_left/2026-01-13_16-04-10.top_left.jpg,2026-01-13_16-04-10.top_left.thumb.jpg,e5f859616a1ebf20cb8f61da5b2008c2,top_left,"[22.0, 45.0, 110.0, 135.0]",jpg,3200,0,epsonscan2,esci2:usb:ES00FE:337,Epson Perfection V850,d3dbcf42e05429343a8e1a5966e3bcf0,epsonscan2:Epson Perfection V850::esci2:usb:ES00FE:337,/data,{},DROSO_05_SIM_19_F,crop_2026-01-13_16-04-10.top_left_CROPNUMBER_4_UUID_DROSO_05_SIM_19_F.png,"[4540, 9924, 5016, 10245]",0.9473336338996887,1.0,00_data/01_segmented/crops,00_data/01_segmented/crops/crop_2026-01-13_16-04-10.top_left_CROPNUMBER_4_UUID_DROSO_05_SIM_19_F.json,00_data/01_segmented/crops/crop_2026-01-13_16-04-10.top_left_CROPNUMBER_4_UUID_DROSO_05_SIM_19_F.png,crops,
2026-01-13T16:04:10.629205,/data/d3dbcf42e05429343a8e1a5966e3bcf0/Epson Perfection V850/2026-01-13/2026-01-13_16-04-10/top_right,2026-01-13_16-04-10.top_right.jpg,/data/d3dbcf42e05429343a8e1a5966e3bcf0/Epson Perfection V850/2026-01-13/2026-01-13_16-04-10/top_right/2026-01-13_16-04-10.top_right.jpg,2026-01-13_16-04-10.top_right.thumb.jpg,3126fa75aee2fe2913a08ebebfa0ed4f,top_right,"[110.5, 45.0, 200.0, 135.0]",jpg,3200,0,epsonscan2,esci2:usb:ES00FE:337,Epson Perfection V850,d3dbcf42e05429343a8e1a5966e3bcf0,epsonscan2:Epson Perfection V850::esci2:usb:ES00FE:337,/data,{},DROSO_05_SIM_19_M,crop_2026-01-13_16-04-10.top_right_CROPNUMBER_10_UUID_DROSO_05_SIM_19_M.png,"[8175, 9104, 8443, 9478]",0.9358967542648315,1.0,00_data/01_segmented/crops,00_data/01_segmented/crops/crop_2026-01-13_16-04-10.top_right_CROPNUMBER_10_UUID_DROSO_05_SIM_19_M.json,00_data/01_segmented/crops/crop_2026-01-13_16-04-10.top_right_CROPNUMBER_10_UUID_DROSO_05_SIM_19_M.png,crops,
2026-01-13T16:09:56.394761,/data/d3dbcf42e05429343a8e1a5966e3bcf0/Epson Perfection V850/2026-01-13/2026-01-13_16-09-56/top_left,2026-01-13_16-09-56.top_left.jpg,/data/d3dbcf42e05429343a8e1a5966e3bcf0/Epson Perfection V850/2026-01-13/2026-01-13_16-09-56/top_left/2026-01-13_16-09-56.top_left.jpg,2026-01-13_16-09-56.top_left.thumb.jpg,788d0971822fc839506e3180de7f3b36,top_left,"[22.0, 45.0, 110.0, 135.0]",jpg,3200,0,epsonscan2,esci2:usb:ES00FE:337,Epson Perfection V850,d3dbcf42e05429343a8e1a5966e3bcf0,epsonscan2:Epson Perfection V850::esci2:usb:ES00FE:337,/data,{},DROSO_01_MEL_19_F,crop_2026-01-13_16-09-56.top_left_CROPNUMBER_39_UUID_DROSO_01_MEL_19_F.png,"[3482, 9595, 3997, 9928]",0.9299572706222534,0.6028218259357906,00_data/01_segmented/crops,00_data/01_segmented/crops/crop_2026-01-13_16-09-56.top_left_CROPNUMBER_39_UUID_DROSO_01_MEL_19_F.json,00_data/01_segmented/crops/crop_2026-01-13_16-09-56.top_left_CROPNUMBER_39_UUID_DROSO_01_MEL_19_F.png,crops,
2026-01-13T16:17:02.422812,/data/d3dbcf42e05429343a8e1a5966e3bcf0/Epson Perfection V850/2026-01-13/2026-01-13_16-17-02/top_right,2026-01-13_16-17-02.top_right.jpg,/data/d3dbcf42e05429343a8e1a5966e3bcf0/Epson Perfection V850/2026-01-13/2026-01-13_16-17-02/top_right/2026-01-13_16-17-02.top_right.jpg,2026-01-13_16-17-02.top_right.thumb.jpg,dba0ed76fe036a6b6c2f125e044f31c3,top_right,"[110.5, 45.0, 200.0, 135.0]",jpg,3200,0,epsonscan2,esci2:usb:ES00FE:337,Epson Perfection V850,d3dbcf42e05429343a8e1a5966e3bcf0,epsonscan2:Epson Perfection V850::esci2:usb:ES00FE:337,/data,{},DROSO_02_MEL_19_M,crop_2026-01-13_16-17-02.top_right_CROPNUMBER_19_UUID_DROSO_02_MEL_19_M.png,"[4400, 7598, 4880, 8000]",0.9349051117897034,0.6027106630904797,00_data/01_segmented/crops,00_data/01_segmented/crops/crop_2026-01-13_16-17-02.top_right_CROPNUMBER_19_UUID_DROSO_02_MEL_19_M.json,00_data/01_segmented/crops/crop_2026-01-13_16-17-02.top_right_CROPNUMBER_19_UUID_DROSO_02_MEL_19_M.png,crops,
2026-01-13T16:09:56.394761,/data/d3dbcf42e05429343a8e1a5966e3bcf0/Epson Perfection V850/2026-01-13/2026-01-13_16-09-56/top_left,2026-01-13_16-09-56.top_left.jpg,/data/d3dbcf42e05429343a8e1a5966e3bcf0/Epson Perfection V850/2026-01-13/2026-01-13_16-09-56/top_left/2026-01-13_16-09-56.top_left.jpg,2026-01-13_16-09-56.top_left.thumb.jpg,788d0971822fc839506e3180de7f3b36,top_left,"[22.0, 45.0, 110.0, 135.0]",jpg,3200,0,epsonscan2,esci2:usb:ES00FE:337,Epson Perfection V850,d3dbcf42e05429343a8e1a5966e3bcf0,epsonscan2:Epson Perfection V850::esci2:usb:ES00FE:337,/data,{},DROSO_01_MEL_19_F,crop_2026-01-13_16-09-56.top_left_CROPNUMBER_44_UUID_DROSO_01_MEL_19_F.png,"[8177, 7100, 8686, 7484]",0.9257893562316895,0.6028218259357906,00_data/01_segmented/crops,00_data/01_segmented/crops/crop_2026-01-13_16-09-56.top_left_CROPNUMBER_44_UUID_DROSO_01_MEL_19_F.json,00_data/01_segmented/crops/crop_2026-01-13_16-09-56.top_left_CROPNUMBER_44_UUID_DROSO_01_MEL_19_F.png,crops,
2026-01-13T16:09:56.394761,/data/d3dbcf42e05429343a8e1a5966e3bcf0/Epson Perfection V850/2026-01-13/2026-01-13_16-09-56/top_left,2026-01-13_16-09-56.top_left.jpg,/data/d3dbcf42e05429343a8e1a5966e3bcf0/Epson Perfection V850/2026-01-13/2026-01-13_16-09-56/top_left/2026-01-13_16-09-56.top_left.jpg,2026-01-13_16-09-56.top_left.thumb.jpg,788d0971822fc839506e3180de7f3b36,top_left,"[22.0, 45.0, 110.0, 135.0]",jpg,3200,0,epsonscan2,esci2:usb:ES00FE:337,Epson Perfection V850,d3dbcf42e05429343a8e1a5966e3bcf0,epsonscan2:Epson Perfection V850::esci2:usb:ES00FE:337,/data,{},DROSO_01_MEL_19_F,crop_2026-01-13_16-09-56.top_left_CROPNUMBER_37_UUID_DROSO_01_MEL_19_F.png,"[5986, 7540, 6298, 8025]",0.9310711026191711,1.0,00_data/01_segmented/crops,00_data/01_segmented/crops/crop_2026-01-13_16-09-56.top_left_CROPNUMBER_37_UUID_DROSO_01_MEL_19_F.json,00_data/01_segmented/crops/crop_2026-01-13_16-09-56.top_left_CROPNUMBER_37_UUID_DROSO_01_MEL_19_F.png,crops,
2026-01-13T16:17:02.422812,/data/d3dbcf42e05429343a8e1a5966e3bcf0/Epson Perfection V850/2026-01-13/2026-01-13_16-17-02/top_right,2026-01-13_16-17-02.top_right.jpg,/data/d3dbcf42e05429343a8e1a5966e3bcf0/Epson Perfection V850/2026-01-13/2026-01-13_16-17-02/top_right/2026-01-13_16-17-02.top_right.jpg,2026-01-13_16-17-02.top_right.thumb.jpg,dba0ed76fe036a6b6c2f125e044f31c3,top_right,"[110.5, 45.0, 200.0, 135.0]",jpg,3200,0,epsonscan2,esci2:usb:ES00FE:337,Epson Perfection V850,d3dbcf42e05429343a8e1a5966e3bcf0,epsonscan2:Epson Perfection V850::esci2:usb:ES00FE:337,/data,{},DROSO_02_MEL_19_M,crop_2026-01-13_16-17-02.top_right_CROPNUMBER_13_UUID_DROSO_02_MEL_19_M.png,"[3793, 5681, 4211, 6294]",0.9385149478912354,1.0,00_data/01_segmented/crops,00_data/01_segmented/crops/crop_2026-01-13_16-17-02.top_right_CROPNUMBER_13_UUID_DROSO_02_MEL_19_M.json,00_data/01_segmented/crops/crop_2026-01-13_16-17-02.top_right_CROPNUMBER_13_UUID_DROSO_02_MEL_19_M.png,crops,
