timestamp,dirname,filename,uri,thumbnail,md5,name,xyxy_mm,file_format,DPI,brightness,driver,usb_port,device_id,host_id,sane_device,target_base_dir,scan_metadata,custom_label,crop,box,conf,scale,json_parent_dir,json_path,IMAGE_FILENAME,DATASET,DRYMASS_MG,ORIGINAL_IMAGE_FILENAME,SCALE,ROI_SIZE_MM,BF_cbrMG_MM,NON_TRANSPARENT_PIXELS,AREA_MM2
2026-01-13T16:09:56.394761,/data/d3dbcf42e05429343a8e1a5966e3bcf0/Epson Perfection V850/2026-01-13/2026-01-13_16-09-56/top_left,2026-01-13_16-09-56.top_left.jpg,/data/d3dbcf42e05429343a8e1a5966e3bcf0/Epson Perfection V850/2026-01-13/2026-01-13_16-09-56/top_left/2026-01-13_16-09-56.top_left.jpg,2026-01-13_16-09-56.top_left.thumb.jpg,788d0971822fc839506e3180de7f3b36,top_left,"[22.0, 45.0, 110.0, 135.0]",jpg,3200,0,epsonscan2,esci2:usb:ES00FE:337,Epson Perfection V850,d3dbcf42e05429343a8e1a5966e3bcf0,epsonscan2:Epson Perfection V850::esci2:usb:ES00FE:337,/data,{},DROSO_01_MEL_19_F,crop_2026-01-13_16-09-56.top_left_CROPNUMBER_32_UUID_DROSO_01_MEL_19_F.png,"[5863, 6268, 6305, 6968]",0.9342623353004456,0.6028218259357906,00_data/01_segmented/crops,00_data/01_segmented/crops/crop_2026-01-13_16-09-56.top_left_CROPNUMBER_32_UUID_DROSO_01_MEL_19_F.json,00_data/02_resized/crops/crop_2026-01-13_16-09-56.top_left_CROPNUMBER_32_UUID_DROSO_01_MEL_19_F.jpg,crops,,00_data/01_segmented/crops/crop_2026-01-13_16-09-56.top_left_CROPNUMBER_32_UUID_DROSO_01_MEL_19_F.png,0.32,5.5562499999999995,,132628,8.356082078125
2026-01-13T16:04:10.629205,/data/d3dbcf42e05429343a8e1a5966e3bcf0/Epson Perfection V850/2026-01-13/2026-01-13_16-04-10/top_right,2026-01-13_16-04-10.top_right.jpg,/data/d3dbcf42e05429343a8e1a5966e3bcf0/Epson Perfection V850/2026-01-13/2026-01-13_16-04-10/top_right/2026-01-13_16-04-10.top_right.jpg,2026-01-13_16-04-10.top_right.thumb.jpg,3126fa75aee2fe2913a08ebebfa0ed4f,top_right,"[110.5, 45.0, 200.0, 135.0]",jpg,3200,0,epsonscan2,esci2:usb:ES00FE:337,Epson Perfection V850,d3dbcf42e05429343a8e1a5966e3bcf0,epsonscan2:Epson Perfection V850::esci2:usb:ES00FE:337,/data,{},DROSO_05_SIM_19_M,crop_2026-01-13_16-04-10.top_right_CROPNUMBER_17_UUID_DROSO_05_SIM_19_M.png,"[3329, 6101, 3690, 6457]",0.926998734474182,1.0,00_data/01_segmented/crops,00_data/01_segmented/crops/crop_2026-01-13_16-04-10.top_right_CROPNUMBER_17_UUID_DROSO_05_SIM_19_M.json,00_data/02_resized/crops/crop_2026-01-13_16-04-10.top_right_CROPNUMBER_17_UUID_DROSO_05_SIM_19_M.jpg,crops,,00_data/01_segmented/crops/crop_2026-01-13_16-04-10.top_right_CROPNUMBER_17_UUID_DROSO_05_SIM_19_M.png,0.6204986149584487,2.8654374999999996,,63881,4.02475253515625
2026-01-13T15:40:38.651010,/data/d3dbcf42e05429343a8e1a5966e3bcf0/Epson Perfection V850/2026-01-13/2026-01-13_15-40-38/top_right,2026-01-13_15-40-38.top_right.jpg,/data/d3dbcf42e05429343a8e1a5966e3bcf0/Epson Perfection V850/2026-01-13/2026-01-13_15-40-38/top_right/2026-01-13_15-40-38.top_right.jpg,2026-01-13_15-40-38.top_right.thumb.jpg,b3a9f59be4eab6b9c284088e08fe2da7,top_right,"[110.5, 45.0, 200.0, 135.0]",jpg,3200,0,epsonscan2,esci2:usb:ES00FE:337,Epson Perfection V850,d3dbcf42e05429343a8e1a5966e3bcf0,epsonscan2:Epson Perfection V850::esci2:usb:ES00FE:337,/data,{},DROSO_01_SIM_19_M,crop_2026-01-13_15-40-38.top_right_CROPNUMBER_5_UUID_DROSO_01_SIM_19_M.png,"[4644, 6503, 4929, 6919]",0.9424480199813844,1.0,00_data/01_segmented/crops,00_data/01_segmented/crops/crop_2026-01-13_15-40-38.top_right_CROPNUMBER_5_UUID_DROSO_01_SIM_19_M.json,00_data/02_resized/crops/crop_2026-01-13_15-40-38.top_right_CROPNUMBER_5_UUID_DROSO_01_SIM_19_M.jpg,crops,,00_data/01_segmented/crops/crop_2026-01-13_15-40-38.top_right_CROPNUMBER_5_UUID_DROSO_01_SIM_19_M.png,0.5384615384615384,3.302,,67532,4.254779796875
2026-01-13T16:22:42.229986,/data/d3dbcf42e05429343a8e1a5966e3bcf0/Epson Perfection V850/2026-01-13/2026-01-13_16-22-42/top_left,2026-01-13_16-22-42.top_left.jpg,/data/d3dbcf42e05429343a8e1a5966e3bcf0/Epson Perfection V850/2026-01-13/2026-01-13_16-22-42/top_left/2026-01-13_16-22-42.top_left.jpg,2026-01-13_16-22-42.top_left.thumb.jpg,f331f82ac6dcbf4a1318ddee5307a618,top_left,"[22.0, 45.0, 110.0, 135.0]",jpg,3200,0,epsonscan2,esci2:usb:ES00FE:337,Epson Perfection V850,d3dbcf42e05429343a8e1a5966e3bcf0,epsonscan2:Epson Perfection V850::esci2:usb:ES00FE:337,/data,{},DROSO_03_MEL_19_F,crop_2026-01-13_16-22-42.top_left_CROPNUMBER_30_UUID_DROSO_03_MEL_19_F.png,"[3382, 6526, 3728, 7038]",0.9313243627548218,0.6028218259357906,00_data/01_segmented/crops,00_data/01_segmented/crops/crop_2026-01-13_16-22-42.top_left_CROPNUMBER_30_UUID_DROSO_03_MEL_19_F.json,00_data/02_resized/crops/crop_2026-01-13_16-22-42.top_left_CROPNUMBER_30_UUID_DROSO_03_MEL_19_F.jpg,crops,,00_data/01_segmented/crops/crop_2026-01-13_16-22-42.top_left_CROPNUMBER_30_UUID_DROSO_03_MEL_19_F.png,0.4375,4.064,,89153,5.616987253906251
2026-01-13T15:40:38.651010,/data/d3dbcf42e05429343a8e1a5966e3bcf0/Epson Perfection V850/2026-01-13/2026-01-13_15-40-38/top_right,2026-01-13_15-40-38.top_right.jpg,/data/d3dbcf42e05429343a8e1a5966e3bcf0/Epson Perfection V850/2026-01-13/2026-01-13_15-40-38/top_right/2026-01-13_15-40-38.top_right.jpg,2026-01-13_15-40-38.top_right.thumb.jpg,b3a9f59be4eab6b9c284088e08fe2da7,top_right,"[110.5, 45.0, 200.0, 135.0]",jpg,3200,0,epsonscan2,esci2:usb:ES00FE:337,Epson Perfection V850,d3dbcf42e05429343a8e1a5966e3bcf0,epsonscan2:Epson Perfection V850::esci2:usb:ES00FE:337,/data,{},DROSO_01_SIM_19_M,crop_2026-01-13_15-40-38.top_right_CROPNUMBER_2_UUID_DROSO_01_SIM_19_M.png,"[8275, 8657, 8570, 9088]",0.9474691152572632,0.6027106630904797,00_data/01_segmented/crops,00_data/01_segmented/crops/crop_2026-01-13_15-40-38.top_right_CROPNUMBER_2_UUID_DROSO_01_SIM_19_M.json,00_data/02_resized/crops/crop_2026-01-13_15-40-38.top_right_CROPNUMBER_2_UUID_DROSO_01_SIM_19_M.jpg,crops,,00_data/01_segmented/crops/crop_2026-01-13_15-40-38.top_right_CROPNUMBER_2_UUID_DROSO_01_SIM_19_M.png,0.5197215777262181,3.4210624999999997,,68823,4.33611783984375
2026-01-13T15:58:15.447485,/data/d3dbcf42e05429343a8e1a5966e3bcf0/Epson Perfection V850/2026-01-13/2026-01-13_15-58-15/top_left,2026-01-13_15-58-15.top_left.jpg,/data/d3dbcf42e05429343a8e1a5966e3bcf0/Epson Perfection V850/2026-01-13/2026-01-13_15-58-15/top_left/2026-01-13_15-58-15.top_left.jpg,2026-01-13_15-58-15.top_left.thumb.jpg,06b4b76a8baf9e9d6a949609e6c4b9d4,top_left,"[22.0, 45.0, 110.0, 135.0]",jpg,3200,0,epsonscan2,esci2:usb:ES00FE:337,Epson Perfection V850,d3dbcf42e05429343a8e1a5966e3bcf0,epsonscan2:Epson Perfection V850::esci2:usb:ES00FE:337,/data,{},DROSO_04_SIM_19_F,crop_2026-01-13_15-58-15.top_left_CROPNUMBER_1_UUID_DROSO_04_SIM_19_F.png,"[2390, 7059, 2838, 7419]",0.951957106590271,1.0,00_data/01_segmented/crops,00_data/01_segmented/crops/crop_2026-01-13_15-58-15.top_left_CROPNUMBER_1_UUID_DROSO_04_SIM_19_F.json,00_data/02_resized/crops/crop_2026-01-13_15-58-15.top_left_CROPNUMBER_1_UUID_DROSO_04_SIM_19_F.jpg,crops,,00_data/01_segmented/crops/crop_2026-01-13_15-58-15.top_left_CROPNUMBER_1_UUID_DROSO_04_SIM_19_F.png,0.5,3.556,,80611,5.07880788671875
2026-01-13T16:09:56.394761,/data/d3dbcf42e05429343a8e1a5966e3bcf0/Epson Perfection V850/2026-01-13/2026-01-13_16-09-56/top_right,2026-01-13_16-09-56.top_right.jpg,/data/d3dbcf42e05429343a8e1a5966e3bcf0/Epson Perfection V850/2026-01-13/2026-01-13_16-09-56/top_right/2026-01-13_16-09-56.top_right.jpg,2026-01-13_16-09-56.top_right.thumb.jpg,aee7ff74e98fd3cb0d78628f63d1119f,top_right,"[110.5, 45.0, 200.0, 135.0]",jpg,3200,0,epsonscan2,esci2:usb:ES00FE:337,Epson Perfection V850,d3dbcf42e05429343a8e1a5966e3bcf0,epsonscan2:Epson Perfection V850::esci2:usb:ES00FE:337,/data,{},DROSO_01_MEL_19_M,crop_2026-01-13_16-09-56.top_right_CROPNUMBER_11_UUID_DROSO_01_MEL_19_M.png,"[6605, 4873, 7111, 5196]",0.9443588256835938,0.6027106630904797,00_data/01_segmented/crops,00_data/01_segmented/crops/crop_2026-01-13_16-09-56.top_right_CROPNUMBER_11_UUID_DROSO_01_MEL_19_M.json,00_data/02_resized/crops/crop_2026-01-13_16-09-56.top_right_CROPNUMBER_11_UUID_DROSO_01_MEL_19_M.jpg,crops,,00_data/01_segmented/crops/crop_2026-01-13_16-09-56.top_right_CROPNUMBER_11_UUID_DROSO_01_MEL_19_M.png,0.4426877470355731,4.016374999999999,,86485,5.44889283203125
2026-01-13T16:17:02.422812,/data/d3dbcf42e05429343a8e1a5966e3bcf0/Epson Perfection V850/2026-01-13/2026-01-13_16-17-02/top_left,2026-01-13_16-17-02.top_left.jpg,/data/d3dbcf42e05429343a8e1a5966e3bcf0/Epson Perfection V850/2026-01-13/2026-01-13_16-17-02/top_left/2026-01-13_16-17-02.top_left.jpg,2026-01-13_16-17-02.top_left.thumb.jpg,73a37d7ec44337a23e2a64e1230cb14f,top_left,"[22.0, 45.0, 110.0, 135.0]",jpg,3200,0,epsonscan2,esci2:usb:ES00FE:337,Epson Perfection V850,d3dbcf42e05429343a8e1a5966e3bcf0,epsonscan2:Epson Perfection V850::esci2:usb:ES00FE:337,/data,{},DROSO_02_MEL_19_F,crop_2026-01-13_16-17-02.top_left_CROPNUMBER_5_UUID_DROSO_02_MEL_19_F.png,"[3970, 6429, 4437, 6896]",0.9459187388420104,1.0,00_data/01_segmented/crops,00_data/01_segmented/crops/crop_2026-01-13_16-17-02.top_left_CROPNUMBER_5_UUID_DROSO_02_MEL_19_F.json,00_data/02_resized/crops/crop_2026-01-13_16-17-02.top_left_CROPNUMBER_5_UUID_DROSO_02_MEL_19_F.jpg,crops,,00_data/01_segmented/crops/crop_2026-01-13_16-17-02.top_left_CROPNUMBER_5_UUID_DROSO_02_MEL_19_F.png,0.4796573875802998,3.7068125,,87511,5.51353483984375
2026-01-13T15:40:38.651010,/data/d3dbcf42e05429343a8e1a5966e3bcf0/Epson Perfection V850/2026-01-13/2026-01-13_15-40-38/top_left,2026-01-13_15-40-38.top_left.jpg,/data/d3dbcf42e05429343a8e1a5966e3bcf0/Epson Perfection V850/2026-01-13/2026-01-13_15-40-38/top_left/2026-01-13_15-40-38.top_left.jpg,2026-01-13_15-40-38.top_left.thumb.jpg,16a144e86ca9c5e7bb9b16ddead6411f,top_left,"[22.0, 45.0, 110.0, 135.0]",jpg,3200,0,epsonscan2,esci2:usb:ES00FE:337,Epson Perfection V850,d3dbcf42e05429343a8e1a5966e3bcf0,epsonscan2:Epson Perfection V850::esci2:usb:ES00FE:337,/data,{},DROSO_01_SIM_19_F,crop_2026-01-13_15-40-38.top_left_CROPNUMBER_14_UUID_DROSO_01_SIM_19_F.png,"[5791, 9534, 6276, 9915]",0.932274341583252,0.6028218259357906,00_data/01_segmented/crops,00_data/01_segmented/crops/crop_2026-01-13_15-40-38.top_left_CROPNUMBER_14_UUID_DROSO_01_SIM_19_F.json,00_data/02_resized/crops/crop_2026-01-13_15-40-38.top_left_CROPNUMBER_14_UUID_DROSO_01_SIM_19_F.jpg,crops,,00_data/01_segmented/crops/crop_2026-01-13_15-40-38.top_left_CROPNUMBER_14_UUID_DROSO_01_SIM_19_F.png,0.4618556701030928,3.8496874999999995,,86816,5.4697471250000005
2026-01-13T15:46:54.437940,/data/d3dbcf42e05429343a8e1a5966e3bcf0/Epson Perfection V850/2026-01-13/2026-01-13_15-46-54/top_right,2026-01-13_15-46-54.top_right.jpg,/data/d3dbcf42e05429343a8e1a5966e3bcf0/Epson Perfection V850/2026-01-13/2026-01-13_15-46-54/top_right/2026-01-13_15-46-54.top_right.jpg,2026-01-13_15-46-54.top_right.thumb.jpg,8cfcebfb20b3b3b2bc86ba50975b08d9,top_right,"[110.5, 45.0, 200.0, 135.0]",jpg,3200,0,epsonscan2,esci2:usb:ES00FE:337,Epson Perfection V850,d3dbcf42e05429343a8e1a5966e3bcf0,epsonscan2:Epson Perfection V850::esci2:usb:ES00FE:337,/data,{},DROSO_02_SIM_19_M,crop_2026-01-13_15-46-54.top_right_CROPNUMBER_13_UUID_DROSO_02_SIM_19_M.png,"[6819, 7412, 7147, 7746]",0.9374263882637024,1.0,00_data/01_segmented/crops,00_data/01_segmented/crops/crop_2026-01-13_15-46-54.top_right_CROPNUMBER_13_UUID_DROSO_02_SIM_19_M.json,00_data/02_resized/crops/crop_2026-01-13_15-46-54.top_right_CROPNUMBER_13_UUID_DROSO_02_SIM_19_M.jpg,crops,,00_data/01_segmented/crops/crop_2026-01-13_15-46-54.top_right_CROPNUMBER_13_UUID_DROSO_02_SIM_19_M.png,0.6706586826347305,2.651125,,64224,4.046362875
2026-01-13T15:46:54.437940,/data/d3dbcf42e05429343a8e1a5966e3bcf0/Epson Perfection V850/2026-01-13/2026-01-13_15-46-54/top_left,2026-01-13_15-46-54.top_left.jpg,/data/d3dbcf42e05429343a8e1a5966e3bcf0/Epson Perfection V850/2026-01-13/2026-01-13_15-46-54/top_left/2026-01-13_15-46-54.top_left.jpg,2026-01-13_15-46-54.top_left.thumb.jpg,5483407fad8572e990edf163cad31d3d,top_left,"[22.0, 45.0, 110.0, 135.0]",jpg,3200,0,epsonscan2,esci2:usb:ES00FE:337,Epson Perfection V850,d3dbcf42e05429343a8e1a5966e3bcf0,epsonscan2:Epson Perfection V850::esci2:usb:ES00FE:337,/data,{},DROSO_02_SIM_19_F,crop_2026-01-13_15-46-54.top_left_CROPNUMBER_13_UUID_DROSO_02_SIM_19_F.png,"[6529, 5723, 6980, 6151]",0.9288830161094666,0.6028218259357906,00_data/01_segmented/crops,00_data/01_segmented/crops/crop_2026-01-13_15-46-54.top_left_CROPNUMBER_13_UUID_DROSO_02_SIM_19_F.json,00_data/02_resized/crops/crop_2026-01-13_15-46-54.top_left_CROPNUMBER_13_UUID_DROSO_02_SIM_19_F.jpg,crops,,00_data/01_segmented/crops/crop_2026-01-13_15-46-54.top_left_CROPNUMBER_13_UUID_DROSO_02_SIM_19_F.png,0.49667405764966743,3.5798124999999996,,86267,5.43515798046875
2026-01-13T15:58:15.447485,/data/d3dbcf42e05429343a8e1a5966e3bcf0/Epson Perfection V850/2026-01-13/2026-01-13_15-58-15/top_left,2026-01-13_15-58-15.top_left.jpg,/data/d3dbcf42e05429343a8e1a5966e3bcf0/Epson Perfection V850/2026-01-13/2026-01-13_15-58-15/top_left/2026-01-13_15-58-15.top_left.jpg,2026-01-13_15-58-15.top_left.thumb.jpg,06b4b76a8baf9e9d6a949609e6c4b9d4,top_left,"[22.0, 45.0, 110.0, 135.0]",jpg,3200,0,epsonscan2,esci2:usb:ES00FE:337,Epson Perfection V850,d3dbcf42e05429343a8e1a5966e3bcf0,epsonscan2:Epson Perfection V850::esci2:usb:ES00FE:337,/data,{},DROSO_04_SIM_19_F,crop_2026-01-13_15-58-15.top_left_CROPNUMBER_4_UUID_DROSO_04_SIM_19_F.png,"[5320, 9474, 5716, 9921]",0.9445918798446656,1.0,00_data/01_segmented/crops,00_data/01_segmented/crops/crop_2026-01-13_15-58-15.top_left_CROPNUMBER_4_UUID_DROSO_04_SIM_19_F.json,00_data/02_resized/crops/crop_2026-01-13_15-58-15.top_left_CROPNUMBER_4_UUID_DROSO_04_SIM_19_F.jpg,crops,,00_data/01_segmented/crops/crop_2026-01-13_15-58-15.top_left_CROPNUMBER_4_UUID_DROSO_04_SIM_19_F.png,0.5011185682326622,3.5480624999999995,,84696,5.33617884375
2026-01-13T16:04:10.629205,/data/d3dbcf42e05429343a8e1a5966e3bcf0/Epson Perfection V850/2026-01-13/2026-01-13_16-04-10/top_left,2026-01-13_16-04-10.top_left.jpg,/data/d3dbcf42e05429343a8e1a5966e3bcf0/Epson Perfection V850/2026-01-13/2026-01-13_16-04-10/top_left/2026-01-13_16-04-10.top_left.jpg,2026-01-13_16-04-10.top_left.thumb.jpg,e5f859616a1ebf20cb8f61da5b2008c2,top_left,"[22.0, 45.0, 110.0, 135.0]",jpg,3200,0,epsonscan2,esci2:usb:ES00FE:337,Epson Perfection V850,d3dbcf42e05429343a8e1a5966e3bcf0,epsonscan2:Epson Perfection V850::esci2:usb:ES00FE:337,/data,{},DROSO_05_SIM_19_F,crop_2026-01-13_16-04-10.top_left_CROPNUMBER_21_UUID_DROSO_05_SIM_19_F.png,"[4524, 7234, 5001, 7513]",0.9323686957359314,1.0,00_data/01_segmented/crops,00_data/01_segmented/crops/crop_2026-01-13_16-04-10.top_left_CROPNUMBER_21_UUID_DROSO_05_SIM_19_F.json,00_data/02_resized/crops/crop_2026-01-13_16-04-10.top_left_CROPNUMBER_21_UUID_DROSO_05_SIM_19_F.jpg,crops,,00_data/01_segmented/crops/crop_2026-01-13_16-04-10.top_left_CROPNUMBER_21_UUID_DROSO_05_SIM_19_F.png,0.469601677148847,3.7861874999999996,,80272,5.0574495625
2026-01-13T16:17:02.422812,/data/d3dbcf42e05429343a8e1a5966e3bcf0/Epson Perfection V850/2026-01-13/2026-01-13_16-17-02/top_left,2026-01-13_16-17-02.top_left.jpg,/data/d3dbcf42e05429343a8e1a5966e3bcf0/Epson Perfection V850/2026-01-13/2026-01-13_16-17-02/top_left/2026-01-13_16-17-02.top_left.jpg,2026-01-13_16-17-02.top_left.thumb.jpg,73a37d7ec44337a23e2a64e1230cb14f,top_left,"[22.0, 45.0, 110.0, 135.0]",jpg,3200,0,epsonscan2,esci2:usb:ES00FE:337,Epson Perfection V850,d3dbcf42e05429343a8e1a5966e3bcf0,epsonscan2:Epson Perfection V850::esci2:usb:ES00FE:337,/data,{},DROSO_02_MEL_19_F,crop_2026-01-13_16-17-02.top_left_CROPNUMBER_20_UUID_DROSO_02_MEL_19_F.png,"[5214, 7729, 5655, 8244]",0.9363813400268556,1.0,00_data/01_segmented/crops,00_data/01_segmented/crops/crop_2026-01-13_16-17-02.top_left_CROPNUMBER_20_UUID_DROSO_02_MEL_19_F.json,00_data/02_resized/crops/crop_2026-01-13_16-17-02.top_left_CROPNUMBER_20_UUID_DROSO_02_MEL_19_F.jpg,crops,,00_data/01_segmented/crops/crop_2026-01-13_16-17-02.top_left_CROPNUMBER_20_UUID_DROSO_02_MEL_19_F.png,0.4349514563106796,4.0878125,,91092,5.739151828125
2026-01-13T15:58:15.447485,/data/d3dbcf42e05429343a8e1a5966e3bcf0/Epson Perfection V850/2026-01-13/2026-01-13_15-58-15/top_left,2026-01-13_15-58-15.top_left.jpg,/data/d3dbcf42e05429343a8e1a5966e3bcf0/Epson Perfection V850/2026-01-13/2026-01-13_15-58-15/top_left/2026-01-13_15-58-15.top_left.jpg,2026-01-13_15-58-15.top_left.thumb.jpg,06b4b76a8baf9e9d6a949609e6c4b9d4,top_left,"[22.0, 45.0, 110.0, 135.0]",jpg,3200,0,epsonscan2,esci2:usb:ES00FE:337,Epson Perfection V850,d3dbcf42e05429343a8e1a5966e3bcf0,epsonscan2:Epson Perfection V850::esci2:usb:ES00FE:337,/data,{},DROSO_04_SIM_19_F,crop_2026-01-13_15-58-15.top_left_CROPNUMBER_7_UUID_DROSO_04_SIM_19_F.png,"[4160, 7850, 4576, 8306]",0.9397895932197572,0.6028218259357906,00_data/01_segmented/crops,00_data/01_segmented/crops/crop_2026-01-13_15-58-15.top_left_CROPNUMBER_7_UUID_DROSO_04_SIM_19_F.json,00_data/02_resized/crops/crop_2026-01-13_15-58-15.top_left_CROPNUMBER_7_UUID_DROSO_04_SIM_19_F.jpg,crops,,00_data/01_segmented/crops/crop_2026-01-13_15-58-15.top_left_CROPNUMBER_7_UUID_DROSO_04_SIM_19_F.png,0.49122807017543857,3.6194999999999995,,97679,6.154158558593751
2026-01-13T15:52:35.076944,/data/d3dbcf42e05429343a8e1a5966e3bcf0/Epson Perfection V850/2026-01-13/2026-01-13_15-52-35/top_left,2026-01-13_15-52-35.top_left.jpg,/data/d3dbcf42e05429343a8e1a5966e3bcf0/Epson Perfection V850/2026-01-13/2026-01-13_15-52-35/top_left/2026-01-13_15-52-35.top_left.jpg,2026-01-13_15-52-35.top_left.thumb.jpg,c96bd3e091dcefbdce757afd0a69dc15,top_left,"[22.0, 45.0, 110.0, 135.0]",jpg,3200,0,epsonscan2,esci2:usb:ES00FE:337,Epson Perfection V850,d3dbcf42e05429343a8e1a5966e3bcf0,epsonscan2:Epson Perfection V850::esci2:usb:ES00FE:337,/data,{},DROSO_03_SIM_19_F,crop_2026-01-13_15-52-35.top_left_CROPNUMBER_8_UUID_DROSO_03_SIM_19_F.png,"[4942, 9027, 5315, 9492]",0.9409958124160768,1.0,00_data/01_segmented/crops,00_data/01_segmented/crops/crop_2026-01-13_15-52-35.top_left_CROPNUMBER_8_UUID_DROSO_03_SIM_19_F.json,00_data/02_resized/crops/crop_2026-01-13_15-52-35.top_left_CROPNUMBER_8_UUID_DROSO_03_SIM_19_F.jpg,crops,,00_data/01_segmented/crops/crop_2026-01-13_15-52-35.top_left_CROPNUMBER_8_UUID_DROSO_03_SIM_19_F.png,0.4817204301075269,3.6909375,,78515,4.94675169921875
2026-01-13T15:46:54.437940,/data/d3dbcf42e05429343a8e1a5966e3bcf0/Epson Perfection V850/2026-01-13/2026-01-13_15-46-54/top_right,2026-01-13_15-46-54.top_right.jpg,/data/d3dbcf42e05429343a8e1a5966e3bcf0/Epson Perfection V850/2026-01-13/2026-01-13_15-46-54/top_right/2026-01-13_15-46-54.top_right.jpg,2026-01-13_15-46-54.top_right.thumb.jpg,8cfcebfb20b3b3b2bc86ba50975b08d9,top_right,"[110.5, 45.0, 200.0, 135.0]",jpg,3200,0,epsonscan2,esci2:usb:ES00FE:337,Epson Perfection V850,d3dbcf42e05429343a8e1a5966e3bcf0,epsonscan2:Epson Perfection V850::esci2:usb:ES00FE:337,/data,{},DROSO_02_SIM_19_M,crop_2026-01-13_15-46-54.top_right_CROPNUMBER_14_UUID_DROSO_02_SIM_19_M.png,"[5559, 6115, 6083, 6569]",0.937005579471588,1.0,00_data/01_segmented/crops,00_data/01_segmented/crops/crop_2026-01-13_15-46-54.top_right_CROPNUMBER_14_UUID_DROSO_02_SIM_19_M.json,00_data/02_resized/crops/crop_2026-01-13_15-46-54.top_right_CROPNUMBER_14_UUID_DROSO_02_SIM_19_M.jpg,crops,,00_data/01_segmented/crops/crop_2026-01-13_15-46-54.top_right_CROPNUMBER_14_UUID_DROSO_02_SIM_19_M.png,0.42748091603053434,4.15925,,99775,6.2862147460937505
2026-01-13T15:40:38.651010,/data/d3dbcf42e05429343a8e1a5966e3bcf0/Epson Perfection V850/2026-01-13/2026-01-13_15-40-38/top_right,2026-01-13_15-40-38.top_right.jpg,/data/d3dbcf42e05429343a8e1a5966e3bcf0/Epson Perfection V850/2026-01-13/2026-01-13_15-40-38/top_right/2026-01-13_15-40-38.top_right.jpg,2026-01-13_15-40-38.top_right.thumb.jpg,b3a9f59be4eab6b9c284088e08fe2da7,top_right,"[110.5, 45.0, 200.0, 135.0]",jpg,3200,0,epsonscan2,esci2:usb:ES00FE:337,Epson Perfection V850,d3dbcf42e05429343a8e1a5966e3bcf0,epsonscan2:Epson Perfection V850::esci2:usb:ES00FE:337,/data,{},DROSO_01_SIM_19_M,crop_2026-01-13_15-40-38.top_right_CROPNUMBER_4_UUID_DROSO_01_SIM_19_M.png,"[6267, 6817, 6713, 7118]",0.9465935826301576,1.0,00_data/01_segmented/crops,00_data/01_segmented/crops/crop_2026-01-13_15-40-38.top_right_CROPNUMBER_4_UUID_DROSO_01_SIM_19_M.json,00_data/02_resized/crops/crop_2026-01-13_15-40-38.top_right_CROPNUMBER_4_UUID_DROSO_01_SIM_19_M.jpg,crops,,00_data/01_segmented/crops/crop_2026-01-13_15-40-38.top_right_CROPNUMBER_4_UUID_DROSO_01_SIM_19_M.png,0.5022421524663677,3.5401249999999997,,72134,4.5447237734375
2026-01-13T16:17:02.422812,/data/d3dbcf42e05429343a8e1a5966e3bcf0/Epson Perfection V850/2026-01-13/2026-01-13_16-17-02/top_right,2026-01-13_16-17-02.top_right.jpg,/data/d3dbcf42e05429343a8e1a5966e3bcf0/Epson Perfection V850/2026-01-13/2026-01-13_16-17-02/top_right/2026-01-13_16-17-02.top_right.jpg,2026-01-13_16-17-02.top_right.thumb.jpg,dba0ed76fe036a6b6c2f125e044f31c3,top_right,"[110.5, 45.0, 200.0, 135.0]",jpg,3200,0,epsonscan2,esci2:usb:ES00FE:337,Epson Perfection V850,d3dbcf42e05429343a8e1a5966e3bcf0,epsonscan2:Epson Perfection V850::esci2:usb:ES00FE:337,/data,{},DROSO_02_MEL_19_M,crop_2026-01-13_16-17-02.top_right_CROPNUMBER_12_UUID_DROSO_02_MEL_19_M.png,"[5065, 5944, 5529, 6330]",0.938990831375122,0.6027106630904797,00_data/01_segmented/crops,00_data/01_segmented/crops/crop_2026-01-13_16-17-02.top_right_CROPNUMBER_12_UUID_DROSO_02_MEL_19_M.json,00_data/02_resized/crops/crop_2026-01-13_16-17-02.top_right_CROPNUMBER_12_UUID_DROSO_02_MEL_19_M.jpg,crops,,00_data/01_segmented/crops/crop_2026-01-13_16-17-02.top_right_CROPNUMBER_12_UUID_DROSO_02_MEL_19_M.png,0.4827586206896552,3.6829999999999994,,88785,5.59380181640625
2026-01-13T15:46:54.437940,/data/d3dbcf42e05429343a8e1a5966e3bcf0/Epson Perfection V850/2026-01-13/2026-01-13_15-46-54/top_right,2026-01-13_15-46-54.top_right.jpg,/data/d3dbcf42e05429343a8e1a5966e3bcf0/Epson Perfection V850/2026-01-13/2026-01-13_15-46-54/top_right/2026-01-13_15-46-54.top_right.jpg,2026-01-13_15-46-54.top_right.thumb.jpg,8cfcebfb20b3b3b2bc86ba50975b08d9,top_right,"[110.5, 45.0, 200.0, 135.0]",jpg,3200,0,epsonscan2,esci2:usb:ES00FE:337,Epson Perfection V850,d3dbcf42e05429343a8e1a5966e3bcf0,epsonscan2:Epson Perfection V850::esci2:usb:ES00FE:337,/data,{},DROSO_02_SIM_19_M,crop_2026-01-13_15-46-54.top_right_CROPNUMBER_3_UUID_DROSO_02_SIM_19_M.png,"[5616, 7910, 6042, 8313]",0.948049545288086,1.0,00_data/01_segmented/crops,00_data/01_segmented/crops/crop_2026-01-13_15-46-54.top_right_CROPNUMBER_3_UUID_DROSO_02_SIM_19_M.json,00_data/02_resized/crops/crop_2026-01-13_15-46-54.top_right_CROPNUMBER_3_UUID_DROSO_02_SIM_19_M.jpg,crops,,00_data/01_segmented/crops/crop_2026-01-13_15-46-54.top_right_CROPNUMBER_3_UUID_DROSO_02_SIM_19_M.png,0.5258215962441315,3.381375,,76631,4.82805233984375
2026-01-13T15:46:54.437940,/data/d3dbcf42e05429343a8e1a5966e3bcf0/Epson Perfection V850/2026-01-13/2026-01-13_15-46-54/top_right,2026-01-13_15-46-54.top_right.jpg,/data/d3dbcf42e05429343a8e1a5966e3bcf0/Epson Perfection V850/2026-01-13/2026-01-13_15-46-54/top_right/2026-01-13_15-46-54.top_right.jpg,2026-01-13_15-46-54.top_right.thumb.jpg,8cfcebfb20b3b3b2bc86ba50975b08d9,top_right,"[110.5, 45.0, 200.0, 135.0]",jpg,3200,0,epsonscan2,esci2:usb:ES00FE:337,Epson Perfection V850,d3dbcf42e05429343a8e1a5966e3bcf0,epsonscan2:Epson Perfection V850::esci2:usb:ES00FE:337,/data,{},DROSO_02_SIM_19_M,crop_2026-01-13_15-46-54.top_right_CROPNUMBER_22_UUID_DROSO_02_SIM_19_M.png,"[4669, 5767, 5186, 6150]",0.9148476123809814,0.4019240267674401,00_data/01_segmented/crops,00_data/01_segmented/crops/crop_2026-01-13_15-46-54.top_right_CROPNUMBER_22_UUID_DROSO_02_SIM_19_M.json,00_data/02_resized/crops/crop_2026-01-13_15-46-54.top_right_CROPNUMBER_22_UUID_DROSO_02_SIM_19_M.jpg,crops,,00_data/01_segmented/crops/crop_2026-01-13_15-46-54.top_right_CROPNUMBER_22_UUID_DROSO_02_SIM_19_M.png,0.4332688588007737,4.1036874999999995,,91745,5.780293378906251
2026-01-13T15:52:35.076944,/data/d3dbcf42e05429343a8e1a5966e3bcf0/Epson Perfection V850/2026-01-13/2026-01-13_15-52-35/top_right,2026-01-13_15-52-35.top_right.jpg,/data/d3dbcf42e05429343a8e1a5966e3bcf0/Epson Perfection V850/2026-01-13/2026-01-13_15-52-35/top_right/2026-01-13_15-52-35.top_right.jpg,2026-01-13_15-52-35.top_right.thumb.jpg,21ba2cf23da353b8d840e52696871b60,top_right,"[110.5, 45.0, 200.0, 135.0]",jpg,3200,0,epsonscan2,esci2:usb:ES00FE:337,Epson Perfection V850,d3dbcf42e05429343a8e1a5966e3bcf0,epsonscan2:Epson Perfection V850::esci2:usb:ES00FE:337,/data,{},DROSO_03_SIM_19_M,crop_2026-01-13_15-52-35.top_right_CROPNUMBER_18_UUID_DROSO_03_SIM_19_M.png,"[3414, 6357, 3718, 6727]",0.9319243431091307,1.0,00_data/01_segmented/crops,00_data/01_segmented/crops/crop_2026-01-13_15-52-35.top_right_CROPNUMBER_18_UUID_DROSO_03_SIM_19_M.json,00_data/02_resized/crops/crop_2026-01-13_15-52-35.top_right_CROPNUMBER_18_UUID_DROSO_03_SIM_19_M.jpg,crops,,00_data/01_segmented/crops/crop_2026-01-13_15-52-35.top_right_CROPNUMBER_18_UUID_DROSO_03_SIM_19_M.png,0.6054054054054054,2.936875,,64101,4.03861339453125
2026-01-13T15:40:38.651010,/data/d3dbcf42e05429343a8e1a5966e3bcf0/Epson Perfection V850/2026-01-13/2026-01-13_15-40-38/top_right,2026-01-13_15-40-38.top_right.jpg,/data/d3dbcf42e05429343a8e1a5966e3bcf0/Epson Perfection V850/2026-01-13/2026-01-13_15-40-38/top_right/2026-01-13_15-40-38.top_right.jpg,2026-01-13_15-40-38.top_right.thumb.jpg,b3a9f59be4eab6b9c284088e08fe2da7,top_right,"[110.5, 45.0, 200.0, 135.0]",jpg,3200,0,epsonscan2,esci2:usb:ES00FE:337,Epson Perfection V850,d3dbcf42e05429343a8e1a5966e3bcf0,epsonscan2:Epson Perfection V850::esci2:usb:ES00FE:337,/data,{},DROSO_01_SIM_19_M,crop_2026-01-13_15-40-38.top_right_CROPNUMBER_10_UUID_DROSO_01_SIM_19_M.png,"[6034, 9007, 6524, 9386]",0.9357135891914368,0.6027106630904797,00_data/01_segmented/crops,00_data/01_segmented/crops/crop_2026-01-13_15-40-38.top_right_CROPNUMBER_10_UUID_DROSO_01_SIM_19_M.json,00_data/02_resized/crops/crop_2026-01-13_15-40-38.top_right_CROPNUMBER_10_UUID_DROSO_01_SIM_19_M.jpg,crops,,00_data/01_segmented/crops/crop_2026-01-13_15-40-38.top_right_CROPNUMBER_10_UUID_DROSO_01_SIM_19_M.png,0.45714285714285713,3.8893750000000002,,102961,6.48694519140625
2026-01-13T16:09:56.394761,/data/d3dbcf42e05429343a8e1a5966e3bcf0/Epson Perfection V850/2026-01-13/2026-01-13_16-09-56/top_right,2026-01-13_16-09-56.top_right.jpg,/data/d3dbcf42e05429343a8e1a5966e3bcf0/Epson Perfection V850/2026-01-13/2026-01-13_16-09-56/top_right/2026-01-13_16-09-56.top_right.jpg,2026-01-13_16-09-56.top_right.thumb.jpg,aee7ff74e98fd3cb0d78628f63d1119f,top_right,"[110.5, 45.0, 200.0, 135.0]",jpg,3200,0,epsonscan2,esci2:usb:ES00FE:337,Epson Perfection V850,d3dbcf42e05429343a8e1a5966e3bcf0,epsonscan2:Epson Perfection V850::esci2:usb:ES00FE:337,/data,{},DROSO_01_MEL_19_M,crop_2026-01-13_16-09-56.top_right_CROPNUMBER_46_UUID_DROSO_01_MEL_19_M.png,"[5118, 6746, 5590, 7334]",0.9346690773963928,0.6027106630904797,00_data/01_segmented/crops,00_data/01_segmented/crops/crop_2026-01-13_16-09-56.top_right_CROPNUMBER_46_UUID_DROSO_01_MEL_19_M.json,00_data/02_resized/crops/crop_2026-01-13_16-09-56.top_right_CROPNUMBER_46_UUID_DROSO_01_MEL_19_M.jpg,crops,,00_data/01_segmented/crops/crop_2026-01-13_16-09-56.top_right_CROPNUMBER_46_UUID_DROSO_01_MEL_19_M.png,0.38095238095238093,4.667249999999999,,108162,6.8146285078125
2026-01-13T15:40:38.651010,/data/d3dbcf42e05429343a8e1a5966e3bcf0/Epson Perfection V850/2026-01-13/2026-01-13_15-40-38/top_right,2026-01-13_15-40-38.top_right.jpg,/data/d3dbcf42e05429343a8e1a5966e3bcf0/Epson Perfection V850/2026-01-13/2026-01-13_15-40-38/top_right/2026-01-13_15-40-38.top_right.jpg,2026-01-13_15-40-38.top_right.thumb.jpg,b3a9f59be4eab6b9c284088e08fe2da7,top_right,"[110.5, 45.0, 200.0, 135.0]",jpg,3200,0,epsonscan2,esci2:usb:ES00FE:337,Epson Perfection V850,d3dbcf42e05429343a8e1a5966e3bcf0,epsonscan2:Epson Perfection V850::esci2:usb:ES00FE:337,/data,{},DROSO_01_SIM_19_M,crop_2026-01-13_15-40-38.top_right_CROPNUMBER_13_UUID_DROSO_01_SIM_19_M.png,"[6511, 8137, 6963, 8538]",0.9331393241882324,1.0,00_data/01_segmented/crops,00_data/01_segmented/crops/crop_2026-01-13_15-40-38.top_right_CROPNUMBER_13_UUID_DROSO_01_SIM_19_M.json,00_data/02_resized/crops/crop_2026-01-13_15-40-38.top_right_CROPNUMBER_13_UUID_DROSO_01_SIM_19_M.jpg,crops,,00_data/01_segmented/crops/crop_2026-01-13_15-40-38.top_right_CROPNUMBER_13_UUID_DROSO_01_SIM_19_M.png,0.49557522123893805,3.5877499999999993,,78220,4.928165546875
2026-01-13T16:09:56.394761,/data/d3dbcf42e05429343a8e1a5966e3bcf0/Epson Perfection V850/2026-01-13/2026-01-13_16-09-56/top_right,2026-01-13_16-09-56.top_right.jpg,/data/d3dbcf42e05429343a8e1a5966e3bcf0/Epson Perfection V850/2026-01-13/2026-01-13_16-09-56/top_right/2026-01-13_16-09-56.top_right.jpg,2026-01-13_16-09-56.top_right.thumb.jpg,aee7ff74e98fd3cb0d78628f63d1119f,top_right,"[110.5, 45.0, 200.0, 135.0]",jpg,3200,0,epsonscan2,esci2:usb:ES00FE:337,Epson Perfection V850,d3dbcf42e05429343a8e1a5966e3bcf0,epsonscan2:Epson Perfection V850::esci2:usb:ES00FE:337,/data,{},DROSO_01_MEL_19_M,crop_2026-01-13_16-09-56.top_right_CROPNUMBER_38_UUID_DROSO_01_MEL_19_M.png,"[5008, 7395, 5467, 7852]",0.93610280752182,0.6027106630904797,00_data/01_segmented/crops,00_data/01_segmented/crops/crop_2026-01-13_16-09-56.top_right_CROPNUMBER_38_UUID_DROSO_01_MEL_19_M.json,00_data/02_resized/crops/crop_2026-01-13_16-09-56.top_right_CROPNUMBER_38_UUID_DROSO_01_MEL_19_M.jpg,crops,,00_data/01_segmented/crops/crop_2026-01-13_16-09-56.top_right_CROPNUMBER_38_UUID_DROSO_01_MEL_19_M.png,0.4880174291938998,3.6433124999999995,,96551,6.08309015234375
2026-01-13T16:09:56.394761,/data/d3dbcf42e05429343a8e1a5966e3bcf0/Epson Perfection V850/2026-01-13/2026-01-13_16-09-56/top_right,2026-01-13_16-09-56.top_right.jpg,/data/d3dbcf42e05429343a8e1a5966e3bcf0/Epson Perfection V850/2026-01-13/2026-01-13_16-09-56/top_right/2026-01-13_16-09-56.top_right.jpg,2026-01-13_16-09-56.top_right.thumb.jpg,aee7ff74e98fd3cb0d78628f63d1119f,top_right,"[110.5, 45.0, 200.0, 135.0]",jpg,3200,0,epsonscan2,esci2:usb:ES00FE:337,Epson Perfection V850,d3dbcf42e05429343a8e1a5966e3bcf0,epsonscan2:Epson Perfection V850::esci2:usb:ES00FE:337,/data,{},DROSO_01_MEL_19_M,crop_2026-01-13_16-09-56.top_right_CROPNUMBER_37_UUID_DROSO_01_MEL_19_M.png,"[3400, 8862, 3741, 9284]",0.9363518953323364,1.0,00_data/01_segmented/crops,00_data/01_segmented/crops/crop_2026-01-13_16-09-56.top_right_CROPNUMBER_37_UUID_DROSO_01_MEL_19_M.json,00_data/02_resized/crops/crop_2026-01-13_16-09-56.top_right_CROPNUMBER_37_UUID_DROSO_01_MEL_19_M.jpg,crops,,00_data/01_segmented/crops/crop_2026-01-13_16-09-56.top_right_CROPNUMBER_37_UUID_DROSO_01_MEL_19_M.png,0.5308056872037915,3.3496249999999996,,64267,4.04907204296875
2026-01-13T16:22:42.229986,/data/d3dbcf42e05429343a8e1a5966e3bcf0/Epson Perfection V850/2026-01-13/2026-01-13_16-22-42/top_right,2026-01-13_16-22-42.top_right.jpg,/data/d3dbcf42e05429343a8e1a5966e3bcf0/Epson Perfection V850/2026-01-13/2026-01-13_16-22-42/top_right/2026-01-13_16-22-42.top_right.jpg,2026-01-13_16-22-42.top_right.thumb.jpg,a62b428f433471233371d44992128bb0,top_right,"[110.5, 45.0, 200.0, 135.0]",jpg,3200,0,epsonscan2,esci2:usb:ES00FE:337,Epson Perfection V850,d3dbcf42e05429343a8e1a5966e3bcf0,epsonscan2:Epson Perfection V850::esci2:usb:ES00FE:337,/data,{},DROSO_03_MEL_19_M,crop_2026-01-13_16-22-42.top_right_CROPNUMBER_30_UUID_DROSO_03_MEL_19_M.png,"[6897, 8670, 7159, 9148]",0.9268484711647034,0.6027106630904797,00_data/01_segmented/crops,00_data/01_segmented/crops/crop_2026-01-13_16-22-42.top_right_CROPNUMBER_30_UUID_DROSO_03_MEL_19_M.json,00_data/02_resized/crops/crop_2026-01-13_16-22-42.top_right_CROPNUMBER_30_UUID_DROSO_03_MEL_19_M.jpg,crops,,00_data/01_segmented/crops/crop_2026-01-13_16-22-42.top_right_CROPNUMBER_30_UUID_DROSO_03_MEL_19_M.png,0.4686192468619247,3.794125,,76247,4.80385883984375
2026-01-13T16:09:56.394761,/data/d3dbcf42e05429343a8e1a5966e3bcf0/Epson Perfection V850/2026-01-13/2026-01-13_16-09-56/top_left,2026-01-13_16-09-56.top_left.jpg,/data/d3dbcf42e05429343a8e1a5966e3bcf0/Epson Perfection V850/2026-01-13/2026-01-13_16-09-56/top_left/2026-01-13_16-09-56.top_left.jpg,2026-01-13_16-09-56.top_left.thumb.jpg,788d0971822fc839506e3180de7f3b36,top_left,"[22.0, 45.0, 110.0, 135.0]",jpg,3200,0,epsonscan2,esci2:usb:ES00FE:337,Epson Perfection V850,d3dbcf42e05429343a8e1a5966e3bcf0,epsonscan2:Epson Perfection V850::esci2:usb:ES00FE:337,/data,{},DROSO_01_MEL_19_F,crop_2026-01-13_16-09-56.top_left_CROPNUMBER_5_UUID_DROSO_01_MEL_19_F.png,"[1337, 6380, 1824, 6870]",0.9483683109283448,0.6028218259357906,00_data/01_segmented/crops,00_data/01_segmented/crops/crop_2026-01-13_16-09-56.top_left_CROPNUMBER_5_UUID_DROSO_01_MEL_19_F.json,00_data/02_resized/crops/crop_2026-01-13_16-09-56.top_left_CROPNUMBER_5_UUID_DROSO_01_MEL_19_F.jpg,crops,,00_data/01_segmented/crops/crop_2026-01-13_16-09-56.top_left_CROPNUMBER_5_UUID_DROSO_01_MEL_19_F.png,0.45714285714285713,3.8893750000000002,,110251,6.9462436679687505
2026-01-13T16:22:42.229986,/data/d3dbcf42e05429343a8e1a5966e3bcf0/Epson Perfection V850/2026-01-13/2026-01-13_16-22-42/top_right,2026-01-13_16-22-42.top_right.jpg,/data/d3dbcf42e05429343a8e1a5966e3bcf0/Epson Perfection V850/2026-01-13/2026-01-13_16-22-42/top_right/2026-01-13_16-22-42.top_right.jpg,2026-01-13_16-22-42.top_right.thumb.jpg,a62b428f433471233371d44992128bb0,top_right,"[110.5, 45.0, 200.0, 135.0]",jpg,3200,0,epsonscan2,esci2:usb:ES00FE:337,Epson Perfection V850,d3dbcf42e05429343a8e1a5966e3bcf0,epsonscan2:Epson Perfection V850::esci2:usb:ES00FE:337,/data,{},DROSO_03_MEL_19_M,crop_2026-01-13_16-22-42.top_right_CROPNUMBER_34_UUID_DROSO_03_MEL_19_M.png,"[51, 4744, 134, 4940]",0.7551072239875793,1.0,00_data/01_segmented/crops,00_data/01_segmented/crops/crop_2026-01-13_16-22-42.top_right_CROPNUMBER_34_UUID_DROSO_03_MEL_19_M.json,00_data/02_resized/crops/crop_2026-01-13_16-22-42.top_right_CROPNUMBER_34_UUID_DROSO_03_MEL_19_M.jpg,crops,,00_data/01_segmented/crops/crop_2026-01-13_16-22-42.top_right_CROPNUMBER_34_UUID_DROSO_03_MEL_19_M.png,1.1428571428571428,1.55575,,9714,0.6120199453125
2026-01-13T16:09:56.394761,/data/d3dbcf42e05429343a8e1a5966e3bcf0/Epson Perfection V850/2026-01-13/2026-01-13_16-09-56/top_right,2026-01-13_16-09-56.top_right.jpg,/data/d3dbcf42e05429343a8e1a5966e3bcf0/Epson Perfection V850/2026-01-13/2026-01-13_16-09-56/top_right/2026-01-13_16-09-56.top_right.jpg,2026-01-13_16-09-56.top_right.thumb.jpg,aee7ff74e98fd3cb0d78628f63d1119f,top_right,"[110.5, 45.0, 200.0, 135.0]",jpg,3200,0,epsonscan2,esci2:usb:ES00FE:337,Epson Perfection V850,d3dbcf42e05429343a8e1a5966e3bcf0,epsonscan2:Epson Perfection V850::esci2:usb:ES00FE:337,/data,{},DROSO_01_MEL_19_M,crop_2026-01-13_16-09-56.top_right_CROPNUMBER_54_UUID_DROSO_01_MEL_19_M.png,"[6622, 9179, 6961, 9751]",0.9297385811805724,0.6027106630904797,00_data/01_segmented/crops,00_data/01_segmented/crops/crop_2026-01-13_16-09-56.top_right_CROPNUMBER_54_UUID_DROSO_01_MEL_19_M.json,00_data/02_resized/crops/crop_2026-01-13_16-09-56.top_right_CROPNUMBER_54_UUID_DROSO_01_MEL_19_M.jpg,crops,,00_data/01_segmented/crops/crop_2026-01-13_16-09-56.top_right_CROPNUMBER_54_UUID_DROSO_01_MEL_19_M.png,0.3916083916083916,4.5402499999999995,,86683,5.46136760546875
2026-01-13T15:52:35.076944,/data/d3dbcf42e05429343a8e1a5966e3bcf0/Epson Perfection V850/2026-01-13/2026-01-13_15-52-35/top_right,2026-01-13_15-52-35.top_right.jpg,/data/d3dbcf42e05429343a8e1a5966e3bcf0/Epson Perfection V850/2026-01-13/2026-01-13_15-52-35/top_right/2026-01-13_15-52-35.top_right.jpg,2026-01-13_15-52-35.top_right.thumb.jpg,21ba2cf23da353b8d840e52696871b60,top_right,"[110.5, 45.0, 200.0, 135.0]",jpg,3200,0,epsonscan2,esci2:usb:ES00FE:337,Epson Perfection V850,d3dbcf42e05429343a8e1a5966e3bcf0,epsonscan2:Epson Perfection V850::esci2:usb:ES00FE:337,/data,{},DROSO_03_SIM_19_M,crop_2026-01-13_15-52-35.top_right_CROPNUMBER_24_UUID_DROSO_03_SIM_19_M.png,"[6806, 8112, 7222, 8357]",0.9243320226669312,0.6027106630904797,00_data/01_segmented/crops,00_data/01_segmented/crops/crop_2026-01-13_15-52-35.top_right_CROPNUMBER_24_UUID_DROSO_03_SIM_19_M.json,00_data/02_resized/crops/crop_2026-01-13_15-52-35.top_right_CROPNUMBER_24_UUID_DROSO_03_SIM_19_M.jpg,crops,,00_data/01_segmented/crops/crop_2026-01-13_15-52-35.top_right_CROPNUMBER_24_UUID_DROSO_03_SIM_19_M.png,0.5384615384615384,3.302,,56056,3.5317469687500003
2026-01-13T15:58:15.447485,/data/d3dbcf42e05429343a8e1a5966e3bcf0/Epson Perfection V850/2026-01-13/2026-01-13_15-58-15/top_right,2026-01-13_15-58-15.top_right.jpg,/data/d3dbcf42e05429343a8e1a5966e3bcf0/Epson Perfection V850/2026-01-13/2026-01-13_15-58-15/top_right/2026-01-13_15-58-15.top_right.jpg,2026-01-13_15-58-15.top_right.thumb.jpg,f4b3f70693284ad9b6a7bd19eb02b3d5,top_right,"[110.5, 45.0, 200.0, 135.0]",jpg,3200,0,epsonscan2,esci2:usb:ES00FE:337,Epson Perfection V850,d3dbcf42e05429343a8e1a5966e3bcf0,epsonscan2:Epson Perfection V850::esci2:usb:ES00FE:337,/data,{},DROSO_04_SIM_19_M,crop_2026-01-13_15-58-15.top_right_CROPNUMBER_22_UUID_DROSO_04_SIM_19_M.png,"[10616, 5884, 10795, 6046]",0.4788045585155487,1.0,00_data/01_segmented/crops,00_data/01_segmented/crops/crop_2026-01-13_15-58-15.top_right_CROPNUMBER_22_UUID_DROSO_04_SIM_19_M.json,00_data/02_resized/crops/crop_2026-01-13_15-58-15.top_right_CROPNUMBER_22_UUID_DROSO_04_SIM_19_M.jpg,crops,,00_data/01_segmented/crops/crop_2026-01-13_15-58-15.top_right_CROPNUMBER_22_UUID_DROSO_04_SIM_19_M.png,1.2513966480446927,1.4208125,,11189,0.7049507070312501
2026-01-13T16:04:10.629205,/data/d3dbcf42e05429343a8e1a5966e3bcf0/Epson Perfection V850/2026-01-13/2026-01-13_16-04-10/top_right,2026-01-13_16-04-10.top_right.jpg,/data/d3dbcf42e05429343a8e1a5966e3bcf0/Epson Perfection V850/2026-01-13/2026-01-13_16-04-10/top_right/2026-01-13_16-04-10.top_right.jpg,2026-01-13_16-04-10.top_right.thumb.jpg,3126fa75aee2fe2913a08ebebfa0ed4f,top_right,"[110.5, 45.0, 200.0, 135.0]",jpg,3200,0,epsonscan2,esci2:usb:ES00FE:337,Epson Perfection V850,d3dbcf42e05429343a8e1a5966e3bcf0,epsonscan2:Epson Perfection V850::esci2:usb:ES00FE:337,/data,{},DROSO_05_SIM_19_M,crop_2026-01-13_16-04-10.top_right_CROPNUMBER_1_UUID_DROSO_05_SIM_19_M.png,"[5844, 7706, 6254, 8147]",0.9487023949623108,1.0,00_data/01_segmented/crops,00_data/01_segmented/crops/crop_2026-01-13_16-04-10.top_right_CROPNUMBER_1_UUID_DROSO_05_SIM_19_M.json,00_data/02_resized/crops/crop_2026-01-13_16-04-10.top_right_CROPNUMBER_1_UUID_DROSO_05_SIM_19_M.jpg,crops,,00_data/01_segmented/crops/crop_2026-01-13_16-04-10.top_right_CROPNUMBER_1_UUID_DROSO_05_SIM_19_M.png,0.5079365079365079,3.5004375,,80184,5.05190521875
2026-01-13T16:22:42.229986,/data/d3dbcf42e05429343a8e1a5966e3bcf0/Epson Perfection V850/2026-01-13/2026-01-13_16-22-42/top_left,2026-01-13_16-22-42.top_left.jpg,/data/d3dbcf42e05429343a8e1a5966e3bcf0/Epson Perfection V850/2026-01-13/2026-01-13_16-22-42/top_left/2026-01-13_16-22-42.top_left.jpg,2026-01-13_16-22-42.top_left.thumb.jpg,f331f82ac6dcbf4a1318ddee5307a618,top_left,"[22.0, 45.0, 110.0, 135.0]",jpg,3200,0,epsonscan2,esci2:usb:ES00FE:337,Epson Perfection V850,d3dbcf42e05429343a8e1a5966e3bcf0,epsonscan2:Epson Perfection V850::esci2:usb:ES00FE:337,/data,{},DROSO_03_MEL_19_F,crop_2026-01-13_16-22-42.top_left_CROPNUMBER_2_UUID_DROSO_03_MEL_19_F.png,"[4209, 7962, 4828, 8395]",0.944076657295227,0.6028218259357906,00_data/01_segmented/crops,00_data/01_segmented/crops/crop_2026-01-13_16-22-42.top_left_CROPNUMBER_2_UUID_DROSO_03_MEL_19_F.json,00_data/02_resized/crops/crop_2026-01-13_16-22-42.top_left_CROPNUMBER_2_UUID_DROSO_03_MEL_19_F.jpg,crops,,00_data/01_segmented/crops/crop_2026-01-13_16-22-42.top_left_CROPNUMBER_2_UUID_DROSO_03_MEL_19_F.png,0.36187399030694667,4.9133125,,115311,7.265043433593751
2026-01-13T16:17:02.422812,/data/d3dbcf42e05429343a8e1a5966e3bcf0/Epson Perfection V850/2026-01-13/2026-01-13_16-17-02/top_right,2026-01-13_16-17-02.top_right.jpg,/data/d3dbcf42e05429343a8e1a5966e3bcf0/Epson Perfection V850/2026-01-13/2026-01-13_16-17-02/top_right/2026-01-13_16-17-02.top_right.jpg,2026-01-13_16-17-02.top_right.thumb.jpg,dba0ed76fe036a6b6c2f125e044f31c3,top_right,"[110.5, 45.0, 200.0, 135.0]",jpg,3200,0,epsonscan2,esci2:usb:ES00FE:337,Epson Perfection V850,d3dbcf42e05429343a8e1a5966e3bcf0,epsonscan2:Epson Perfection V850::esci2:usb:ES00FE:337,/data,{},DROSO_02_MEL_19_M,crop_2026-01-13_16-17-02.top_right_CROPNUMBER_6_UUID_DROSO_02_MEL_19_M.png,"[5335, 7862, 5710, 8304]",0.9437867403030396,1.0,00_data/01_segmented/crops,00_data/01_segmented/crops/crop_2026-01-13_16-17-02.top_right_CROPNUMBER_6_UUID_DROSO_02_MEL_19_M.json,00_data/02_resized/crops/crop_2026-01-13_16-17-02.top_right_CROPNUMBER_6_UUID_DROSO_02_MEL_19_M.jpg,crops,,00_data/01_segmented/crops/crop_2026-01-13_16-17-02.top_right_CROPNUMBER_6_UUID_DROSO_02_MEL_19_M.png,0.5067873303167421,3.5083749999999996,,76277,4.80574895703125
2026-01-13T16:09:56.394761,/data/d3dbcf42e05429343a8e1a5966e3bcf0/Epson Perfection V850/2026-01-13/2026-01-13_16-09-56/top_left,2026-01-13_16-09-56.top_left.jpg,/data/d3dbcf42e05429343a8e1a5966e3bcf0/Epson Perfection V850/2026-01-13/2026-01-13_16-09-56/top_left/2026-01-13_16-09-56.top_left.jpg,2026-01-13_16-09-56.top_left.thumb.jpg,788d0971822fc839506e3180de7f3b36,top_left,"[22.0, 45.0, 110.0, 135.0]",jpg,3200,0,epsonscan2,esci2:usb:ES00FE:337,Epson Perfection V850,d3dbcf42e05429343a8e1a5966e3bcf0,epsonscan2:Epson Perfection V850::esci2:usb:ES00FE:337,/data,{},DROSO_01_MEL_19_F,crop_2026-01-13_16-09-56.top_left_CROPNUMBER_31_UUID_DROSO_01_MEL_19_F.png,"[2595, 5227, 3221, 5689]",0.934431791305542,0.6028218259357906,00_data/01_segmented/crops,00_data/01_segmented/crops/crop_2026-01-13_16-09-56.top_left_CROPNUMBER_31_UUID_DROSO_01_MEL_19_F.json,00_data/02_resized/crops/crop_2026-01-13_16-09-56.top_left_CROPNUMBER_31_UUID_DROSO_01_MEL_19_F.jpg,crops,,00_data/01_segmented/crops/crop_2026-01-13_16-09-56.top_left_CROPNUMBER_31_UUID_DROSO_01_MEL_19_F.png,0.35782747603833864,4.968875,,119309,7.51693305078125
2026-01-13T16:04:10.629205,/data/d3dbcf42e05429343a8e1a5966e3bcf0/Epson Perfection V850/2026-01-13/2026-01-13_16-04-10/top_right,2026-01-13_16-04-10.top_right.jpg,/data/d3dbcf42e05429343a8e1a5966e3bcf0/Epson Perfection V850/2026-01-13/2026-01-13_16-04-10/top_right/2026-01-13_16-04-10.top_right.jpg,2026-01-13_16-04-10.top_right.thumb.jpg,3126fa75aee2fe2913a08ebebfa0ed4f,top_right,"[110.5, 45.0, 200.0, 135.0]",jpg,3200,0,epsonscan2,esci2:usb:ES00FE:337,Epson Perfection V850,d3dbcf42e05429343a8e1a5966e3bcf0,epsonscan2:Epson Perfection V850::esci2:usb:ES00FE:337,/data,{},DROSO_05_SIM_19_M,crop_2026-01-13_16-04-10.top_right_CROPNUMBER_3_UUID_DROSO_05_SIM_19_M.png,"[3234, 8452, 3518, 8842]",0.9407292604446412,1.0,00_data/01_segmented/crops,00_data/01_segmented/crops/crop_2026-01-13_16-04-10.top_right_CROPNUMBER_3_UUID_DROSO_05_SIM_19_M.json,00_data/02_resized/crops/crop_2026-01-13_16-04-10.top_right_CROPNUMBER_3_UUID_DROSO_05_SIM_19_M.jpg,crops,,00_data/01_segmented/crops/crop_2026-01-13_16-04-10.top_right_CROPNUMBER_3_UUID_DROSO_05_SIM_19_M.png,0.5743589743589743,3.095625,,63208,3.98235090625
2026-01-13T16:04:10.629205,/data/d3dbcf42e05429343a8e1a5966e3bcf0/Epson Perfection V850/2026-01-13/2026-01-13_16-04-10/top_left,2026-01-13_16-04-10.top_left.jpg,/data/d3dbcf42e05429343a8e1a5966e3bcf0/Epson Perfection V850/2026-01-13/2026-01-13_16-04-10/top_left/2026-01-13_16-04-10.top_left.jpg,2026-01-13_16-04-10.top_left.thumb.jpg,e5f859616a1ebf20cb8f61da5b2008c2,top_left,"[22.0, 45.0, 110.0, 135.0]",jpg,3200,0,epsonscan2,esci2:usb:ES00FE:337,Epson Perfection V850,d3dbcf42e05429343a8e1a5966e3bcf0,epsonscan2:Epson Perfection V850::esci2:usb:ES00FE:337,/data,{},DROSO_05_SIM_19_F,crop_2026-01-13_16-04-10.top_left_CROPNUMBER_9_UUID_DROSO_05_SIM_19_F.png,"[3222, 8623, 3684, 9030]",0.9379703998565674,0.6028218259357906,00_data/01_segmented/crops,00_data/01_segmented/crops/crop_2026-01-13_16-04-10.top_left_CROPNUMBER_9_UUID_DROSO_05_SIM_19_F.json,00_data/02_resized/crops/crop_2026-01-13_16-04-10.top_left_CROPNUMBER_9_UUID_DROSO_05_SIM_19_F.jpg,crops,,00_data/01_segmented/crops/crop_2026-01-13_16-04-10.top_left_CROPNUMBER_9_UUID_DROSO_05_SIM_19_F.png,0.48484848484848486,3.667125,,88720,5.5897065625
2026-01-13T15:52:35.076944,/data/d3dbcf42e05429343a8e1a5966e3bcf0/Epson Perfection V850/2026-01-13/2026-01-13_15-52-35/top_right,2026-01-13_15-52-35.top_right.jpg,/data/d3dbcf42e05429343a8e1a5966e3bcf0/Epson Perfection V850/2026-01-13/2026-01-13_15-52-35/top_right/2026-01-13_15-52-35.top_right.jpg,2026-01-13_15-52-35.top_right.thumb.jpg,21ba2cf23da353b8d840e52696871b60,top_right,"[110.5, 45.0, 200.0, 135.0]",jpg,3200,0,epsonscan2,esci2:usb:ES00FE:337,Epson Perfection V850,d3dbcf42e05429343a8e1a5966e3bcf0,epsonscan2:Epson Perfection V850::esci2:usb:ES00FE:337,/data,{},DROSO_03_SIM_19_M,crop_2026-01-13_15-52-35.top_right_CROPNUMBER_22_UUID_DROSO_03_SIM_19_M.png,"[4471, 8928, 4910, 9155]",0.9246452450752258,1.0,00_data/01_segmented/crops,00_data/01_segmented/crops/crop_2026-01-13_15-52-35.top_right_CROPNUMBER_22_UUID_DROSO_03_SIM_19_M.json,00_data/02_resized/crops/crop_2026-01-13_15-52-35.top_right_CROPNUMBER_22_UUID_DROSO_03_SIM_19_M.jpg,crops,,00_data/01_segmented/crops/crop_2026-01-13_15-52-35.top_right_CROPNUMBER_22_UUID_DROSO_03_SIM_19_M.png,0.510250569476082,3.4845624999999996,,64419,4.05864863671875
2026-01-13T15:46:54.437940,/data/d3dbcf42e05429343a8e1a5966e3bcf0/Epson Perfection V850/2026-01-13/2026-01-13_15-46-54/top_right,2026-01-13_15-46-54.top_right.jpg,/data/d3dbcf42e05429343a8e1a5966e3bcf0/Epson Perfection V850/2026-01-13/2026-01-13_15-46-54/top_right/2026-01-13_15-46-54.top_right.jpg,2026-01-13_15-46-54.top_right.thumb.jpg,8cfcebfb20b3b3b2bc86ba50975b08d9,top_right,"[110.5, 45.0, 200.0, 135.0]",jpg,3200,0,epsonscan2,esci2:usb:ES00FE:337,Epson Perfection V850,d3dbcf42e05429343a8e1a5966e3bcf0,epsonscan2:Epson Perfection V850::esci2:usb:ES00FE:337,/data,{},DROSO_02_SIM_19_M,crop_2026-01-13_15-46-54.top_right_CROPNUMBER_9_UUID_DROSO_02_SIM_19_M.png,"[5224, 7131, 5776, 7544]",0.9403263330459596,0.6027106630904797,00_data/01_segmented/crops,00_data/01_segmented/crops/crop_2026-01-13_15-46-54.top_right_CROPNUMBER_9_UUID_DROSO_02_SIM_19_M.json,00_data/02_resized/crops/crop_2026-01-13_15-46-54.top_right_CROPNUMBER_9_UUID_DROSO_02_SIM_19_M.jpg,crops,,00_data/01_segmented/crops/crop_2026-01-13_15-46-54.top_right_CROPNUMBER_9_UUID_DROSO_02_SIM_19_M.png,0.4057971014492754,4.381499999999999,,92265,5.813055410156251
2026-01-13T16:04:10.629205,/data/d3dbcf42e05429343a8e1a5966e3bcf0/Epson Perfection V850/2026-01-13/2026-01-13_16-04-10/top_right,2026-01-13_16-04-10.top_right.jpg,/data/d3dbcf42e05429343a8e1a5966e3bcf0/Epson Perfection V850/2026-01-13/2026-01-13_16-04-10/top_right/2026-01-13_16-04-10.top_right.jpg,2026-01-13_16-04-10.top_right.thumb.jpg,3126fa75aee2fe2913a08ebebfa0ed4f,top_right,"[110.5, 45.0, 200.0, 135.0]",jpg,3200,0,epsonscan2,esci2:usb:ES00FE:337,Epson Perfection V850,d3dbcf42e05429343a8e1a5966e3bcf0,epsonscan2:Epson Perfection V850::esci2:usb:ES00FE:337,/data,{},DROSO_05_SIM_19_M,crop_2026-01-13_16-04-10.top_right_CROPNUMBER_14_UUID_DROSO_05_SIM_19_M.png,"[7663, 9324, 8106, 9580]",0.9314234256744384,1.0,00_data/01_segmented/crops,00_data/01_segmented/crops/crop_2026-01-13_16-04-10.top_right_CROPNUMBER_14_UUID_DROSO_05_SIM_19_M.json,00_data/02_resized/crops/crop_2026-01-13_16-04-10.top_right_CROPNUMBER_14_UUID_DROSO_05_SIM_19_M.jpg,crops,,00_data/01_segmented/crops/crop_2026-01-13_16-04-10.top_right_CROPNUMBER_14_UUID_DROSO_05_SIM_19_M.png,0.5056433408577878,3.5163124999999997,,67474,4.2511255703125
2026-01-13T16:04:10.629205,/data/d3dbcf42e05429343a8e1a5966e3bcf0/Epson Perfection V850/2026-01-13/2026-01-13_16-04-10/top_right,2026-01-13_16-04-10.top_right.jpg,/data/d3dbcf42e05429343a8e1a5966e3bcf0/Epson Perfection V850/2026-01-13/2026-01-13_16-04-10/top_right/2026-01-13_16-04-10.top_right.jpg,2026-01-13_16-04-10.top_right.thumb.jpg,3126fa75aee2fe2913a08ebebfa0ed4f,top_right,"[110.5, 45.0, 200.0, 135.0]",jpg,3200,0,epsonscan2,esci2:usb:ES00FE:337,Epson Perfection V850,d3dbcf42e05429343a8e1a5966e3bcf0,epsonscan2:Epson Perfection V850::esci2:usb:ES00FE:337,/data,{},DROSO_05_SIM_19_M,crop_2026-01-13_16-04-10.top_right_CROPNUMBER_6_UUID_DROSO_05_SIM_19_M.png,"[6224, 10069, 6606, 10496]",0.9381836652755736,1.0,00_data/01_segmented/crops,00_data/01_segmented/crops/crop_2026-01-13_16-04-10.top_right_CROPNUMBER_6_UUID_DROSO_05_SIM_19_M.json,00_data/02_resized/crops/crop_2026-01-13_16-04-10.top_right_CROPNUMBER_6_UUID_DROSO_05_SIM_19_M.jpg,crops,,00_data/01_segmented/crops/crop_2026-01-13_16-04-10.top_right_CROPNUMBER_6_UUID_DROSO_05_SIM_19_M.png,0.5245901639344263,3.3893124999999995,,73576,4.63557540625
2026-01-13T16:09:56.394761,/data/d3dbcf42e05429343a8e1a5966e3bcf0/Epson Perfection V850/2026-01-13/2026-01-13_16-09-56/top_left,2026-01-13_16-09-56.top_left.jpg,/data/d3dbcf42e05429343a8e1a5966e3bcf0/Epson Perfection V850/2026-01-13/2026-01-13_16-09-56/top_left/2026-01-13_16-09-56.top_left.jpg,2026-01-13_16-09-56.top_left.thumb.jpg,788d0971822fc839506e3180de7f3b36,top_left,"[22.0, 45.0, 110.0, 135.0]",jpg,3200,0,epsonscan2,esci2:usb:ES00FE:337,Epson Perfection V850,d3dbcf42e05429343a8e1a5966e3bcf0,epsonscan2:Epson Perfection V850::esci2:usb:ES00FE:337,/data,{},DROSO_01_MEL_19_F,crop_2026-01-13_16-09-56.top_left_CROPNUMBER_36_UUID_DROSO_01_MEL_19_F.png,"[6491, 7795, 6966, 8172]",0.9310943484306335,0.6028218259357906,00_data/01_segmented/crops,00_data/01_segmented/crops/crop_2026-01-13_16-09-56.top_left_CROPNUMBER_36_UUID_DROSO_01_MEL_19_F.json,00_data/02_resized/crops/crop_2026-01-13_16-09-56.top_left_CROPNUMBER_36_UUID_DROSO_01_MEL_19_F.jpg,crops,,00_data/01_segmented/crops/crop_2026-01-13_16-09-56.top_left_CROPNUMBER_36_UUID_DROSO_01_MEL_19_F.png,0.47157894736842104,3.7703124999999997,,88434,5.5716874453125005
2026-01-13T16:22:42.229986,/data/d3dbcf42e05429343a8e1a5966e3bcf0/Epson Perfection V850/2026-01-13/2026-01-13_16-22-42/top_left,2026-01-13_16-22-42.top_left.jpg,/data/d3dbcf42e05429343a8e1a5966e3bcf0/Epson Perfection V850/2026-01-13/2026-01-13_16-22-42/top_left/2026-01-13_16-22-42.top_left.jpg,2026-01-13_16-22-42.top_left.thumb.jpg,f331f82ac6dcbf4a1318ddee5307a618,top_left,"[22.0, 45.0, 110.0, 135.0]",jpg,3200,0,epsonscan2,esci2:usb:ES00FE:337,Epson Perfection V850,d3dbcf42e05429343a8e1a5966e3bcf0,epsonscan2:Epson Perfection V850::esci2:usb:ES00FE:337,/data,{},DROSO_03_MEL_19_F,crop_2026-01-13_16-22-42.top_left_CROPNUMBER_4_UUID_DROSO_03_MEL_19_F.png,"[7053, 7099, 7319, 7596]",0.9400528073310852,1.0,00_data/01_segmented/crops,00_data/01_segmented/crops/crop_2026-01-13_16-22-42.top_left_CROPNUMBER_4_UUID_DROSO_03_MEL_19_F.json,00_data/02_resized/crops/crop_2026-01-13_16-22-42.top_left_CROPNUMBER_4_UUID_DROSO_03_MEL_19_F.jpg,crops,,00_data/01_segmented/crops/crop_2026-01-13_16-22-42.top_left_CROPNUMBER_4_UUID_DROSO_03_MEL_19_F.png,0.4507042253521127,3.9449374999999995,,81844,5.156491703125
2026-01-13T16:17:02.422812,/data/d3dbcf42e05429343a8e1a5966e3bcf0/Epson Perfection V850/2026-01-13/2026-01-13_16-17-02/top_right,2026-01-13_16-17-02.top_right.jpg,/data/d3dbcf42e05429343a8e1a5966e3bcf0/Epson Perfection V850/2026-01-13/2026-01-13_16-17-02/top_right/2026-01-13_16-17-02.top_right.jpg,2026-01-13_16-17-02.top_right.thumb.jpg,dba0ed76fe036a6b6c2f125e044f31c3,top_right,"[110.5, 45.0, 200.0, 135.0]",jpg,3200,0,epsonscan2,esci2:usb:ES00FE:337,Epson Perfection V850,d3dbcf42e05429343a8e1a5966e3bcf0,epsonscan2:Epson Perfection V850::esci2:usb:ES00FE:337,/data,{},DROSO_02_MEL_19_M,crop_2026-01-13_16-17-02.top_right_CROPNUMBER_0_UUID_DROSO_02_MEL_19_M.png,"[4399, 5388, 4847, 5774]",0.955712616443634,1.0,00_data/01_segmented/crops,00_data/01_segmented/crops/crop_2026-01-13_16-17-02.top_right_CROPNUMBER_0_UUID_DROSO_02_MEL_19_M.json,00_data/02_resized/crops/crop_2026-01-13_16-17-02.top_right_CROPNUMBER_0_UUID_DROSO_02_MEL_19_M.jpg,crops,,00_data/01_segmented/crops/crop_2026-01-13_16-17-02.top_right_CROPNUMBER_0_UUID_DROSO_02_MEL_19_M.png,0.5,3.556,,82144,5.175392875
2026-01-13T16:22:42.229986,/data/d3dbcf42e05429343a8e1a5966e3bcf0/Epson Perfection V850/2026-01-13/2026-01-13_16-22-42/top_left,2026-01-13_16-22-42.top_left.jpg,/data/d3dbcf42e05429343a8e1a5966e3bcf0/Epson Perfection V850/2026-01-13/2026-01-13_16-22-42/top_left/2026-01-13_16-22-42.top_left.jpg,2026-01-13_16-22-42.top_left.thumb.jpg,f331f82ac6dcbf4a1318ddee5307a618,top_left,"[22.0, 45.0, 110.0, 135.0]",jpg,3200,0,epsonscan2,esci2:usb:ES00FE:337,Epson Perfection V850,d3dbcf42e05429343a8e1a5966e3bcf0,epsonscan2:Epson Perfection V850::esci2:usb:ES00FE:337,/data,{},DROSO_03_MEL_19_F,crop_2026-01-13_16-22-42.top_left_CROPNUMBER_35_UUID_DROSO_03_MEL_19_F.png,"[3049, 3982, 3201, 4152]",0.38859423995018,1.0,00_data/01_segmented/crops,00_data/01_segmented/crops/crop_2026-01-13_16-22-42.top_left_CROPNUMBER_35_UUID_DROSO_03_MEL_19_F.json,00_data/02_resized/crops/crop_2026-01-13_16-22-42.top_left_CROPNUMBER_35_UUID_DROSO_03_MEL_19_F.jpg,crops,,00_data/01_segmented/crops/crop_2026-01-13_16-22-42.top_left_CROPNUMBER_35_UUID_DROSO_03_MEL_19_F.png,1.3176470588235294,1.349375,,15629,0.9846880507812501
2026-01-13T15:46:54.437940,/data/d3dbcf42e05429343a8e1a5966e3bcf0/Epson Perfection V850/2026-01-13/2026-01-13_15-46-54/top_right,2026-01-13_15-46-54.top_right.jpg,/data/d3dbcf42e05429343a8e1a5966e3bcf0/Epson Perfection V850/2026-01-13/2026-01-13_15-46-54/top_right/2026-01-13_15-46-54.top_right.jpg,2026-01-13_15-46-54.top_right.thumb.jpg,8cfcebfb20b3b3b2bc86ba50975b08d9,top_right,"[110.5, 45.0, 200.0, 135.0]",jpg,3200,0,epsonscan2,esci2:usb:ES00FE:337,Epson Perfection V850,d3dbcf42e05429343a8e1a5966e3bcf0,epsonscan2:Epson Perfection V850::esci2:usb:ES00FE:337,/data,{},DROSO_02_SIM_19_M,crop_2026-01-13_15-46-54.top_right_CROPNUMBER_16_UUID_DROSO_02_SIM_19_M.png,"[5364, 6708, 5811, 7000]",0.9341536164283752,1.0,00_data/01_segmented/crops,00_data/01_segmented/crops/crop_2026-01-13_15-46-54.top_right_CROPNUMBER_16_UUID_DROSO_02_SIM_19_M.json,00_data/02_resized/crops/crop_2026-01-13_15-46-54.top_right_CROPNUMBER_16_UUID_DROSO_02_SIM_19_M.jpg,crops,,00_data/01_segmented/crops/crop_2026-01-13_15-46-54.top_right_CROPNUMBER_16_UUID_DROSO_02_SIM_19_M.png,0.5011185682326622,3.5480624999999995,,74627,4.70179251171875
2026-01-13T15:46:54.437940,/data/d3dbcf42e05429343a8e1a5966e3bcf0/Epson Perfection V850/2026-01-13/2026-01-13_15-46-54/top_right,2026-01-13_15-46-54.top_right.jpg,/data/d3dbcf42e05429343a8e1a5966e3bcf0/Epson Perfection V850/2026-01-13/2026-01-13_15-46-54/top_right/2026-01-13_15-46-54.top_right.jpg,2026-01-13_15-46-54.top_right.thumb.jpg,8cfcebfb20b3b3b2bc86ba50975b08d9,top_right,"[110.5, 45.0, 200.0, 135.0]",jpg,3200,0,epsonscan2,esci2:usb:ES00FE:337,Epson Perfection V850,d3dbcf42e05429343a8e1a5966e3bcf0,epsonscan2:Epson Perfection V850::esci2:usb:ES00FE:337,/data,{},DROSO_02_SIM_19_M,crop_2026-01-13_15-46-54.top_right_CROPNUMBER_0_UUID_DROSO_02_SIM_19_M.png,"[6175, 8273, 6613, 8614]",0.9511565566062928,1.0,00_data/01_segmented/crops,00_data/01_segmented/crops/crop_2026-01-13_15-46-54.top_right_CROPNUMBER_0_UUID_DROSO_02_SIM_19_M.json,00_data/02_resized/crops/crop_2026-01-13_15-46-54.top_right_CROPNUMBER_0_UUID_DROSO_02_SIM_19_M.jpg,crops,,00_data/01_segmented/crops/crop_2026-01-13_15-46-54.top_right_CROPNUMBER_0_UUID_DROSO_02_SIM_19_M.png,0.5114155251141552,3.476625,,76430,4.8153885546875
2026-01-13T16:22:42.229986,/data/d3dbcf42e05429343a8e1a5966e3bcf0/Epson Perfection V850/2026-01-13/2026-01-13_16-22-42/top_left,2026-01-13_16-22-42.top_left.jpg,/data/d3dbcf42e05429343a8e1a5966e3bcf0/Epson Perfection V850/2026-01-13/2026-01-13_16-22-42/top_left/2026-01-13_16-22-42.top_left.jpg,2026-01-13_16-22-42.top_left.thumb.jpg,f331f82ac6dcbf4a1318ddee5307a618,top_left,"[22.0, 45.0, 110.0, 135.0]",jpg,3200,0,epsonscan2,esci2:usb:ES00FE:337,Epson Perfection V850,d3dbcf42e05429343a8e1a5966e3bcf0,epsonscan2:Epson Perfection V850::esci2:usb:ES00FE:337,/data,{},DROSO_03_MEL_19_F,crop_2026-01-13_16-22-42.top_left_CROPNUMBER_8_UUID_DROSO_03_MEL_19_F.png,"[4643, 5504, 5025, 6002]",0.938162088394165,0.6028218259357906,00_data/01_segmented/crops,00_data/01_segmented/crops/crop_2026-01-13_16-22-42.top_left_CROPNUMBER_8_UUID_DROSO_03_MEL_19_F.json,00_data/02_resized/crops/crop_2026-01-13_16-22-42.top_left_CROPNUMBER_8_UUID_DROSO_03_MEL_19_F.jpg,crops,,00_data/01_segmented/crops/crop_2026-01-13_16-22-42.top_left_CROPNUMBER_8_UUID_DROSO_03_MEL_19_F.png,0.4497991967871486,3.952875,,92865,5.850857753906251
2026-01-13T16:22:42.229986,/data/d3dbcf42e05429343a8e1a5966e3bcf0/Epson Perfection V850/2026-01-13/2026-01-13_16-22-42/top_right,2026-01-13_16-22-42.top_right.jpg,/data/d3dbcf42e05429343a8e1a5966e3bcf0/Epson Perfection V850/2026-01-13/2026-01-13_16-22-42/top_right/2026-01-13_16-22-42.top_right.jpg,2026-01-13_16-22-42.top_right.thumb.jpg,a62b428f433471233371d44992128bb0,top_right,"[110.5, 45.0, 200.0, 135.0]",jpg,3200,0,epsonscan2,esci2:usb:ES00FE:337,Epson Perfection V850,d3dbcf42e05429343a8e1a5966e3bcf0,epsonscan2:Epson Perfection V850::esci2:usb:ES00FE:337,/data,{},DROSO_03_MEL_19_M,crop_2026-01-13_16-22-42.top_right_CROPNUMBER_4_UUID_DROSO_03_MEL_19_M.png,"[2571, 8368, 3003, 8711]",0.94570791721344,1.0,00_data/01_segmented/crops,00_data/01_segmented/crops/crop_2026-01-13_16-22-42.top_right_CROPNUMBER_4_UUID_DROSO_03_MEL_19_M.json,00_data/02_resized/crops/crop_2026-01-13_16-22-42.top_right_CROPNUMBER_4_UUID_DROSO_03_MEL_19_M.jpg,crops,,00_data/01_segmented/crops/crop_2026-01-13_16-22-42.top_right_CROPNUMBER_4_UUID_DROSO_03_MEL_19_M.png,0.5185185185185185,3.429,,75384,4.749486468750001
2026-01-13T16:17:02.422812,/data/d3dbcf42e05429343a8e1a5966e3bcf0/Epson Perfection V850/2026-01-13/2026-01-13_16-17-02/top_right,2026-01-13_16-17-02.top_right.jpg,/data/d3dbcf42e05429343a8e1a5966e3bcf0/Epson Perfection V850/2026-01-13/2026-01-13_16-17-02/top_right/2026-01-13_16-17-02.top_right.jpg,2026-01-13_16-17-02.top_right.thumb.jpg,dba0ed76fe036a6b6c2f125e044f31c3,top_right,"[110.5, 45.0, 200.0, 135.0]",jpg,3200,0,epsonscan2,esci2:usb:ES00FE:337,Epson Perfection V850,d3dbcf42e05429343a8e1a5966e3bcf0,epsonscan2:Epson Perfection V850::esci2:usb:ES00FE:337,/data,{},DROSO_02_MEL_19_M,crop_2026-01-13_16-17-02.top_right_CROPNUMBER_3_UUID_DROSO_02_MEL_19_M.png,"[5806, 6433, 6245, 6843]",0.9472838640213012,1.0,00_data/01_segmented/crops,00_data/01_segmented/crops/crop_2026-01-13_16-17-02.top_right_CROPNUMBER_3_UUID_DROSO_02_MEL_19_M.json,00_data/02_resized/crops/crop_2026-01-13_16-17-02.top_right_CROPNUMBER_3_UUID_DROSO_02_MEL_19_M.jpg,crops,,00_data/01_segmented/crops/crop_2026-01-13_16-17-02.top_right_CROPNUMBER_3_UUID_DROSO_02_MEL_19_M.png,0.510250569476082,3.4845624999999996,,72621,4.575406675781251
2026-01-13T16:09:56.394761,/data/d3dbcf42e05429343a8e1a5966e3bcf0/Epson Perfection V850/2026-01-13/2026-01-13_16-09-56/top_right,2026-01-13_16-09-56.top_right.jpg,/data/d3dbcf42e05429343a8e1a5966e3bcf0/Epson Perfection V850/2026-01-13/2026-01-13_16-09-56/top_right/2026-01-13_16-09-56.top_right.jpg,2026-01-13_16-09-56.top_right.thumb.jpg,aee7ff74e98fd3cb0d78628f63d1119f,top_right,"[110.5, 45.0, 200.0, 135.0]",jpg,3200,0,epsonscan2,esci2:usb:ES00FE:337,Epson Perfection V850,d3dbcf42e05429343a8e1a5966e3bcf0,epsonscan2:Epson Perfection V850::esci2:usb:ES00FE:337,/data,{},DROSO_01_MEL_19_M,crop_2026-01-13_16-09-56.top_right_CROPNUMBER_10_UUID_DROSO_01_MEL_19_M.png,"[8334, 6541, 8765, 6951]",0.9445921182632446,1.0,00_data/01_segmented/crops,00_data/01_segmented/crops/crop_2026-01-13_16-09-56.top_right_CROPNUMBER_10_UUID_DROSO_01_MEL_19_M.json,00_data/02_resized/crops/crop_2026-01-13_16-09-56.top_right_CROPNUMBER_10_UUID_DROSO_01_MEL_19_M.jpg,crops,,00_data/01_segmented/crops/crop_2026-01-13_16-09-56.top_right_CROPNUMBER_10_UUID_DROSO_01_MEL_19_M.png,0.5197215777262181,3.4210624999999997,,79872,5.032248
2026-01-13T15:58:15.447485,/data/d3dbcf42e05429343a8e1a5966e3bcf0/Epson Perfection V850/2026-01-13/2026-01-13_15-58-15/top_left,2026-01-13_15-58-15.top_left.jpg,/data/d3dbcf42e05429343a8e1a5966e3bcf0/Epson Perfection V850/2026-01-13/2026-01-13_15-58-15/top_left/2026-01-13_15-58-15.top_left.jpg,2026-01-13_15-58-15.top_left.thumb.jpg,06b4b76a8baf9e9d6a949609e6c4b9d4,top_left,"[22.0, 45.0, 110.0, 135.0]",jpg,3200,0,epsonscan2,esci2:usb:ES00FE:337,Epson Perfection V850,d3dbcf42e05429343a8e1a5966e3bcf0,epsonscan2:Epson Perfection V850::esci2:usb:ES00FE:337,/data,{},DROSO_04_SIM_19_F,crop_2026-01-13_15-58-15.top_left_CROPNUMBER_24_UUID_DROSO_04_SIM_19_F.png,"[4269, 10323, 4748, 10618]",0.9238089919090272,0.6028218259357906,00_data/01_segmented/crops,00_data/01_segmented/crops/crop_2026-01-13_15-58-15.top_left_CROPNUMBER_24_UUID_DROSO_04_SIM_19_F.json,00_data/02_resized/crops/crop_2026-01-13_15-58-15.top_left_CROPNUMBER_24_UUID_DROSO_04_SIM_19_F.jpg,crops,,00_data/01_segmented/crops/crop_2026-01-13_15-58-15.top_left_CROPNUMBER_24_UUID_DROSO_04_SIM_19_F.png,0.46764091858037576,3.8020625,,79773,5.02601061328125
2026-01-13T16:22:42.229986,/data/d3dbcf42e05429343a8e1a5966e3bcf0/Epson Perfection V850/2026-01-13/2026-01-13_16-22-42/top_left,2026-01-13_16-22-42.top_left.jpg,/data/d3dbcf42e05429343a8e1a5966e3bcf0/Epson Perfection V850/2026-01-13/2026-01-13_16-22-42/top_left/2026-01-13_16-22-42.top_left.jpg,2026-01-13_16-22-42.top_left.thumb.jpg,f331f82ac6dcbf4a1318ddee5307a618,top_left,"[22.0, 45.0, 110.0, 135.0]",jpg,3200,0,epsonscan2,esci2:usb:ES00FE:337,Epson Perfection V850,d3dbcf42e05429343a8e1a5966e3bcf0,epsonscan2:Epson Perfection V850::esci2:usb:ES00FE:337,/data,{},DROSO_03_MEL_19_F,crop_2026-01-13_16-22-42.top_left_CROPNUMBER_13_UUID_DROSO_03_MEL_19_F.png,"[4387, 9253, 4804, 9732]",0.936936616897583,0.6028218259357906,00_data/01_segmented/crops,00_data/01_segmented/crops/crop_2026-01-13_16-22-42.top_left_CROPNUMBER_13_UUID_DROSO_03_MEL_19_F.json,00_data/02_resized/crops/crop_2026-01-13_16-22-42.top_left_CROPNUMBER_13_UUID_DROSO_03_MEL_19_F.jpg,crops,,00_data/01_segmented/crops/crop_2026-01-13_16-22-42.top_left_CROPNUMBER_13_UUID_DROSO_03_MEL_19_F.png,0.46764091858037576,3.8020625,,94490,5.953239101562501
2026-01-13T15:46:54.437940,/data/d3dbcf42e05429343a8e1a5966e3bcf0/Epson Perfection V850/2026-01-13/2026-01-13_15-46-54/top_left,2026-01-13_15-46-54.top_left.jpg,/data/d3dbcf42e05429343a8e1a5966e3bcf0/Epson Perfection V850/2026-01-13/2026-01-13_15-46-54/top_left/2026-01-13_15-46-54.top_left.jpg,2026-01-13_15-46-54.top_left.thumb.jpg,5483407fad8572e990edf163cad31d3d,top_left,"[22.0, 45.0, 110.0, 135.0]",jpg,3200,0,epsonscan2,esci2:usb:ES00FE:337,Epson Perfection V850,d3dbcf42e05429343a8e1a5966e3bcf0,epsonscan2:Epson Perfection V850::esci2:usb:ES00FE:337,/data,{},DROSO_02_SIM_19_F,crop_2026-01-13_15-46-54.top_left_CROPNUMBER_3_UUID_DROSO_02_SIM_19_F.png,"[4597, 4456, 5015, 4816]",0.9379447102546692,1.0,00_data/01_segmented/crops,00_data/01_segmented/crops/crop_2026-01-13_15-46-54.top_left_CROPNUMBER_3_UUID_DROSO_02_SIM_19_F.json,00_data/02_resized/crops/crop_2026-01-13_15-46-54.top_left_CROPNUMBER_3_UUID_DROSO_02_SIM_19_F.jpg,crops,,00_data/01_segmented/crops/crop_2026-01-13_15-46-54.top_left_CROPNUMBER_3_UUID_DROSO_02_SIM_19_F.png,0.5358851674641149,3.3178749999999995,,72738,4.5827781328125
2026-01-13T16:22:42.229986,/data/d3dbcf42e05429343a8e1a5966e3bcf0/Epson Perfection V850/2026-01-13/2026-01-13_16-22-42/top_right,2026-01-13_16-22-42.top_right.jpg,/data/d3dbcf42e05429343a8e1a5966e3bcf0/Epson Perfection V850/2026-01-13/2026-01-13_16-22-42/top_right/2026-01-13_16-22-42.top_right.jpg,2026-01-13_16-22-42.top_right.thumb.jpg,a62b428f433471233371d44992128bb0,top_right,"[110.5, 45.0, 200.0, 135.0]",jpg,3200,0,epsonscan2,esci2:usb:ES00FE:337,Epson Perfection V850,d3dbcf42e05429343a8e1a5966e3bcf0,epsonscan2:Epson Perfection V850::esci2:usb:ES00FE:337,/data,{},DROSO_03_MEL_19_M,crop_2026-01-13_16-22-42.top_right_CROPNUMBER_28_UUID_DROSO_03_MEL_19_M.png,"[2153, 7602, 2415, 8080]",0.92814838886261,0.6027106630904797,00_data/01_segmented/crops,00_data/01_segmented/crops/crop_2026-01-13_16-22-42.top_right_CROPNUMBER_28_UUID_DROSO_03_MEL_19_M.json,00_data/02_resized/crops/crop_2026-01-13_16-22-42.top_right_CROPNUMBER_28_UUID_DROSO_03_MEL_19_M.jpg,crops,,00_data/01_segmented/crops/crop_2026-01-13_16-22-42.top_right_CROPNUMBER_28_UUID_DROSO_03_MEL_19_M.png,0.4686192468619247,3.794125,,73182,4.6107518671875
2026-01-13T16:09:56.394761,/data/d3dbcf42e05429343a8e1a5966e3bcf0/Epson Perfection V850/2026-01-13/2026-01-13_16-09-56/top_right,2026-01-13_16-09-56.top_right.jpg,/data/d3dbcf42e05429343a8e1a5966e3bcf0/Epson Perfection V850/2026-01-13/2026-01-13_16-09-56/top_right/2026-01-13_16-09-56.top_right.jpg,2026-01-13_16-09-56.top_right.thumb.jpg,aee7ff74e98fd3cb0d78628f63d1119f,top_right,"[110.5, 45.0, 200.0, 135.0]",jpg,3200,0,epsonscan2,esci2:usb:ES00FE:337,Epson Perfection V850,d3dbcf42e05429343a8e1a5966e3bcf0,epsonscan2:Epson Perfection V850::esci2:usb:ES00FE:337,/data,{},DROSO_01_MEL_19_M,crop_2026-01-13_16-09-56.top_right_CROPNUMBER_14_UUID_DROSO_01_MEL_19_M.png,"[2169, 8251, 2507, 8715]",0.9433343410491944,1.0,00_data/01_segmented/crops,00_data/01_segmented/crops/crop_2026-01-13_16-09-56.top_right_CROPNUMBER_14_UUID_DROSO_01_MEL_19_M.json,00_data/02_resized/crops/crop_2026-01-13_16-09-56.top_right_CROPNUMBER_14_UUID_DROSO_01_MEL_19_M.jpg,crops,,00_data/01_segmented/crops/crop_2026-01-13_16-09-56.top_right_CROPNUMBER_14_UUID_DROSO_01_MEL_19_M.png,0.4827586206896552,3.6829999999999994,,66242,4.1735047578125
2026-01-13T16:22:42.229986,/data/d3dbcf42e05429343a8e1a5966e3bcf0/Epson Perfection V850/2026-01-13/2026-01-13_16-22-42/top_right,2026-01-13_16-22-42.top_right.jpg,/data/d3dbcf42e05429343a8e1a5966e3bcf0/Epson Perfection V850/2026-01-13/2026-01-13_16-22-42/top_right/2026-01-13_16-22-42.top_right.jpg,2026-01-13_16-22-42.top_right.thumb.jpg,a62b428f433471233371d44992128bb0,top_right,"[110.5, 45.0, 200.0, 135.0]",jpg,3200,0,epsonscan2,esci2:usb:ES00FE:337,Epson Perfection V850,d3dbcf42e05429343a8e1a5966e3bcf0,epsonscan2:Epson Perfection V850::esci2:usb:ES00FE:337,/data,{},DROSO_03_MEL_19_M,crop_2026-01-13_16-22-42.top_right_CROPNUMBER_11_UUID_DROSO_03_MEL_19_M.png,"[4133, 7281, 4558, 7614]",0.9370208382606506,0.6027106630904797,00_data/01_segmented/crops,00_data/01_segmented/crops/crop_2026-01-13_16-22-42.top_right_CROPNUMBER_11_UUID_DROSO_03_MEL_19_M.json,00_data/02_resized/crops/crop_2026-01-13_16-22-42.top_right_CROPNUMBER_11_UUID_DROSO_03_MEL_19_M.jpg,crops,,00_data/01_segmented/crops/crop_2026-01-13_16-22-42.top_right_CROPNUMBER_11_UUID_DROSO_03_MEL_19_M.png,0.5270588235294118,3.373437499999999,,72137,4.54491278515625
2026-01-13T16:17:02.422812,/data/d3dbcf42e05429343a8e1a5966e3bcf0/Epson Perfection V850/2026-01-13/2026-01-13_16-17-02/top_left,2026-01-13_16-17-02.top_left.jpg,/data/d3dbcf42e05429343a8e1a5966e3bcf0/Epson Perfection V850/2026-01-13/2026-01-13_16-17-02/top_left/2026-01-13_16-17-02.top_left.jpg,2026-01-13_16-17-02.top_left.thumb.jpg,73a37d7ec44337a23e2a64e1230cb14f,top_left,"[22.0, 45.0, 110.0, 135.0]",jpg,3200,0,epsonscan2,esci2:usb:ES00FE:337,Epson Perfection V850,d3dbcf42e05429343a8e1a5966e3bcf0,epsonscan2:Epson Perfection V850::esci2:usb:ES00FE:337,/data,{},DROSO_02_MEL_19_F,crop_2026-01-13_16-17-02.top_left_CROPNUMBER_0_UUID_DROSO_02_MEL_19_F.png,"[6384, 6335, 6805, 6715]",0.95236074924469,1.0,00_data/01_segmented/crops,00_data/01_segmented/crops/crop_2026-01-13_16-17-02.top_left_CROPNUMBER_0_UUID_DROSO_02_MEL_19_F.json,00_data/02_resized/crops/crop_2026-01-13_16-17-02.top_left_CROPNUMBER_0_UUID_DROSO_02_MEL_19_F.jpg,crops,,00_data/01_segmented/crops/crop_2026-01-13_16-17-02.top_left_CROPNUMBER_0_UUID_DROSO_02_MEL_19_F.png,0.5320665083135392,3.3416875,,87921,5.5393664414062505
2026-01-13T15:52:35.076944,/data/d3dbcf42e05429343a8e1a5966e3bcf0/Epson Perfection V850/2026-01-13/2026-01-13_15-52-35/top_left,2026-01-13_15-52-35.top_left.jpg,/data/d3dbcf42e05429343a8e1a5966e3bcf0/Epson Perfection V850/2026-01-13/2026-01-13_15-52-35/top_left/2026-01-13_15-52-35.top_left.jpg,2026-01-13_15-52-35.top_left.thumb.jpg,c96bd3e091dcefbdce757afd0a69dc15,top_left,"[22.0, 45.0, 110.0, 135.0]",jpg,3200,0,epsonscan2,esci2:usb:ES00FE:337,Epson Perfection V850,d3dbcf42e05429343a8e1a5966e3bcf0,epsonscan2:Epson Perfection V850::esci2:usb:ES00FE:337,/data,{},DROSO_03_SIM_19_F,crop_2026-01-13_15-52-35.top_left_CROPNUMBER_14_UUID_DROSO_03_SIM_19_F.png,"[5849, 6749, 6325, 6995]",0.9321710467338562,1.0,00_data/01_segmented/crops,00_data/01_segmented/crops/crop_2026-01-13_15-52-35.top_left_CROPNUMBER_14_UUID_DROSO_03_SIM_19_F.json,00_data/02_resized/crops/crop_2026-01-13_15-52-35.top_left_CROPNUMBER_14_UUID_DROSO_03_SIM_19_F.jpg,crops,,00_data/01_segmented/crops/crop_2026-01-13_15-52-35.top_left_CROPNUMBER_14_UUID_DROSO_03_SIM_19_F.png,0.47058823529411764,3.7782499999999994,,68142,4.2932121796875
2026-01-13T16:09:56.394761,/data/d3dbcf42e05429343a8e1a5966e3bcf0/Epson Perfection V850/2026-01-13/2026-01-13_16-09-56/top_left,2026-01-13_16-09-56.top_left.jpg,/data/d3dbcf42e05429343a8e1a5966e3bcf0/Epson Perfection V850/2026-01-13/2026-01-13_16-09-56/top_left/2026-01-13_16-09-56.top_left.jpg,2026-01-13_16-09-56.top_left.thumb.jpg,788d0971822fc839506e3180de7f3b36,top_left,"[22.0, 45.0, 110.0, 135.0]",jpg,3200,0,epsonscan2,esci2:usb:ES00FE:337,Epson Perfection V850,d3dbcf42e05429343a8e1a5966e3bcf0,epsonscan2:Epson Perfection V850::esci2:usb:ES00FE:337,/data,{},DROSO_01_MEL_19_F,crop_2026-01-13_16-09-56.top_left_CROPNUMBER_2_UUID_DROSO_01_MEL_19_F.png,"[8218, 8748, 8675, 9091]",0.9501960277557372,1.0,00_data/01_segmented/crops,00_data/01_segmented/crops/crop_2026-01-13_16-09-56.top_left_CROPNUMBER_2_UUID_DROSO_01_MEL_19_F.json,00_data/02_resized/crops/crop_2026-01-13_16-09-56.top_left_CROPNUMBER_2_UUID_DROSO_01_MEL_19_F.jpg,crops,,00_data/01_segmented/crops/crop_2026-01-13_16-09-56.top_left_CROPNUMBER_2_UUID_DROSO_01_MEL_19_F.png,0.49015317286652077,3.6274375,,88328,5.565009031250001
2026-01-13T16:09:56.394761,/data/d3dbcf42e05429343a8e1a5966e3bcf0/Epson Perfection V850/2026-01-13/2026-01-13_16-09-56/top_right,2026-01-13_16-09-56.top_right.jpg,/data/d3dbcf42e05429343a8e1a5966e3bcf0/Epson Perfection V850/2026-01-13/2026-01-13_16-09-56/top_right/2026-01-13_16-09-56.top_right.jpg,2026-01-13_16-09-56.top_right.thumb.jpg,aee7ff74e98fd3cb0d78628f63d1119f,top_right,"[110.5, 45.0, 200.0, 135.0]",jpg,3200,0,epsonscan2,esci2:usb:ES00FE:337,Epson Perfection V850,d3dbcf42e05429343a8e1a5966e3bcf0,epsonscan2:Epson Perfection V850::esci2:usb:ES00FE:337,/data,{},DROSO_01_MEL_19_M,crop_2026-01-13_16-09-56.top_right_CROPNUMBER_56_UUID_DROSO_01_MEL_19_M.png,"[7508, 7376, 7970, 7650]",0.9290791153907776,1.0,00_data/01_segmented/crops,00_data/01_segmented/crops/crop_2026-01-13_16-09-56.top_right_CROPNUMBER_56_UUID_DROSO_01_MEL_19_M.json,00_data/02_resized/crops/crop_2026-01-13_16-09-56.top_right_CROPNUMBER_56_UUID_DROSO_01_MEL_19_M.jpg,crops,,00_data/01_segmented/crops/crop_2026-01-13_16-09-56.top_right_CROPNUMBER_56_UUID_DROSO_01_MEL_19_M.png,0.48484848484848486,3.667125,,69913,4.404792097656251
2026-01-13T16:09:56.394761,/data/d3dbcf42e05429343a8e1a5966e3bcf0/Epson Perfection V850/2026-01-13/2026-01-13_16-09-56/top_right,2026-01-13_16-09-56.top_right.jpg,/data/d3dbcf42e05429343a8e1a5966e3bcf0/Epson Perfection V850/2026-01-13/2026-01-13_16-09-56/top_right/2026-01-13_16-09-56.top_right.jpg,2026-01-13_16-09-56.top_right.thumb.jpg,aee7ff74e98fd3cb0d78628f63d1119f,top_right,"[110.5, 45.0, 200.0, 135.0]",jpg,3200,0,epsonscan2,esci2:usb:ES00FE:337,Epson Perfection V850,d3dbcf42e05429343a8e1a5966e3bcf0,epsonscan2:Epson Perfection V850::esci2:usb:ES00FE:337,/data,{},DROSO_01_MEL_19_M,crop_2026-01-13_16-09-56.top_right_CROPNUMBER_0_UUID_DROSO_01_MEL_19_M.png,"[9527, 4313, 9979, 4635]",0.9562661051750184,1.0,00_data/01_segmented/crops,00_data/01_segmented/crops/crop_2026-01-13_16-09-56.top_right_CROPNUMBER_0_UUID_DROSO_01_MEL_19_M.json,00_data/02_resized/crops/crop_2026-01-13_16-09-56.top_right_CROPNUMBER_0_UUID_DROSO_01_MEL_19_M.jpg,crops,,00_data/01_segmented/crops/crop_2026-01-13_16-09-56.top_right_CROPNUMBER_0_UUID_DROSO_01_MEL_19_M.png,0.49557522123893805,3.5877499999999993,,77438,4.878896492187501
2026-01-13T15:52:35.076944,/data/d3dbcf42e05429343a8e1a5966e3bcf0/Epson Perfection V850/2026-01-13/2026-01-13_15-52-35/top_right,2026-01-13_15-52-35.top_right.jpg,/data/d3dbcf42e05429343a8e1a5966e3bcf0/Epson Perfection V850/2026-01-13/2026-01-13_15-52-35/top_right/2026-01-13_15-52-35.top_right.jpg,2026-01-13_15-52-35.top_right.thumb.jpg,21ba2cf23da353b8d840e52696871b60,top_right,"[110.5, 45.0, 200.0, 135.0]",jpg,3200,0,epsonscan2,esci2:usb:ES00FE:337,Epson Perfection V850,d3dbcf42e05429343a8e1a5966e3bcf0,epsonscan2:Epson Perfection V850::esci2:usb:ES00FE:337,/data,{},DROSO_03_SIM_19_M,crop_2026-01-13_15-52-35.top_right_CROPNUMBER_8_UUID_DROSO_03_SIM_19_M.png,"[3907, 5963, 4209, 6364]",0.9374790191650392,1.0,00_data/01_segmented/crops,00_data/01_segmented/crops/crop_2026-01-13_15-52-35.top_right_CROPNUMBER_8_UUID_DROSO_03_SIM_19_M.json,00_data/02_resized/crops/crop_2026-01-13_15-52-35.top_right_CROPNUMBER_8_UUID_DROSO_03_SIM_19_M.jpg,crops,,00_data/01_segmented/crops/crop_2026-01-13_15-52-35.top_right_CROPNUMBER_8_UUID_DROSO_03_SIM_19_M.png,0.5586034912718204,3.1829375000000004,,70539,4.44423254296875
2026-01-13T15:58:15.447485,/data/d3dbcf42e05429343a8e1a5966e3bcf0/Epson Perfection V850/2026-01-13/2026-01-13_15-58-15/top_right,2026-01-13_15-58-15.top_right.jpg,/data/d3dbcf42e05429343a8e1a5966e3bcf0/Epson Perfection V850/2026-01-13/2026-01-13_15-58-15/top_right/2026-01-13_15-58-15.top_right.jpg,2026-01-13_15-58-15.top_right.thumb.jpg,f4b3f70693284ad9b6a7bd19eb02b3d5,top_right,"[110.5, 45.0, 200.0, 135.0]",jpg,3200,0,epsonscan2,esci2:usb:ES00FE:337,Epson Perfection V850,d3dbcf42e05429343a8e1a5966e3bcf0,epsonscan2:Epson Perfection V850::esci2:usb:ES00FE:337,/data,{},DROSO_04_SIM_19_M,crop_2026-01-13_15-58-15.top_right_CROPNUMBER_12_UUID_DROSO_04_SIM_19_M.png,"[5137, 9613, 5585, 9963]",0.9429366588592528,1.0,00_data/01_segmented/crops,00_data/01_segmented/crops/crop_2026-01-13_15-58-15.top_right_CROPNUMBER_12_UUID_DROSO_04_SIM_19_M.json,00_data/02_resized/crops/crop_2026-01-13_15-58-15.top_right_CROPNUMBER_12_UUID_DROSO_04_SIM_19_M.jpg,crops,,00_data/01_segmented/crops/crop_2026-01-13_15-58-15.top_right_CROPNUMBER_12_UUID_DROSO_04_SIM_19_M.png,0.5,3.556,,68048,4.2872898125
2026-01-13T15:40:38.651010,/data/d3dbcf42e05429343a8e1a5966e3bcf0/Epson Perfection V850/2026-01-13/2026-01-13_15-40-38/top_left,2026-01-13_15-40-38.top_left.jpg,/data/d3dbcf42e05429343a8e1a5966e3bcf0/Epson Perfection V850/2026-01-13/2026-01-13_15-40-38/top_left/2026-01-13_15-40-38.top_left.jpg,2026-01-13_15-40-38.top_left.thumb.jpg,16a144e86ca9c5e7bb9b16ddead6411f,top_left,"[22.0, 45.0, 110.0, 135.0]",jpg,3200,0,epsonscan2,esci2:usb:ES00FE:337,Epson Perfection V850,d3dbcf42e05429343a8e1a5966e3bcf0,epsonscan2:Epson Perfection V850::esci2:usb:ES00FE:337,/data,{},DROSO_01_SIM_19_F,crop_2026-01-13_15-40-38.top_left_CROPNUMBER_8_UUID_DROSO_01_SIM_19_F.png,"[5100, 5643, 5342, 6138]",0.938992440700531,1.0,00_data/01_segmented/crops,00_data/01_segmented/crops/crop_2026-01-13_15-40-38.top_left_CROPNUMBER_8_UUID_DROSO_01_SIM_19_F.json,00_data/02_resized/crops/crop_2026-01-13_15-40-38.top_left_CROPNUMBER_8_UUID_DROSO_01_SIM_19_F.jpg,crops,,00_data/01_segmented/crops/crop_2026-01-13_15-40-38.top_left_CROPNUMBER_8_UUID_DROSO_01_SIM_19_F.png,0.45252525252525255,3.9290624999999992,,76542,4.8224449921875
2026-01-13T15:46:54.437940,/data/d3dbcf42e05429343a8e1a5966e3bcf0/Epson Perfection V850/2026-01-13/2026-01-13_15-46-54/top_left,2026-01-13_15-46-54.top_left.jpg,/data/d3dbcf42e05429343a8e1a5966e3bcf0/Epson Perfection V850/2026-01-13/2026-01-13_15-46-54/top_left/2026-01-13_15-46-54.top_left.jpg,2026-01-13_15-46-54.top_left.thumb.jpg,5483407fad8572e990edf163cad31d3d,top_left,"[22.0, 45.0, 110.0, 135.0]",jpg,3200,0,epsonscan2,esci2:usb:ES00FE:337,Epson Perfection V850,d3dbcf42e05429343a8e1a5966e3bcf0,epsonscan2:Epson Perfection V850::esci2:usb:ES00FE:337,/data,{},DROSO_02_SIM_19_F,crop_2026-01-13_15-46-54.top_left_CROPNUMBER_5_UUID_DROSO_02_SIM_19_F.png,"[5618, 7821, 6068, 8255]",0.9377897381782532,0.6028218259357906,00_data/01_segmented/crops,00_data/01_segmented/crops/crop_2026-01-13_15-46-54.top_left_CROPNUMBER_5_UUID_DROSO_02_SIM_19_F.json,00_data/02_resized/crops/crop_2026-01-13_15-46-54.top_left_CROPNUMBER_5_UUID_DROSO_02_SIM_19_F.jpg,crops,,00_data/01_segmented/crops/crop_2026-01-13_15-46-54.top_left_CROPNUMBER_5_UUID_DROSO_02_SIM_19_F.png,0.49777777777777776,3.571875,,83421,5.25584886328125
2026-01-13T16:09:56.394761,/data/d3dbcf42e05429343a8e1a5966e3bcf0/Epson Perfection V850/2026-01-13/2026-01-13_16-09-56/top_right,2026-01-13_16-09-56.top_right.jpg,/data/d3dbcf42e05429343a8e1a5966e3bcf0/Epson Perfection V850/2026-01-13/2026-01-13_16-09-56/top_right/2026-01-13_16-09-56.top_right.jpg,2026-01-13_16-09-56.top_right.thumb.jpg,aee7ff74e98fd3cb0d78628f63d1119f,top_right,"[110.5, 45.0, 200.0, 135.0]",jpg,3200,0,epsonscan2,esci2:usb:ES00FE:337,Epson Perfection V850,d3dbcf42e05429343a8e1a5966e3bcf0,epsonscan2:Epson Perfection V850::esci2:usb:ES00FE:337,/data,{},DROSO_01_MEL_19_M,crop_2026-01-13_16-09-56.top_right_CROPNUMBER_60_UUID_DROSO_01_MEL_19_M.png,"[8691, 5813, 8984, 6252]",0.9256408214569092,0.6027106630904797,00_data/01_segmented/crops,00_data/01_segmented/crops/crop_2026-01-13_16-09-56.top_right_CROPNUMBER_60_UUID_DROSO_01_MEL_19_M.json,00_data/02_resized/crops/crop_2026-01-13_16-09-56.top_right_CROPNUMBER_60_UUID_DROSO_01_MEL_19_M.jpg,crops,,00_data/01_segmented/crops/crop_2026-01-13_16-09-56.top_right_CROPNUMBER_60_UUID_DROSO_01_MEL_19_M.png,0.510250569476082,3.4845624999999996,,76419,4.81469551171875
2026-01-13T16:17:02.422812,/data/d3dbcf42e05429343a8e1a5966e3bcf0/Epson Perfection V850/2026-01-13/2026-01-13_16-17-02/top_right,2026-01-13_16-17-02.top_right.jpg,/data/d3dbcf42e05429343a8e1a5966e3bcf0/Epson Perfection V850/2026-01-13/2026-01-13_16-17-02/top_right/2026-01-13_16-17-02.top_right.jpg,2026-01-13_16-17-02.top_right.thumb.jpg,dba0ed76fe036a6b6c2f125e044f31c3,top_right,"[110.5, 45.0, 200.0, 135.0]",jpg,3200,0,epsonscan2,esci2:usb:ES00FE:337,Epson Perfection V850,d3dbcf42e05429343a8e1a5966e3bcf0,epsonscan2:Epson Perfection V850::esci2:usb:ES00FE:337,/data,{},DROSO_02_MEL_19_M,crop_2026-01-13_16-17-02.top_right_CROPNUMBER_21_UUID_DROSO_02_MEL_19_M.png,"[7223, 5973, 7621, 6465]",0.9345192313194276,1.0,00_data/01_segmented/crops,00_data/01_segmented/crops/crop_2026-01-13_16-17-02.top_right_CROPNUMBER_21_UUID_DROSO_02_MEL_19_M.json,00_data/02_resized/crops/crop_2026-01-13_16-17-02.top_right_CROPNUMBER_21_UUID_DROSO_02_MEL_19_M.jpg,crops,,00_data/01_segmented/crops/crop_2026-01-13_16-17-02.top_right_CROPNUMBER_21_UUID_DROSO_02_MEL_19_M.png,0.45528455284552843,3.9052499999999997,,86525,5.45141298828125
2026-01-13T15:58:15.447485,/data/d3dbcf42e05429343a8e1a5966e3bcf0/Epson Perfection V850/2026-01-13/2026-01-13_15-58-15/top_left,2026-01-13_15-58-15.top_left.jpg,/data/d3dbcf42e05429343a8e1a5966e3bcf0/Epson Perfection V850/2026-01-13/2026-01-13_15-58-15/top_left/2026-01-13_15-58-15.top_left.jpg,2026-01-13_15-58-15.top_left.thumb.jpg,06b4b76a8baf9e9d6a949609e6c4b9d4,top_left,"[22.0, 45.0, 110.0, 135.0]",jpg,3200,0,epsonscan2,esci2:usb:ES00FE:337,Epson Perfection V850,d3dbcf42e05429343a8e1a5966e3bcf0,epsonscan2:Epson Perfection V850::esci2:usb:ES00FE:337,/data,{},DROSO_04_SIM_19_F,crop_2026-01-13_15-58-15.top_left_CROPNUMBER_12_UUID_DROSO_04_SIM_19_F.png,"[3129, 7420, 3517, 7817]",0.9355807900428772,0.6028218259357906,00_data/01_segmented/crops,00_data/01_segmented/crops/crop_2026-01-13_15-58-15.top_left_CROPNUMBER_12_UUID_DROSO_04_SIM_19_F.json,00_data/02_resized/crops/crop_2026-01-13_15-58-15.top_left_CROPNUMBER_12_UUID_DROSO_04_SIM_19_F.jpg,crops,,00_data/01_segmented/crops/crop_2026-01-13_15-58-15.top_left_CROPNUMBER_12_UUID_DROSO_04_SIM_19_F.png,0.5642317380352645,3.1511875,,81085,5.1086717382812505
2026-01-13T16:22:42.229986,/data/d3dbcf42e05429343a8e1a5966e3bcf0/Epson Perfection V850/2026-01-13/2026-01-13_16-22-42/top_right,2026-01-13_16-22-42.top_right.jpg,/data/d3dbcf42e05429343a8e1a5966e3bcf0/Epson Perfection V850/2026-01-13/2026-01-13_16-22-42/top_right/2026-01-13_16-22-42.top_right.jpg,2026-01-13_16-22-42.top_right.thumb.jpg,a62b428f433471233371d44992128bb0,top_right,"[110.5, 45.0, 200.0, 135.0]",jpg,3200,0,epsonscan2,esci2:usb:ES00FE:337,Epson Perfection V850,d3dbcf42e05429343a8e1a5966e3bcf0,epsonscan2:Epson Perfection V850::esci2:usb:ES00FE:337,/data,{},DROSO_03_MEL_19_M,crop_2026-01-13_16-22-42.top_right_CROPNUMBER_13_UUID_DROSO_03_MEL_19_M.png,"[4141, 9299, 4530, 9681]",0.936538815498352,0.6027106630904797,00_data/01_segmented/crops,00_data/01_segmented/crops/crop_2026-01-13_16-22-42.top_right_CROPNUMBER_13_UUID_DROSO_03_MEL_19_M.json,00_data/02_resized/crops/crop_2026-01-13_16-22-42.top_right_CROPNUMBER_13_UUID_DROSO_03_MEL_19_M.jpg,crops,,00_data/01_segmented/crops/crop_2026-01-13_16-22-42.top_right_CROPNUMBER_13_UUID_DROSO_03_MEL_19_M.png,0.5758354755784062,3.0876875,,72467,4.5657040742187505
2026-01-13T16:17:02.422812,/data/d3dbcf42e05429343a8e1a5966e3bcf0/Epson Perfection V850/2026-01-13/2026-01-13_16-17-02/top_right,2026-01-13_16-17-02.top_right.jpg,/data/d3dbcf42e05429343a8e1a5966e3bcf0/Epson Perfection V850/2026-01-13/2026-01-13_16-17-02/top_right/2026-01-13_16-17-02.top_right.jpg,2026-01-13_16-17-02.top_right.thumb.jpg,dba0ed76fe036a6b6c2f125e044f31c3,top_right,"[110.5, 45.0, 200.0, 135.0]",jpg,3200,0,epsonscan2,esci2:usb:ES00FE:337,Epson Perfection V850,d3dbcf42e05429343a8e1a5966e3bcf0,epsonscan2:Epson Perfection V850::esci2:usb:ES00FE:337,/data,{},DROSO_02_MEL_19_M,crop_2026-01-13_16-17-02.top_right_CROPNUMBER_1_UUID_DROSO_02_MEL_19_M.png,"[2861, 8617, 3155, 9088]",0.9510260224342346,1.0,00_data/01_segmented/crops,00_data/01_segmented/crops/crop_2026-01-13_16-17-02.top_right_CROPNUMBER_1_UUID_DROSO_02_MEL_19_M.json,00_data/02_resized/crops/crop_2026-01-13_16-17-02.top_right_CROPNUMBER_1_UUID_DROSO_02_MEL_19_M.jpg,crops,,00_data/01_segmented/crops/crop_2026-01-13_16-17-02.top_right_CROPNUMBER_1_UUID_DROSO_02_MEL_19_M.png,0.47558386411889597,3.7385624999999996,,77605,4.88941814453125
2026-01-13T16:22:42.229986,/data/d3dbcf42e05429343a8e1a5966e3bcf0/Epson Perfection V850/2026-01-13/2026-01-13_16-22-42/top_left,2026-01-13_16-22-42.top_left.jpg,/data/d3dbcf42e05429343a8e1a5966e3bcf0/Epson Perfection V850/2026-01-13/2026-01-13_16-22-42/top_left/2026-01-13_16-22-42.top_left.jpg,2026-01-13_16-22-42.top_left.thumb.jpg,f331f82ac6dcbf4a1318ddee5307a618,top_left,"[22.0, 45.0, 110.0, 135.0]",jpg,3200,0,epsonscan2,esci2:usb:ES00FE:337,Epson Perfection V850,d3dbcf42e05429343a8e1a5966e3bcf0,epsonscan2:Epson Perfection V850::esci2:usb:ES00FE:337,/data,{},DROSO_03_MEL_19_F,crop_2026-01-13_16-22-42.top_left_CROPNUMBER_20_UUID_DROSO_03_MEL_19_F.png,"[9086, 8255, 9579, 8629]",0.9344464540481568,0.6028218259357906,00_data/01_segmented/crops,00_data/01_segmented/crops/crop_2026-01-13_16-22-42.top_left_CROPNUMBER_20_UUID_DROSO_03_MEL_19_F.json,00_data/02_resized/crops/crop_2026-01-13_16-22-42.top_left_CROPNUMBER_20_UUID_DROSO_03_MEL_19_F.jpg,crops,,00_data/01_segmented/crops/crop_2026-01-13_16-22-42.top_left_CROPNUMBER_20_UUID_DROSO_03_MEL_19_F.png,0.4543610547667343,3.9131874999999994,,85861,5.40957839453125
2026-01-13T16:04:10.629205,/data/d3dbcf42e05429343a8e1a5966e3bcf0/Epson Perfection V850/2026-01-13/2026-01-13_16-04-10/top_right,2026-01-13_16-04-10.top_right.jpg,/data/d3dbcf42e05429343a8e1a5966e3bcf0/Epson Perfection V850/2026-01-13/2026-01-13_16-04-10/top_right/2026-01-13_16-04-10.top_right.jpg,2026-01-13_16-04-10.top_right.thumb.jpg,3126fa75aee2fe2913a08ebebfa0ed4f,top_right,"[110.5, 45.0, 200.0, 135.0]",jpg,3200,0,epsonscan2,esci2:usb:ES00FE:337,Epson Perfection V850,d3dbcf42e05429343a8e1a5966e3bcf0,epsonscan2:Epson Perfection V850::esci2:usb:ES00FE:337,/data,{},DROSO_05_SIM_19_M,crop_2026-01-13_16-04-10.top_right_CROPNUMBER_13_UUID_DROSO_05_SIM_19_M.png,"[6813, 7136, 7203, 7540]",0.9323933720588684,0.6027106630904797,00_data/01_segmented/crops,00_data/01_segmented/crops/crop_2026-01-13_16-04-10.top_right_CROPNUMBER_13_UUID_DROSO_05_SIM_19_M.json,00_data/02_resized/crops/crop_2026-01-13_16-04-10.top_right_CROPNUMBER_13_UUID_DROSO_05_SIM_19_M.jpg,crops,,00_data/01_segmented/crops/crop_2026-01-13_16-04-10.top_right_CROPNUMBER_13_UUID_DROSO_05_SIM_19_M.png,0.5544554455445545,3.206749999999999,,79430,5.004400273437501
2026-01-13T16:09:56.394761,/data/d3dbcf42e05429343a8e1a5966e3bcf0/Epson Perfection V850/2026-01-13/2026-01-13_16-09-56/top_right,2026-01-13_16-09-56.top_right.jpg,/data/d3dbcf42e05429343a8e1a5966e3bcf0/Epson Perfection V850/2026-01-13/2026-01-13_16-09-56/top_right/2026-01-13_16-09-56.top_right.jpg,2026-01-13_16-09-56.top_right.thumb.jpg,aee7ff74e98fd3cb0d78628f63d1119f,top_right,"[110.5, 45.0, 200.0, 135.0]",jpg,3200,0,epsonscan2,esci2:usb:ES00FE:337,Epson Perfection V850,d3dbcf42e05429343a8e1a5966e3bcf0,epsonscan2:Epson Perfection V850::esci2:usb:ES00FE:337,/data,{},DROSO_01_MEL_19_M,crop_2026-01-13_16-09-56.top_right_CROPNUMBER_45_UUID_DROSO_01_MEL_19_M.png,"[5741, 7752, 6323, 8153]",0.9350488185882568,0.6027106630904797,00_data/01_segmented/crops,00_data/01_segmented/crops/crop_2026-01-13_16-09-56.top_right_CROPNUMBER_45_UUID_DROSO_01_MEL_19_M.json,00_data/02_resized/crops/crop_2026-01-13_16-09-56.top_right_CROPNUMBER_45_UUID_DROSO_01_MEL_19_M.jpg,crops,,00_data/01_segmented/crops/crop_2026-01-13_16-09-56.top_right_CROPNUMBER_45_UUID_DROSO_01_MEL_19_M.png,0.3848797250859107,4.619625,,94179,5.93364488671875
2026-01-13T16:17:02.422812,/data/d3dbcf42e05429343a8e1a5966e3bcf0/Epson Perfection V850/2026-01-13/2026-01-13_16-17-02/top_left,2026-01-13_16-17-02.top_left.jpg,/data/d3dbcf42e05429343a8e1a5966e3bcf0/Epson Perfection V850/2026-01-13/2026-01-13_16-17-02/top_left/2026-01-13_16-17-02.top_left.jpg,2026-01-13_16-17-02.top_left.thumb.jpg,73a37d7ec44337a23e2a64e1230cb14f,top_left,"[22.0, 45.0, 110.0, 135.0]",jpg,3200,0,epsonscan2,esci2:usb:ES00FE:337,Epson Perfection V850,d3dbcf42e05429343a8e1a5966e3bcf0,epsonscan2:Epson Perfection V850::esci2:usb:ES00FE:337,/data,{},DROSO_02_MEL_19_F,crop_2026-01-13_16-17-02.top_left_CROPNUMBER_6_UUID_DROSO_02_MEL_19_F.png,"[8111, 8012, 8564, 8338]",0.9451100826263428,1.0,00_data/01_segmented/crops,00_data/01_segmented/crops/crop_2026-01-13_16-17-02.top_left_CROPNUMBER_6_UUID_DROSO_02_MEL_19_F.json,00_data/02_resized/crops/crop_2026-01-13_16-17-02.top_left_CROPNUMBER_6_UUID_DROSO_02_MEL_19_F.jpg,crops,,00_data/01_segmented/crops/crop_2026-01-13_16-17-02.top_left_CROPNUMBER_6_UUID_DROSO_02_MEL_19_F.png,0.49448123620309054,3.5956875,,85024,5.356844125
2026-01-13T16:04:10.629205,/data/d3dbcf42e05429343a8e1a5966e3bcf0/Epson Perfection V850/2026-01-13/2026-01-13_16-04-10/top_left,2026-01-13_16-04-10.top_left.jpg,/data/d3dbcf42e05429343a8e1a5966e3bcf0/Epson Perfection V850/2026-01-13/2026-01-13_16-04-10/top_left/2026-01-13_16-04-10.top_left.jpg,2026-01-13_16-04-10.top_left.thumb.jpg,e5f859616a1ebf20cb8f61da5b2008c2,top_left,"[22.0, 45.0, 110.0, 135.0]",jpg,3200,0,epsonscan2,esci2:usb:ES00FE:337,Epson Perfection V850,d3dbcf42e05429343a8e1a5966e3bcf0,epsonscan2:Epson Perfection V850::esci2:usb:ES00FE:337,/data,{},DROSO_05_SIM_19_F,crop_2026-01-13_16-04-10.top_left_CROPNUMBER_10_UUID_DROSO_05_SIM_19_F.png,"[6706, 8306, 7067, 8729]",0.9374833106994628,1.0,00_data/01_segmented/crops,00_data/01_segmented/crops/crop_2026-01-13_16-04-10.top_left_CROPNUMBER_10_UUID_DROSO_05_SIM_19_F.json,00_data/02_resized/crops/crop_2026-01-13_16-04-10.top_left_CROPNUMBER_10_UUID_DROSO_05_SIM_19_F.jpg,crops,,00_data/01_segmented/crops/crop_2026-01-13_16-04-10.top_left_CROPNUMBER_10_UUID_DROSO_05_SIM_19_F.png,0.5295508274231678,3.3575625000000002,,80556,5.075342671875
2026-01-13T15:52:35.076944,/data/d3dbcf42e05429343a8e1a5966e3bcf0/Epson Perfection V850/2026-01-13/2026-01-13_15-52-35/top_left,2026-01-13_15-52-35.top_left.jpg,/data/d3dbcf42e05429343a8e1a5966e3bcf0/Epson Perfection V850/2026-01-13/2026-01-13_15-52-35/top_left/2026-01-13_15-52-35.top_left.jpg,2026-01-13_15-52-35.top_left.thumb.jpg,c96bd3e091dcefbdce757afd0a69dc15,top_left,"[22.0, 45.0, 110.0, 135.0]",jpg,3200,0,epsonscan2,esci2:usb:ES00FE:337,Epson Perfection V850,d3dbcf42e05429343a8e1a5966e3bcf0,epsonscan2:Epson Perfection V850::esci2:usb:ES00FE:337,/data,{},DROSO_03_SIM_19_F,crop_2026-01-13_15-52-35.top_left_CROPNUMBER_0_UUID_DROSO_03_SIM_19_F.png,"[4658, 6016, 5084, 6435]",0.9559574723243712,1.0,00_data/01_segmented/crops,00_data/01_segmented/crops/crop_2026-01-13_15-52-35.top_left_CROPNUMBER_0_UUID_DROSO_03_SIM_19_F.json,00_data/02_resized/crops/crop_2026-01-13_15-52-35.top_left_CROPNUMBER_0_UUID_DROSO_03_SIM_19_F.jpg,crops,,00_data/01_segmented/crops/crop_2026-01-13_15-52-35.top_left_CROPNUMBER_0_UUID_DROSO_03_SIM_19_F.png,0.5258215962441315,3.381375,,83054,5.2327264296875
2026-01-13T16:09:56.394761,/data/d3dbcf42e05429343a8e1a5966e3bcf0/Epson Perfection V850/2026-01-13/2026-01-13_16-09-56/top_right,2026-01-13_16-09-56.top_right.jpg,/data/d3dbcf42e05429343a8e1a5966e3bcf0/Epson Perfection V850/2026-01-13/2026-01-13_16-09-56/top_right/2026-01-13_16-09-56.top_right.jpg,2026-01-13_16-09-56.top_right.thumb.jpg,aee7ff74e98fd3cb0d78628f63d1119f,top_right,"[110.5, 45.0, 200.0, 135.0]",jpg,3200,0,epsonscan2,esci2:usb:ES00FE:337,Epson Perfection V850,d3dbcf42e05429343a8e1a5966e3bcf0,epsonscan2:Epson Perfection V850::esci2:usb:ES00FE:337,/data,{},DROSO_01_MEL_19_M,crop_2026-01-13_16-09-56.top_right_CROPNUMBER_18_UUID_DROSO_01_MEL_19_M.png,"[3116, 6394, 3420, 6846]",0.942424178123474,1.0,00_data/01_segmented/crops,00_data/01_segmented/crops/crop_2026-01-13_16-09-56.top_right_CROPNUMBER_18_UUID_DROSO_01_MEL_19_M.json,00_data/02_resized/crops/crop_2026-01-13_16-09-56.top_right_CROPNUMBER_18_UUID_DROSO_01_MEL_19_M.jpg,crops,,00_data/01_segmented/crops/crop_2026-01-13_16-09-56.top_right_CROPNUMBER_18_UUID_DROSO_01_MEL_19_M.png,0.49557522123893805,3.5877499999999993,,69589,4.38437883203125
2026-01-13T15:40:38.651010,/data/d3dbcf42e05429343a8e1a5966e3bcf0/Epson Perfection V850/2026-01-13/2026-01-13_15-40-38/top_left,2026-01-13_15-40-38.top_left.jpg,/data/d3dbcf42e05429343a8e1a5966e3bcf0/Epson Perfection V850/2026-01-13/2026-01-13_15-40-38/top_left/2026-01-13_15-40-38.top_left.jpg,2026-01-13_15-40-38.top_left.thumb.jpg,16a144e86ca9c5e7bb9b16ddead6411f,top_left,"[22.0, 45.0, 110.0, 135.0]",jpg,3200,0,epsonscan2,esci2:usb:ES00FE:337,Epson Perfection V850,d3dbcf42e05429343a8e1a5966e3bcf0,epsonscan2:Epson Perfection V850::esci2:usb:ES00FE:337,/data,{},DROSO_01_SIM_19_F,crop_2026-01-13_15-40-38.top_left_CROPNUMBER_4_UUID_DROSO_01_SIM_19_F.png,"[6110, 8237, 6415, 8723]",0.94262433052063,1.0,00_data/01_segmented/crops,00_data/01_segmented/crops/crop_2026-01-13_15-40-38.top_left_CROPNUMBER_4_UUID_DROSO_01_SIM_19_F.json,00_data/02_resized/crops/crop_2026-01-13_15-40-38.top_left_CROPNUMBER_4_UUID_DROSO_01_SIM_19_F.jpg,crops,,00_data/01_segmented/crops/crop_2026-01-13_15-40-38.top_left_CROPNUMBER_4_UUID_DROSO_01_SIM_19_F.png,0.4609053497942387,3.857625,,80725,5.08599033203125
2026-01-13T16:22:42.229986,/data/d3dbcf42e05429343a8e1a5966e3bcf0/Epson Perfection V850/2026-01-13/2026-01-13_16-22-42/top_right,2026-01-13_16-22-42.top_right.jpg,/data/d3dbcf42e05429343a8e1a5966e3bcf0/Epson Perfection V850/2026-01-13/2026-01-13_16-22-42/top_right/2026-01-13_16-22-42.top_right.jpg,2026-01-13_16-22-42.top_right.thumb.jpg,a62b428f433471233371d44992128bb0,top_right,"[110.5, 45.0, 200.0, 135.0]",jpg,3200,0,epsonscan2,esci2:usb:ES00FE:337,Epson Perfection V850,d3dbcf42e05429343a8e1a5966e3bcf0,epsonscan2:Epson Perfection V850::esci2:usb:ES00FE:337,/data,{},DROSO_03_MEL_19_M,crop_2026-01-13_16-22-42.top_right_CROPNUMBER_14_UUID_DROSO_03_MEL_19_M.png,"[1456, 5271, 1889, 5637]",0.9352389574050904,1.0,00_data/01_segmented/crops,00_data/01_segmented/crops/crop_2026-01-13_16-22-42.top_right_CROPNUMBER_14_UUID_DROSO_03_MEL_19_M.json,00_data/02_resized/crops/crop_2026-01-13_16-22-42.top_right_CROPNUMBER_14_UUID_DROSO_03_MEL_19_M.jpg,crops,,00_data/01_segmented/crops/crop_2026-01-13_16-22-42.top_right_CROPNUMBER_14_UUID_DROSO_03_MEL_19_M.png,0.5173210161662818,3.4369375,,78723,4.95985651171875
2026-01-13T16:09:56.394761,/data/d3dbcf42e05429343a8e1a5966e3bcf0/Epson Perfection V850/2026-01-13/2026-01-13_16-09-56/top_right,2026-01-13_16-09-56.top_right.jpg,/data/d3dbcf42e05429343a8e1a5966e3bcf0/Epson Perfection V850/2026-01-13/2026-01-13_16-09-56/top_right/2026-01-13_16-09-56.top_right.jpg,2026-01-13_16-09-56.top_right.thumb.jpg,aee7ff74e98fd3cb0d78628f63d1119f,top_right,"[110.5, 45.0, 200.0, 135.0]",jpg,3200,0,epsonscan2,esci2:usb:ES00FE:337,Epson Perfection V850,d3dbcf42e05429343a8e1a5966e3bcf0,epsonscan2:Epson Perfection V850::esci2:usb:ES00FE:337,/data,{},DROSO_01_MEL_19_M,crop_2026-01-13_16-09-56.top_right_CROPNUMBER_59_UUID_DROSO_01_MEL_19_M.png,"[8894, 6402, 9152, 6849]",0.9257996082305908,1.0,00_data/01_segmented/crops,00_data/01_segmented/crops/crop_2026-01-13_16-09-56.top_right_CROPNUMBER_59_UUID_DROSO_01_MEL_19_M.json,00_data/02_resized/crops/crop_2026-01-13_16-09-56.top_right_CROPNUMBER_59_UUID_DROSO_01_MEL_19_M.jpg,crops,,00_data/01_segmented/crops/crop_2026-01-13_16-09-56.top_right_CROPNUMBER_59_UUID_DROSO_01_MEL_19_M.png,0.5011185682326622,3.5480624999999995,,69036,4.349537671875
2026-01-13T15:52:35.076944,/data/d3dbcf42e05429343a8e1a5966e3bcf0/Epson Perfection V850/2026-01-13/2026-01-13_15-52-35/top_right,2026-01-13_15-52-35.top_right.jpg,/data/d3dbcf42e05429343a8e1a5966e3bcf0/Epson Perfection V850/2026-01-13/2026-01-13_15-52-35/top_right/2026-01-13_15-52-35.top_right.jpg,2026-01-13_15-52-35.top_right.thumb.jpg,21ba2cf23da353b8d840e52696871b60,top_right,"[110.5, 45.0, 200.0, 135.0]",jpg,3200,0,epsonscan2,esci2:usb:ES00FE:337,Epson Perfection V850,d3dbcf42e05429343a8e1a5966e3bcf0,epsonscan2:Epson Perfection V850::esci2:usb:ES00FE:337,/data,{},DROSO_03_SIM_19_M,crop_2026-01-13_15-52-35.top_right_CROPNUMBER_0_UUID_DROSO_03_SIM_19_M.png,"[5450, 9348, 5932, 9795]",0.9480958580970764,0.6027106630904797,00_data/01_segmented/crops,00_data/01_segmented/crops/crop_2026-01-13_15-52-35.top_right_CROPNUMBER_0_UUID_DROSO_03_SIM_19_M.json,00_data/02_resized/crops/crop_2026-01-13_15-52-35.top_right_CROPNUMBER_0_UUID_DROSO_03_SIM_19_M.jpg,crops,,00_data/01_segmented/crops/crop_2026-01-13_15-52-35.top_right_CROPNUMBER_0_UUID_DROSO_03_SIM_19_M.png,0.46473029045643155,3.825875,,97327,6.1319811835937506
2026-01-13T16:09:56.394761,/data/d3dbcf42e05429343a8e1a5966e3bcf0/Epson Perfection V850/2026-01-13/2026-01-13_16-09-56/top_left,2026-01-13_16-09-56.top_left.jpg,/data/d3dbcf42e05429343a8e1a5966e3bcf0/Epson Perfection V850/2026-01-13/2026-01-13_16-09-56/top_left/2026-01-13_16-09-56.top_left.jpg,2026-01-13_16-09-56.top_left.thumb.jpg,788d0971822fc839506e3180de7f3b36,top_left,"[22.0, 45.0, 110.0, 135.0]",jpg,3200,0,epsonscan2,esci2:usb:ES00FE:337,Epson Perfection V850,d3dbcf42e05429343a8e1a5966e3bcf0,epsonscan2:Epson Perfection V850::esci2:usb:ES00FE:337,/data,{},DROSO_01_MEL_19_F,crop_2026-01-13_16-09-56.top_left_CROPNUMBER_14_UUID_DROSO_01_MEL_19_F.png,"[8469, 5393, 8999, 5801]",0.9412294626235962,0.6028218259357906,00_data/01_segmented/crops,00_data/01_segmented/crops/crop_2026-01-13_16-09-56.top_left_CROPNUMBER_14_UUID_DROSO_01_MEL_19_F.json,00_data/02_resized/crops/crop_2026-01-13_16-09-56.top_left_CROPNUMBER_14_UUID_DROSO_01_MEL_19_F.jpg,crops,,00_data/01_segmented/crops/crop_2026-01-13_16-09-56.top_left_CROPNUMBER_14_UUID_DROSO_01_MEL_19_F.png,0.4226415094339623,4.206874999999999,,98944,6.2338585
2026-01-13T16:17:02.422812,/data/d3dbcf42e05429343a8e1a5966e3bcf0/Epson Perfection V850/2026-01-13/2026-01-13_16-17-02/top_left,2026-01-13_16-17-02.top_left.jpg,/data/d3dbcf42e05429343a8e1a5966e3bcf0/Epson Perfection V850/2026-01-13/2026-01-13_16-17-02/top_left/2026-01-13_16-17-02.top_left.jpg,2026-01-13_16-17-02.top_left.thumb.jpg,73a37d7ec44337a23e2a64e1230cb14f,top_left,"[22.0, 45.0, 110.0, 135.0]",jpg,3200,0,epsonscan2,esci2:usb:ES00FE:337,Epson Perfection V850,d3dbcf42e05429343a8e1a5966e3bcf0,epsonscan2:Epson Perfection V850::esci2:usb:ES00FE:337,/data,{},DROSO_02_MEL_19_F,crop_2026-01-13_16-17-02.top_left_CROPNUMBER_24_UUID_DROSO_02_MEL_19_F.png,"[6702, 7678, 7051, 8185]",0.9333041906356812,0.6028218259357906,00_data/01_segmented/crops,00_data/01_segmented/crops/crop_2026-01-13_16-17-02.top_left_CROPNUMBER_24_UUID_DROSO_02_MEL_19_F.json,00_data/02_resized/crops/crop_2026-01-13_16-17-02.top_left_CROPNUMBER_24_UUID_DROSO_02_MEL_19_F.jpg,crops,,00_data/01_segmented/crops/crop_2026-01-13_16-17-02.top_left_CROPNUMBER_24_UUID_DROSO_02_MEL_19_F.png,0.4418145956607495,4.0243125,,89452,5.635825421875
2026-01-13T16:09:56.394761,/data/d3dbcf42e05429343a8e1a5966e3bcf0/Epson Perfection V850/2026-01-13/2026-01-13_16-09-56/top_left,2026-01-13_16-09-56.top_left.jpg,/data/d3dbcf42e05429343a8e1a5966e3bcf0/Epson Perfection V850/2026-01-13/2026-01-13_16-09-56/top_left/2026-01-13_16-09-56.top_left.jpg,2026-01-13_16-09-56.top_left.thumb.jpg,788d0971822fc839506e3180de7f3b36,top_left,"[22.0, 45.0, 110.0, 135.0]",jpg,3200,0,epsonscan2,esci2:usb:ES00FE:337,Epson Perfection V850,d3dbcf42e05429343a8e1a5966e3bcf0,epsonscan2:Epson Perfection V850::esci2:usb:ES00FE:337,/data,{},DROSO_01_MEL_19_F,crop_2026-01-13_16-09-56.top_left_CROPNUMBER_26_UUID_DROSO_01_MEL_19_F.png,"[6339, 9727, 6691, 10240]",0.9376333355903624,0.6028218259357906,00_data/01_segmented/crops,00_data/01_segmented/crops/crop_2026-01-13_16-09-56.top_left_CROPNUMBER_26_UUID_DROSO_01_MEL_19_F.json,00_data/02_resized/crops/crop_2026-01-13_16-09-56.top_left_CROPNUMBER_26_UUID_DROSO_01_MEL_19_F.jpg,crops,,00_data/01_segmented/crops/crop_2026-01-13_16-09-56.top_left_CROPNUMBER_26_UUID_DROSO_01_MEL_19_F.png,0.43664717348927873,4.0719375,,88430,5.5714354296875
2026-01-13T16:09:56.394761,/data/d3dbcf42e05429343a8e1a5966e3bcf0/Epson Perfection V850/2026-01-13/2026-01-13_16-09-56/top_right,2026-01-13_16-09-56.top_right.jpg,/data/d3dbcf42e05429343a8e1a5966e3bcf0/Epson Perfection V850/2026-01-13/2026-01-13_16-09-56/top_right/2026-01-13_16-09-56.top_right.jpg,2026-01-13_16-09-56.top_right.thumb.jpg,aee7ff74e98fd3cb0d78628f63d1119f,top_right,"[110.5, 45.0, 200.0, 135.0]",jpg,3200,0,epsonscan2,esci2:usb:ES00FE:337,Epson Perfection V850,d3dbcf42e05429343a8e1a5966e3bcf0,epsonscan2:Epson Perfection V850::esci2:usb:ES00FE:337,/data,{},DROSO_01_MEL_19_M,crop_2026-01-13_16-09-56.top_right_CROPNUMBER_9_UUID_DROSO_01_MEL_19_M.png,"[9954, 6213, 10415, 6617]",0.9447393417358398,1.0,00_data/01_segmented/crops,00_data/01_segmented/crops/crop_2026-01-13_16-09-56.top_right_CROPNUMBER_9_UUID_DROSO_01_MEL_19_M.json,00_data/02_resized/crops/crop_2026-01-13_16-09-56.top_right_CROPNUMBER_9_UUID_DROSO_01_MEL_19_M.jpg,crops,,00_data/01_segmented/crops/crop_2026-01-13_16-09-56.top_right_CROPNUMBER_9_UUID_DROSO_01_MEL_19_M.png,0.48590021691973967,3.6591875000000003,,85999,5.418272933593751
2026-01-13T15:58:15.447485,/data/d3dbcf42e05429343a8e1a5966e3bcf0/Epson Perfection V850/2026-01-13/2026-01-13_15-58-15/top_right,2026-01-13_15-58-15.top_right.jpg,/data/d3dbcf42e05429343a8e1a5966e3bcf0/Epson Perfection V850/2026-01-13/2026-01-13_15-58-15/top_right/2026-01-13_15-58-15.top_right.jpg,2026-01-13_15-58-15.top_right.thumb.jpg,f4b3f70693284ad9b6a7bd19eb02b3d5,top_right,"[110.5, 45.0, 200.0, 135.0]",jpg,3200,0,epsonscan2,esci2:usb:ES00FE:337,Epson Perfection V850,d3dbcf42e05429343a8e1a5966e3bcf0,epsonscan2:Epson Perfection V850::esci2:usb:ES00FE:337,/data,{},DROSO_04_SIM_19_M,crop_2026-01-13_15-58-15.top_right_CROPNUMBER_8_UUID_DROSO_04_SIM_19_M.png,"[3773, 9017, 4185, 9422]",0.9465747475624084,1.0,00_data/01_segmented/crops,00_data/01_segmented/crops/crop_2026-01-13_15-58-15.top_right_CROPNUMBER_8_UUID_DROSO_04_SIM_19_M.json,00_data/02_resized/crops/crop_2026-01-13_15-58-15.top_right_CROPNUMBER_8_UUID_DROSO_04_SIM_19_M.jpg,crops,,00_data/01_segmented/crops/crop_2026-01-13_15-58-15.top_right_CROPNUMBER_8_UUID_DROSO_04_SIM_19_M.png,0.5436893203883495,3.27025,,82635,5.20632779296875
2026-01-13T16:22:42.229986,/data/d3dbcf42e05429343a8e1a5966e3bcf0/Epson Perfection V850/2026-01-13/2026-01-13_16-22-42/top_left,2026-01-13_16-22-42.top_left.jpg,/data/d3dbcf42e05429343a8e1a5966e3bcf0/Epson Perfection V850/2026-01-13/2026-01-13_16-22-42/top_left/2026-01-13_16-22-42.top_left.jpg,2026-01-13_16-22-42.top_left.thumb.jpg,f331f82ac6dcbf4a1318ddee5307a618,top_left,"[22.0, 45.0, 110.0, 135.0]",jpg,3200,0,epsonscan2,esci2:usb:ES00FE:337,Epson Perfection V850,d3dbcf42e05429343a8e1a5966e3bcf0,epsonscan2:Epson Perfection V850::esci2:usb:ES00FE:337,/data,{},DROSO_03_MEL_19_F,crop_2026-01-13_16-22-42.top_left_CROPNUMBER_34_UUID_DROSO_03_MEL_19_F.png,"[452, 5913, 749, 6216]",0.8693522810935974,1.0,00_data/01_segmented/crops,00_data/01_segmented/crops/crop_2026-01-13_16-22-42.top_left_CROPNUMBER_34_UUID_DROSO_03_MEL_19_F.json,00_data/02_resized/crops/crop_2026-01-13_16-22-42.top_left_CROPNUMBER_34_UUID_DROSO_03_MEL_19_F.jpg,crops,,00_data/01_segmented/crops/crop_2026-01-13_16-22-42.top_left_CROPNUMBER_34_UUID_DROSO_03_MEL_19_F.png,0.7392739273927392,2.4050624999999997,,65990,4.1576277734375005
2026-01-13T16:17:02.422812,/data/d3dbcf42e05429343a8e1a5966e3bcf0/Epson Perfection V850/2026-01-13/2026-01-13_16-17-02/top_right,2026-01-13_16-17-02.top_right.jpg,/data/d3dbcf42e05429343a8e1a5966e3bcf0/Epson Perfection V850/2026-01-13/2026-01-13_16-17-02/top_right/2026-01-13_16-17-02.top_right.jpg,2026-01-13_16-17-02.top_right.thumb.jpg,dba0ed76fe036a6b6c2f125e044f31c3,top_right,"[110.5, 45.0, 200.0, 135.0]",jpg,3200,0,epsonscan2,esci2:usb:ES00FE:337,Epson Perfection V850,d3dbcf42e05429343a8e1a5966e3bcf0,epsonscan2:Epson Perfection V850::esci2:usb:ES00FE:337,/data,{},DROSO_02_MEL_19_M,crop_2026-01-13_16-17-02.top_right_CROPNUMBER_7_UUID_DROSO_02_MEL_19_M.png,"[1874, 7366, 2335, 7654]",0.9437342286109924,1.0,00_data/01_segmented/crops,00_data/01_segmented/crops/crop_2026-01-13_16-17-02.top_right_CROPNUMBER_7_UUID_DROSO_02_MEL_19_M.json,00_data/02_resized/crops/crop_2026-01-13_16-17-02.top_right_CROPNUMBER_7_UUID_DROSO_02_MEL_19_M.jpg,crops,,00_data/01_segmented/crops/crop_2026-01-13_16-17-02.top_right_CROPNUMBER_7_UUID_DROSO_02_MEL_19_M.png,0.48590021691973967,3.6591875000000003,,73662,4.640993742187501
2026-01-13T16:09:56.394761,/data/d3dbcf42e05429343a8e1a5966e3bcf0/Epson Perfection V850/2026-01-13/2026-01-13_16-09-56/top_right,2026-01-13_16-09-56.top_right.jpg,/data/d3dbcf42e05429343a8e1a5966e3bcf0/Epson Perfection V850/2026-01-13/2026-01-13_16-09-56/top_right/2026-01-13_16-09-56.top_right.jpg,2026-01-13_16-09-56.top_right.thumb.jpg,aee7ff74e98fd3cb0d78628f63d1119f,top_right,"[110.5, 45.0, 200.0, 135.0]",jpg,3200,0,epsonscan2,esci2:usb:ES00FE:337,Epson Perfection V850,d3dbcf42e05429343a8e1a5966e3bcf0,epsonscan2:Epson Perfection V850::esci2:usb:ES00FE:337,/data,{},DROSO_01_MEL_19_M,crop_2026-01-13_16-09-56.top_right_CROPNUMBER_23_UUID_DROSO_01_MEL_19_M.png,"[7290, 8656, 7739, 8949]",0.9397603273391724,1.0,00_data/01_segmented/crops,00_data/01_segmented/crops/crop_2026-01-13_16-09-56.top_right_CROPNUMBER_23_UUID_DROSO_01_MEL_19_M.json,00_data/02_resized/crops/crop_2026-01-13_16-09-56.top_right_CROPNUMBER_23_UUID_DROSO_01_MEL_19_M.jpg,crops,,00_data/01_segmented/crops/crop_2026-01-13_16-09-56.top_right_CROPNUMBER_23_UUID_DROSO_01_MEL_19_M.png,0.49888641425389757,3.5639374999999998,,72494,4.5674051796875
2026-01-13T16:22:42.229986,/data/d3dbcf42e05429343a8e1a5966e3bcf0/Epson Perfection V850/2026-01-13/2026-01-13_16-22-42/top_right,2026-01-13_16-22-42.top_right.jpg,/data/d3dbcf42e05429343a8e1a5966e3bcf0/Epson Perfection V850/2026-01-13/2026-01-13_16-22-42/top_right/2026-01-13_16-22-42.top_right.jpg,2026-01-13_16-22-42.top_right.thumb.jpg,a62b428f433471233371d44992128bb0,top_right,"[110.5, 45.0, 200.0, 135.0]",jpg,3200,0,epsonscan2,esci2:usb:ES00FE:337,Epson Perfection V850,d3dbcf42e05429343a8e1a5966e3bcf0,epsonscan2:Epson Perfection V850::esci2:usb:ES00FE:337,/data,{},DROSO_03_MEL_19_M,crop_2026-01-13_16-22-42.top_right_CROPNUMBER_17_UUID_DROSO_03_MEL_19_M.png,"[7524, 6893, 7813, 7345]",0.933756947517395,1.0,00_data/01_segmented/crops,00_data/01_segmented/crops/crop_2026-01-13_16-22-42.top_right_CROPNUMBER_17_UUID_DROSO_03_MEL_19_M.json,00_data/02_resized/crops/crop_2026-01-13_16-22-42.top_right_CROPNUMBER_17_UUID_DROSO_03_MEL_19_M.jpg,crops,,00_data/01_segmented/crops/crop_2026-01-13_16-22-42.top_right_CROPNUMBER_17_UUID_DROSO_03_MEL_19_M.png,0.49557522123893805,3.5877499999999993,,74143,4.67129862109375
2026-01-13T16:22:42.229986,/data/d3dbcf42e05429343a8e1a5966e3bcf0/Epson Perfection V850/2026-01-13/2026-01-13_16-22-42/top_right,2026-01-13_16-22-42.top_right.jpg,/data/d3dbcf42e05429343a8e1a5966e3bcf0/Epson Perfection V850/2026-01-13/2026-01-13_16-22-42/top_right/2026-01-13_16-22-42.top_right.jpg,2026-01-13_16-22-42.top_right.thumb.jpg,a62b428f433471233371d44992128bb0,top_right,"[110.5, 45.0, 200.0, 135.0]",jpg,3200,0,epsonscan2,esci2:usb:ES00FE:337,Epson Perfection V850,d3dbcf42e05429343a8e1a5966e3bcf0,epsonscan2:Epson Perfection V850::esci2:usb:ES00FE:337,/data,{},DROSO_03_MEL_19_M,crop_2026-01-13_16-22-42.top_right_CROPNUMBER_8_UUID_DROSO_03_MEL_19_M.png,"[1884, 6382, 2343, 6670]",0.9408165216445924,1.0,00_data/01_segmented/crops,00_data/01_segmented/crops/crop_2026-01-13_16-22-42.top_right_CROPNUMBER_8_UUID_DROSO_03_MEL_19_M.json,00_data/02_resized/crops/crop_2026-01-13_16-22-42.top_right_CROPNUMBER_8_UUID_DROSO_03_MEL_19_M.jpg,crops,,00_data/01_segmented/crops/crop_2026-01-13_16-22-42.top_right_CROPNUMBER_8_UUID_DROSO_03_MEL_19_M.png,0.4880174291938998,3.6433124999999995,,70944,4.469749125
2026-01-13T16:09:56.394761,/data/d3dbcf42e05429343a8e1a5966e3bcf0/Epson Perfection V850/2026-01-13/2026-01-13_16-09-56/top_right,2026-01-13_16-09-56.top_right.jpg,/data/d3dbcf42e05429343a8e1a5966e3bcf0/Epson Perfection V850/2026-01-13/2026-01-13_16-09-56/top_right/2026-01-13_16-09-56.top_right.jpg,2026-01-13_16-09-56.top_right.thumb.jpg,aee7ff74e98fd3cb0d78628f63d1119f,top_right,"[110.5, 45.0, 200.0, 135.0]",jpg,3200,0,epsonscan2,esci2:usb:ES00FE:337,Epson Perfection V850,d3dbcf42e05429343a8e1a5966e3bcf0,epsonscan2:Epson Perfection V850::esci2:usb:ES00FE:337,/data,{},DROSO_01_MEL_19_M,crop_2026-01-13_16-09-56.top_right_CROPNUMBER_13_UUID_DROSO_01_MEL_19_M.png,"[6628, 7129, 7120, 7387]",0.943842113018036,1.0,00_data/01_segmented/crops,00_data/01_segmented/crops/crop_2026-01-13_16-09-56.top_right_CROPNUMBER_13_UUID_DROSO_01_MEL_19_M.json,00_data/02_resized/crops/crop_2026-01-13_16-09-56.top_right_CROPNUMBER_13_UUID_DROSO_01_MEL_19_M.jpg,crops,,00_data/01_segmented/crops/crop_2026-01-13_16-09-56.top_right_CROPNUMBER_13_UUID_DROSO_01_MEL_19_M.png,0.45528455284552843,3.9052499999999997,,81493,5.13437733203125
2026-01-13T16:22:42.229986,/data/d3dbcf42e05429343a8e1a5966e3bcf0/Epson Perfection V850/2026-01-13/2026-01-13_16-22-42/top_left,2026-01-13_16-22-42.top_left.jpg,/data/d3dbcf42e05429343a8e1a5966e3bcf0/Epson Perfection V850/2026-01-13/2026-01-13_16-22-42/top_left/2026-01-13_16-22-42.top_left.jpg,2026-01-13_16-22-42.top_left.thumb.jpg,f331f82ac6dcbf4a1318ddee5307a618,top_left,"[22.0, 45.0, 110.0, 135.0]",jpg,3200,0,epsonscan2,esci2:usb:ES00FE:337,Epson Perfection V850,d3dbcf42e05429343a8e1a5966e3bcf0,epsonscan2:Epson Perfection V850::esci2:usb:ES00FE:337,/data,{},DROSO_03_MEL_19_F,crop_2026-01-13_16-22-42.top_left_CROPNUMBER_19_UUID_DROSO_03_MEL_19_F.png,"[7028, 5806, 7495, 6251]",0.9353235363960266,1.0,00_data/01_segmented/crops,00_data/01_segmented/crops/crop_2026-01-13_16-22-42.top_left_CROPNUMBER_19_UUID_DROSO_03_MEL_19_F.json,00_data/02_resized/crops/crop_2026-01-13_16-22-42.top_left_CROPNUMBER_19_UUID_DROSO_03_MEL_19_F.jpg,crops,,00_data/01_segmented/crops/crop_2026-01-13_16-22-42.top_left_CROPNUMBER_19_UUID_DROSO_03_MEL_19_F.png,0.4796573875802998,3.7068125,,93193,5.87152303515625
2026-01-13T16:17:02.422812,/data/d3dbcf42e05429343a8e1a5966e3bcf0/Epson Perfection V850/2026-01-13/2026-01-13_16-17-02/top_left,2026-01-13_16-17-02.top_left.jpg,/data/d3dbcf42e05429343a8e1a5966e3bcf0/Epson Perfection V850/2026-01-13/2026-01-13_16-17-02/top_left/2026-01-13_16-17-02.top_left.jpg,2026-01-13_16-17-02.top_left.thumb.jpg,73a37d7ec44337a23e2a64e1230cb14f,top_left,"[22.0, 45.0, 110.0, 135.0]",jpg,3200,0,epsonscan2,esci2:usb:ES00FE:337,Epson Perfection V850,d3dbcf42e05429343a8e1a5966e3bcf0,epsonscan2:Epson Perfection V850::esci2:usb:ES00FE:337,/data,{},DROSO_02_MEL_19_F,crop_2026-01-13_16-17-02.top_left_CROPNUMBER_22_UUID_DROSO_02_MEL_19_F.png,"[5673, 6556, 6070, 6972]",0.935724914073944,0.4017623182952236,00_data/01_segmented/crops,00_data/01_segmented/crops/crop_2026-01-13_16-17-02.top_left_CROPNUMBER_22_UUID_DROSO_02_MEL_19_F.json,00_data/02_resized/crops/crop_2026-01-13_16-17-02.top_left_CROPNUMBER_22_UUID_DROSO_02_MEL_19_F.jpg,crops,,00_data/01_segmented/crops/crop_2026-01-13_16-17-02.top_left_CROPNUMBER_22_UUID_DROSO_02_MEL_19_F.png,0.5384615384615384,3.302,,83032,5.23134034375
2026-01-13T16:04:10.629205,/data/d3dbcf42e05429343a8e1a5966e3bcf0/Epson Perfection V850/2026-01-13/2026-01-13_16-04-10/top_left,2026-01-13_16-04-10.top_left.jpg,/data/d3dbcf42e05429343a8e1a5966e3bcf0/Epson Perfection V850/2026-01-13/2026-01-13_16-04-10/top_left/2026-01-13_16-04-10.top_left.jpg,2026-01-13_16-04-10.top_left.thumb.jpg,e5f859616a1ebf20cb8f61da5b2008c2,top_left,"[22.0, 45.0, 110.0, 135.0]",jpg,3200,0,epsonscan2,esci2:usb:ES00FE:337,Epson Perfection V850,d3dbcf42e05429343a8e1a5966e3bcf0,epsonscan2:Epson Perfection V850::esci2:usb:ES00FE:337,/data,{},DROSO_05_SIM_19_F,crop_2026-01-13_16-04-10.top_left_CROPNUMBER_15_UUID_DROSO_05_SIM_19_F.png,"[2618, 5733, 3103, 6070]",0.9345464706420898,1.0,00_data/01_segmented/crops,00_data/01_segmented/crops/crop_2026-01-13_16-04-10.top_left_CROPNUMBER_15_UUID_DROSO_05_SIM_19_F.json,00_data/02_resized/crops/crop_2026-01-13_16-04-10.top_left_CROPNUMBER_15_UUID_DROSO_05_SIM_19_F.jpg,crops,,00_data/01_segmented/crops/crop_2026-01-13_16-04-10.top_left_CROPNUMBER_15_UUID_DROSO_05_SIM_19_F.png,0.4618556701030928,3.8496874999999995,,83681,5.27222987890625
2026-01-13T16:09:56.394761,/data/d3dbcf42e05429343a8e1a5966e3bcf0/Epson Perfection V850/2026-01-13/2026-01-13_16-09-56/top_left,2026-01-13_16-09-56.top_left.jpg,/data/d3dbcf42e05429343a8e1a5966e3bcf0/Epson Perfection V850/2026-01-13/2026-01-13_16-09-56/top_left/2026-01-13_16-09-56.top_left.jpg,2026-01-13_16-09-56.top_left.thumb.jpg,788d0971822fc839506e3180de7f3b36,top_left,"[22.0, 45.0, 110.0, 135.0]",jpg,3200,0,epsonscan2,esci2:usb:ES00FE:337,Epson Perfection V850,d3dbcf42e05429343a8e1a5966e3bcf0,epsonscan2:Epson Perfection V850::esci2:usb:ES00FE:337,/data,{},DROSO_01_MEL_19_F,crop_2026-01-13_16-09-56.top_left_CROPNUMBER_25_UUID_DROSO_01_MEL_19_F.png,"[7336, 6149, 7793, 6496]",0.93780118227005,1.0,00_data/01_segmented/crops,00_data/01_segmented/crops/crop_2026-01-13_16-09-56.top_left_CROPNUMBER_25_UUID_DROSO_01_MEL_19_F.json,00_data/02_resized/crops/crop_2026-01-13_16-09-56.top_left_CROPNUMBER_25_UUID_DROSO_01_MEL_19_F.jpg,crops,,00_data/01_segmented/crops/crop_2026-01-13_16-09-56.top_left_CROPNUMBER_25_UUID_DROSO_01_MEL_19_F.png,0.49015317286652077,3.6274375,,89659,5.64886723046875
2026-01-13T16:09:56.394761,/data/d3dbcf42e05429343a8e1a5966e3bcf0/Epson Perfection V850/2026-01-13/2026-01-13_16-09-56/top_left,2026-01-13_16-09-56.top_left.jpg,/data/d3dbcf42e05429343a8e1a5966e3bcf0/Epson Perfection V850/2026-01-13/2026-01-13_16-09-56/top_left/2026-01-13_16-09-56.top_left.jpg,2026-01-13_16-09-56.top_left.thumb.jpg,788d0971822fc839506e3180de7f3b36,top_left,"[22.0, 45.0, 110.0, 135.0]",jpg,3200,0,epsonscan2,esci2:usb:ES00FE:337,Epson Perfection V850,d3dbcf42e05429343a8e1a5966e3bcf0,epsonscan2:Epson Perfection V850::esci2:usb:ES00FE:337,/data,{},DROSO_01_MEL_19_F,crop_2026-01-13_16-09-56.top_left_CROPNUMBER_38_UUID_DROSO_01_MEL_19_F.png,"[2391, 7788, 2708, 8312]",0.9304898381233216,0.6028218259357906,00_data/01_segmented/crops,00_data/01_segmented/crops/crop_2026-01-13_16-09-56.top_left_CROPNUMBER_38_UUID_DROSO_01_MEL_19_F.json,00_data/02_resized/crops/crop_2026-01-13_16-09-56.top_left_CROPNUMBER_38_UUID_DROSO_01_MEL_19_F.jpg,crops,,00_data/01_segmented/crops/crop_2026-01-13_16-09-56.top_left_CROPNUMBER_38_UUID_DROSO_01_MEL_19_F.png,0.42748091603053434,4.15925,,105235,6.63021607421875
2026-01-13T16:17:02.422812,/data/d3dbcf42e05429343a8e1a5966e3bcf0/Epson Perfection V850/2026-01-13/2026-01-13_16-17-02/top_right,2026-01-13_16-17-02.top_right.jpg,/data/d3dbcf42e05429343a8e1a5966e3bcf0/Epson Perfection V850/2026-01-13/2026-01-13_16-17-02/top_right/2026-01-13_16-17-02.top_right.jpg,2026-01-13_16-17-02.top_right.thumb.jpg,dba0ed76fe036a6b6c2f125e044f31c3,top_right,"[110.5, 45.0, 200.0, 135.0]",jpg,3200,0,epsonscan2,esci2:usb:ES00FE:337,Epson Perfection V850,d3dbcf42e05429343a8e1a5966e3bcf0,epsonscan2:Epson Perfection V850::esci2:usb:ES00FE:337,/data,{},DROSO_02_MEL_19_M,crop_2026-01-13_16-17-02.top_right_CROPNUMBER_8_UUID_DROSO_02_MEL_19_M.png,"[3473, 9208, 3915, 9619]",0.9437240362167358,1.0,00_data/01_segmented/crops,00_data/01_segmented/crops/crop_2026-01-13_16-17-02.top_right_CROPNUMBER_8_UUID_DROSO_02_MEL_19_M.json,00_data/02_resized/crops/crop_2026-01-13_16-17-02.top_right_CROPNUMBER_8_UUID_DROSO_02_MEL_19_M.jpg,crops,,00_data/01_segmented/crops/crop_2026-01-13_16-17-02.top_right_CROPNUMBER_8_UUID_DROSO_02_MEL_19_M.png,0.5067873303167421,3.5083749999999996,,83690,5.2727969140625
2026-01-13T16:09:56.394761,/data/d3dbcf42e05429343a8e1a5966e3bcf0/Epson Perfection V850/2026-01-13/2026-01-13_16-09-56/top_right,2026-01-13_16-09-56.top_right.jpg,/data/d3dbcf42e05429343a8e1a5966e3bcf0/Epson Perfection V850/2026-01-13/2026-01-13_16-09-56/top_right/2026-01-13_16-09-56.top_right.jpg,2026-01-13_16-09-56.top_right.thumb.jpg,aee7ff74e98fd3cb0d78628f63d1119f,top_right,"[110.5, 45.0, 200.0, 135.0]",jpg,3200,0,epsonscan2,esci2:usb:ES00FE:337,Epson Perfection V850,d3dbcf42e05429343a8e1a5966e3bcf0,epsonscan2:Epson Perfection V850::esci2:usb:ES00FE:337,/data,{},DROSO_01_MEL_19_M,crop_2026-01-13_16-09-56.top_right_CROPNUMBER_20_UUID_DROSO_01_MEL_19_M.png,"[3741, 6716, 4214, 7015]",0.9408853054046632,1.0,00_data/01_segmented/crops,00_data/01_segmented/crops/crop_2026-01-13_16-09-56.top_right_CROPNUMBER_20_UUID_DROSO_01_MEL_19_M.json,00_data/02_resized/crops/crop_2026-01-13_16-09-56.top_right_CROPNUMBER_20_UUID_DROSO_01_MEL_19_M.jpg,crops,,00_data/01_segmented/crops/crop_2026-01-13_16-09-56.top_right_CROPNUMBER_20_UUID_DROSO_01_MEL_19_M.png,0.47357293868921774,3.7544375000000003,,76864,4.84273225
2026-01-13T16:04:10.629205,/data/d3dbcf42e05429343a8e1a5966e3bcf0/Epson Perfection V850/2026-01-13/2026-01-13_16-04-10/top_left,2026-01-13_16-04-10.top_left.jpg,/data/d3dbcf42e05429343a8e1a5966e3bcf0/Epson Perfection V850/2026-01-13/2026-01-13_16-04-10/top_left/2026-01-13_16-04-10.top_left.jpg,2026-01-13_16-04-10.top_left.thumb.jpg,e5f859616a1ebf20cb8f61da5b2008c2,top_left,"[22.0, 45.0, 110.0, 135.0]",jpg,3200,0,epsonscan2,esci2:usb:ES00FE:337,Epson Perfection V850,d3dbcf42e05429343a8e1a5966e3bcf0,epsonscan2:Epson Perfection V850::esci2:usb:ES00FE:337,/data,{},DROSO_05_SIM_19_F,crop_2026-01-13_16-04-10.top_left_CROPNUMBER_7_UUID_DROSO_05_SIM_19_F.png,"[5153, 8130, 5593, 8534]",0.9431460499763488,1.0,00_data/01_segmented/crops,00_data/01_segmented/crops/crop_2026-01-13_16-04-10.top_left_CROPNUMBER_7_UUID_DROSO_05_SIM_19_F.json,00_data/02_resized/crops/crop_2026-01-13_16-04-10.top_left_CROPNUMBER_7_UUID_DROSO_05_SIM_19_F.jpg,crops,,00_data/01_segmented/crops/crop_2026-01-13_16-04-10.top_left_CROPNUMBER_7_UUID_DROSO_05_SIM_19_F.png,0.509090909090909,3.4925,,82908,5.223527859375
2026-01-13T15:46:54.437940,/data/d3dbcf42e05429343a8e1a5966e3bcf0/Epson Perfection V850/2026-01-13/2026-01-13_15-46-54/top_right,2026-01-13_15-46-54.top_right.jpg,/data/d3dbcf42e05429343a8e1a5966e3bcf0/Epson Perfection V850/2026-01-13/2026-01-13_15-46-54/top_right/2026-01-13_15-46-54.top_right.jpg,2026-01-13_15-46-54.top_right.thumb.jpg,8cfcebfb20b3b3b2bc86ba50975b08d9,top_right,"[110.5, 45.0, 200.0, 135.0]",jpg,3200,0,epsonscan2,esci2:usb:ES00FE:337,Epson Perfection V850,d3dbcf42e05429343a8e1a5966e3bcf0,epsonscan2:Epson Perfection V850::esci2:usb:ES00FE:337,/data,{},DROSO_02_SIM_19_M,crop_2026-01-13_15-46-54.top_right_CROPNUMBER_2_UUID_DROSO_02_SIM_19_M.png,"[4226, 7575, 4599, 8025]",0.9487276077270508,1.0,00_data/01_segmented/crops,00_data/01_segmented/crops/crop_2026-01-13_15-46-54.top_right_CROPNUMBER_2_UUID_DROSO_02_SIM_19_M.json,00_data/02_resized/crops/crop_2026-01-13_15-46-54.top_right_CROPNUMBER_2_UUID_DROSO_02_SIM_19_M.jpg,crops,,00_data/01_segmented/crops/crop_2026-01-13_15-46-54.top_right_CROPNUMBER_2_UUID_DROSO_02_SIM_19_M.png,0.49777777777777776,3.571875,,72253,4.55222123828125
2026-01-13T16:22:42.229986,/data/d3dbcf42e05429343a8e1a5966e3bcf0/Epson Perfection V850/2026-01-13/2026-01-13_16-22-42/top_right,2026-01-13_16-22-42.top_right.jpg,/data/d3dbcf42e05429343a8e1a5966e3bcf0/Epson Perfection V850/2026-01-13/2026-01-13_16-22-42/top_right/2026-01-13_16-22-42.top_right.jpg,2026-01-13_16-22-42.top_right.thumb.jpg,a62b428f433471233371d44992128bb0,top_right,"[110.5, 45.0, 200.0, 135.0]",jpg,3200,0,epsonscan2,esci2:usb:ES00FE:337,Epson Perfection V850,d3dbcf42e05429343a8e1a5966e3bcf0,epsonscan2:Epson Perfection V850::esci2:usb:ES00FE:337,/data,{},DROSO_03_MEL_19_M,crop_2026-01-13_16-22-42.top_right_CROPNUMBER_2_UUID_DROSO_03_MEL_19_M.png,"[4138, 5394, 4596, 5780]",0.950148582458496,1.0,00_data/01_segmented/crops,00_data/01_segmented/crops/crop_2026-01-13_16-22-42.top_right_CROPNUMBER_2_UUID_DROSO_03_MEL_19_M.json,00_data/02_resized/crops/crop_2026-01-13_16-22-42.top_right_CROPNUMBER_2_UUID_DROSO_03_MEL_19_M.jpg,crops,,00_data/01_segmented/crops/crop_2026-01-13_16-22-42.top_right_CROPNUMBER_2_UUID_DROSO_03_MEL_19_M.png,0.4890829694323144,3.635375,,76878,4.843614304687501
2026-01-13T15:58:15.447485,/data/d3dbcf42e05429343a8e1a5966e3bcf0/Epson Perfection V850/2026-01-13/2026-01-13_15-58-15/top_left,2026-01-13_15-58-15.top_left.jpg,/data/d3dbcf42e05429343a8e1a5966e3bcf0/Epson Perfection V850/2026-01-13/2026-01-13_15-58-15/top_left/2026-01-13_15-58-15.top_left.jpg,2026-01-13_15-58-15.top_left.thumb.jpg,06b4b76a8baf9e9d6a949609e6c4b9d4,top_left,"[22.0, 45.0, 110.0, 135.0]",jpg,3200,0,epsonscan2,esci2:usb:ES00FE:337,Epson Perfection V850,d3dbcf42e05429343a8e1a5966e3bcf0,epsonscan2:Epson Perfection V850::esci2:usb:ES00FE:337,/data,{},DROSO_04_SIM_19_F,crop_2026-01-13_15-58-15.top_left_CROPNUMBER_25_UUID_DROSO_04_SIM_19_F.png,"[3053, 9540, 3420, 9938]",0.9227157235145568,1.0,00_data/01_segmented/crops,00_data/01_segmented/crops/crop_2026-01-13_15-58-15.top_left_CROPNUMBER_25_UUID_DROSO_04_SIM_19_F.json,00_data/02_resized/crops/crop_2026-01-13_15-58-15.top_left_CROPNUMBER_25_UUID_DROSO_04_SIM_19_F.jpg,crops,,00_data/01_segmented/crops/crop_2026-01-13_15-58-15.top_left_CROPNUMBER_25_UUID_DROSO_04_SIM_19_F.png,0.5628140703517588,3.159125,,71825,4.52525556640625
2026-01-13T16:22:42.229986,/data/d3dbcf42e05429343a8e1a5966e3bcf0/Epson Perfection V850/2026-01-13/2026-01-13_16-22-42/top_right,2026-01-13_16-22-42.top_right.jpg,/data/d3dbcf42e05429343a8e1a5966e3bcf0/Epson Perfection V850/2026-01-13/2026-01-13_16-22-42/top_right/2026-01-13_16-22-42.top_right.jpg,2026-01-13_16-22-42.top_right.thumb.jpg,a62b428f433471233371d44992128bb0,top_right,"[110.5, 45.0, 200.0, 135.0]",jpg,3200,0,epsonscan2,esci2:usb:ES00FE:337,Epson Perfection V850,d3dbcf42e05429343a8e1a5966e3bcf0,epsonscan2:Epson Perfection V850::esci2:usb:ES00FE:337,/data,{},DROSO_03_MEL_19_M,crop_2026-01-13_16-22-42.top_right_CROPNUMBER_21_UUID_DROSO_03_MEL_19_M.png,"[2513, 7088, 3046, 7426]",0.931975483894348,0.6027106630904797,00_data/01_segmented/crops,00_data/01_segmented/crops/crop_2026-01-13_16-22-42.top_right_CROPNUMBER_21_UUID_DROSO_03_MEL_19_M.json,00_data/02_resized/crops/crop_2026-01-13_16-22-42.top_right_CROPNUMBER_21_UUID_DROSO_03_MEL_19_M.jpg,crops,,00_data/01_segmented/crops/crop_2026-01-13_16-22-42.top_right_CROPNUMBER_21_UUID_DROSO_03_MEL_19_M.png,0.4202626641651032,4.2306875,,83082,5.2344905390625005
2026-01-13T16:09:56.394761,/data/d3dbcf42e05429343a8e1a5966e3bcf0/Epson Perfection V850/2026-01-13/2026-01-13_16-09-56/top_left,2026-01-13_16-09-56.top_left.jpg,/data/d3dbcf42e05429343a8e1a5966e3bcf0/Epson Perfection V850/2026-01-13/2026-01-13_16-09-56/top_left/2026-01-13_16-09-56.top_left.jpg,2026-01-13_16-09-56.top_left.thumb.jpg,788d0971822fc839506e3180de7f3b36,top_left,"[22.0, 45.0, 110.0, 135.0]",jpg,3200,0,epsonscan2,esci2:usb:ES00FE:337,Epson Perfection V850,d3dbcf42e05429343a8e1a5966e3bcf0,epsonscan2:Epson Perfection V850::esci2:usb:ES00FE:337,/data,{},DROSO_01_MEL_19_F,crop_2026-01-13_16-09-56.top_left_CROPNUMBER_33_UUID_DROSO_01_MEL_19_F.png,"[2127, 6461, 2494, 6958]",0.933105170726776,0.6028218259357906,00_data/01_segmented/crops,00_data/01_segmented/crops/crop_2026-01-13_16-09-56.top_left_CROPNUMBER_33_UUID_DROSO_01_MEL_19_F.json,00_data/02_resized/crops/crop_2026-01-13_16-09-56.top_left_CROPNUMBER_33_UUID_DROSO_01_MEL_19_F.jpg,crops,,00_data/01_segmented/crops/crop_2026-01-13_16-09-56.top_left_CROPNUMBER_33_UUID_DROSO_01_MEL_19_F.png,0.4507042253521127,3.9449374999999995,,88016,5.545351812500001
2026-01-13T15:58:15.447485,/data/d3dbcf42e05429343a8e1a5966e3bcf0/Epson Perfection V850/2026-01-13/2026-01-13_15-58-15/top_left,2026-01-13_15-58-15.top_left.jpg,/data/d3dbcf42e05429343a8e1a5966e3bcf0/Epson Perfection V850/2026-01-13/2026-01-13_15-58-15/top_left/2026-01-13_15-58-15.top_left.jpg,2026-01-13_15-58-15.top_left.thumb.jpg,06b4b76a8baf9e9d6a949609e6c4b9d4,top_left,"[22.0, 45.0, 110.0, 135.0]",jpg,3200,0,epsonscan2,esci2:usb:ES00FE:337,Epson Perfection V850,d3dbcf42e05429343a8e1a5966e3bcf0,epsonscan2:Epson Perfection V850::esci2:usb:ES00FE:337,/data,{},DROSO_04_SIM_19_F,crop_2026-01-13_15-58-15.top_left_CROPNUMBER_8_UUID_DROSO_04_SIM_19_F.png,"[4538, 7385, 5014, 7696]",0.9377391934394836,0.6028218259357906,00_data/01_segmented/crops,00_data/01_segmented/crops/crop_2026-01-13_15-58-15.top_left_CROPNUMBER_8_UUID_DROSO_04_SIM_19_F.json,00_data/02_resized/crops/crop_2026-01-13_15-58-15.top_left_CROPNUMBER_8_UUID_DROSO_04_SIM_19_F.jpg,crops,,00_data/01_segmented/crops/crop_2026-01-13_15-58-15.top_left_CROPNUMBER_8_UUID_DROSO_04_SIM_19_F.png,0.47058823529411764,3.7782499999999994,,70788,4.459920515625
2026-01-13T16:17:02.422812,/data/d3dbcf42e05429343a8e1a5966e3bcf0/Epson Perfection V850/2026-01-13/2026-01-13_16-17-02/top_left,2026-01-13_16-17-02.top_left.jpg,/data/d3dbcf42e05429343a8e1a5966e3bcf0/Epson Perfection V850/2026-01-13/2026-01-13_16-17-02/top_left/2026-01-13_16-17-02.top_left.jpg,2026-01-13_16-17-02.top_left.thumb.jpg,73a37d7ec44337a23e2a64e1230cb14f,top_left,"[22.0, 45.0, 110.0, 135.0]",jpg,3200,0,epsonscan2,esci2:usb:ES00FE:337,Epson Perfection V850,d3dbcf42e05429343a8e1a5966e3bcf0,epsonscan2:Epson Perfection V850::esci2:usb:ES00FE:337,/data,{},DROSO_02_MEL_19_F,crop_2026-01-13_16-17-02.top_left_CROPNUMBER_14_UUID_DROSO_02_MEL_19_F.png,"[4729, 5937, 5255, 6454]",0.9399247169494628,0.6028218259357906,00_data/01_segmented/crops,00_data/01_segmented/crops/crop_2026-01-13_16-17-02.top_left_CROPNUMBER_14_UUID_DROSO_02_MEL_19_F.json,00_data/02_resized/crops/crop_2026-01-13_16-17-02.top_left_CROPNUMBER_14_UUID_DROSO_02_MEL_19_F.jpg,crops,,00_data/01_segmented/crops/crop_2026-01-13_16-17-02.top_left_CROPNUMBER_14_UUID_DROSO_02_MEL_19_F.png,0.42585551330798477,4.1751249999999995,,103870,6.5442157421875
2026-01-13T16:22:42.229986,/data/d3dbcf42e05429343a8e1a5966e3bcf0/Epson Perfection V850/2026-01-13/2026-01-13_16-22-42/top_left,2026-01-13_16-22-42.top_left.jpg,/data/d3dbcf42e05429343a8e1a5966e3bcf0/Epson Perfection V850/2026-01-13/2026-01-13_16-22-42/top_left/2026-01-13_16-22-42.top_left.jpg,2026-01-13_16-22-42.top_left.thumb.jpg,f331f82ac6dcbf4a1318ddee5307a618,top_left,"[22.0, 45.0, 110.0, 135.0]",jpg,3200,0,epsonscan2,esci2:usb:ES00FE:337,Epson Perfection V850,d3dbcf42e05429343a8e1a5966e3bcf0,epsonscan2:Epson Perfection V850::esci2:usb:ES00FE:337,/data,{},DROSO_03_MEL_19_F,crop_2026-01-13_16-22-42.top_left_CROPNUMBER_24_UUID_DROSO_03_MEL_19_F.png,"[7310, 8034, 7785, 8354]",0.933513045310974,1.0,00_data/01_segmented/crops,00_data/01_segmented/crops/crop_2026-01-13_16-22-42.top_left_CROPNUMBER_24_UUID_DROSO_03_MEL_19_F.json,00_data/02_resized/crops/crop_2026-01-13_16-22-42.top_left_CROPNUMBER_24_UUID_DROSO_03_MEL_19_F.jpg,crops,,00_data/01_segmented/crops/crop_2026-01-13_16-22-42.top_left_CROPNUMBER_24_UUID_DROSO_03_MEL_19_F.png,0.47157894736842104,3.7703124999999997,,81125,5.111191894531251
2026-01-13T16:09:56.394761,/data/d3dbcf42e05429343a8e1a5966e3bcf0/Epson Perfection V850/2026-01-13/2026-01-13_16-09-56/top_left,2026-01-13_16-09-56.top_left.jpg,/data/d3dbcf42e05429343a8e1a5966e3bcf0/Epson Perfection V850/2026-01-13/2026-01-13_16-09-56/top_left/2026-01-13_16-09-56.top_left.jpg,2026-01-13_16-09-56.top_left.thumb.jpg,788d0971822fc839506e3180de7f3b36,top_left,"[22.0, 45.0, 110.0, 135.0]",jpg,3200,0,epsonscan2,esci2:usb:ES00FE:337,Epson Perfection V850,d3dbcf42e05429343a8e1a5966e3bcf0,epsonscan2:Epson Perfection V850::esci2:usb:ES00FE:337,/data,{},DROSO_01_MEL_19_F,crop_2026-01-13_16-09-56.top_left_CROPNUMBER_35_UUID_DROSO_01_MEL_19_F.png,"[4841, 9522, 5324, 9996]",0.9319663643836976,0.6028218259357906,00_data/01_segmented/crops,00_data/01_segmented/crops/crop_2026-01-13_16-09-56.top_left_CROPNUMBER_35_UUID_DROSO_01_MEL_19_F.json,00_data/02_resized/crops/crop_2026-01-13_16-09-56.top_left_CROPNUMBER_35_UUID_DROSO_01_MEL_19_F.jpg,crops,,00_data/01_segmented/crops/crop_2026-01-13_16-09-56.top_left_CROPNUMBER_35_UUID_DROSO_01_MEL_19_F.png,0.463768115942029,3.8338124999999996,,89353,5.62958803515625
2026-01-13T15:46:54.437940,/data/d3dbcf42e05429343a8e1a5966e3bcf0/Epson Perfection V850/2026-01-13/2026-01-13_15-46-54/top_left,2026-01-13_15-46-54.top_left.jpg,/data/d3dbcf42e05429343a8e1a5966e3bcf0/Epson Perfection V850/2026-01-13/2026-01-13_15-46-54/top_left/2026-01-13_15-46-54.top_left.jpg,2026-01-13_15-46-54.top_left.thumb.jpg,5483407fad8572e990edf163cad31d3d,top_left,"[22.0, 45.0, 110.0, 135.0]",jpg,3200,0,epsonscan2,esci2:usb:ES00FE:337,Epson Perfection V850,d3dbcf42e05429343a8e1a5966e3bcf0,epsonscan2:Epson Perfection V850::esci2:usb:ES00FE:337,/data,{},DROSO_02_SIM_19_F,crop_2026-01-13_15-46-54.top_left_CROPNUMBER_8_UUID_DROSO_02_SIM_19_F.png,"[5401, 4930, 5699, 5383]",0.933562159538269,1.0,00_data/01_segmented/crops,00_data/01_segmented/crops/crop_2026-01-13_15-46-54.top_left_CROPNUMBER_8_UUID_DROSO_02_SIM_19_F.json,00_data/02_resized/crops/crop_2026-01-13_15-46-54.top_left_CROPNUMBER_8_UUID_DROSO_02_SIM_19_F.jpg,crops,,00_data/01_segmented/crops/crop_2026-01-13_15-46-54.top_left_CROPNUMBER_8_UUID_DROSO_02_SIM_19_F.png,0.49448123620309054,3.5956875,,73535,4.6329922460937505
2026-01-13T16:17:02.422812,/data/d3dbcf42e05429343a8e1a5966e3bcf0/Epson Perfection V850/2026-01-13/2026-01-13_16-17-02/top_left,2026-01-13_16-17-02.top_left.jpg,/data/d3dbcf42e05429343a8e1a5966e3bcf0/Epson Perfection V850/2026-01-13/2026-01-13_16-17-02/top_left/2026-01-13_16-17-02.top_left.jpg,2026-01-13_16-17-02.top_left.thumb.jpg,73a37d7ec44337a23e2a64e1230cb14f,top_left,"[22.0, 45.0, 110.0, 135.0]",jpg,3200,0,epsonscan2,esci2:usb:ES00FE:337,Epson Perfection V850,d3dbcf42e05429343a8e1a5966e3bcf0,epsonscan2:Epson Perfection V850::esci2:usb:ES00FE:337,/data,{},DROSO_02_MEL_19_F,crop_2026-01-13_16-17-02.top_left_CROPNUMBER_18_UUID_DROSO_02_MEL_19_F.png,"[3222, 7294, 3710, 7830]",0.9373085498809814,0.6028218259357906,00_data/01_segmented/crops,00_data/01_segmented/crops/crop_2026-01-13_16-17-02.top_left_CROPNUMBER_18_UUID_DROSO_02_MEL_19_F.json,00_data/02_resized/crops/crop_2026-01-13_16-17-02.top_left_CROPNUMBER_18_UUID_DROSO_02_MEL_19_F.jpg,crops,,00_data/01_segmented/crops/crop_2026-01-13_16-17-02.top_left_CROPNUMBER_18_UUID_DROSO_02_MEL_19_F.png,0.417910447761194,4.2545,,113213,7.132861238281251
2026-01-13T16:09:56.394761,/data/d3dbcf42e05429343a8e1a5966e3bcf0/Epson Perfection V850/2026-01-13/2026-01-13_16-09-56/top_left,2026-01-13_16-09-56.top_left.jpg,/data/d3dbcf42e05429343a8e1a5966e3bcf0/Epson Perfection V850/2026-01-13/2026-01-13_16-09-56/top_left/2026-01-13_16-09-56.top_left.jpg,2026-01-13_16-09-56.top_left.thumb.jpg,788d0971822fc839506e3180de7f3b36,top_left,"[22.0, 45.0, 110.0, 135.0]",jpg,3200,0,epsonscan2,esci2:usb:ES00FE:337,Epson Perfection V850,d3dbcf42e05429343a8e1a5966e3bcf0,epsonscan2:Epson Perfection V850::esci2:usb:ES00FE:337,/data,{},DROSO_01_MEL_19_F,crop_2026-01-13_16-09-56.top_left_CROPNUMBER_9_UUID_DROSO_01_MEL_19_F.png,"[8925, 6515, 9266, 6980]",0.9441680908203124,1.0,00_data/01_segmented/crops,00_data/01_segmented/crops/crop_2026-01-13_16-09-56.top_left_CROPNUMBER_9_UUID_DROSO_01_MEL_19_F.json,00_data/02_resized/crops/crop_2026-01-13_16-09-56.top_left_CROPNUMBER_9_UUID_DROSO_01_MEL_19_F.jpg,crops,,00_data/01_segmented/crops/crop_2026-01-13_16-09-56.top_left_CROPNUMBER_9_UUID_DROSO_01_MEL_19_F.png,0.4817204301075269,3.6909375,,79239,4.9923665273437505
2026-01-13T15:52:35.076944,/data/d3dbcf42e05429343a8e1a5966e3bcf0/Epson Perfection V850/2026-01-13/2026-01-13_15-52-35/top_left,2026-01-13_15-52-35.top_left.jpg,/data/d3dbcf42e05429343a8e1a5966e3bcf0/Epson Perfection V850/2026-01-13/2026-01-13_15-52-35/top_left/2026-01-13_15-52-35.top_left.jpg,2026-01-13_15-52-35.top_left.thumb.jpg,c96bd3e091dcefbdce757afd0a69dc15,top_left,"[22.0, 45.0, 110.0, 135.0]",jpg,3200,0,epsonscan2,esci2:usb:ES00FE:337,Epson Perfection V850,d3dbcf42e05429343a8e1a5966e3bcf0,epsonscan2:Epson Perfection V850::esci2:usb:ES00FE:337,/data,{},DROSO_03_SIM_19_F,crop_2026-01-13_15-52-35.top_left_CROPNUMBER_13_UUID_DROSO_03_SIM_19_F.png,"[6596, 5696, 6905, 6179]",0.934122622013092,1.0,00_data/01_segmented/crops,00_data/01_segmented/crops/crop_2026-01-13_15-52-35.top_left_CROPNUMBER_13_UUID_DROSO_03_SIM_19_F.json,00_data/02_resized/crops/crop_2026-01-13_15-52-35.top_left_CROPNUMBER_13_UUID_DROSO_03_SIM_19_F.jpg,crops,,00_data/01_segmented/crops/crop_2026-01-13_15-52-35.top_left_CROPNUMBER_13_UUID_DROSO_03_SIM_19_F.png,0.463768115942029,3.8338124999999996,,87584,5.5181341250000004
2026-01-13T16:09:56.394761,/data/d3dbcf42e05429343a8e1a5966e3bcf0/Epson Perfection V850/2026-01-13/2026-01-13_16-09-56/top_right,2026-01-13_16-09-56.top_right.jpg,/data/d3dbcf42e05429343a8e1a5966e3bcf0/Epson Perfection V850/2026-01-13/2026-01-13_16-09-56/top_right/2026-01-13_16-09-56.top_right.jpg,2026-01-13_16-09-56.top_right.thumb.jpg,aee7ff74e98fd3cb0d78628f63d1119f,top_right,"[110.5, 45.0, 200.0, 135.0]",jpg,3200,0,epsonscan2,esci2:usb:ES00FE:337,Epson Perfection V850,d3dbcf42e05429343a8e1a5966e3bcf0,epsonscan2:Epson Perfection V850::esci2:usb:ES00FE:337,/data,{},DROSO_01_MEL_19_M,crop_2026-01-13_16-09-56.top_right_CROPNUMBER_3_UUID_DROSO_01_MEL_19_M.png,"[8435, 7232, 8897, 7625]",0.9542385339736938,1.0,00_data/01_segmented/crops,00_data/01_segmented/crops/crop_2026-01-13_16-09-56.top_right_CROPNUMBER_3_UUID_DROSO_01_MEL_19_M.json,00_data/02_resized/crops/crop_2026-01-13_16-09-56.top_right_CROPNUMBER_3_UUID_DROSO_01_MEL_19_M.jpg,crops,,00_data/01_segmented/crops/crop_2026-01-13_16-09-56.top_right_CROPNUMBER_3_UUID_DROSO_01_MEL_19_M.png,0.48484848484848486,3.667125,,82164,5.176652953125
2026-01-13T16:09:56.394761,/data/d3dbcf42e05429343a8e1a5966e3bcf0/Epson Perfection V850/2026-01-13/2026-01-13_16-09-56/top_right,2026-01-13_16-09-56.top_right.jpg,/data/d3dbcf42e05429343a8e1a5966e3bcf0/Epson Perfection V850/2026-01-13/2026-01-13_16-09-56/top_right/2026-01-13_16-09-56.top_right.jpg,2026-01-13_16-09-56.top_right.thumb.jpg,aee7ff74e98fd3cb0d78628f63d1119f,top_right,"[110.5, 45.0, 200.0, 135.0]",jpg,3200,0,epsonscan2,esci2:usb:ES00FE:337,Epson Perfection V850,d3dbcf42e05429343a8e1a5966e3bcf0,epsonscan2:Epson Perfection V850::esci2:usb:ES00FE:337,/data,{},DROSO_01_MEL_19_M,crop_2026-01-13_16-09-56.top_right_CROPNUMBER_31_UUID_DROSO_01_MEL_19_M.png,"[8744, 4708, 9226, 5035]",0.9387510418891908,0.6027106630904797,00_data/01_segmented/crops,00_data/01_segmented/crops/crop_2026-01-13_16-09-56.top_right_CROPNUMBER_31_UUID_DROSO_01_MEL_19_M.json,00_data/02_resized/crops/crop_2026-01-13_16-09-56.top_right_CROPNUMBER_31_UUID_DROSO_01_MEL_19_M.jpg,crops,,00_data/01_segmented/crops/crop_2026-01-13_16-09-56.top_right_CROPNUMBER_31_UUID_DROSO_01_MEL_19_M.png,0.46473029045643155,3.825875,,74635,4.70229654296875
2026-01-13T16:17:02.422812,/data/d3dbcf42e05429343a8e1a5966e3bcf0/Epson Perfection V850/2026-01-13/2026-01-13_16-17-02/top_left,2026-01-13_16-17-02.top_left.jpg,/data/d3dbcf42e05429343a8e1a5966e3bcf0/Epson Perfection V850/2026-01-13/2026-01-13_16-17-02/top_left/2026-01-13_16-17-02.top_left.jpg,2026-01-13_16-17-02.top_left.thumb.jpg,73a37d7ec44337a23e2a64e1230cb14f,top_left,"[22.0, 45.0, 110.0, 135.0]",jpg,3200,0,epsonscan2,esci2:usb:ES00FE:337,Epson Perfection V850,d3dbcf42e05429343a8e1a5966e3bcf0,epsonscan2:Epson Perfection V850::esci2:usb:ES00FE:337,/data,{},DROSO_02_MEL_19_F,crop_2026-01-13_16-17-02.top_left_CROPNUMBER_25_UUID_DROSO_02_MEL_19_F.png,"[3481, 6495, 3856, 6981]",0.9315383434295654,0.6028218259357906,00_data/01_segmented/crops,00_data/01_segmented/crops/crop_2026-01-13_16-17-02.top_left_CROPNUMBER_25_UUID_DROSO_02_MEL_19_F.json,00_data/02_resized/crops/crop_2026-01-13_16-17-02.top_left_CROPNUMBER_25_UUID_DROSO_02_MEL_19_F.jpg,crops,,00_data/01_segmented/crops/crop_2026-01-13_16-17-02.top_left_CROPNUMBER_25_UUID_DROSO_02_MEL_19_F.png,0.4609053497942387,3.857625,,96184,6.05996771875
2026-01-13T15:58:15.447485,/data/d3dbcf42e05429343a8e1a5966e3bcf0/Epson Perfection V850/2026-01-13/2026-01-13_15-58-15/top_right,2026-01-13_15-58-15.top_right.jpg,/data/d3dbcf42e05429343a8e1a5966e3bcf0/Epson Perfection V850/2026-01-13/2026-01-13_15-58-15/top_right/2026-01-13_15-58-15.top_right.jpg,2026-01-13_15-58-15.top_right.thumb.jpg,f4b3f70693284ad9b6a7bd19eb02b3d5,top_right,"[110.5, 45.0, 200.0, 135.0]",jpg,3200,0,epsonscan2,esci2:usb:ES00FE:337,Epson Perfection V850,d3dbcf42e05429343a8e1a5966e3bcf0,epsonscan2:Epson Perfection V850::esci2:usb:ES00FE:337,/data,{},DROSO_04_SIM_19_M,crop_2026-01-13_15-58-15.top_right_CROPNUMBER_11_UUID_DROSO_04_SIM_19_M.png,"[5082, 6002, 5480, 6406]",0.9443433880805968,1.0,00_data/01_segmented/crops,00_data/01_segmented/crops/crop_2026-01-13_15-58-15.top_right_CROPNUMBER_11_UUID_DROSO_04_SIM_19_M.json,00_data/02_resized/crops/crop_2026-01-13_15-58-15.top_right_CROPNUMBER_11_UUID_DROSO_04_SIM_19_M.jpg,crops,,00_data/01_segmented/crops/crop_2026-01-13_15-58-15.top_right_CROPNUMBER_11_UUID_DROSO_04_SIM_19_M.png,0.5544554455445545,3.206749999999999,,77643,4.89181229296875
2026-01-13T15:46:54.437940,/data/d3dbcf42e05429343a8e1a5966e3bcf0/Epson Perfection V850/2026-01-13/2026-01-13_15-46-54/top_right,2026-01-13_15-46-54.top_right.jpg,/data/d3dbcf42e05429343a8e1a5966e3bcf0/Epson Perfection V850/2026-01-13/2026-01-13_15-46-54/top_right/2026-01-13_15-46-54.top_right.jpg,2026-01-13_15-46-54.top_right.thumb.jpg,8cfcebfb20b3b3b2bc86ba50975b08d9,top_right,"[110.5, 45.0, 200.0, 135.0]",jpg,3200,0,epsonscan2,esci2:usb:ES00FE:337,Epson Perfection V850,d3dbcf42e05429343a8e1a5966e3bcf0,epsonscan2:Epson Perfection V850::esci2:usb:ES00FE:337,/data,{},DROSO_02_SIM_19_M,crop_2026-01-13_15-46-54.top_right_CROPNUMBER_15_UUID_DROSO_02_SIM_19_M.png,"[4076, 5714, 4426, 6130]",0.936237335205078,0.6027106630904797,00_data/01_segmented/crops,00_data/01_segmented/crops/crop_2026-01-13_15-46-54.top_right_CROPNUMBER_15_UUID_DROSO_02_SIM_19_M.json,00_data/02_resized/crops/crop_2026-01-13_15-46-54.top_right_CROPNUMBER_15_UUID_DROSO_02_SIM_19_M.jpg,crops,,00_data/01_segmented/crops/crop_2026-01-13_15-46-54.top_right_CROPNUMBER_15_UUID_DROSO_02_SIM_19_M.png,0.5384615384615384,3.302,,78643,4.95481619921875
2026-01-13T16:09:56.394761,/data/d3dbcf42e05429343a8e1a5966e3bcf0/Epson Perfection V850/2026-01-13/2026-01-13_16-09-56/top_left,2026-01-13_16-09-56.top_left.jpg,/data/d3dbcf42e05429343a8e1a5966e3bcf0/Epson Perfection V850/2026-01-13/2026-01-13_16-09-56/top_left/2026-01-13_16-09-56.top_left.jpg,2026-01-13_16-09-56.top_left.thumb.jpg,788d0971822fc839506e3180de7f3b36,top_left,"[22.0, 45.0, 110.0, 135.0]",jpg,3200,0,epsonscan2,esci2:usb:ES00FE:337,Epson Perfection V850,d3dbcf42e05429343a8e1a5966e3bcf0,epsonscan2:Epson Perfection V850::esci2:usb:ES00FE:337,/data,{},DROSO_01_MEL_19_F,crop_2026-01-13_16-09-56.top_left_CROPNUMBER_45_UUID_DROSO_01_MEL_19_F.png,"[8096, 6794, 8608, 7096]",0.9252867698669434,0.6028218259357906,00_data/01_segmented/crops,00_data/01_segmented/crops/crop_2026-01-13_16-09-56.top_left_CROPNUMBER_45_UUID_DROSO_01_MEL_19_F.json,00_data/02_resized/crops/crop_2026-01-13_16-09-56.top_left_CROPNUMBER_45_UUID_DROSO_01_MEL_19_F.jpg,crops,,00_data/01_segmented/crops/crop_2026-01-13_16-09-56.top_left_CROPNUMBER_45_UUID_DROSO_01_MEL_19_F.png,0.4375,4.064,,84191,5.30436187109375
2026-01-13T16:09:56.394761,/data/d3dbcf42e05429343a8e1a5966e3bcf0/Epson Perfection V850/2026-01-13/2026-01-13_16-09-56/top_right,2026-01-13_16-09-56.top_right.jpg,/data/d3dbcf42e05429343a8e1a5966e3bcf0/Epson Perfection V850/2026-01-13/2026-01-13_16-09-56/top_right/2026-01-13_16-09-56.top_right.jpg,2026-01-13_16-09-56.top_right.thumb.jpg,aee7ff74e98fd3cb0d78628f63d1119f,top_right,"[110.5, 45.0, 200.0, 135.0]",jpg,3200,0,epsonscan2,esci2:usb:ES00FE:337,Epson Perfection V850,d3dbcf42e05429343a8e1a5966e3bcf0,epsonscan2:Epson Perfection V850::esci2:usb:ES00FE:337,/data,{},DROSO_01_MEL_19_M,crop_2026-01-13_16-09-56.top_right_CROPNUMBER_36_UUID_DROSO_01_MEL_19_M.png,"[6546, 7789, 6966, 8221]",0.9365243911743164,1.0,00_data/01_segmented/crops,00_data/01_segmented/crops/crop_2026-01-13_16-09-56.top_right_CROPNUMBER_36_UUID_DROSO_01_MEL_19_M.json,00_data/02_resized/crops/crop_2026-01-13_16-09-56.top_right_CROPNUMBER_36_UUID_DROSO_01_MEL_19_M.jpg,crops,,00_data/01_segmented/crops/crop_2026-01-13_16-09-56.top_right_CROPNUMBER_36_UUID_DROSO_01_MEL_19_M.png,0.5185185185185185,3.429,,81544,5.13759053125
2026-01-13T16:22:42.229986,/data/d3dbcf42e05429343a8e1a5966e3bcf0/Epson Perfection V850/2026-01-13/2026-01-13_16-22-42/top_right,2026-01-13_16-22-42.top_right.jpg,/data/d3dbcf42e05429343a8e1a5966e3bcf0/Epson Perfection V850/2026-01-13/2026-01-13_16-22-42/top_right/2026-01-13_16-22-42.top_right.jpg,2026-01-13_16-22-42.top_right.thumb.jpg,a62b428f433471233371d44992128bb0,top_right,"[110.5, 45.0, 200.0, 135.0]",jpg,3200,0,epsonscan2,esci2:usb:ES00FE:337,Epson Perfection V850,d3dbcf42e05429343a8e1a5966e3bcf0,epsonscan2:Epson Perfection V850::esci2:usb:ES00FE:337,/data,{},DROSO_03_MEL_19_M,crop_2026-01-13_16-22-42.top_right_CROPNUMBER_20_UUID_DROSO_03_MEL_19_M.png,"[1807, 5854, 2186, 6416]",0.9322141408920288,0.6027106630904797,00_data/01_segmented/crops,00_data/01_segmented/crops/crop_2026-01-13_16-22-42.top_right_CROPNUMBER_20_UUID_DROSO_03_MEL_19_M.json,00_data/02_resized/crops/crop_2026-01-13_16-22-42.top_right_CROPNUMBER_20_UUID_DROSO_03_MEL_19_M.jpg,crops,,00_data/01_segmented/crops/crop_2026-01-13_16-22-42.top_right_CROPNUMBER_20_UUID_DROSO_03_MEL_19_M.png,0.398576512455516,4.460875,,104713,6.59732803515625
2026-01-13T16:22:42.229986,/data/d3dbcf42e05429343a8e1a5966e3bcf0/Epson Perfection V850/2026-01-13/2026-01-13_16-22-42/top_right,2026-01-13_16-22-42.top_right.jpg,/data/d3dbcf42e05429343a8e1a5966e3bcf0/Epson Perfection V850/2026-01-13/2026-01-13_16-22-42/top_right/2026-01-13_16-22-42.top_right.jpg,2026-01-13_16-22-42.top_right.thumb.jpg,a62b428f433471233371d44992128bb0,top_right,"[110.5, 45.0, 200.0, 135.0]",jpg,3200,0,epsonscan2,esci2:usb:ES00FE:337,Epson Perfection V850,d3dbcf42e05429343a8e1a5966e3bcf0,epsonscan2:Epson Perfection V850::esci2:usb:ES00FE:337,/data,{},DROSO_03_MEL_19_M,crop_2026-01-13_16-22-42.top_right_CROPNUMBER_25_UUID_DROSO_03_MEL_19_M.png,"[5216, 8689, 5509, 9177]",0.929055154323578,1.0,00_data/01_segmented/crops,00_data/01_segmented/crops/crop_2026-01-13_16-22-42.top_right_CROPNUMBER_25_UUID_DROSO_03_MEL_19_M.json,00_data/02_resized/crops/crop_2026-01-13_16-22-42.top_right_CROPNUMBER_25_UUID_DROSO_03_MEL_19_M.jpg,crops,,00_data/01_segmented/crops/crop_2026-01-13_16-22-42.top_right_CROPNUMBER_25_UUID_DROSO_03_MEL_19_M.png,0.45901639344262296,3.8734999999999995,,77952,4.9112805
2026-01-13T15:40:38.651010,/data/d3dbcf42e05429343a8e1a5966e3bcf0/Epson Perfection V850/2026-01-13/2026-01-13_15-40-38/top_left,2026-01-13_15-40-38.top_left.jpg,/data/d3dbcf42e05429343a8e1a5966e3bcf0/Epson Perfection V850/2026-01-13/2026-01-13_15-40-38/top_left/2026-01-13_15-40-38.top_left.jpg,2026-01-13_15-40-38.top_left.thumb.jpg,16a144e86ca9c5e7bb9b16ddead6411f,top_left,"[22.0, 45.0, 110.0, 135.0]",jpg,3200,0,epsonscan2,esci2:usb:ES00FE:337,Epson Perfection V850,d3dbcf42e05429343a8e1a5966e3bcf0,epsonscan2:Epson Perfection V850::esci2:usb:ES00FE:337,/data,{},DROSO_01_SIM_19_F,crop_2026-01-13_15-40-38.top_left_CROPNUMBER_0_UUID_DROSO_01_SIM_19_F.png,"[6419, 9823, 6881, 10155]",0.9632012248039246,1.0,00_data/01_segmented/crops,00_data/01_segmented/crops/crop_2026-01-13_15-40-38.top_left_CROPNUMBER_0_UUID_DROSO_01_SIM_19_F.json,00_data/02_resized/crops/crop_2026-01-13_15-40-38.top_left_CROPNUMBER_0_UUID_DROSO_01_SIM_19_F.jpg,crops,,00_data/01_segmented/crops/crop_2026-01-13_15-40-38.top_left_CROPNUMBER_0_UUID_DROSO_01_SIM_19_F.png,0.48484848484848486,3.667125,,90785,5.71980962890625
2026-01-13T15:40:38.651010,/data/d3dbcf42e05429343a8e1a5966e3bcf0/Epson Perfection V850/2026-01-13/2026-01-13_15-40-38/top_right,2026-01-13_15-40-38.top_right.jpg,/data/d3dbcf42e05429343a8e1a5966e3bcf0/Epson Perfection V850/2026-01-13/2026-01-13_15-40-38/top_right/2026-01-13_15-40-38.top_right.jpg,2026-01-13_15-40-38.top_right.thumb.jpg,b3a9f59be4eab6b9c284088e08fe2da7,top_right,"[110.5, 45.0, 200.0, 135.0]",jpg,3200,0,epsonscan2,esci2:usb:ES00FE:337,Epson Perfection V850,d3dbcf42e05429343a8e1a5966e3bcf0,epsonscan2:Epson Perfection V850::esci2:usb:ES00FE:337,/data,{},DROSO_01_SIM_19_M,crop_2026-01-13_15-40-38.top_right_CROPNUMBER_18_UUID_DROSO_01_SIM_19_M.png,"[4170, 944, 4526, 1246]",0.5258863568305969,1.0,00_data/01_segmented/crops,00_data/01_segmented/crops/crop_2026-01-13_15-40-38.top_right_CROPNUMBER_18_UUID_DROSO_01_SIM_19_M.json,00_data/02_resized/crops/crop_2026-01-13_15-40-38.top_right_CROPNUMBER_18_UUID_DROSO_01_SIM_19_M.jpg,crops,,00_data/01_segmented/crops/crop_2026-01-13_15-40-38.top_right_CROPNUMBER_18_UUID_DROSO_01_SIM_19_M.png,0.6292134831460674,2.8257499999999998,,66271,4.17533187109375
2026-01-13T16:17:02.422812,/data/d3dbcf42e05429343a8e1a5966e3bcf0/Epson Perfection V850/2026-01-13/2026-01-13_16-17-02/top_right,2026-01-13_16-17-02.top_right.jpg,/data/d3dbcf42e05429343a8e1a5966e3bcf0/Epson Perfection V850/2026-01-13/2026-01-13_16-17-02/top_right/2026-01-13_16-17-02.top_right.jpg,2026-01-13_16-17-02.top_right.thumb.jpg,dba0ed76fe036a6b6c2f125e044f31c3,top_right,"[110.5, 45.0, 200.0, 135.0]",jpg,3200,0,epsonscan2,esci2:usb:ES00FE:337,Epson Perfection V850,d3dbcf42e05429343a8e1a5966e3bcf0,epsonscan2:Epson Perfection V850::esci2:usb:ES00FE:337,/data,{},DROSO_02_MEL_19_M,crop_2026-01-13_16-17-02.top_right_CROPNUMBER_5_UUID_DROSO_02_MEL_19_M.png,"[7569, 8615, 7888, 9107]",0.9449714422225952,1.0,00_data/01_segmented/crops,00_data/01_segmented/crops/crop_2026-01-13_16-17-02.top_right_CROPNUMBER_5_UUID_DROSO_02_MEL_19_M.json,00_data/02_resized/crops/crop_2026-01-13_16-17-02.top_right_CROPNUMBER_5_UUID_DROSO_02_MEL_19_M.jpg,crops,,00_data/01_segmented/crops/crop_2026-01-13_16-17-02.top_right_CROPNUMBER_5_UUID_DROSO_02_MEL_19_M.png,0.45528455284552843,3.9052499999999997,,90145,5.67948712890625
2026-01-13T16:17:02.422812,/data/d3dbcf42e05429343a8e1a5966e3bcf0/Epson Perfection V850/2026-01-13/2026-01-13_16-17-02/top_right,2026-01-13_16-17-02.top_right.jpg,/data/d3dbcf42e05429343a8e1a5966e3bcf0/Epson Perfection V850/2026-01-13/2026-01-13_16-17-02/top_right/2026-01-13_16-17-02.top_right.jpg,2026-01-13_16-17-02.top_right.thumb.jpg,dba0ed76fe036a6b6c2f125e044f31c3,top_right,"[110.5, 45.0, 200.0, 135.0]",jpg,3200,0,epsonscan2,esci2:usb:ES00FE:337,Epson Perfection V850,d3dbcf42e05429343a8e1a5966e3bcf0,epsonscan2:Epson Perfection V850::esci2:usb:ES00FE:337,/data,{},DROSO_02_MEL_19_M,crop_2026-01-13_16-17-02.top_right_CROPNUMBER_18_UUID_DROSO_02_MEL_19_M.png,"[1822, 5399, 2231, 5874]",0.935024082660675,0.6027106630904797,00_data/01_segmented/crops,00_data/01_segmented/crops/crop_2026-01-13_16-17-02.top_right_CROPNUMBER_18_UUID_DROSO_02_MEL_19_M.json,00_data/02_resized/crops/crop_2026-01-13_16-17-02.top_right_CROPNUMBER_18_UUID_DROSO_02_MEL_19_M.jpg,crops,,00_data/01_segmented/crops/crop_2026-01-13_16-17-02.top_right_CROPNUMBER_18_UUID_DROSO_02_MEL_19_M.png,0.47157894736842104,3.7703124999999997,,90365,5.693347988281251
2026-01-13T16:22:42.229986,/data/d3dbcf42e05429343a8e1a5966e3bcf0/Epson Perfection V850/2026-01-13/2026-01-13_16-22-42/top_left,2026-01-13_16-22-42.top_left.jpg,/data/d3dbcf42e05429343a8e1a5966e3bcf0/Epson Perfection V850/2026-01-13/2026-01-13_16-22-42/top_left/2026-01-13_16-22-42.top_left.jpg,2026-01-13_16-22-42.top_left.thumb.jpg,f331f82ac6dcbf4a1318ddee5307a618,top_left,"[22.0, 45.0, 110.0, 135.0]",jpg,3200,0,epsonscan2,esci2:usb:ES00FE:337,Epson Perfection V850,d3dbcf42e05429343a8e1a5966e3bcf0,epsonscan2:Epson Perfection V850::esci2:usb:ES00FE:337,/data,{},DROSO_03_MEL_19_F,crop_2026-01-13_16-22-42.top_left_CROPNUMBER_9_UUID_DROSO_03_MEL_19_F.png,"[9078, 7656, 9578, 8065]",0.9378741383552552,1.0,00_data/01_segmented/crops,00_data/01_segmented/crops/crop_2026-01-13_16-22-42.top_left_CROPNUMBER_9_UUID_DROSO_03_MEL_19_F.json,00_data/02_resized/crops/crop_2026-01-13_16-22-42.top_left_CROPNUMBER_9_UUID_DROSO_03_MEL_19_F.jpg,crops,,00_data/01_segmented/crops/crop_2026-01-13_16-22-42.top_left_CROPNUMBER_9_UUID_DROSO_03_MEL_19_F.png,0.448,3.96875,,90541,5.70443667578125
2026-01-13T16:09:56.394761,/data/d3dbcf42e05429343a8e1a5966e3bcf0/Epson Perfection V850/2026-01-13/2026-01-13_16-09-56/top_right,2026-01-13_16-09-56.top_right.jpg,/data/d3dbcf42e05429343a8e1a5966e3bcf0/Epson Perfection V850/2026-01-13/2026-01-13_16-09-56/top_right/2026-01-13_16-09-56.top_right.jpg,2026-01-13_16-09-56.top_right.thumb.jpg,aee7ff74e98fd3cb0d78628f63d1119f,top_right,"[110.5, 45.0, 200.0, 135.0]",jpg,3200,0,epsonscan2,esci2:usb:ES00FE:337,Epson Perfection V850,d3dbcf42e05429343a8e1a5966e3bcf0,epsonscan2:Epson Perfection V850::esci2:usb:ES00FE:337,/data,{},DROSO_01_MEL_19_M,crop_2026-01-13_16-09-56.top_right_CROPNUMBER_22_UUID_DROSO_01_MEL_19_M.png,"[4969, 8997, 5345, 9456]",0.939957320690155,1.0,00_data/01_segmented/crops,00_data/01_segmented/crops/crop_2026-01-13_16-09-56.top_right_CROPNUMBER_22_UUID_DROSO_01_MEL_19_M.json,00_data/02_resized/crops/crop_2026-01-13_16-09-56.top_right_CROPNUMBER_22_UUID_DROSO_01_MEL_19_M.jpg,crops,,00_data/01_segmented/crops/crop_2026-01-13_16-09-56.top_right_CROPNUMBER_22_UUID_DROSO_01_MEL_19_M.png,0.4880174291938998,3.6433124999999995,,75948,4.785020671875
2026-01-13T15:52:35.076944,/data/d3dbcf42e05429343a8e1a5966e3bcf0/Epson Perfection V850/2026-01-13/2026-01-13_15-52-35/top_left,2026-01-13_15-52-35.top_left.jpg,/data/d3dbcf42e05429343a8e1a5966e3bcf0/Epson Perfection V850/2026-01-13/2026-01-13_15-52-35/top_left/2026-01-13_15-52-35.top_left.jpg,2026-01-13_15-52-35.top_left.thumb.jpg,c96bd3e091dcefbdce757afd0a69dc15,top_left,"[22.0, 45.0, 110.0, 135.0]",jpg,3200,0,epsonscan2,esci2:usb:ES00FE:337,Epson Perfection V850,d3dbcf42e05429343a8e1a5966e3bcf0,epsonscan2:Epson Perfection V850::esci2:usb:ES00FE:337,/data,{},DROSO_03_SIM_19_F,crop_2026-01-13_15-52-35.top_left_CROPNUMBER_11_UUID_DROSO_03_SIM_19_F.png,"[5720, 8382, 6007, 8834]",0.9360268712043762,1.0,00_data/01_segmented/crops,00_data/01_segmented/crops/crop_2026-01-13_15-52-35.top_left_CROPNUMBER_11_UUID_DROSO_03_SIM_19_F.json,00_data/02_resized/crops/crop_2026-01-13_15-52-35.top_left_CROPNUMBER_11_UUID_DROSO_03_SIM_19_F.jpg,crops,,00_data/01_segmented/crops/crop_2026-01-13_15-52-35.top_left_CROPNUMBER_11_UUID_DROSO_03_SIM_19_F.png,0.49557522123893805,3.5877499999999993,,75138,4.7339875078125
2026-01-13T16:09:56.394761,/data/d3dbcf42e05429343a8e1a5966e3bcf0/Epson Perfection V850/2026-01-13/2026-01-13_16-09-56/top_right,2026-01-13_16-09-56.top_right.jpg,/data/d3dbcf42e05429343a8e1a5966e3bcf0/Epson Perfection V850/2026-01-13/2026-01-13_16-09-56/top_right/2026-01-13_16-09-56.top_right.jpg,2026-01-13_16-09-56.top_right.thumb.jpg,aee7ff74e98fd3cb0d78628f63d1119f,top_right,"[110.5, 45.0, 200.0, 135.0]",jpg,3200,0,epsonscan2,esci2:usb:ES00FE:337,Epson Perfection V850,d3dbcf42e05429343a8e1a5966e3bcf0,epsonscan2:Epson Perfection V850::esci2:usb:ES00FE:337,/data,{},DROSO_01_MEL_19_M,crop_2026-01-13_16-09-56.top_right_CROPNUMBER_30_UUID_DROSO_01_MEL_19_M.png,"[2563, 5853, 2978, 6234]",0.9389650821685792,0.6027106630904797,00_data/01_segmented/crops,00_data/01_segmented/crops/crop_2026-01-13_16-09-56.top_right_CROPNUMBER_30_UUID_DROSO_01_MEL_19_M.json,00_data/02_resized/crops/crop_2026-01-13_16-09-56.top_right_CROPNUMBER_30_UUID_DROSO_01_MEL_19_M.jpg,crops,,00_data/01_segmented/crops/crop_2026-01-13_16-09-56.top_right_CROPNUMBER_30_UUID_DROSO_01_MEL_19_M.png,0.5397590361445783,3.2940625,,80870,5.095125898437501
2026-01-13T16:09:56.394761,/data/d3dbcf42e05429343a8e1a5966e3bcf0/Epson Perfection V850/2026-01-13/2026-01-13_16-09-56/top_right,2026-01-13_16-09-56.top_right.jpg,/data/d3dbcf42e05429343a8e1a5966e3bcf0/Epson Perfection V850/2026-01-13/2026-01-13_16-09-56/top_right/2026-01-13_16-09-56.top_right.jpg,2026-01-13_16-09-56.top_right.thumb.jpg,aee7ff74e98fd3cb0d78628f63d1119f,top_right,"[110.5, 45.0, 200.0, 135.0]",jpg,3200,0,epsonscan2,esci2:usb:ES00FE:337,Epson Perfection V850,d3dbcf42e05429343a8e1a5966e3bcf0,epsonscan2:Epson Perfection V850::esci2:usb:ES00FE:337,/data,{},DROSO_01_MEL_19_M,crop_2026-01-13_16-09-56.top_right_CROPNUMBER_62_UUID_DROSO_01_MEL_19_M.png,"[3745, 9940, 4103, 10608]",0.9216352701187134,0.6027106630904797,00_data/01_segmented/crops,00_data/01_segmented/crops/crop_2026-01-13_16-09-56.top_right_CROPNUMBER_62_UUID_DROSO_01_MEL_19_M.json,00_data/02_resized/crops/crop_2026-01-13_16-09-56.top_right_CROPNUMBER_62_UUID_DROSO_01_MEL_19_M.jpg,crops,,00_data/01_segmented/crops/crop_2026-01-13_16-09-56.top_right_CROPNUMBER_62_UUID_DROSO_01_MEL_19_M.png,0.33532934131736525,5.30225,,98922,6.2324724140625
2026-01-13T16:22:42.229986,/data/d3dbcf42e05429343a8e1a5966e3bcf0/Epson Perfection V850/2026-01-13/2026-01-13_16-22-42/top_left,2026-01-13_16-22-42.top_left.jpg,/data/d3dbcf42e05429343a8e1a5966e3bcf0/Epson Perfection V850/2026-01-13/2026-01-13_16-22-42/top_left/2026-01-13_16-22-42.top_left.jpg,2026-01-13_16-22-42.top_left.thumb.jpg,f331f82ac6dcbf4a1318ddee5307a618,top_left,"[22.0, 45.0, 110.0, 135.0]",jpg,3200,0,epsonscan2,esci2:usb:ES00FE:337,Epson Perfection V850,d3dbcf42e05429343a8e1a5966e3bcf0,epsonscan2:Epson Perfection V850::esci2:usb:ES00FE:337,/data,{},DROSO_03_MEL_19_F,crop_2026-01-13_16-22-42.top_left_CROPNUMBER_6_UUID_DROSO_03_MEL_19_F.png,"[2669, 5749, 3089, 6172]",0.9399553537368774,1.0,00_data/01_segmented/crops,00_data/01_segmented/crops/crop_2026-01-13_16-22-42.top_left_CROPNUMBER_6_UUID_DROSO_03_MEL_19_F.json,00_data/02_resized/crops/crop_2026-01-13_16-22-42.top_left_CROPNUMBER_6_UUID_DROSO_03_MEL_19_F.jpg,crops,,00_data/01_segmented/crops/crop_2026-01-13_16-22-42.top_left_CROPNUMBER_6_UUID_DROSO_03_MEL_19_F.png,0.5295508274231678,3.3575625000000002,,86264,5.434968968750001
2026-01-13T15:40:38.651010,/data/d3dbcf42e05429343a8e1a5966e3bcf0/Epson Perfection V850/2026-01-13/2026-01-13_15-40-38/top_right,2026-01-13_15-40-38.top_right.jpg,/data/d3dbcf42e05429343a8e1a5966e3bcf0/Epson Perfection V850/2026-01-13/2026-01-13_15-40-38/top_right/2026-01-13_15-40-38.top_right.jpg,2026-01-13_15-40-38.top_right.thumb.jpg,b3a9f59be4eab6b9c284088e08fe2da7,top_right,"[110.5, 45.0, 200.0, 135.0]",jpg,3200,0,epsonscan2,esci2:usb:ES00FE:337,Epson Perfection V850,d3dbcf42e05429343a8e1a5966e3bcf0,epsonscan2:Epson Perfection V850::esci2:usb:ES00FE:337,/data,{},DROSO_01_SIM_19_M,crop_2026-01-13_15-40-38.top_right_CROPNUMBER_7_UUID_DROSO_01_SIM_19_M.png,"[6647, 7436, 7098, 7778]",0.94071626663208,1.0,00_data/01_segmented/crops,00_data/01_segmented/crops/crop_2026-01-13_15-40-38.top_right_CROPNUMBER_7_UUID_DROSO_01_SIM_19_M.json,00_data/02_resized/crops/crop_2026-01-13_15-40-38.top_right_CROPNUMBER_7_UUID_DROSO_01_SIM_19_M.jpg,crops,,00_data/01_segmented/crops/crop_2026-01-13_15-40-38.top_right_CROPNUMBER_7_UUID_DROSO_01_SIM_19_M.png,0.49667405764966743,3.5798124999999996,,77571,4.88727601171875
2026-01-13T16:17:02.422812,/data/d3dbcf42e05429343a8e1a5966e3bcf0/Epson Perfection V850/2026-01-13/2026-01-13_16-17-02/top_left,2026-01-13_16-17-02.top_left.jpg,/data/d3dbcf42e05429343a8e1a5966e3bcf0/Epson Perfection V850/2026-01-13/2026-01-13_16-17-02/top_left/2026-01-13_16-17-02.top_left.jpg,2026-01-13_16-17-02.top_left.thumb.jpg,73a37d7ec44337a23e2a64e1230cb14f,top_left,"[22.0, 45.0, 110.0, 135.0]",jpg,3200,0,epsonscan2,esci2:usb:ES00FE:337,Epson Perfection V850,d3dbcf42e05429343a8e1a5966e3bcf0,epsonscan2:Epson Perfection V850::esci2:usb:ES00FE:337,/data,{},DROSO_02_MEL_19_F,crop_2026-01-13_16-17-02.top_left_CROPNUMBER_3_UUID_DROSO_02_MEL_19_F.png,"[5755, 7541, 6257, 7924]",0.949407398700714,0.6028218259357906,00_data/01_segmented/crops,00_data/01_segmented/crops/crop_2026-01-13_16-17-02.top_left_CROPNUMBER_3_UUID_DROSO_02_MEL_19_F.json,00_data/02_resized/crops/crop_2026-01-13_16-17-02.top_left_CROPNUMBER_3_UUID_DROSO_02_MEL_19_F.jpg,crops,,00_data/01_segmented/crops/crop_2026-01-13_16-17-02.top_left_CROPNUMBER_3_UUID_DROSO_02_MEL_19_F.png,0.44621513944223107,3.9846249999999994,,97326,6.1319181796875
2026-01-13T15:46:54.437940,/data/d3dbcf42e05429343a8e1a5966e3bcf0/Epson Perfection V850/2026-01-13/2026-01-13_15-46-54/top_right,2026-01-13_15-46-54.top_right.jpg,/data/d3dbcf42e05429343a8e1a5966e3bcf0/Epson Perfection V850/2026-01-13/2026-01-13_15-46-54/top_right/2026-01-13_15-46-54.top_right.jpg,2026-01-13_15-46-54.top_right.thumb.jpg,8cfcebfb20b3b3b2bc86ba50975b08d9,top_right,"[110.5, 45.0, 200.0, 135.0]",jpg,3200,0,epsonscan2,esci2:usb:ES00FE:337,Epson Perfection V850,d3dbcf42e05429343a8e1a5966e3bcf0,epsonscan2:Epson Perfection V850::esci2:usb:ES00FE:337,/data,{},DROSO_02_SIM_19_M,crop_2026-01-13_15-46-54.top_right_CROPNUMBER_8_UUID_DROSO_02_SIM_19_M.png,"[4507, 5158, 4952, 5644]",0.940330445766449,1.0,00_data/01_segmented/crops,00_data/01_segmented/crops/crop_2026-01-13_15-46-54.top_right_CROPNUMBER_8_UUID_DROSO_02_SIM_19_M.json,00_data/02_resized/crops/crop_2026-01-13_15-46-54.top_right_CROPNUMBER_8_UUID_DROSO_02_SIM_19_M.jpg,crops,,00_data/01_segmented/crops/crop_2026-01-13_15-46-54.top_right_CROPNUMBER_8_UUID_DROSO_02_SIM_19_M.png,0.4609053497942387,3.857625,,86604,5.456390296875
2026-01-13T15:46:54.437940,/data/d3dbcf42e05429343a8e1a5966e3bcf0/Epson Perfection V850/2026-01-13/2026-01-13_15-46-54/top_right,2026-01-13_15-46-54.top_right.jpg,/data/d3dbcf42e05429343a8e1a5966e3bcf0/Epson Perfection V850/2026-01-13/2026-01-13_15-46-54/top_right/2026-01-13_15-46-54.top_right.jpg,2026-01-13_15-46-54.top_right.thumb.jpg,8cfcebfb20b3b3b2bc86ba50975b08d9,top_right,"[110.5, 45.0, 200.0, 135.0]",jpg,3200,0,epsonscan2,esci2:usb:ES00FE:337,Epson Perfection V850,d3dbcf42e05429343a8e1a5966e3bcf0,epsonscan2:Epson Perfection V850::esci2:usb:ES00FE:337,/data,{},DROSO_02_SIM_19_M,crop_2026-01-13_15-46-54.top_right_CROPNUMBER_21_UUID_DROSO_02_SIM_19_M.png,"[3024, 7702, 3471, 8147]",0.9294329285621644,0.6027106630904797,00_data/01_segmented/crops,00_data/01_segmented/crops/crop_2026-01-13_15-46-54.top_right_CROPNUMBER_21_UUID_DROSO_02_SIM_19_M.json,00_data/02_resized/crops/crop_2026-01-13_15-46-54.top_right_CROPNUMBER_21_UUID_DROSO_02_SIM_19_M.jpg,crops,,00_data/01_segmented/crops/crop_2026-01-13_15-46-54.top_right_CROPNUMBER_21_UUID_DROSO_02_SIM_19_M.png,0.5011185682326622,3.5480624999999995,,90494,5.7014754921875
2026-01-13T16:09:56.394761,/data/d3dbcf42e05429343a8e1a5966e3bcf0/Epson Perfection V850/2026-01-13/2026-01-13_16-09-56/top_left,2026-01-13_16-09-56.top_left.jpg,/data/d3dbcf42e05429343a8e1a5966e3bcf0/Epson Perfection V850/2026-01-13/2026-01-13_16-09-56/top_left/2026-01-13_16-09-56.top_left.jpg,2026-01-13_16-09-56.top_left.thumb.jpg,788d0971822fc839506e3180de7f3b36,top_left,"[22.0, 45.0, 110.0, 135.0]",jpg,3200,0,epsonscan2,esci2:usb:ES00FE:337,Epson Perfection V850,d3dbcf42e05429343a8e1a5966e3bcf0,epsonscan2:Epson Perfection V850::esci2:usb:ES00FE:337,/data,{},DROSO_01_MEL_19_F,crop_2026-01-13_16-09-56.top_left_CROPNUMBER_4_UUID_DROSO_01_MEL_19_F.png,"[5638, 9990, 5979, 10452]",0.9484336376190186,1.0,00_data/01_segmented/crops,00_data/01_segmented/crops/crop_2026-01-13_16-09-56.top_left_CROPNUMBER_4_UUID_DROSO_01_MEL_19_F.json,00_data/02_resized/crops/crop_2026-01-13_16-09-56.top_left_CROPNUMBER_4_UUID_DROSO_01_MEL_19_F.jpg,crops,,00_data/01_segmented/crops/crop_2026-01-13_16-09-56.top_left_CROPNUMBER_4_UUID_DROSO_01_MEL_19_F.png,0.48484848484848486,3.667125,,81653,5.144457957031251
2026-01-13T16:04:10.629205,/data/d3dbcf42e05429343a8e1a5966e3bcf0/Epson Perfection V850/2026-01-13/2026-01-13_16-04-10/top_left,2026-01-13_16-04-10.top_left.jpg,/data/d3dbcf42e05429343a8e1a5966e3bcf0/Epson Perfection V850/2026-01-13/2026-01-13_16-04-10/top_left/2026-01-13_16-04-10.top_left.jpg,2026-01-13_16-04-10.top_left.thumb.jpg,e5f859616a1ebf20cb8f61da5b2008c2,top_left,"[22.0, 45.0, 110.0, 135.0]",jpg,3200,0,epsonscan2,esci2:usb:ES00FE:337,Epson Perfection V850,d3dbcf42e05429343a8e1a5966e3bcf0,epsonscan2:Epson Perfection V850::esci2:usb:ES00FE:337,/data,{},DROSO_05_SIM_19_F,crop_2026-01-13_16-04-10.top_left_CROPNUMBER_13_UUID_DROSO_05_SIM_19_F.png,"[4992, 6756, 5437, 7018]",0.9347628951072692,1.0,00_data/01_segmented/crops,00_data/01_segmented/crops/crop_2026-01-13_16-04-10.top_left_CROPNUMBER_13_UUID_DROSO_05_SIM_19_F.json,00_data/02_resized/crops/crop_2026-01-13_16-04-10.top_left_CROPNUMBER_13_UUID_DROSO_05_SIM_19_F.jpg,crops,,00_data/01_segmented/crops/crop_2026-01-13_16-04-10.top_left_CROPNUMBER_13_UUID_DROSO_05_SIM_19_F.png,0.503370786516854,3.5321875,,69582,4.3839378046875
2026-01-13T16:22:42.229986,/data/d3dbcf42e05429343a8e1a5966e3bcf0/Epson Perfection V850/2026-01-13/2026-01-13_16-22-42/top_right,2026-01-13_16-22-42.top_right.jpg,/data/d3dbcf42e05429343a8e1a5966e3bcf0/Epson Perfection V850/2026-01-13/2026-01-13_16-22-42/top_right/2026-01-13_16-22-42.top_right.jpg,2026-01-13_16-22-42.top_right.thumb.jpg,a62b428f433471233371d44992128bb0,top_right,"[110.5, 45.0, 200.0, 135.0]",jpg,3200,0,epsonscan2,esci2:usb:ES00FE:337,Epson Perfection V850,d3dbcf42e05429343a8e1a5966e3bcf0,epsonscan2:Epson Perfection V850::esci2:usb:ES00FE:337,/data,{},DROSO_03_MEL_19_M,crop_2026-01-13_16-22-42.top_right_CROPNUMBER_10_UUID_DROSO_03_MEL_19_M.png,"[8397, 7253, 8813, 7580]",0.9383935928344728,1.0,00_data/01_segmented/crops,00_data/01_segmented/crops/crop_2026-01-13_16-22-42.top_right_CROPNUMBER_10_UUID_DROSO_03_MEL_19_M.json,00_data/02_resized/crops/crop_2026-01-13_16-22-42.top_right_CROPNUMBER_10_UUID_DROSO_03_MEL_19_M.jpg,crops,,00_data/01_segmented/crops/crop_2026-01-13_16-22-42.top_right_CROPNUMBER_10_UUID_DROSO_03_MEL_19_M.png,0.5384615384615384,3.302,,75051,4.72850616796875
2026-01-13T15:52:35.076944,/data/d3dbcf42e05429343a8e1a5966e3bcf0/Epson Perfection V850/2026-01-13/2026-01-13_15-52-35/top_right,2026-01-13_15-52-35.top_right.jpg,/data/d3dbcf42e05429343a8e1a5966e3bcf0/Epson Perfection V850/2026-01-13/2026-01-13_15-52-35/top_right/2026-01-13_15-52-35.top_right.jpg,2026-01-13_15-52-35.top_right.thumb.jpg,21ba2cf23da353b8d840e52696871b60,top_right,"[110.5, 45.0, 200.0, 135.0]",jpg,3200,0,epsonscan2,esci2:usb:ES00FE:337,Epson Perfection V850,d3dbcf42e05429343a8e1a5966e3bcf0,epsonscan2:Epson Perfection V850::esci2:usb:ES00FE:337,/data,{},DROSO_03_SIM_19_M,crop_2026-01-13_15-52-35.top_right_CROPNUMBER_16_UUID_DROSO_03_SIM_19_M.png,"[4937, 5713, 5243, 6124]",0.933294713497162,1.0,00_data/01_segmented/crops,00_data/01_segmented/crops/crop_2026-01-13_15-52-35.top_right_CROPNUMBER_16_UUID_DROSO_03_SIM_19_M.json,00_data/02_resized/crops/crop_2026-01-13_15-52-35.top_right_CROPNUMBER_16_UUID_DROSO_03_SIM_19_M.jpg,crops,,00_data/01_segmented/crops/crop_2026-01-13_15-52-35.top_right_CROPNUMBER_16_UUID_DROSO_03_SIM_19_M.png,0.5450121654501217,3.2623125,,62330,3.9270334765625003
2026-01-13T15:40:38.651010,/data/d3dbcf42e05429343a8e1a5966e3bcf0/Epson Perfection V850/2026-01-13/2026-01-13_15-40-38/top_right,2026-01-13_15-40-38.top_right.jpg,/data/d3dbcf42e05429343a8e1a5966e3bcf0/Epson Perfection V850/2026-01-13/2026-01-13_15-40-38/top_right/2026-01-13_15-40-38.top_right.jpg,2026-01-13_15-40-38.top_right.thumb.jpg,b3a9f59be4eab6b9c284088e08fe2da7,top_right,"[110.5, 45.0, 200.0, 135.0]",jpg,3200,0,epsonscan2,esci2:usb:ES00FE:337,Epson Perfection V850,d3dbcf42e05429343a8e1a5966e3bcf0,epsonscan2:Epson Perfection V850::esci2:usb:ES00FE:337,/data,{},DROSO_01_SIM_19_M,crop_2026-01-13_15-40-38.top_right_CROPNUMBER_12_UUID_DROSO_01_SIM_19_M.png,"[4195, 5883, 4531, 6230]",0.934037148952484,1.0,00_data/01_segmented/crops,00_data/01_segmented/crops/crop_2026-01-13_15-40-38.top_right_CROPNUMBER_12_UUID_DROSO_01_SIM_19_M.json,00_data/02_resized/crops/crop_2026-01-13_15-40-38.top_right_CROPNUMBER_12_UUID_DROSO_01_SIM_19_M.jpg,crops,,00_data/01_segmented/crops/crop_2026-01-13_15-40-38.top_right_CROPNUMBER_12_UUID_DROSO_01_SIM_19_M.png,0.6455331412103746,2.7543125,,62377,3.9299946601562503
2026-01-13T15:46:54.437940,/data/d3dbcf42e05429343a8e1a5966e3bcf0/Epson Perfection V850/2026-01-13/2026-01-13_15-46-54/top_right,2026-01-13_15-46-54.top_right.jpg,/data/d3dbcf42e05429343a8e1a5966e3bcf0/Epson Perfection V850/2026-01-13/2026-01-13_15-46-54/top_right/2026-01-13_15-46-54.top_right.jpg,2026-01-13_15-46-54.top_right.thumb.jpg,8cfcebfb20b3b3b2bc86ba50975b08d9,top_right,"[110.5, 45.0, 200.0, 135.0]",jpg,3200,0,epsonscan2,esci2:usb:ES00FE:337,Epson Perfection V850,d3dbcf42e05429343a8e1a5966e3bcf0,epsonscan2:Epson Perfection V850::esci2:usb:ES00FE:337,/data,{},DROSO_02_SIM_19_M,crop_2026-01-13_15-46-54.top_right_CROPNUMBER_5_UUID_DROSO_02_SIM_19_M.png,"[5222, 8598, 5623, 9039]",0.9465415477752686,1.0,00_data/01_segmented/crops,00_data/01_segmented/crops/crop_2026-01-13_15-46-54.top_right_CROPNUMBER_5_UUID_DROSO_02_SIM_19_M.json,00_data/02_resized/crops/crop_2026-01-13_15-46-54.top_right_CROPNUMBER_5_UUID_DROSO_02_SIM_19_M.jpg,crops,,00_data/01_segmented/crops/crop_2026-01-13_15-46-54.top_right_CROPNUMBER_5_UUID_DROSO_02_SIM_19_M.png,0.5079365079365079,3.5004375,,82337,5.18755262890625
2026-01-13T16:22:42.229986,/data/d3dbcf42e05429343a8e1a5966e3bcf0/Epson Perfection V850/2026-01-13/2026-01-13_16-22-42/top_right,2026-01-13_16-22-42.top_right.jpg,/data/d3dbcf42e05429343a8e1a5966e3bcf0/Epson Perfection V850/2026-01-13/2026-01-13_16-22-42/top_right/2026-01-13_16-22-42.top_right.jpg,2026-01-13_16-22-42.top_right.thumb.jpg,a62b428f433471233371d44992128bb0,top_right,"[110.5, 45.0, 200.0, 135.0]",jpg,3200,0,epsonscan2,esci2:usb:ES00FE:337,Epson Perfection V850,d3dbcf42e05429343a8e1a5966e3bcf0,epsonscan2:Epson Perfection V850::esci2:usb:ES00FE:337,/data,{},DROSO_03_MEL_19_M,crop_2026-01-13_16-22-42.top_right_CROPNUMBER_6_UUID_DROSO_03_MEL_19_M.png,"[2934, 4986, 3303, 5427]",0.9423351287841796,1.0,00_data/01_segmented/crops,00_data/01_segmented/crops/crop_2026-01-13_16-22-42.top_right_CROPNUMBER_6_UUID_DROSO_03_MEL_19_M.json,00_data/02_resized/crops/crop_2026-01-13_16-22-42.top_right_CROPNUMBER_6_UUID_DROSO_03_MEL_19_M.jpg,crops,,00_data/01_segmented/crops/crop_2026-01-13_16-22-42.top_right_CROPNUMBER_6_UUID_DROSO_03_MEL_19_M.png,0.5079365079365079,3.5004375,,74073,4.666888347656251
2026-01-13T16:09:56.394761,/data/d3dbcf42e05429343a8e1a5966e3bcf0/Epson Perfection V850/2026-01-13/2026-01-13_16-09-56/top_right,2026-01-13_16-09-56.top_right.jpg,/data/d3dbcf42e05429343a8e1a5966e3bcf0/Epson Perfection V850/2026-01-13/2026-01-13_16-09-56/top_right/2026-01-13_16-09-56.top_right.jpg,2026-01-13_16-09-56.top_right.thumb.jpg,aee7ff74e98fd3cb0d78628f63d1119f,top_right,"[110.5, 45.0, 200.0, 135.0]",jpg,3200,0,epsonscan2,esci2:usb:ES00FE:337,Epson Perfection V850,d3dbcf42e05429343a8e1a5966e3bcf0,epsonscan2:Epson Perfection V850::esci2:usb:ES00FE:337,/data,{},DROSO_01_MEL_19_M,crop_2026-01-13_16-09-56.top_right_CROPNUMBER_50_UUID_DROSO_01_MEL_19_M.png,"[7071, 9477, 7455, 9872]",0.9322649836540222,1.0,00_data/01_segmented/crops,00_data/01_segmented/crops/crop_2026-01-13_16-09-56.top_right_CROPNUMBER_50_UUID_DROSO_01_MEL_19_M.json,00_data/02_resized/crops/crop_2026-01-13_16-09-56.top_right_CROPNUMBER_50_UUID_DROSO_01_MEL_19_M.jpg,crops,,00_data/01_segmented/crops/crop_2026-01-13_16-09-56.top_right_CROPNUMBER_50_UUID_DROSO_01_MEL_19_M.png,0.5670886075949367,3.1353125,,76153,4.79793647265625
2026-01-13T15:40:38.651010,/data/d3dbcf42e05429343a8e1a5966e3bcf0/Epson Perfection V850/2026-01-13/2026-01-13_15-40-38/top_right,2026-01-13_15-40-38.top_right.jpg,/data/d3dbcf42e05429343a8e1a5966e3bcf0/Epson Perfection V850/2026-01-13/2026-01-13_15-40-38/top_right/2026-01-13_15-40-38.top_right.jpg,2026-01-13_15-40-38.top_right.thumb.jpg,b3a9f59be4eab6b9c284088e08fe2da7,top_right,"[110.5, 45.0, 200.0, 135.0]",jpg,3200,0,epsonscan2,esci2:usb:ES00FE:337,Epson Perfection V850,d3dbcf42e05429343a8e1a5966e3bcf0,epsonscan2:Epson Perfection V850::esci2:usb:ES00FE:337,/data,{},DROSO_01_SIM_19_M,crop_2026-01-13_15-40-38.top_right_CROPNUMBER_8_UUID_DROSO_01_SIM_19_M.png,"[5970, 6398, 6266, 6801]",0.93687641620636,1.0,00_data/01_segmented/crops,00_data/01_segmented/crops/crop_2026-01-13_15-40-38.top_right_CROPNUMBER_8_UUID_DROSO_01_SIM_19_M.json,00_data/02_resized/crops/crop_2026-01-13_15-40-38.top_right_CROPNUMBER_8_UUID_DROSO_01_SIM_19_M.jpg,crops,,00_data/01_segmented/crops/crop_2026-01-13_15-40-38.top_right_CROPNUMBER_8_UUID_DROSO_01_SIM_19_M.png,0.5558312655086849,3.1988125,,62743,3.95305408984375
2026-01-13T15:52:35.076944,/data/d3dbcf42e05429343a8e1a5966e3bcf0/Epson Perfection V850/2026-01-13/2026-01-13_15-52-35/top_right,2026-01-13_15-52-35.top_right.jpg,/data/d3dbcf42e05429343a8e1a5966e3bcf0/Epson Perfection V850/2026-01-13/2026-01-13_15-52-35/top_right/2026-01-13_15-52-35.top_right.jpg,2026-01-13_15-52-35.top_right.thumb.jpg,21ba2cf23da353b8d840e52696871b60,top_right,"[110.5, 45.0, 200.0, 135.0]",jpg,3200,0,epsonscan2,esci2:usb:ES00FE:337,Epson Perfection V850,d3dbcf42e05429343a8e1a5966e3bcf0,epsonscan2:Epson Perfection V850::esci2:usb:ES00FE:337,/data,{},DROSO_03_SIM_19_M,crop_2026-01-13_15-52-35.top_right_CROPNUMBER_1_UUID_DROSO_03_SIM_19_M.png,"[6491, 9023, 6932, 9351]",0.9460062384605408,1.0,00_data/01_segmented/crops,00_data/01_segmented/crops/crop_2026-01-13_15-52-35.top_right_CROPNUMBER_1_UUID_DROSO_03_SIM_19_M.json,00_data/02_resized/crops/crop_2026-01-13_15-52-35.top_right_CROPNUMBER_1_UUID_DROSO_03_SIM_19_M.jpg,crops,,00_data/01_segmented/crops/crop_2026-01-13_15-52-35.top_right_CROPNUMBER_1_UUID_DROSO_03_SIM_19_M.png,0.5079365079365079,3.5004375,,70301,4.42923761328125
2026-01-13T16:22:42.229986,/data/d3dbcf42e05429343a8e1a5966e3bcf0/Epson Perfection V850/2026-01-13/2026-01-13_16-22-42/top_right,2026-01-13_16-22-42.top_right.jpg,/data/d3dbcf42e05429343a8e1a5966e3bcf0/Epson Perfection V850/2026-01-13/2026-01-13_16-22-42/top_right/2026-01-13_16-22-42.top_right.jpg,2026-01-13_16-22-42.top_right.thumb.jpg,a62b428f433471233371d44992128bb0,top_right,"[110.5, 45.0, 200.0, 135.0]",jpg,3200,0,epsonscan2,esci2:usb:ES00FE:337,Epson Perfection V850,d3dbcf42e05429343a8e1a5966e3bcf0,epsonscan2:Epson Perfection V850::esci2:usb:ES00FE:337,/data,{},DROSO_03_MEL_19_M,crop_2026-01-13_16-22-42.top_right_CROPNUMBER_12_UUID_DROSO_03_MEL_19_M.png,"[6190, 7603, 6580, 7950]",0.9366113543510436,1.0,00_data/01_segmented/crops,00_data/01_segmented/crops/crop_2026-01-13_16-22-42.top_right_CROPNUMBER_12_UUID_DROSO_03_MEL_19_M.json,00_data/02_resized/crops/crop_2026-01-13_16-22-42.top_right_CROPNUMBER_12_UUID_DROSO_03_MEL_19_M.jpg,crops,,00_data/01_segmented/crops/crop_2026-01-13_16-22-42.top_right_CROPNUMBER_12_UUID_DROSO_03_MEL_19_M.png,0.5743589743589743,3.095625,,70253,4.42621342578125
2026-01-13T16:17:02.422812,/data/d3dbcf42e05429343a8e1a5966e3bcf0/Epson Perfection V850/2026-01-13/2026-01-13_16-17-02/top_left,2026-01-13_16-17-02.top_left.jpg,/data/d3dbcf42e05429343a8e1a5966e3bcf0/Epson Perfection V850/2026-01-13/2026-01-13_16-17-02/top_left/2026-01-13_16-17-02.top_left.jpg,2026-01-13_16-17-02.top_left.thumb.jpg,73a37d7ec44337a23e2a64e1230cb14f,top_left,"[22.0, 45.0, 110.0, 135.0]",jpg,3200,0,epsonscan2,esci2:usb:ES00FE:337,Epson Perfection V850,d3dbcf42e05429343a8e1a5966e3bcf0,epsonscan2:Epson Perfection V850::esci2:usb:ES00FE:337,/data,{},DROSO_02_MEL_19_F,crop_2026-01-13_16-17-02.top_left_CROPNUMBER_2_UUID_DROSO_02_MEL_19_F.png,"[6164, 8592, 6541, 9049]",0.9499642252922058,1.0,00_data/01_segmented/crops,00_data/01_segmented/crops/crop_2026-01-13_16-17-02.top_left_CROPNUMBER_2_UUID_DROSO_02_MEL_19_F.json,00_data/02_resized/crops/crop_2026-01-13_16-17-02.top_left_CROPNUMBER_2_UUID_DROSO_02_MEL_19_F.jpg,crops,,00_data/01_segmented/crops/crop_2026-01-13_16-17-02.top_left_CROPNUMBER_2_UUID_DROSO_02_MEL_19_F.png,0.49015317286652077,3.6274375,,90018,5.671485632812501
2026-01-13T16:17:02.422812,/data/d3dbcf42e05429343a8e1a5966e3bcf0/Epson Perfection V850/2026-01-13/2026-01-13_16-17-02/top_right,2026-01-13_16-17-02.top_right.jpg,/data/d3dbcf42e05429343a8e1a5966e3bcf0/Epson Perfection V850/2026-01-13/2026-01-13_16-17-02/top_right/2026-01-13_16-17-02.top_right.jpg,2026-01-13_16-17-02.top_right.thumb.jpg,dba0ed76fe036a6b6c2f125e044f31c3,top_right,"[110.5, 45.0, 200.0, 135.0]",jpg,3200,0,epsonscan2,esci2:usb:ES00FE:337,Epson Perfection V850,d3dbcf42e05429343a8e1a5966e3bcf0,epsonscan2:Epson Perfection V850::esci2:usb:ES00FE:337,/data,{},DROSO_02_MEL_19_M,crop_2026-01-13_16-17-02.top_right_CROPNUMBER_23_UUID_DROSO_02_MEL_19_M.png,"[5806, 8669, 6285, 9051]",0.9343600869178772,0.6027106630904797,00_data/01_segmented/crops,00_data/01_segmented/crops/crop_2026-01-13_16-17-02.top_right_CROPNUMBER_23_UUID_DROSO_02_MEL_19_M.json,00_data/02_resized/crops/crop_2026-01-13_16-17-02.top_right_CROPNUMBER_23_UUID_DROSO_02_MEL_19_M.jpg,crops,,00_data/01_segmented/crops/crop_2026-01-13_16-17-02.top_right_CROPNUMBER_23_UUID_DROSO_02_MEL_19_M.png,0.46764091858037576,3.8020625,,80089,5.045919847656251
2026-01-13T16:22:42.229986,/data/d3dbcf42e05429343a8e1a5966e3bcf0/Epson Perfection V850/2026-01-13/2026-01-13_16-22-42/top_right,2026-01-13_16-22-42.top_right.jpg,/data/d3dbcf42e05429343a8e1a5966e3bcf0/Epson Perfection V850/2026-01-13/2026-01-13_16-22-42/top_right/2026-01-13_16-22-42.top_right.jpg,2026-01-13_16-22-42.top_right.thumb.jpg,a62b428f433471233371d44992128bb0,top_right,"[110.5, 45.0, 200.0, 135.0]",jpg,3200,0,epsonscan2,esci2:usb:ES00FE:337,Epson Perfection V850,d3dbcf42e05429343a8e1a5966e3bcf0,epsonscan2:Epson Perfection V850::esci2:usb:ES00FE:337,/data,{},DROSO_03_MEL_19_M,crop_2026-01-13_16-22-42.top_right_CROPNUMBER_18_UUID_DROSO_03_MEL_19_M.png,"[4370, 6413, 4806, 6714]",0.9336301684379578,0.6027106630904797,00_data/01_segmented/crops,00_data/01_segmented/crops/crop_2026-01-13_16-22-42.top_right_CROPNUMBER_18_UUID_DROSO_03_MEL_19_M.json,00_data/02_resized/crops/crop_2026-01-13_16-22-42.top_right_CROPNUMBER_18_UUID_DROSO_03_MEL_19_M.jpg,crops,,00_data/01_segmented/crops/crop_2026-01-13_16-22-42.top_right_CROPNUMBER_18_UUID_DROSO_03_MEL_19_M.png,0.5137614678899083,3.46075,,76175,4.79932255859375
2026-01-13T15:40:38.651010,/data/d3dbcf42e05429343a8e1a5966e3bcf0/Epson Perfection V850/2026-01-13/2026-01-13_15-40-38/top_right,2026-01-13_15-40-38.top_right.jpg,/data/d3dbcf42e05429343a8e1a5966e3bcf0/Epson Perfection V850/2026-01-13/2026-01-13_15-40-38/top_right/2026-01-13_15-40-38.top_right.jpg,2026-01-13_15-40-38.top_right.thumb.jpg,b3a9f59be4eab6b9c284088e08fe2da7,top_right,"[110.5, 45.0, 200.0, 135.0]",jpg,3200,0,epsonscan2,esci2:usb:ES00FE:337,Epson Perfection V850,d3dbcf42e05429343a8e1a5966e3bcf0,epsonscan2:Epson Perfection V850::esci2:usb:ES00FE:337,/data,{},DROSO_01_SIM_19_M,crop_2026-01-13_15-40-38.top_right_CROPNUMBER_16_UUID_DROSO_01_SIM_19_M.png,"[5497, 7234, 5830, 7675]",0.9262174367904664,0.6027106630904797,00_data/01_segmented/crops,00_data/01_segmented/crops/crop_2026-01-13_15-40-38.top_right_CROPNUMBER_16_UUID_DROSO_01_SIM_19_M.json,00_data/02_resized/crops/crop_2026-01-13_15-40-38.top_right_CROPNUMBER_16_UUID_DROSO_01_SIM_19_M.jpg,crops,,00_data/01_segmented/crops/crop_2026-01-13_15-40-38.top_right_CROPNUMBER_16_UUID_DROSO_01_SIM_19_M.png,0.5079365079365079,3.5004375,,81003,5.1035054179687505
2026-01-13T15:40:38.651010,/data/d3dbcf42e05429343a8e1a5966e3bcf0/Epson Perfection V850/2026-01-13/2026-01-13_15-40-38/top_left,2026-01-13_15-40-38.top_left.jpg,/data/d3dbcf42e05429343a8e1a5966e3bcf0/Epson Perfection V850/2026-01-13/2026-01-13_15-40-38/top_left/2026-01-13_15-40-38.top_left.jpg,2026-01-13_15-40-38.top_left.thumb.jpg,16a144e86ca9c5e7bb9b16ddead6411f,top_left,"[22.0, 45.0, 110.0, 135.0]",jpg,3200,0,epsonscan2,esci2:usb:ES00FE:337,Epson Perfection V850,d3dbcf42e05429343a8e1a5966e3bcf0,epsonscan2:Epson Perfection V850::esci2:usb:ES00FE:337,/data,{},DROSO_01_SIM_19_F,crop_2026-01-13_15-40-38.top_left_CROPNUMBER_7_UUID_DROSO_01_SIM_19_F.png,"[6845, 6873, 7325, 7276]",0.9394891262054444,0.6028218259357906,00_data/01_segmented/crops,00_data/01_segmented/crops/crop_2026-01-13_15-40-38.top_left_CROPNUMBER_7_UUID_DROSO_01_SIM_19_F.json,00_data/02_resized/crops/crop_2026-01-13_15-40-38.top_left_CROPNUMBER_7_UUID_DROSO_01_SIM_19_F.jpg,crops,,00_data/01_segmented/crops/crop_2026-01-13_15-40-38.top_left_CROPNUMBER_7_UUID_DROSO_01_SIM_19_F.png,0.4666666666666667,3.8099999999999996,,94348,5.944292546875
2026-01-13T15:46:54.437940,/data/d3dbcf42e05429343a8e1a5966e3bcf0/Epson Perfection V850/2026-01-13/2026-01-13_15-46-54/top_right,2026-01-13_15-46-54.top_right.jpg,/data/d3dbcf42e05429343a8e1a5966e3bcf0/Epson Perfection V850/2026-01-13/2026-01-13_15-46-54/top_right/2026-01-13_15-46-54.top_right.jpg,2026-01-13_15-46-54.top_right.thumb.jpg,8cfcebfb20b3b3b2bc86ba50975b08d9,top_right,"[110.5, 45.0, 200.0, 135.0]",jpg,3200,0,epsonscan2,esci2:usb:ES00FE:337,Epson Perfection V850,d3dbcf42e05429343a8e1a5966e3bcf0,epsonscan2:Epson Perfection V850::esci2:usb:ES00FE:337,/data,{},DROSO_02_SIM_19_M,crop_2026-01-13_15-46-54.top_right_CROPNUMBER_17_UUID_DROSO_02_SIM_19_M.png,"[5962, 8978, 6440, 9367]",0.9336308836936952,0.6027106630904797,00_data/01_segmented/crops,00_data/01_segmented/crops/crop_2026-01-13_15-46-54.top_right_CROPNUMBER_17_UUID_DROSO_02_SIM_19_M.json,00_data/02_resized/crops/crop_2026-01-13_15-46-54.top_right_CROPNUMBER_17_UUID_DROSO_02_SIM_19_M.jpg,crops,,00_data/01_segmented/crops/crop_2026-01-13_15-46-54.top_right_CROPNUMBER_17_UUID_DROSO_02_SIM_19_M.png,0.4686192468619247,3.794125,,94613,5.96098858203125
2026-01-13T16:09:56.394761,/data/d3dbcf42e05429343a8e1a5966e3bcf0/Epson Perfection V850/2026-01-13/2026-01-13_16-09-56/top_right,2026-01-13_16-09-56.top_right.jpg,/data/d3dbcf42e05429343a8e1a5966e3bcf0/Epson Perfection V850/2026-01-13/2026-01-13_16-09-56/top_right/2026-01-13_16-09-56.top_right.jpg,2026-01-13_16-09-56.top_right.thumb.jpg,aee7ff74e98fd3cb0d78628f63d1119f,top_right,"[110.5, 45.0, 200.0, 135.0]",jpg,3200,0,epsonscan2,esci2:usb:ES00FE:337,Epson Perfection V850,d3dbcf42e05429343a8e1a5966e3bcf0,epsonscan2:Epson Perfection V850::esci2:usb:ES00FE:337,/data,{},DROSO_01_MEL_19_M,crop_2026-01-13_16-09-56.top_right_CROPNUMBER_40_UUID_DROSO_01_MEL_19_M.png,"[9075, 8480, 9404, 8943]",0.936044692993164,1.0,00_data/01_segmented/crops,00_data/01_segmented/crops/crop_2026-01-13_16-09-56.top_right_CROPNUMBER_40_UUID_DROSO_01_MEL_19_M.json,00_data/02_resized/crops/crop_2026-01-13_16-09-56.top_right_CROPNUMBER_40_UUID_DROSO_01_MEL_19_M.jpg,crops,,00_data/01_segmented/crops/crop_2026-01-13_16-09-56.top_right_CROPNUMBER_40_UUID_DROSO_01_MEL_19_M.png,0.4838012958963283,3.6750624999999997,,78863,4.96867705859375
2026-01-13T15:46:54.437940,/data/d3dbcf42e05429343a8e1a5966e3bcf0/Epson Perfection V850/2026-01-13/2026-01-13_15-46-54/top_right,2026-01-13_15-46-54.top_right.jpg,/data/d3dbcf42e05429343a8e1a5966e3bcf0/Epson Perfection V850/2026-01-13/2026-01-13_15-46-54/top_right/2026-01-13_15-46-54.top_right.jpg,2026-01-13_15-46-54.top_right.thumb.jpg,8cfcebfb20b3b3b2bc86ba50975b08d9,top_right,"[110.5, 45.0, 200.0, 135.0]",jpg,3200,0,epsonscan2,esci2:usb:ES00FE:337,Epson Perfection V850,d3dbcf42e05429343a8e1a5966e3bcf0,epsonscan2:Epson Perfection V850::esci2:usb:ES00FE:337,/data,{},DROSO_02_SIM_19_M,crop_2026-01-13_15-46-54.top_right_CROPNUMBER_4_UUID_DROSO_02_SIM_19_M.png,"[4476, 8903, 4927, 9259]",0.9467663168907166,1.0,00_data/01_segmented/crops,00_data/01_segmented/crops/crop_2026-01-13_15-46-54.top_right_CROPNUMBER_4_UUID_DROSO_02_SIM_19_M.json,00_data/02_resized/crops/crop_2026-01-13_15-46-54.top_right_CROPNUMBER_4_UUID_DROSO_02_SIM_19_M.jpg,crops,,00_data/01_segmented/crops/crop_2026-01-13_15-46-54.top_right_CROPNUMBER_4_UUID_DROSO_02_SIM_19_M.png,0.49667405764966743,3.5798124999999996,,83414,5.2554078359375005
2026-01-13T16:09:56.394761,/data/d3dbcf42e05429343a8e1a5966e3bcf0/Epson Perfection V850/2026-01-13/2026-01-13_16-09-56/top_right,2026-01-13_16-09-56.top_right.jpg,/data/d3dbcf42e05429343a8e1a5966e3bcf0/Epson Perfection V850/2026-01-13/2026-01-13_16-09-56/top_right/2026-01-13_16-09-56.top_right.jpg,2026-01-13_16-09-56.top_right.thumb.jpg,aee7ff74e98fd3cb0d78628f63d1119f,top_right,"[110.5, 45.0, 200.0, 135.0]",jpg,3200,0,epsonscan2,esci2:usb:ES00FE:337,Epson Perfection V850,d3dbcf42e05429343a8e1a5966e3bcf0,epsonscan2:Epson Perfection V850::esci2:usb:ES00FE:337,/data,{},DROSO_01_MEL_19_M,crop_2026-01-13_16-09-56.top_right_CROPNUMBER_24_UUID_DROSO_01_MEL_19_M.png,"[4745, 8150, 5151, 8499]",0.9397186636924744,1.0,00_data/01_segmented/crops,00_data/01_segmented/crops/crop_2026-01-13_16-09-56.top_right_CROPNUMBER_24_UUID_DROSO_01_MEL_19_M.json,00_data/02_resized/crops/crop_2026-01-13_16-09-56.top_right_CROPNUMBER_24_UUID_DROSO_01_MEL_19_M.jpg,crops,,00_data/01_segmented/crops/crop_2026-01-13_16-09-56.top_right_CROPNUMBER_24_UUID_DROSO_01_MEL_19_M.png,0.5517241379310345,3.2226249999999994,,75623,4.76454440234375
2026-01-13T15:52:35.076944,/data/d3dbcf42e05429343a8e1a5966e3bcf0/Epson Perfection V850/2026-01-13/2026-01-13_15-52-35/top_left,2026-01-13_15-52-35.top_left.jpg,/data/d3dbcf42e05429343a8e1a5966e3bcf0/Epson Perfection V850/2026-01-13/2026-01-13_15-52-35/top_left/2026-01-13_15-52-35.top_left.jpg,2026-01-13_15-52-35.top_left.thumb.jpg,c96bd3e091dcefbdce757afd0a69dc15,top_left,"[22.0, 45.0, 110.0, 135.0]",jpg,3200,0,epsonscan2,esci2:usb:ES00FE:337,Epson Perfection V850,d3dbcf42e05429343a8e1a5966e3bcf0,epsonscan2:Epson Perfection V850::esci2:usb:ES00FE:337,/data,{},DROSO_03_SIM_19_F,crop_2026-01-13_15-52-35.top_left_CROPNUMBER_2_UUID_DROSO_03_SIM_19_F.png,"[4691, 7726, 5054, 8201]",0.950528919696808,1.0,00_data/01_segmented/crops,00_data/01_segmented/crops/crop_2026-01-13_15-52-35.top_left_CROPNUMBER_2_UUID_DROSO_03_SIM_19_F.json,00_data/02_resized/crops/crop_2026-01-13_15-52-35.top_left_CROPNUMBER_2_UUID_DROSO_03_SIM_19_F.jpg,crops,,00_data/01_segmented/crops/crop_2026-01-13_15-52-35.top_left_CROPNUMBER_2_UUID_DROSO_03_SIM_19_F.png,0.47157894736842104,3.7703124999999997,,79756,5.024939546875
2026-01-13T16:17:02.422812,/data/d3dbcf42e05429343a8e1a5966e3bcf0/Epson Perfection V850/2026-01-13/2026-01-13_16-17-02/top_right,2026-01-13_16-17-02.top_right.jpg,/data/d3dbcf42e05429343a8e1a5966e3bcf0/Epson Perfection V850/2026-01-13/2026-01-13_16-17-02/top_right/2026-01-13_16-17-02.top_right.jpg,2026-01-13_16-17-02.top_right.thumb.jpg,dba0ed76fe036a6b6c2f125e044f31c3,top_right,"[110.5, 45.0, 200.0, 135.0]",jpg,3200,0,epsonscan2,esci2:usb:ES00FE:337,Epson Perfection V850,d3dbcf42e05429343a8e1a5966e3bcf0,epsonscan2:Epson Perfection V850::esci2:usb:ES00FE:337,/data,{},DROSO_02_MEL_19_M,crop_2026-01-13_16-17-02.top_right_CROPNUMBER_2_UUID_DROSO_02_MEL_19_M.png,"[8087, 6846, 8558, 7200]",0.9487895369529724,1.0,00_data/01_segmented/crops,00_data/01_segmented/crops/crop_2026-01-13_16-17-02.top_right_CROPNUMBER_2_UUID_DROSO_02_MEL_19_M.json,00_data/02_resized/crops/crop_2026-01-13_16-17-02.top_right_CROPNUMBER_2_UUID_DROSO_02_MEL_19_M.jpg,crops,,00_data/01_segmented/crops/crop_2026-01-13_16-17-02.top_right_CROPNUMBER_2_UUID_DROSO_02_MEL_19_M.png,0.47558386411889597,3.7385624999999996,,76555,4.82326404296875
2026-01-13T15:46:54.437940,/data/d3dbcf42e05429343a8e1a5966e3bcf0/Epson Perfection V850/2026-01-13/2026-01-13_15-46-54/top_right,2026-01-13_15-46-54.top_right.jpg,/data/d3dbcf42e05429343a8e1a5966e3bcf0/Epson Perfection V850/2026-01-13/2026-01-13_15-46-54/top_right/2026-01-13_15-46-54.top_right.jpg,2026-01-13_15-46-54.top_right.thumb.jpg,8cfcebfb20b3b3b2bc86ba50975b08d9,top_right,"[110.5, 45.0, 200.0, 135.0]",jpg,3200,0,epsonscan2,esci2:usb:ES00FE:337,Epson Perfection V850,d3dbcf42e05429343a8e1a5966e3bcf0,epsonscan2:Epson Perfection V850::esci2:usb:ES00FE:337,/data,{},DROSO_02_SIM_19_M,crop_2026-01-13_15-46-54.top_right_CROPNUMBER_11_UUID_DROSO_02_SIM_19_M.png,"[4293, 7060, 4841, 7474]",0.9385827779769896,0.6027106630904797,00_data/01_segmented/crops,00_data/01_segmented/crops/crop_2026-01-13_15-46-54.top_right_CROPNUMBER_11_UUID_DROSO_02_SIM_19_M.json,00_data/02_resized/crops/crop_2026-01-13_15-46-54.top_right_CROPNUMBER_11_UUID_DROSO_02_SIM_19_M.jpg,crops,,00_data/01_segmented/crops/crop_2026-01-13_15-46-54.top_right_CROPNUMBER_11_UUID_DROSO_02_SIM_19_M.png,0.40875912408759124,4.34975,,94747,5.96943110546875
2026-01-13T15:46:54.437940,/data/d3dbcf42e05429343a8e1a5966e3bcf0/Epson Perfection V850/2026-01-13/2026-01-13_15-46-54/top_right,2026-01-13_15-46-54.top_right.jpg,/data/d3dbcf42e05429343a8e1a5966e3bcf0/Epson Perfection V850/2026-01-13/2026-01-13_15-46-54/top_right/2026-01-13_15-46-54.top_right.jpg,2026-01-13_15-46-54.top_right.thumb.jpg,8cfcebfb20b3b3b2bc86ba50975b08d9,top_right,"[110.5, 45.0, 200.0, 135.0]",jpg,3200,0,epsonscan2,esci2:usb:ES00FE:337,Epson Perfection V850,d3dbcf42e05429343a8e1a5966e3bcf0,epsonscan2:Epson Perfection V850::esci2:usb:ES00FE:337,/data,{},DROSO_02_SIM_19_M,crop_2026-01-13_15-46-54.top_right_CROPNUMBER_18_UUID_DROSO_02_SIM_19_M.png,"[3821, 6812, 4155, 7297]",0.9335567951202391,1.0,00_data/01_segmented/crops,00_data/01_segmented/crops/crop_2026-01-13_15-46-54.top_right_CROPNUMBER_18_UUID_DROSO_02_SIM_19_M.json,00_data/02_resized/crops/crop_2026-01-13_15-46-54.top_right_CROPNUMBER_18_UUID_DROSO_02_SIM_19_M.jpg,crops,,00_data/01_segmented/crops/crop_2026-01-13_15-46-54.top_right_CROPNUMBER_18_UUID_DROSO_02_SIM_19_M.png,0.4618556701030928,3.8496874999999995,,79391,5.00194312109375
2026-01-13T16:09:56.394761,/data/d3dbcf42e05429343a8e1a5966e3bcf0/Epson Perfection V850/2026-01-13/2026-01-13_16-09-56/top_left,2026-01-13_16-09-56.top_left.jpg,/data/d3dbcf42e05429343a8e1a5966e3bcf0/Epson Perfection V850/2026-01-13/2026-01-13_16-09-56/top_left/2026-01-13_16-09-56.top_left.jpg,2026-01-13_16-09-56.top_left.thumb.jpg,788d0971822fc839506e3180de7f3b36,top_left,"[22.0, 45.0, 110.0, 135.0]",jpg,3200,0,epsonscan2,esci2:usb:ES00FE:337,Epson Perfection V850,d3dbcf42e05429343a8e1a5966e3bcf0,epsonscan2:Epson Perfection V850::esci2:usb:ES00FE:337,/data,{},DROSO_01_MEL_19_F,crop_2026-01-13_16-09-56.top_left_CROPNUMBER_10_UUID_DROSO_01_MEL_19_F.png,"[3416, 6208, 3875, 6705]",0.9439589381217957,0.6028218259357906,00_data/01_segmented/crops,00_data/01_segmented/crops/crop_2026-01-13_16-09-56.top_left_CROPNUMBER_10_UUID_DROSO_01_MEL_19_F.json,00_data/02_resized/crops/crop_2026-01-13_16-09-56.top_left_CROPNUMBER_10_UUID_DROSO_01_MEL_19_F.jpg,crops,,00_data/01_segmented/crops/crop_2026-01-13_16-09-56.top_left_CROPNUMBER_10_UUID_DROSO_01_MEL_19_F.png,0.4507042253521127,3.9449374999999995,,96941,6.107661675781251
2026-01-13T16:09:56.394761,/data/d3dbcf42e05429343a8e1a5966e3bcf0/Epson Perfection V850/2026-01-13/2026-01-13_16-09-56/top_left,2026-01-13_16-09-56.top_left.jpg,/data/d3dbcf42e05429343a8e1a5966e3bcf0/Epson Perfection V850/2026-01-13/2026-01-13_16-09-56/top_left/2026-01-13_16-09-56.top_left.jpg,2026-01-13_16-09-56.top_left.thumb.jpg,788d0971822fc839506e3180de7f3b36,top_left,"[22.0, 45.0, 110.0, 135.0]",jpg,3200,0,epsonscan2,esci2:usb:ES00FE:337,Epson Perfection V850,d3dbcf42e05429343a8e1a5966e3bcf0,epsonscan2:Epson Perfection V850::esci2:usb:ES00FE:337,/data,{},DROSO_01_MEL_19_F,crop_2026-01-13_16-09-56.top_left_CROPNUMBER_34_UUID_DROSO_01_MEL_19_F.png,"[3188, 8733, 3723, 9071]",0.9323835372924804,0.6028218259357906,00_data/01_segmented/crops,00_data/01_segmented/crops/crop_2026-01-13_16-09-56.top_left_CROPNUMBER_34_UUID_DROSO_01_MEL_19_F.json,00_data/02_resized/crops/crop_2026-01-13_16-09-56.top_left_CROPNUMBER_34_UUID_DROSO_01_MEL_19_F.jpg,crops,,00_data/01_segmented/crops/crop_2026-01-13_16-09-56.top_left_CROPNUMBER_34_UUID_DROSO_01_MEL_19_F.png,0.41869158878504675,4.2465625,,91788,5.783002546875
2026-01-13T16:17:02.422812,/data/d3dbcf42e05429343a8e1a5966e3bcf0/Epson Perfection V850/2026-01-13/2026-01-13_16-17-02/top_right,2026-01-13_16-17-02.top_right.jpg,/data/d3dbcf42e05429343a8e1a5966e3bcf0/Epson Perfection V850/2026-01-13/2026-01-13_16-17-02/top_right/2026-01-13_16-17-02.top_right.jpg,2026-01-13_16-17-02.top_right.thumb.jpg,dba0ed76fe036a6b6c2f125e044f31c3,top_right,"[110.5, 45.0, 200.0, 135.0]",jpg,3200,0,epsonscan2,esci2:usb:ES00FE:337,Epson Perfection V850,d3dbcf42e05429343a8e1a5966e3bcf0,epsonscan2:Epson Perfection V850::esci2:usb:ES00FE:337,/data,{},DROSO_02_MEL_19_M,crop_2026-01-13_16-17-02.top_right_CROPNUMBER_16_UUID_DROSO_02_MEL_19_M.png,"[2885, 6231, 3277, 6606]",0.937007486820221,0.6027106630904797,00_data/01_segmented/crops,00_data/01_segmented/crops/crop_2026-01-13_16-17-02.top_right_CROPNUMBER_16_UUID_DROSO_02_MEL_19_M.json,00_data/02_resized/crops/crop_2026-01-13_16-17-02.top_right_CROPNUMBER_16_UUID_DROSO_02_MEL_19_M.jpg,crops,,00_data/01_segmented/crops/crop_2026-01-13_16-17-02.top_right_CROPNUMBER_16_UUID_DROSO_02_MEL_19_M.png,0.5714285714285714,3.1115,,76246,4.803795835937501
2026-01-13T16:17:02.422812,/data/d3dbcf42e05429343a8e1a5966e3bcf0/Epson Perfection V850/2026-01-13/2026-01-13_16-17-02/top_right,2026-01-13_16-17-02.top_right.jpg,/data/d3dbcf42e05429343a8e1a5966e3bcf0/Epson Perfection V850/2026-01-13/2026-01-13_16-17-02/top_right/2026-01-13_16-17-02.top_right.jpg,2026-01-13_16-17-02.top_right.thumb.jpg,dba0ed76fe036a6b6c2f125e044f31c3,top_right,"[110.5, 45.0, 200.0, 135.0]",jpg,3200,0,epsonscan2,esci2:usb:ES00FE:337,Epson Perfection V850,d3dbcf42e05429343a8e1a5966e3bcf0,epsonscan2:Epson Perfection V850::esci2:usb:ES00FE:337,/data,{},DROSO_02_MEL_19_M,crop_2026-01-13_16-17-02.top_right_CROPNUMBER_28_UUID_DROSO_02_MEL_19_M.png,"[6164, 7479, 6416, 7931]",0.9258192777633668,1.0,00_data/01_segmented/crops,00_data/01_segmented/crops/crop_2026-01-13_16-17-02.top_right_CROPNUMBER_28_UUID_DROSO_02_MEL_19_M.json,00_data/02_resized/crops/crop_2026-01-13_16-17-02.top_right_CROPNUMBER_28_UUID_DROSO_02_MEL_19_M.jpg,crops,,00_data/01_segmented/crops/crop_2026-01-13_16-17-02.top_right_CROPNUMBER_28_UUID_DROSO_02_MEL_19_M.png,0.49557522123893805,3.5877499999999993,,69522,4.3801575703125
2026-01-13T16:09:56.394761,/data/d3dbcf42e05429343a8e1a5966e3bcf0/Epson Perfection V850/2026-01-13/2026-01-13_16-09-56/top_right,2026-01-13_16-09-56.top_right.jpg,/data/d3dbcf42e05429343a8e1a5966e3bcf0/Epson Perfection V850/2026-01-13/2026-01-13_16-09-56/top_right/2026-01-13_16-09-56.top_right.jpg,2026-01-13_16-09-56.top_right.thumb.jpg,aee7ff74e98fd3cb0d78628f63d1119f,top_right,"[110.5, 45.0, 200.0, 135.0]",jpg,3200,0,epsonscan2,esci2:usb:ES00FE:337,Epson Perfection V850,d3dbcf42e05429343a8e1a5966e3bcf0,epsonscan2:Epson Perfection V850::esci2:usb:ES00FE:337,/data,{},DROSO_01_MEL_19_M,crop_2026-01-13_16-09-56.top_right_CROPNUMBER_26_UUID_DROSO_01_MEL_19_M.png,"[2719, 7572, 3147, 8027]",0.9395838379859924,0.6027106630904797,00_data/01_segmented/crops,00_data/01_segmented/crops/crop_2026-01-13_16-09-56.top_right_CROPNUMBER_26_UUID_DROSO_01_MEL_19_M.json,00_data/02_resized/crops/crop_2026-01-13_16-09-56.top_right_CROPNUMBER_26_UUID_DROSO_01_MEL_19_M.jpg,crops,,00_data/01_segmented/crops/crop_2026-01-13_16-09-56.top_right_CROPNUMBER_26_UUID_DROSO_01_MEL_19_M.png,0.49230769230769234,3.6115625,,98080,6.1794231250000005
2026-01-13T16:09:56.394761,/data/d3dbcf42e05429343a8e1a5966e3bcf0/Epson Perfection V850/2026-01-13/2026-01-13_16-09-56/top_right,2026-01-13_16-09-56.top_right.jpg,/data/d3dbcf42e05429343a8e1a5966e3bcf0/Epson Perfection V850/2026-01-13/2026-01-13_16-09-56/top_right/2026-01-13_16-09-56.top_right.jpg,2026-01-13_16-09-56.top_right.thumb.jpg,aee7ff74e98fd3cb0d78628f63d1119f,top_right,"[110.5, 45.0, 200.0, 135.0]",jpg,3200,0,epsonscan2,esci2:usb:ES00FE:337,Epson Perfection V850,d3dbcf42e05429343a8e1a5966e3bcf0,epsonscan2:Epson Perfection V850::esci2:usb:ES00FE:337,/data,{},DROSO_01_MEL_19_M,crop_2026-01-13_16-09-56.top_right_CROPNUMBER_64_UUID_DROSO_01_MEL_19_M.png,"[3105, 7010, 3341, 7477]",0.912912130355835,0.6027106630904797,00_data/01_segmented/crops,00_data/01_segmented/crops/crop_2026-01-13_16-09-56.top_right_CROPNUMBER_64_UUID_DROSO_01_MEL_19_M.json,00_data/02_resized/crops/crop_2026-01-13_16-09-56.top_right_CROPNUMBER_64_UUID_DROSO_01_MEL_19_M.jpg,crops,,00_data/01_segmented/crops/crop_2026-01-13_16-09-56.top_right_CROPNUMBER_64_UUID_DROSO_01_MEL_19_M.png,0.4796573875802998,3.7068125,,71975,4.53470615234375
2026-01-13T15:40:38.651010,/data/d3dbcf42e05429343a8e1a5966e3bcf0/Epson Perfection V850/2026-01-13/2026-01-13_15-40-38/top_right,2026-01-13_15-40-38.top_right.jpg,/data/d3dbcf42e05429343a8e1a5966e3bcf0/Epson Perfection V850/2026-01-13/2026-01-13_15-40-38/top_right/2026-01-13_15-40-38.top_right.jpg,2026-01-13_15-40-38.top_right.thumb.jpg,b3a9f59be4eab6b9c284088e08fe2da7,top_right,"[110.5, 45.0, 200.0, 135.0]",jpg,3200,0,epsonscan2,esci2:usb:ES00FE:337,Epson Perfection V850,d3dbcf42e05429343a8e1a5966e3bcf0,epsonscan2:Epson Perfection V850::esci2:usb:ES00FE:337,/data,{},DROSO_01_SIM_19_M,crop_2026-01-13_15-40-38.top_right_CROPNUMBER_19_UUID_DROSO_01_SIM_19_M.png,"[9426, 8189, 9585, 8383]",0.2686149179935455,1.0,00_data/01_segmented/crops,00_data/01_segmented/crops/crop_2026-01-13_15-40-38.top_right_CROPNUMBER_19_UUID_DROSO_01_SIM_19_M.json,00_data/02_resized/crops/crop_2026-01-13_15-40-38.top_right_CROPNUMBER_19_UUID_DROSO_01_SIM_19_M.jpg,crops,,00_data/01_segmented/crops/crop_2026-01-13_15-40-38.top_right_CROPNUMBER_19_UUID_DROSO_01_SIM_19_M.png,1.1546391752577319,1.5398750000000003,,15141,0.95394214453125
2026-01-13T15:52:35.076944,/data/d3dbcf42e05429343a8e1a5966e3bcf0/Epson Perfection V850/2026-01-13/2026-01-13_15-52-35/top_right,2026-01-13_15-52-35.top_right.jpg,/data/d3dbcf42e05429343a8e1a5966e3bcf0/Epson Perfection V850/2026-01-13/2026-01-13_15-52-35/top_right/2026-01-13_15-52-35.top_right.jpg,2026-01-13_15-52-35.top_right.thumb.jpg,21ba2cf23da353b8d840e52696871b60,top_right,"[110.5, 45.0, 200.0, 135.0]",jpg,3200,0,epsonscan2,esci2:usb:ES00FE:337,Epson Perfection V850,d3dbcf42e05429343a8e1a5966e3bcf0,epsonscan2:Epson Perfection V850::esci2:usb:ES00FE:337,/data,{},DROSO_03_SIM_19_M,crop_2026-01-13_15-52-35.top_right_CROPNUMBER_13_UUID_DROSO_03_SIM_19_M.png,"[3602, 7133, 3904, 7535]",0.9336881041526794,1.0,00_data/01_segmented/crops,00_data/01_segmented/crops/crop_2026-01-13_15-52-35.top_right_CROPNUMBER_13_UUID_DROSO_03_SIM_19_M.json,00_data/02_resized/crops/crop_2026-01-13_15-52-35.top_right_CROPNUMBER_13_UUID_DROSO_03_SIM_19_M.jpg,crops,,00_data/01_segmented/crops/crop_2026-01-13_15-52-35.top_right_CROPNUMBER_13_UUID_DROSO_03_SIM_19_M.png,0.5572139303482587,3.1908749999999997,,65319,4.115352152343751
2026-01-13T15:52:35.076944,/data/d3dbcf42e05429343a8e1a5966e3bcf0/Epson Perfection V850/2026-01-13/2026-01-13_15-52-35/top_right,2026-01-13_15-52-35.top_right.jpg,/data/d3dbcf42e05429343a8e1a5966e3bcf0/Epson Perfection V850/2026-01-13/2026-01-13_15-52-35/top_right/2026-01-13_15-52-35.top_right.jpg,2026-01-13_15-52-35.top_right.thumb.jpg,21ba2cf23da353b8d840e52696871b60,top_right,"[110.5, 45.0, 200.0, 135.0]",jpg,3200,0,epsonscan2,esci2:usb:ES00FE:337,Epson Perfection V850,d3dbcf42e05429343a8e1a5966e3bcf0,epsonscan2:Epson Perfection V850::esci2:usb:ES00FE:337,/data,{},DROSO_03_SIM_19_M,crop_2026-01-13_15-52-35.top_right_CROPNUMBER_23_UUID_DROSO_03_SIM_19_M.png,"[7385, 7387, 7799, 7616]",0.9245707392692566,1.0,00_data/01_segmented/crops,00_data/01_segmented/crops/crop_2026-01-13_15-52-35.top_right_CROPNUMBER_23_UUID_DROSO_03_SIM_19_M.json,00_data/02_resized/crops/crop_2026-01-13_15-52-35.top_right_CROPNUMBER_23_UUID_DROSO_03_SIM_19_M.jpg,crops,,00_data/01_segmented/crops/crop_2026-01-13_15-52-35.top_right_CROPNUMBER_23_UUID_DROSO_03_SIM_19_M.png,0.5410628019323671,3.286125,,59131,3.7254839804687503
2026-01-13T15:52:35.076944,/data/d3dbcf42e05429343a8e1a5966e3bcf0/Epson Perfection V850/2026-01-13/2026-01-13_15-52-35/top_right,2026-01-13_15-52-35.top_right.jpg,/data/d3dbcf42e05429343a8e1a5966e3bcf0/Epson Perfection V850/2026-01-13/2026-01-13_15-52-35/top_right/2026-01-13_15-52-35.top_right.jpg,2026-01-13_15-52-35.top_right.thumb.jpg,21ba2cf23da353b8d840e52696871b60,top_right,"[110.5, 45.0, 200.0, 135.0]",jpg,3200,0,epsonscan2,esci2:usb:ES00FE:337,Epson Perfection V850,d3dbcf42e05429343a8e1a5966e3bcf0,epsonscan2:Epson Perfection V850::esci2:usb:ES00FE:337,/data,{},DROSO_03_SIM_19_M,crop_2026-01-13_15-52-35.top_right_CROPNUMBER_17_UUID_DROSO_03_SIM_19_M.png,"[5241, 6764, 5565, 7177]",0.9323254227638244,0.6027106630904797,00_data/01_segmented/crops,00_data/01_segmented/crops/crop_2026-01-13_15-52-35.top_right_CROPNUMBER_17_UUID_DROSO_03_SIM_19_M.json,00_data/02_resized/crops/crop_2026-01-13_15-52-35.top_right_CROPNUMBER_17_UUID_DROSO_03_SIM_19_M.jpg,crops,,00_data/01_segmented/crops/crop_2026-01-13_15-52-35.top_right_CROPNUMBER_17_UUID_DROSO_03_SIM_19_M.png,0.5423728813559322,3.2781874999999996,,70037,4.41260458203125
2026-01-13T16:09:56.394761,/data/d3dbcf42e05429343a8e1a5966e3bcf0/Epson Perfection V850/2026-01-13/2026-01-13_16-09-56/top_right,2026-01-13_16-09-56.top_right.jpg,/data/d3dbcf42e05429343a8e1a5966e3bcf0/Epson Perfection V850/2026-01-13/2026-01-13_16-09-56/top_right/2026-01-13_16-09-56.top_right.jpg,2026-01-13_16-09-56.top_right.thumb.jpg,aee7ff74e98fd3cb0d78628f63d1119f,top_right,"[110.5, 45.0, 200.0, 135.0]",jpg,3200,0,epsonscan2,esci2:usb:ES00FE:337,Epson Perfection V850,d3dbcf42e05429343a8e1a5966e3bcf0,epsonscan2:Epson Perfection V850::esci2:usb:ES00FE:337,/data,{},DROSO_01_MEL_19_M,crop_2026-01-13_16-09-56.top_right_CROPNUMBER_16_UUID_DROSO_01_MEL_19_M.png,"[3562, 7469, 3879, 7905]",0.9429503679275512,1.0,00_data/01_segmented/crops,00_data/01_segmented/crops/crop_2026-01-13_16-09-56.top_right_CROPNUMBER_16_UUID_DROSO_01_MEL_19_M.json,00_data/02_resized/crops/crop_2026-01-13_16-09-56.top_right_CROPNUMBER_16_UUID_DROSO_01_MEL_19_M.jpg,crops,,00_data/01_segmented/crops/crop_2026-01-13_16-09-56.top_right_CROPNUMBER_16_UUID_DROSO_01_MEL_19_M.png,0.5137614678899083,3.46075,,77997,4.91411567578125
2026-01-13T15:52:35.076944,/data/d3dbcf42e05429343a8e1a5966e3bcf0/Epson Perfection V850/2026-01-13/2026-01-13_15-52-35/top_right,2026-01-13_15-52-35.top_right.jpg,/data/d3dbcf42e05429343a8e1a5966e3bcf0/Epson Perfection V850/2026-01-13/2026-01-13_15-52-35/top_right/2026-01-13_15-52-35.top_right.jpg,2026-01-13_15-52-35.top_right.thumb.jpg,21ba2cf23da353b8d840e52696871b60,top_right,"[110.5, 45.0, 200.0, 135.0]",jpg,3200,0,epsonscan2,esci2:usb:ES00FE:337,Epson Perfection V850,d3dbcf42e05429343a8e1a5966e3bcf0,epsonscan2:Epson Perfection V850::esci2:usb:ES00FE:337,/data,{},DROSO_03_SIM_19_M,crop_2026-01-13_15-52-35.top_right_CROPNUMBER_19_UUID_DROSO_03_SIM_19_M.png,"[6189, 5980, 6487, 6396]",0.9303831458091736,1.0,00_data/01_segmented/crops,00_data/01_segmented/crops/crop_2026-01-13_15-52-35.top_right_CROPNUMBER_19_UUID_DROSO_03_SIM_19_M.json,00_data/02_resized/crops/crop_2026-01-13_15-52-35.top_right_CROPNUMBER_19_UUID_DROSO_03_SIM_19_M.jpg,crops,,00_data/01_segmented/crops/crop_2026-01-13_15-52-35.top_right_CROPNUMBER_19_UUID_DROSO_03_SIM_19_M.png,0.5384615384615384,3.302,,68964,4.345001390625001
2026-01-13T15:58:15.447485,/data/d3dbcf42e05429343a8e1a5966e3bcf0/Epson Perfection V850/2026-01-13/2026-01-13_15-58-15/top_right,2026-01-13_15-58-15.top_right.jpg,/data/d3dbcf42e05429343a8e1a5966e3bcf0/Epson Perfection V850/2026-01-13/2026-01-13_15-58-15/top_right/2026-01-13_15-58-15.top_right.jpg,2026-01-13_15-58-15.top_right.thumb.jpg,f4b3f70693284ad9b6a7bd19eb02b3d5,top_right,"[110.5, 45.0, 200.0, 135.0]",jpg,3200,0,epsonscan2,esci2:usb:ES00FE:337,Epson Perfection V850,d3dbcf42e05429343a8e1a5966e3bcf0,epsonscan2:Epson Perfection V850::esci2:usb:ES00FE:337,/data,{},DROSO_04_SIM_19_M,crop_2026-01-13_15-58-15.top_right_CROPNUMBER_3_UUID_DROSO_04_SIM_19_M.png,"[5013, 7965, 5452, 8337]",0.9498440027236938,1.0,00_data/01_segmented/crops,00_data/01_segmented/crops/crop_2026-01-13_15-58-15.top_right_CROPNUMBER_3_UUID_DROSO_04_SIM_19_M.json,00_data/02_resized/crops/crop_2026-01-13_15-58-15.top_right_CROPNUMBER_3_UUID_DROSO_04_SIM_19_M.jpg,crops,,00_data/01_segmented/crops/crop_2026-01-13_15-58-15.top_right_CROPNUMBER_3_UUID_DROSO_04_SIM_19_M.png,0.510250569476082,3.4845624999999996,,83790,5.2790973046875
2026-01-13T16:09:56.394761,/data/d3dbcf42e05429343a8e1a5966e3bcf0/Epson Perfection V850/2026-01-13/2026-01-13_16-09-56/top_right,2026-01-13_16-09-56.top_right.jpg,/data/d3dbcf42e05429343a8e1a5966e3bcf0/Epson Perfection V850/2026-01-13/2026-01-13_16-09-56/top_right/2026-01-13_16-09-56.top_right.jpg,2026-01-13_16-09-56.top_right.thumb.jpg,aee7ff74e98fd3cb0d78628f63d1119f,top_right,"[110.5, 45.0, 200.0, 135.0]",jpg,3200,0,epsonscan2,esci2:usb:ES00FE:337,Epson Perfection V850,d3dbcf42e05429343a8e1a5966e3bcf0,epsonscan2:Epson Perfection V850::esci2:usb:ES00FE:337,/data,{},DROSO_01_MEL_19_M,crop_2026-01-13_16-09-56.top_right_CROPNUMBER_19_UUID_DROSO_01_MEL_19_M.png,"[4255, 7002, 4669, 7434]",0.9422296285629272,1.0,00_data/01_segmented/crops,00_data/01_segmented/crops/crop_2026-01-13_16-09-56.top_right_CROPNUMBER_19_UUID_DROSO_01_MEL_19_M.json,00_data/02_resized/crops/crop_2026-01-13_16-09-56.top_right_CROPNUMBER_19_UUID_DROSO_01_MEL_19_M.jpg,crops,,00_data/01_segmented/crops/crop_2026-01-13_16-09-56.top_right_CROPNUMBER_19_UUID_DROSO_01_MEL_19_M.png,0.5185185185185185,3.429,,70020,4.411533515625
2026-01-13T15:40:38.651010,/data/d3dbcf42e05429343a8e1a5966e3bcf0/Epson Perfection V850/2026-01-13/2026-01-13_15-40-38/top_right,2026-01-13_15-40-38.top_right.jpg,/data/d3dbcf42e05429343a8e1a5966e3bcf0/Epson Perfection V850/2026-01-13/2026-01-13_15-40-38/top_right/2026-01-13_15-40-38.top_right.jpg,2026-01-13_15-40-38.top_right.thumb.jpg,b3a9f59be4eab6b9c284088e08fe2da7,top_right,"[110.5, 45.0, 200.0, 135.0]",jpg,3200,0,epsonscan2,esci2:usb:ES00FE:337,Epson Perfection V850,d3dbcf42e05429343a8e1a5966e3bcf0,epsonscan2:Epson Perfection V850::esci2:usb:ES00FE:337,/data,{},DROSO_01_SIM_19_M,crop_2026-01-13_15-40-38.top_right_CROPNUMBER_3_UUID_DROSO_01_SIM_19_M.png,"[4834, 7702, 5287, 8052]",0.9471089243888856,1.0,00_data/01_segmented/crops,00_data/01_segmented/crops/crop_2026-01-13_15-40-38.top_right_CROPNUMBER_3_UUID_DROSO_01_SIM_19_M.json,00_data/02_resized/crops/crop_2026-01-13_15-40-38.top_right_CROPNUMBER_3_UUID_DROSO_01_SIM_19_M.jpg,crops,,00_data/01_segmented/crops/crop_2026-01-13_15-40-38.top_right_CROPNUMBER_3_UUID_DROSO_01_SIM_19_M.png,0.49448123620309054,3.5956875,,79451,5.00572335546875
2026-01-13T15:46:54.437940,/data/d3dbcf42e05429343a8e1a5966e3bcf0/Epson Perfection V850/2026-01-13/2026-01-13_15-46-54/top_left,2026-01-13_15-46-54.top_left.jpg,/data/d3dbcf42e05429343a8e1a5966e3bcf0/Epson Perfection V850/2026-01-13/2026-01-13_15-46-54/top_left/2026-01-13_15-46-54.top_left.jpg,2026-01-13_15-46-54.top_left.thumb.jpg,5483407fad8572e990edf163cad31d3d,top_left,"[22.0, 45.0, 110.0, 135.0]",jpg,3200,0,epsonscan2,esci2:usb:ES00FE:337,Epson Perfection V850,d3dbcf42e05429343a8e1a5966e3bcf0,epsonscan2:Epson Perfection V850::esci2:usb:ES00FE:337,/data,{},DROSO_02_SIM_19_F,crop_2026-01-13_15-46-54.top_left_CROPNUMBER_17_UUID_DROSO_02_SIM_19_F.png,"[6787, 998, 7079, 1299]",0.7791523337364197,1.0,00_data/01_segmented/crops,00_data/01_segmented/crops/crop_2026-01-13_15-46-54.top_left_CROPNUMBER_17_UUID_DROSO_02_SIM_19_F.json,00_data/02_resized/crops/crop_2026-01-13_15-46-54.top_left_CROPNUMBER_17_UUID_DROSO_02_SIM_19_F.jpg,crops,,00_data/01_segmented/crops/crop_2026-01-13_15-46-54.top_left_CROPNUMBER_17_UUID_DROSO_02_SIM_19_F.png,0.7441860465116279,2.3891875,,63938,4.0283437578125
2026-01-13T15:58:15.447485,/data/d3dbcf42e05429343a8e1a5966e3bcf0/Epson Perfection V850/2026-01-13/2026-01-13_15-58-15/top_right,2026-01-13_15-58-15.top_right.jpg,/data/d3dbcf42e05429343a8e1a5966e3bcf0/Epson Perfection V850/2026-01-13/2026-01-13_15-58-15/top_right/2026-01-13_15-58-15.top_right.jpg,2026-01-13_15-58-15.top_right.thumb.jpg,f4b3f70693284ad9b6a7bd19eb02b3d5,top_right,"[110.5, 45.0, 200.0, 135.0]",jpg,3200,0,epsonscan2,esci2:usb:ES00FE:337,Epson Perfection V850,d3dbcf42e05429343a8e1a5966e3bcf0,epsonscan2:Epson Perfection V850::esci2:usb:ES00FE:337,/data,{},DROSO_04_SIM_19_M,crop_2026-01-13_15-58-15.top_right_CROPNUMBER_9_UUID_DROSO_04_SIM_19_M.png,"[3327, 7438, 3769, 7841]",0.9457776546478271,1.0,00_data/01_segmented/crops,00_data/01_segmented/crops/crop_2026-01-13_15-58-15.top_right_CROPNUMBER_9_UUID_DROSO_04_SIM_19_M.json,00_data/02_resized/crops/crop_2026-01-13_15-58-15.top_right_CROPNUMBER_9_UUID_DROSO_04_SIM_19_M.jpg,crops,,00_data/01_segmented/crops/crop_2026-01-13_15-58-15.top_right_CROPNUMBER_9_UUID_DROSO_04_SIM_19_M.png,0.5067873303167421,3.5083749999999996,,81290,5.1215875390625
2026-01-13T16:17:02.422812,/data/d3dbcf42e05429343a8e1a5966e3bcf0/Epson Perfection V850/2026-01-13/2026-01-13_16-17-02/top_right,2026-01-13_16-17-02.top_right.jpg,/data/d3dbcf42e05429343a8e1a5966e3bcf0/Epson Perfection V850/2026-01-13/2026-01-13_16-17-02/top_right/2026-01-13_16-17-02.top_right.jpg,2026-01-13_16-17-02.top_right.thumb.jpg,dba0ed76fe036a6b6c2f125e044f31c3,top_right,"[110.5, 45.0, 200.0, 135.0]",jpg,3200,0,epsonscan2,esci2:usb:ES00FE:337,Epson Perfection V850,d3dbcf42e05429343a8e1a5966e3bcf0,epsonscan2:Epson Perfection V850::esci2:usb:ES00FE:337,/data,{},DROSO_02_MEL_19_M,crop_2026-01-13_16-17-02.top_right_CROPNUMBER_14_UUID_DROSO_02_MEL_19_M.png,"[4362, 8420, 4752, 8755]",0.937811315059662,1.0,00_data/01_segmented/crops,00_data/01_segmented/crops/crop_2026-01-13_16-17-02.top_right_CROPNUMBER_14_UUID_DROSO_02_MEL_19_M.json,00_data/02_resized/crops/crop_2026-01-13_16-17-02.top_right_CROPNUMBER_14_UUID_DROSO_02_MEL_19_M.jpg,crops,,00_data/01_segmented/crops/crop_2026-01-13_16-17-02.top_right_CROPNUMBER_14_UUID_DROSO_02_MEL_19_M.png,0.5743589743589743,3.095625,,74052,4.665565265625
2026-01-13T15:58:15.447485,/data/d3dbcf42e05429343a8e1a5966e3bcf0/Epson Perfection V850/2026-01-13/2026-01-13_15-58-15/top_left,2026-01-13_15-58-15.top_left.jpg,/data/d3dbcf42e05429343a8e1a5966e3bcf0/Epson Perfection V850/2026-01-13/2026-01-13_15-58-15/top_left/2026-01-13_15-58-15.top_left.jpg,2026-01-13_15-58-15.top_left.thumb.jpg,06b4b76a8baf9e9d6a949609e6c4b9d4,top_left,"[22.0, 45.0, 110.0, 135.0]",jpg,3200,0,epsonscan2,esci2:usb:ES00FE:337,Epson Perfection V850,d3dbcf42e05429343a8e1a5966e3bcf0,epsonscan2:Epson Perfection V850::esci2:usb:ES00FE:337,/data,{},DROSO_04_SIM_19_F,crop_2026-01-13_15-58-15.top_left_CROPNUMBER_17_UUID_DROSO_04_SIM_19_F.png,"[3911, 6485, 4296, 6976]",0.9330575466156006,0.6028218259357906,00_data/01_segmented/crops,00_data/01_segmented/crops/crop_2026-01-13_15-58-15.top_left_CROPNUMBER_17_UUID_DROSO_04_SIM_19_F.json,00_data/02_resized/crops/crop_2026-01-13_15-58-15.top_left_CROPNUMBER_17_UUID_DROSO_04_SIM_19_F.jpg,crops,,00_data/01_segmented/crops/crop_2026-01-13_15-58-15.top_left_CROPNUMBER_17_UUID_DROSO_04_SIM_19_F.png,0.45621181262729127,3.897312499999999,,86628,5.457902390625001
2026-01-13T15:46:54.437940,/data/d3dbcf42e05429343a8e1a5966e3bcf0/Epson Perfection V850/2026-01-13/2026-01-13_15-46-54/top_right,2026-01-13_15-46-54.top_right.jpg,/data/d3dbcf42e05429343a8e1a5966e3bcf0/Epson Perfection V850/2026-01-13/2026-01-13_15-46-54/top_right/2026-01-13_15-46-54.top_right.jpg,2026-01-13_15-46-54.top_right.thumb.jpg,8cfcebfb20b3b3b2bc86ba50975b08d9,top_right,"[110.5, 45.0, 200.0, 135.0]",jpg,3200,0,epsonscan2,esci2:usb:ES00FE:337,Epson Perfection V850,d3dbcf42e05429343a8e1a5966e3bcf0,epsonscan2:Epson Perfection V850::esci2:usb:ES00FE:337,/data,{},DROSO_02_SIM_19_M,crop_2026-01-13_15-46-54.top_right_CROPNUMBER_24_UUID_DROSO_02_SIM_19_M.png,"[4579, 8240, 5100, 8659]",0.8712184429168701,0.6027106630904797,00_data/01_segmented/crops,00_data/01_segmented/crops/crop_2026-01-13_15-46-54.top_right_CROPNUMBER_24_UUID_DROSO_02_SIM_19_M.json,00_data/02_resized/crops/crop_2026-01-13_15-46-54.top_right_CROPNUMBER_24_UUID_DROSO_02_SIM_19_M.jpg,crops,,00_data/01_segmented/crops/crop_2026-01-13_15-46-54.top_right_CROPNUMBER_24_UUID_DROSO_02_SIM_19_M.png,0.42994241842610365,4.1354375,,90023,5.671800652343751
2026-01-13T16:09:56.394761,/data/d3dbcf42e05429343a8e1a5966e3bcf0/Epson Perfection V850/2026-01-13/2026-01-13_16-09-56/top_left,2026-01-13_16-09-56.top_left.jpg,/data/d3dbcf42e05429343a8e1a5966e3bcf0/Epson Perfection V850/2026-01-13/2026-01-13_16-09-56/top_left/2026-01-13_16-09-56.top_left.jpg,2026-01-13_16-09-56.top_left.thumb.jpg,788d0971822fc839506e3180de7f3b36,top_left,"[22.0, 45.0, 110.0, 135.0]",jpg,3200,0,epsonscan2,esci2:usb:ES00FE:337,Epson Perfection V850,d3dbcf42e05429343a8e1a5966e3bcf0,epsonscan2:Epson Perfection V850::esci2:usb:ES00FE:337,/data,{},DROSO_01_MEL_19_F,crop_2026-01-13_16-09-56.top_left_CROPNUMBER_13_UUID_DROSO_01_MEL_19_F.png,"[7834, 9405, 8227, 9897]",0.941712498664856,0.6028218259357906,00_data/01_segmented/crops,00_data/01_segmented/crops/crop_2026-01-13_16-09-56.top_left_CROPNUMBER_13_UUID_DROSO_01_MEL_19_F.json,00_data/02_resized/crops/crop_2026-01-13_16-09-56.top_left_CROPNUMBER_13_UUID_DROSO_01_MEL_19_F.jpg,crops,,00_data/01_segmented/crops/crop_2026-01-13_16-09-56.top_left_CROPNUMBER_13_UUID_DROSO_01_MEL_19_F.png,0.45528455284552843,3.9052499999999997,,92783,5.845691433593751
2026-01-13T16:09:56.394761,/data/d3dbcf42e05429343a8e1a5966e3bcf0/Epson Perfection V850/2026-01-13/2026-01-13_16-09-56/top_left,2026-01-13_16-09-56.top_left.jpg,/data/d3dbcf42e05429343a8e1a5966e3bcf0/Epson Perfection V850/2026-01-13/2026-01-13_16-09-56/top_left/2026-01-13_16-09-56.top_left.jpg,2026-01-13_16-09-56.top_left.thumb.jpg,788d0971822fc839506e3180de7f3b36,top_left,"[22.0, 45.0, 110.0, 135.0]",jpg,3200,0,epsonscan2,esci2:usb:ES00FE:337,Epson Perfection V850,d3dbcf42e05429343a8e1a5966e3bcf0,epsonscan2:Epson Perfection V850::esci2:usb:ES00FE:337,/data,{},DROSO_01_MEL_19_F,crop_2026-01-13_16-09-56.top_left_CROPNUMBER_24_UUID_DROSO_01_MEL_19_F.png,"[5361, 8315, 5886, 8632]",0.9378268718719482,0.6028218259357906,00_data/01_segmented/crops,00_data/01_segmented/crops/crop_2026-01-13_16-09-56.top_left_CROPNUMBER_24_UUID_DROSO_01_MEL_19_F.json,00_data/02_resized/crops/crop_2026-01-13_16-09-56.top_left_CROPNUMBER_24_UUID_DROSO_01_MEL_19_F.jpg,crops,,00_data/01_segmented/crops/crop_2026-01-13_16-09-56.top_left_CROPNUMBER_24_UUID_DROSO_01_MEL_19_F.png,0.4266666666666667,4.1671875,,91367,5.75647790234375
2026-01-13T16:09:56.394761,/data/d3dbcf42e05429343a8e1a5966e3bcf0/Epson Perfection V850/2026-01-13/2026-01-13_16-09-56/top_left,2026-01-13_16-09-56.top_left.jpg,/data/d3dbcf42e05429343a8e1a5966e3bcf0/Epson Perfection V850/2026-01-13/2026-01-13_16-09-56/top_left/2026-01-13_16-09-56.top_left.jpg,2026-01-13_16-09-56.top_left.thumb.jpg,788d0971822fc839506e3180de7f3b36,top_left,"[22.0, 45.0, 110.0, 135.0]",jpg,3200,0,epsonscan2,esci2:usb:ES00FE:337,Epson Perfection V850,d3dbcf42e05429343a8e1a5966e3bcf0,epsonscan2:Epson Perfection V850::esci2:usb:ES00FE:337,/data,{},DROSO_01_MEL_19_F,crop_2026-01-13_16-09-56.top_left_CROPNUMBER_7_UUID_DROSO_01_MEL_19_F.png,"[5551, 9279, 6024, 9667]",0.9464412927627563,0.6028218259357906,00_data/01_segmented/crops,00_data/01_segmented/crops/crop_2026-01-13_16-09-56.top_left_CROPNUMBER_7_UUID_DROSO_01_MEL_19_F.json,00_data/02_resized/crops/crop_2026-01-13_16-09-56.top_left_CROPNUMBER_7_UUID_DROSO_01_MEL_19_F.jpg,crops,,00_data/01_segmented/crops/crop_2026-01-13_16-09-56.top_left_CROPNUMBER_7_UUID_DROSO_01_MEL_19_F.png,0.47357293868921774,3.7544375000000003,,100952,6.3603703437500005
2026-01-13T16:04:10.629205,/data/d3dbcf42e05429343a8e1a5966e3bcf0/Epson Perfection V850/2026-01-13/2026-01-13_16-04-10/top_right,2026-01-13_16-04-10.top_right.jpg,/data/d3dbcf42e05429343a8e1a5966e3bcf0/Epson Perfection V850/2026-01-13/2026-01-13_16-04-10/top_right/2026-01-13_16-04-10.top_right.jpg,2026-01-13_16-04-10.top_right.thumb.jpg,3126fa75aee2fe2913a08ebebfa0ed4f,top_right,"[110.5, 45.0, 200.0, 135.0]",jpg,3200,0,epsonscan2,esci2:usb:ES00FE:337,Epson Perfection V850,d3dbcf42e05429343a8e1a5966e3bcf0,epsonscan2:Epson Perfection V850::esci2:usb:ES00FE:337,/data,{},DROSO_05_SIM_19_M,crop_2026-01-13_16-04-10.top_right_CROPNUMBER_12_UUID_DROSO_05_SIM_19_M.png,"[2834, 7037, 3230, 7428]",0.9327608942985536,1.0,00_data/01_segmented/crops,00_data/01_segmented/crops/crop_2026-01-13_16-04-10.top_right_CROPNUMBER_12_UUID_DROSO_05_SIM_19_M.json,00_data/02_resized/crops/crop_2026-01-13_16-04-10.top_right_CROPNUMBER_12_UUID_DROSO_05_SIM_19_M.jpg,crops,,00_data/01_segmented/crops/crop_2026-01-13_16-04-10.top_right_CROPNUMBER_12_UUID_DROSO_05_SIM_19_M.png,0.5656565656565656,3.1432499999999997,,64721,4.07767581640625
2026-01-13T16:09:56.394761,/data/d3dbcf42e05429343a8e1a5966e3bcf0/Epson Perfection V850/2026-01-13/2026-01-13_16-09-56/top_left,2026-01-13_16-09-56.top_left.jpg,/data/d3dbcf42e05429343a8e1a5966e3bcf0/Epson Perfection V850/2026-01-13/2026-01-13_16-09-56/top_left/2026-01-13_16-09-56.top_left.jpg,2026-01-13_16-09-56.top_left.thumb.jpg,788d0971822fc839506e3180de7f3b36,top_left,"[22.0, 45.0, 110.0, 135.0]",jpg,3200,0,epsonscan2,esci2:usb:ES00FE:337,Epson Perfection V850,d3dbcf42e05429343a8e1a5966e3bcf0,epsonscan2:Epson Perfection V850::esci2:usb:ES00FE:337,/data,{},DROSO_01_MEL_19_F,crop_2026-01-13_16-09-56.top_left_CROPNUMBER_23_UUID_DROSO_01_MEL_19_F.png,"[6383, 8969, 7017, 9420]",0.9378401637077332,0.6028218259357906,00_data/01_segmented/crops,00_data/01_segmented/crops/crop_2026-01-13_16-09-56.top_left_CROPNUMBER_23_UUID_DROSO_01_MEL_19_F.json,00_data/02_resized/crops/crop_2026-01-13_16-09-56.top_left_CROPNUMBER_23_UUID_DROSO_01_MEL_19_F.jpg,crops,,00_data/01_segmented/crops/crop_2026-01-13_16-09-56.top_left_CROPNUMBER_23_UUID_DROSO_01_MEL_19_F.png,0.35331230283911674,5.032375,,123369,7.772728910156251
2026-01-13T16:09:56.394761,/data/d3dbcf42e05429343a8e1a5966e3bcf0/Epson Perfection V850/2026-01-13/2026-01-13_16-09-56/top_right,2026-01-13_16-09-56.top_right.jpg,/data/d3dbcf42e05429343a8e1a5966e3bcf0/Epson Perfection V850/2026-01-13/2026-01-13_16-09-56/top_right/2026-01-13_16-09-56.top_right.jpg,2026-01-13_16-09-56.top_right.thumb.jpg,aee7ff74e98fd3cb0d78628f63d1119f,top_right,"[110.5, 45.0, 200.0, 135.0]",jpg,3200,0,epsonscan2,esci2:usb:ES00FE:337,Epson Perfection V850,d3dbcf42e05429343a8e1a5966e3bcf0,epsonscan2:Epson Perfection V850::esci2:usb:ES00FE:337,/data,{},DROSO_01_MEL_19_M,crop_2026-01-13_16-09-56.top_right_CROPNUMBER_6_UUID_DROSO_01_MEL_19_M.png,"[10067, 5416, 10489, 5840]",0.9480770826339722,1.0,00_data/01_segmented/crops,00_data/01_segmented/crops/crop_2026-01-13_16-09-56.top_right_CROPNUMBER_6_UUID_DROSO_01_MEL_19_M.json,00_data/02_resized/crops/crop_2026-01-13_16-09-56.top_right_CROPNUMBER_6_UUID_DROSO_01_MEL_19_M.jpg,crops,,00_data/01_segmented/crops/crop_2026-01-13_16-09-56.top_right_CROPNUMBER_6_UUID_DROSO_01_MEL_19_M.png,0.5283018867924528,3.3655,,84106,5.299006539062501
2026-01-13T16:22:42.229986,/data/d3dbcf42e05429343a8e1a5966e3bcf0/Epson Perfection V850/2026-01-13/2026-01-13_16-22-42/top_right,2026-01-13_16-22-42.top_right.jpg,/data/d3dbcf42e05429343a8e1a5966e3bcf0/Epson Perfection V850/2026-01-13/2026-01-13_16-22-42/top_right/2026-01-13_16-22-42.top_right.jpg,2026-01-13_16-22-42.top_right.thumb.jpg,a62b428f433471233371d44992128bb0,top_right,"[110.5, 45.0, 200.0, 135.0]",jpg,3200,0,epsonscan2,esci2:usb:ES00FE:337,Epson Perfection V850,d3dbcf42e05429343a8e1a5966e3bcf0,epsonscan2:Epson Perfection V850::esci2:usb:ES00FE:337,/data,{},DROSO_03_MEL_19_M,crop_2026-01-13_16-22-42.top_right_CROPNUMBER_33_UUID_DROSO_03_MEL_19_M.png,"[3655, 4977, 3927, 5433]",0.9225599765777588,1.0,00_data/01_segmented/crops,00_data/01_segmented/crops/crop_2026-01-13_16-22-42.top_right_CROPNUMBER_33_UUID_DROSO_03_MEL_19_M.json,00_data/02_resized/crops/crop_2026-01-13_16-22-42.top_right_CROPNUMBER_33_UUID_DROSO_03_MEL_19_M.jpg,crops,,00_data/01_segmented/crops/crop_2026-01-13_16-22-42.top_right_CROPNUMBER_33_UUID_DROSO_03_MEL_19_M.png,0.49122807017543857,3.6194999999999995,,71121,4.48090081640625
2026-01-13T16:04:10.629205,/data/d3dbcf42e05429343a8e1a5966e3bcf0/Epson Perfection V850/2026-01-13/2026-01-13_16-04-10/top_left,2026-01-13_16-04-10.top_left.jpg,/data/d3dbcf42e05429343a8e1a5966e3bcf0/Epson Perfection V850/2026-01-13/2026-01-13_16-04-10/top_left/2026-01-13_16-04-10.top_left.jpg,2026-01-13_16-04-10.top_left.thumb.jpg,e5f859616a1ebf20cb8f61da5b2008c2,top_left,"[22.0, 45.0, 110.0, 135.0]",jpg,3200,0,epsonscan2,esci2:usb:ES00FE:337,Epson Perfection V850,d3dbcf42e05429343a8e1a5966e3bcf0,epsonscan2:Epson Perfection V850::esci2:usb:ES00FE:337,/data,{},DROSO_05_SIM_19_F,crop_2026-01-13_16-04-10.top_left_CROPNUMBER_12_UUID_DROSO_05_SIM_19_F.png,"[5544, 6929, 6020, 7226]",0.9350053668022156,1.0,00_data/01_segmented/crops,00_data/01_segmented/crops/crop_2026-01-13_16-04-10.top_left_CROPNUMBER_12_UUID_DROSO_05_SIM_19_F.json,00_data/02_resized/crops/crop_2026-01-13_16-04-10.top_left_CROPNUMBER_12_UUID_DROSO_05_SIM_19_F.jpg,crops,,00_data/01_segmented/crops/crop_2026-01-13_16-04-10.top_left_CROPNUMBER_12_UUID_DROSO_05_SIM_19_F.png,0.47058823529411764,3.7782499999999994,,78945,4.97384337890625
2026-01-13T16:17:02.422812,/data/d3dbcf42e05429343a8e1a5966e3bcf0/Epson Perfection V850/2026-01-13/2026-01-13_16-17-02/top_left,2026-01-13_16-17-02.top_left.jpg,/data/d3dbcf42e05429343a8e1a5966e3bcf0/Epson Perfection V850/2026-01-13/2026-01-13_16-17-02/top_left/2026-01-13_16-17-02.top_left.jpg,2026-01-13_16-17-02.top_left.thumb.jpg,73a37d7ec44337a23e2a64e1230cb14f,top_left,"[22.0, 45.0, 110.0, 135.0]",jpg,3200,0,epsonscan2,esci2:usb:ES00FE:337,Epson Perfection V850,d3dbcf42e05429343a8e1a5966e3bcf0,epsonscan2:Epson Perfection V850::esci2:usb:ES00FE:337,/data,{},DROSO_02_MEL_19_F,crop_2026-01-13_16-17-02.top_left_CROPNUMBER_21_UUID_DROSO_02_MEL_19_F.png,"[8388, 6505, 8789, 6999]",0.9360681176185608,0.6028218259357906,00_data/01_segmented/crops,00_data/01_segmented/crops/crop_2026-01-13_16-17-02.top_left_CROPNUMBER_21_UUID_DROSO_02_MEL_19_F.json,00_data/02_resized/crops/crop_2026-01-13_16-17-02.top_left_CROPNUMBER_21_UUID_DROSO_02_MEL_19_F.jpg,crops,,00_data/01_segmented/crops/crop_2026-01-13_16-17-02.top_left_CROPNUMBER_21_UUID_DROSO_02_MEL_19_F.png,0.4534412955465587,3.921125,,88119,5.55184121484375
2026-01-13T16:17:02.422812,/data/d3dbcf42e05429343a8e1a5966e3bcf0/Epson Perfection V850/2026-01-13/2026-01-13_16-17-02/top_right,2026-01-13_16-17-02.top_right.jpg,/data/d3dbcf42e05429343a8e1a5966e3bcf0/Epson Perfection V850/2026-01-13/2026-01-13_16-17-02/top_right/2026-01-13_16-17-02.top_right.jpg,2026-01-13_16-17-02.top_right.thumb.jpg,dba0ed76fe036a6b6c2f125e044f31c3,top_right,"[110.5, 45.0, 200.0, 135.0]",jpg,3200,0,epsonscan2,esci2:usb:ES00FE:337,Epson Perfection V850,d3dbcf42e05429343a8e1a5966e3bcf0,epsonscan2:Epson Perfection V850::esci2:usb:ES00FE:337,/data,{},DROSO_02_MEL_19_M,crop_2026-01-13_16-17-02.top_right_CROPNUMBER_24_UUID_DROSO_02_MEL_19_M.png,"[6600, 6463, 6948, 6877]",0.9339889883995056,1.0,00_data/01_segmented/crops,00_data/01_segmented/crops/crop_2026-01-13_16-17-02.top_right_CROPNUMBER_24_UUID_DROSO_02_MEL_19_M.json,00_data/02_resized/crops/crop_2026-01-13_16-17-02.top_right_CROPNUMBER_24_UUID_DROSO_02_MEL_19_M.jpg,crops,,00_data/01_segmented/crops/crop_2026-01-13_16-17-02.top_right_CROPNUMBER_24_UUID_DROSO_02_MEL_19_M.png,0.5410628019323671,3.286125,,73364,4.6222185781250005
2026-01-13T16:22:42.229986,/data/d3dbcf42e05429343a8e1a5966e3bcf0/Epson Perfection V850/2026-01-13/2026-01-13_16-22-42/top_right,2026-01-13_16-22-42.top_right.jpg,/data/d3dbcf42e05429343a8e1a5966e3bcf0/Epson Perfection V850/2026-01-13/2026-01-13_16-22-42/top_right/2026-01-13_16-22-42.top_right.jpg,2026-01-13_16-22-42.top_right.thumb.jpg,a62b428f433471233371d44992128bb0,top_right,"[110.5, 45.0, 200.0, 135.0]",jpg,3200,0,epsonscan2,esci2:usb:ES00FE:337,Epson Perfection V850,d3dbcf42e05429343a8e1a5966e3bcf0,epsonscan2:Epson Perfection V850::esci2:usb:ES00FE:337,/data,{},DROSO_03_MEL_19_M,crop_2026-01-13_16-22-42.top_right_CROPNUMBER_19_UUID_DROSO_03_MEL_19_M.png,"[5651, 9570, 5997, 9966]",0.9331172108650208,1.0,00_data/01_segmented/crops,00_data/01_segmented/crops/crop_2026-01-13_16-22-42.top_right_CROPNUMBER_19_UUID_DROSO_03_MEL_19_M.json,00_data/02_resized/crops/crop_2026-01-13_16-22-42.top_right_CROPNUMBER_19_UUID_DROSO_03_MEL_19_M.jpg,crops,,00_data/01_segmented/crops/crop_2026-01-13_16-22-42.top_right_CROPNUMBER_19_UUID_DROSO_03_MEL_19_M.png,0.5656565656565656,3.1432499999999997,,73742,4.6460340546875
2026-01-13T16:17:02.422812,/data/d3dbcf42e05429343a8e1a5966e3bcf0/Epson Perfection V850/2026-01-13/2026-01-13_16-17-02/top_left,2026-01-13_16-17-02.top_left.jpg,/data/d3dbcf42e05429343a8e1a5966e3bcf0/Epson Perfection V850/2026-01-13/2026-01-13_16-17-02/top_left/2026-01-13_16-17-02.top_left.jpg,2026-01-13_16-17-02.top_left.thumb.jpg,73a37d7ec44337a23e2a64e1230cb14f,top_left,"[22.0, 45.0, 110.0, 135.0]",jpg,3200,0,epsonscan2,esci2:usb:ES00FE:337,Epson Perfection V850,d3dbcf42e05429343a8e1a5966e3bcf0,epsonscan2:Epson Perfection V850::esci2:usb:ES00FE:337,/data,{},DROSO_02_MEL_19_F,crop_2026-01-13_16-17-02.top_left_CROPNUMBER_4_UUID_DROSO_02_MEL_19_F.png,"[6876, 6746, 7237, 7204]",0.9460144639015198,1.0,00_data/01_segmented/crops,00_data/01_segmented/crops/crop_2026-01-13_16-17-02.top_left_CROPNUMBER_4_UUID_DROSO_02_MEL_19_F.json,00_data/02_resized/crops/crop_2026-01-13_16-17-02.top_left_CROPNUMBER_4_UUID_DROSO_02_MEL_19_F.jpg,crops,,00_data/01_segmented/crops/crop_2026-01-13_16-17-02.top_left_CROPNUMBER_4_UUID_DROSO_02_MEL_19_F.png,0.4890829694323144,3.635375,,95317,6.00534333203125
2026-01-13T15:46:54.437940,/data/d3dbcf42e05429343a8e1a5966e3bcf0/Epson Perfection V850/2026-01-13/2026-01-13_15-46-54/top_right,2026-01-13_15-46-54.top_right.jpg,/data/d3dbcf42e05429343a8e1a5966e3bcf0/Epson Perfection V850/2026-01-13/2026-01-13_15-46-54/top_right/2026-01-13_15-46-54.top_right.jpg,2026-01-13_15-46-54.top_right.thumb.jpg,8cfcebfb20b3b3b2bc86ba50975b08d9,top_right,"[110.5, 45.0, 200.0, 135.0]",jpg,3200,0,epsonscan2,esci2:usb:ES00FE:337,Epson Perfection V850,d3dbcf42e05429343a8e1a5966e3bcf0,epsonscan2:Epson Perfection V850::esci2:usb:ES00FE:337,/data,{},DROSO_02_SIM_19_M,crop_2026-01-13_15-46-54.top_right_CROPNUMBER_19_UUID_DROSO_02_SIM_19_M.png,"[3184, 7136, 3637, 7605]",0.9335383772850036,0.6027106630904797,00_data/01_segmented/crops,00_data/01_segmented/crops/crop_2026-01-13_15-46-54.top_right_CROPNUMBER_19_UUID_DROSO_02_SIM_19_M.json,00_data/02_resized/crops/crop_2026-01-13_15-46-54.top_right_CROPNUMBER_19_UUID_DROSO_02_SIM_19_M.jpg,crops,,00_data/01_segmented/crops/crop_2026-01-13_15-46-54.top_right_CROPNUMBER_19_UUID_DROSO_02_SIM_19_M.png,0.47761194029850745,3.7226875,,94477,5.95242005078125
2026-01-13T16:04:10.629205,/data/d3dbcf42e05429343a8e1a5966e3bcf0/Epson Perfection V850/2026-01-13/2026-01-13_16-04-10/top_right,2026-01-13_16-04-10.top_right.jpg,/data/d3dbcf42e05429343a8e1a5966e3bcf0/Epson Perfection V850/2026-01-13/2026-01-13_16-04-10/top_right/2026-01-13_16-04-10.top_right.jpg,2026-01-13_16-04-10.top_right.thumb.jpg,3126fa75aee2fe2913a08ebebfa0ed4f,top_right,"[110.5, 45.0, 200.0, 135.0]",jpg,3200,0,epsonscan2,esci2:usb:ES00FE:337,Epson Perfection V850,d3dbcf42e05429343a8e1a5966e3bcf0,epsonscan2:Epson Perfection V850::esci2:usb:ES00FE:337,/data,{},DROSO_05_SIM_19_M,crop_2026-01-13_16-04-10.top_right_CROPNUMBER_4_UUID_DROSO_05_SIM_19_M.png,"[6400, 9421, 6814, 9741]",0.939666211605072,1.0,00_data/01_segmented/crops,00_data/01_segmented/crops/crop_2026-01-13_16-04-10.top_right_CROPNUMBER_4_UUID_DROSO_05_SIM_19_M.json,00_data/02_resized/crops/crop_2026-01-13_16-04-10.top_right_CROPNUMBER_4_UUID_DROSO_05_SIM_19_M.jpg,crops,,00_data/01_segmented/crops/crop_2026-01-13_16-04-10.top_right_CROPNUMBER_4_UUID_DROSO_05_SIM_19_M.png,0.5410628019323671,3.286125,,76332,4.809214171875
2026-01-13T16:09:56.394761,/data/d3dbcf42e05429343a8e1a5966e3bcf0/Epson Perfection V850/2026-01-13/2026-01-13_16-09-56/top_right,2026-01-13_16-09-56.top_right.jpg,/data/d3dbcf42e05429343a8e1a5966e3bcf0/Epson Perfection V850/2026-01-13/2026-01-13_16-09-56/top_right/2026-01-13_16-09-56.top_right.jpg,2026-01-13_16-09-56.top_right.thumb.jpg,aee7ff74e98fd3cb0d78628f63d1119f,top_right,"[110.5, 45.0, 200.0, 135.0]",jpg,3200,0,epsonscan2,esci2:usb:ES00FE:337,Epson Perfection V850,d3dbcf42e05429343a8e1a5966e3bcf0,epsonscan2:Epson Perfection V850::esci2:usb:ES00FE:337,/data,{},DROSO_01_MEL_19_M,crop_2026-01-13_16-09-56.top_right_CROPNUMBER_53_UUID_DROSO_01_MEL_19_M.png,"[4075, 7707, 4352, 8164]",0.9311497807502748,1.0,00_data/01_segmented/crops,00_data/01_segmented/crops/crop_2026-01-13_16-09-56.top_right_CROPNUMBER_53_UUID_DROSO_01_MEL_19_M.json,00_data/02_resized/crops/crop_2026-01-13_16-09-56.top_right_CROPNUMBER_53_UUID_DROSO_01_MEL_19_M.jpg,crops,,00_data/01_segmented/crops/crop_2026-01-13_16-09-56.top_right_CROPNUMBER_53_UUID_DROSO_01_MEL_19_M.png,0.49015317286652077,3.6274375,,76735,4.83460474609375
2026-01-13T15:58:15.447485,/data/d3dbcf42e05429343a8e1a5966e3bcf0/Epson Perfection V850/2026-01-13/2026-01-13_15-58-15/top_left,2026-01-13_15-58-15.top_left.jpg,/data/d3dbcf42e05429343a8e1a5966e3bcf0/Epson Perfection V850/2026-01-13/2026-01-13_15-58-15/top_left/2026-01-13_15-58-15.top_left.jpg,2026-01-13_15-58-15.top_left.thumb.jpg,06b4b76a8baf9e9d6a949609e6c4b9d4,top_left,"[22.0, 45.0, 110.0, 135.0]",jpg,3200,0,epsonscan2,esci2:usb:ES00FE:337,Epson Perfection V850,d3dbcf42e05429343a8e1a5966e3bcf0,epsonscan2:Epson Perfection V850::esci2:usb:ES00FE:337,/data,{},DROSO_04_SIM_19_F,crop_2026-01-13_15-58-15.top_left_CROPNUMBER_3_UUID_DROSO_04_SIM_19_F.png,"[3573, 5730, 4037, 6065]",0.9471229314804076,1.0,00_data/01_segmented/crops,00_data/01_segmented/crops/crop_2026-01-13_15-58-15.top_left_CROPNUMBER_3_UUID_DROSO_04_SIM_19_F.json,00_data/02_resized/crops/crop_2026-01-13_15-58-15.top_left_CROPNUMBER_3_UUID_DROSO_04_SIM_19_F.jpg,crops,,00_data/01_segmented/crops/crop_2026-01-13_15-58-15.top_left_CROPNUMBER_3_UUID_DROSO_04_SIM_19_F.png,0.4827586206896552,3.6829999999999994,,79211,4.99060241796875
2026-01-13T15:46:54.437940,/data/d3dbcf42e05429343a8e1a5966e3bcf0/Epson Perfection V850/2026-01-13/2026-01-13_15-46-54/top_right,2026-01-13_15-46-54.top_right.jpg,/data/d3dbcf42e05429343a8e1a5966e3bcf0/Epson Perfection V850/2026-01-13/2026-01-13_15-46-54/top_right/2026-01-13_15-46-54.top_right.jpg,2026-01-13_15-46-54.top_right.thumb.jpg,8cfcebfb20b3b3b2bc86ba50975b08d9,top_right,"[110.5, 45.0, 200.0, 135.0]",jpg,3200,0,epsonscan2,esci2:usb:ES00FE:337,Epson Perfection V850,d3dbcf42e05429343a8e1a5966e3bcf0,epsonscan2:Epson Perfection V850::esci2:usb:ES00FE:337,/data,{},DROSO_02_SIM_19_M,crop_2026-01-13_15-46-54.top_right_CROPNUMBER_20_UUID_DROSO_02_SIM_19_M.png,"[3760, 8102, 4126, 8637]",0.932540476322174,0.6027106630904797,00_data/01_segmented/crops,00_data/01_segmented/crops/crop_2026-01-13_15-46-54.top_right_CROPNUMBER_20_UUID_DROSO_02_SIM_19_M.json,00_data/02_resized/crops/crop_2026-01-13_15-46-54.top_right_CROPNUMBER_20_UUID_DROSO_02_SIM_19_M.jpg,crops,,00_data/01_segmented/crops/crop_2026-01-13_15-46-54.top_right_CROPNUMBER_20_UUID_DROSO_02_SIM_19_M.png,0.41869158878504675,4.2465625,,94708,5.966973953125001
2026-01-13T16:22:42.229986,/data/d3dbcf42e05429343a8e1a5966e3bcf0/Epson Perfection V850/2026-01-13/2026-01-13_16-22-42/top_left,2026-01-13_16-22-42.top_left.jpg,/data/d3dbcf42e05429343a8e1a5966e3bcf0/Epson Perfection V850/2026-01-13/2026-01-13_16-22-42/top_left/2026-01-13_16-22-42.top_left.jpg,2026-01-13_16-22-42.top_left.thumb.jpg,f331f82ac6dcbf4a1318ddee5307a618,top_left,"[22.0, 45.0, 110.0, 135.0]",jpg,3200,0,epsonscan2,esci2:usb:ES00FE:337,Epson Perfection V850,d3dbcf42e05429343a8e1a5966e3bcf0,epsonscan2:Epson Perfection V850::esci2:usb:ES00FE:337,/data,{},DROSO_03_MEL_19_F,crop_2026-01-13_16-22-42.top_left_CROPNUMBER_3_UUID_DROSO_03_MEL_19_F.png,"[5458, 5255, 5917, 5705]",0.9425172209739684,0.6028218259357906,00_data/01_segmented/crops,00_data/01_segmented/crops/crop_2026-01-13_16-22-42.top_left_CROPNUMBER_3_UUID_DROSO_03_MEL_19_F.json,00_data/02_resized/crops/crop_2026-01-13_16-22-42.top_left_CROPNUMBER_3_UUID_DROSO_03_MEL_19_F.jpg,crops,,00_data/01_segmented/crops/crop_2026-01-13_16-22-42.top_left_CROPNUMBER_3_UUID_DROSO_03_MEL_19_F.png,0.4880174291938998,3.6433124999999995,,90861,5.72459792578125
2026-01-13T15:58:15.447485,/data/d3dbcf42e05429343a8e1a5966e3bcf0/Epson Perfection V850/2026-01-13/2026-01-13_15-58-15/top_right,2026-01-13_15-58-15.top_right.jpg,/data/d3dbcf42e05429343a8e1a5966e3bcf0/Epson Perfection V850/2026-01-13/2026-01-13_15-58-15/top_right/2026-01-13_15-58-15.top_right.jpg,2026-01-13_15-58-15.top_right.thumb.jpg,f4b3f70693284ad9b6a7bd19eb02b3d5,top_right,"[110.5, 45.0, 200.0, 135.0]",jpg,3200,0,epsonscan2,esci2:usb:ES00FE:337,Epson Perfection V850,d3dbcf42e05429343a8e1a5966e3bcf0,epsonscan2:Epson Perfection V850::esci2:usb:ES00FE:337,/data,{},DROSO_04_SIM_19_M,crop_2026-01-13_15-58-15.top_right_CROPNUMBER_19_UUID_DROSO_04_SIM_19_M.png,"[2896, 6575, 3167, 7013]",0.9307562112808228,1.0,00_data/01_segmented/crops,00_data/01_segmented/crops/crop_2026-01-13_15-58-15.top_right_CROPNUMBER_19_UUID_DROSO_04_SIM_19_M.json,00_data/02_resized/crops/crop_2026-01-13_15-58-15.top_right_CROPNUMBER_19_UUID_DROSO_04_SIM_19_M.jpg,crops,,00_data/01_segmented/crops/crop_2026-01-13_15-58-15.top_right_CROPNUMBER_19_UUID_DROSO_04_SIM_19_M.png,0.5114155251141552,3.476625,,62798,3.9565193046875002
2026-01-13T16:17:02.422812,/data/d3dbcf42e05429343a8e1a5966e3bcf0/Epson Perfection V850/2026-01-13/2026-01-13_16-17-02/top_right,2026-01-13_16-17-02.top_right.jpg,/data/d3dbcf42e05429343a8e1a5966e3bcf0/Epson Perfection V850/2026-01-13/2026-01-13_16-17-02/top_right/2026-01-13_16-17-02.top_right.jpg,2026-01-13_16-17-02.top_right.thumb.jpg,dba0ed76fe036a6b6c2f125e044f31c3,top_right,"[110.5, 45.0, 200.0, 135.0]",jpg,3200,0,epsonscan2,esci2:usb:ES00FE:337,Epson Perfection V850,d3dbcf42e05429343a8e1a5966e3bcf0,epsonscan2:Epson Perfection V850::esci2:usb:ES00FE:337,/data,{},DROSO_02_MEL_19_M,crop_2026-01-13_16-17-02.top_right_CROPNUMBER_26_UUID_DROSO_02_MEL_19_M.png,"[5078, 6784, 5362, 7255]",0.932692050933838,0.6027106630904797,00_data/01_segmented/crops,00_data/01_segmented/crops/crop_2026-01-13_16-17-02.top_right_CROPNUMBER_26_UUID_DROSO_02_MEL_19_M.json,00_data/02_resized/crops/crop_2026-01-13_16-17-02.top_right_CROPNUMBER_26_UUID_DROSO_02_MEL_19_M.jpg,crops,,00_data/01_segmented/crops/crop_2026-01-13_16-17-02.top_right_CROPNUMBER_26_UUID_DROSO_02_MEL_19_M.png,0.47558386411889597,3.7385624999999996,,76997,4.851111769531251
2026-01-13T16:04:10.629205,/data/d3dbcf42e05429343a8e1a5966e3bcf0/Epson Perfection V850/2026-01-13/2026-01-13_16-04-10/top_left,2026-01-13_16-04-10.top_left.jpg,/data/d3dbcf42e05429343a8e1a5966e3bcf0/Epson Perfection V850/2026-01-13/2026-01-13_16-04-10/top_left/2026-01-13_16-04-10.top_left.jpg,2026-01-13_16-04-10.top_left.thumb.jpg,e5f859616a1ebf20cb8f61da5b2008c2,top_left,"[22.0, 45.0, 110.0, 135.0]",jpg,3200,0,epsonscan2,esci2:usb:ES00FE:337,Epson Perfection V850,d3dbcf42e05429343a8e1a5966e3bcf0,epsonscan2:Epson Perfection V850::esci2:usb:ES00FE:337,/data,{},DROSO_05_SIM_19_F,crop_2026-01-13_16-04-10.top_left_CROPNUMBER_19_UUID_DROSO_05_SIM_19_F.png,"[3260, 5755, 3738, 6107]",0.9332202076911926,1.0,00_data/01_segmented/crops,00_data/01_segmented/crops/crop_2026-01-13_16-04-10.top_left_CROPNUMBER_19_UUID_DROSO_05_SIM_19_F.json,00_data/02_resized/crops/crop_2026-01-13_16-04-10.top_left_CROPNUMBER_19_UUID_DROSO_05_SIM_19_F.jpg,crops,,00_data/01_segmented/crops/crop_2026-01-13_16-04-10.top_left_CROPNUMBER_19_UUID_DROSO_05_SIM_19_F.png,0.4686192468619247,3.794125,,85126,5.3632705234375
2026-01-13T16:09:56.394761,/data/d3dbcf42e05429343a8e1a5966e3bcf0/Epson Perfection V850/2026-01-13/2026-01-13_16-09-56/top_right,2026-01-13_16-09-56.top_right.jpg,/data/d3dbcf42e05429343a8e1a5966e3bcf0/Epson Perfection V850/2026-01-13/2026-01-13_16-09-56/top_right/2026-01-13_16-09-56.top_right.jpg,2026-01-13_16-09-56.top_right.thumb.jpg,aee7ff74e98fd3cb0d78628f63d1119f,top_right,"[110.5, 45.0, 200.0, 135.0]",jpg,3200,0,epsonscan2,esci2:usb:ES00FE:337,Epson Perfection V850,d3dbcf42e05429343a8e1a5966e3bcf0,epsonscan2:Epson Perfection V850::esci2:usb:ES00FE:337,/data,{},DROSO_01_MEL_19_M,crop_2026-01-13_16-09-56.top_right_CROPNUMBER_17_UUID_DROSO_01_MEL_19_M.png,"[1950, 5776, 2323, 6205]",0.9426018595695496,1.0,00_data/01_segmented/crops,00_data/01_segmented/crops/crop_2026-01-13_16-09-56.top_right_CROPNUMBER_17_UUID_DROSO_01_MEL_19_M.json,00_data/02_resized/crops/crop_2026-01-13_16-09-56.top_right_CROPNUMBER_17_UUID_DROSO_01_MEL_19_M.jpg,crops,,00_data/01_segmented/crops/crop_2026-01-13_16-09-56.top_right_CROPNUMBER_17_UUID_DROSO_01_MEL_19_M.png,0.5221445221445221,3.4051875,,73077,4.604136457031251
2026-01-13T16:09:56.394761,/data/d3dbcf42e05429343a8e1a5966e3bcf0/Epson Perfection V850/2026-01-13/2026-01-13_16-09-56/top_right,2026-01-13_16-09-56.top_right.jpg,/data/d3dbcf42e05429343a8e1a5966e3bcf0/Epson Perfection V850/2026-01-13/2026-01-13_16-09-56/top_right/2026-01-13_16-09-56.top_right.jpg,2026-01-13_16-09-56.top_right.thumb.jpg,aee7ff74e98fd3cb0d78628f63d1119f,top_right,"[110.5, 45.0, 200.0, 135.0]",jpg,3200,0,epsonscan2,esci2:usb:ES00FE:337,Epson Perfection V850,d3dbcf42e05429343a8e1a5966e3bcf0,epsonscan2:Epson Perfection V850::esci2:usb:ES00FE:337,/data,{},DROSO_01_MEL_19_M,crop_2026-01-13_16-09-56.top_right_CROPNUMBER_47_UUID_DROSO_01_MEL_19_M.png,"[9080, 3414, 9409, 3890]",0.9337844848632812,1.0,00_data/01_segmented/crops,00_data/01_segmented/crops/crop_2026-01-13_16-09-56.top_right_CROPNUMBER_47_UUID_DROSO_01_MEL_19_M.json,00_data/02_resized/crops/crop_2026-01-13_16-09-56.top_right_CROPNUMBER_47_UUID_DROSO_01_MEL_19_M.jpg,crops,,00_data/01_segmented/crops/crop_2026-01-13_16-09-56.top_right_CROPNUMBER_47_UUID_DROSO_01_MEL_19_M.png,0.47058823529411764,3.7782499999999994,,78261,4.93074870703125
2026-01-13T16:09:56.394761,/data/d3dbcf42e05429343a8e1a5966e3bcf0/Epson Perfection V850/2026-01-13/2026-01-13_16-09-56/top_left,2026-01-13_16-09-56.top_left.jpg,/data/d3dbcf42e05429343a8e1a5966e3bcf0/Epson Perfection V850/2026-01-13/2026-01-13_16-09-56/top_left/2026-01-13_16-09-56.top_left.jpg,2026-01-13_16-09-56.top_left.thumb.jpg,788d0971822fc839506e3180de7f3b36,top_left,"[22.0, 45.0, 110.0, 135.0]",jpg,3200,0,epsonscan2,esci2:usb:ES00FE:337,Epson Perfection V850,d3dbcf42e05429343a8e1a5966e3bcf0,epsonscan2:Epson Perfection V850::esci2:usb:ES00FE:337,/data,{},DROSO_01_MEL_19_F,crop_2026-01-13_16-09-56.top_left_CROPNUMBER_15_UUID_DROSO_01_MEL_19_F.png,"[6100, 5105, 6489, 5514]",0.941148042678833,1.0,00_data/01_segmented/crops,00_data/01_segmented/crops/crop_2026-01-13_16-09-56.top_left_CROPNUMBER_15_UUID_DROSO_01_MEL_19_F.json,00_data/02_resized/crops/crop_2026-01-13_16-09-56.top_left_CROPNUMBER_15_UUID_DROSO_01_MEL_19_F.jpg,crops,,00_data/01_segmented/crops/crop_2026-01-13_16-09-56.top_left_CROPNUMBER_15_UUID_DROSO_01_MEL_19_F.png,0.5476772616136919,3.2464375,,90508,5.7023575468750005
2026-01-13T16:04:10.629205,/data/d3dbcf42e05429343a8e1a5966e3bcf0/Epson Perfection V850/2026-01-13/2026-01-13_16-04-10/top_left,2026-01-13_16-04-10.top_left.jpg,/data/d3dbcf42e05429343a8e1a5966e3bcf0/Epson Perfection V850/2026-01-13/2026-01-13_16-04-10/top_left/2026-01-13_16-04-10.top_left.jpg,2026-01-13_16-04-10.top_left.thumb.jpg,e5f859616a1ebf20cb8f61da5b2008c2,top_left,"[22.0, 45.0, 110.0, 135.0]",jpg,3200,0,epsonscan2,esci2:usb:ES00FE:337,Epson Perfection V850,d3dbcf42e05429343a8e1a5966e3bcf0,epsonscan2:Epson Perfection V850::esci2:usb:ES00FE:337,/data,{},DROSO_05_SIM_19_F,crop_2026-01-13_16-04-10.top_left_CROPNUMBER_18_UUID_DROSO_05_SIM_19_F.png,"[2748, 6279, 3183, 6568]",0.9332484006881714,1.0,00_data/01_segmented/crops,00_data/01_segmented/crops/crop_2026-01-13_16-04-10.top_left_CROPNUMBER_18_UUID_DROSO_05_SIM_19_F.json,00_data/02_resized/crops/crop_2026-01-13_16-04-10.top_left_CROPNUMBER_18_UUID_DROSO_05_SIM_19_F.jpg,crops,,00_data/01_segmented/crops/crop_2026-01-13_16-04-10.top_left_CROPNUMBER_18_UUID_DROSO_05_SIM_19_F.png,0.5149425287356322,3.4528124999999994,,72156,4.546109859375
2026-01-13T16:09:56.394761,/data/d3dbcf42e05429343a8e1a5966e3bcf0/Epson Perfection V850/2026-01-13/2026-01-13_16-09-56/top_right,2026-01-13_16-09-56.top_right.jpg,/data/d3dbcf42e05429343a8e1a5966e3bcf0/Epson Perfection V850/2026-01-13/2026-01-13_16-09-56/top_right/2026-01-13_16-09-56.top_right.jpg,2026-01-13_16-09-56.top_right.thumb.jpg,aee7ff74e98fd3cb0d78628f63d1119f,top_right,"[110.5, 45.0, 200.0, 135.0]",jpg,3200,0,epsonscan2,esci2:usb:ES00FE:337,Epson Perfection V850,d3dbcf42e05429343a8e1a5966e3bcf0,epsonscan2:Epson Perfection V850::esci2:usb:ES00FE:337,/data,{},DROSO_01_MEL_19_M,crop_2026-01-13_16-09-56.top_right_CROPNUMBER_44_UUID_DROSO_01_MEL_19_M.png,"[1542, 6496, 2029, 6903]",0.9354274868965148,0.6027106630904797,00_data/01_segmented/crops,00_data/01_segmented/crops/crop_2026-01-13_16-09-56.top_right_CROPNUMBER_44_UUID_DROSO_01_MEL_19_M.json,00_data/02_resized/crops/crop_2026-01-13_16-09-56.top_right_CROPNUMBER_44_UUID_DROSO_01_MEL_19_M.jpg,crops,,00_data/01_segmented/crops/crop_2026-01-13_16-09-56.top_right_CROPNUMBER_44_UUID_DROSO_01_MEL_19_M.png,0.459958932238193,3.8655625,,87858,5.5353971953125
2026-01-13T16:09:56.394761,/data/d3dbcf42e05429343a8e1a5966e3bcf0/Epson Perfection V850/2026-01-13/2026-01-13_16-09-56/top_right,2026-01-13_16-09-56.top_right.jpg,/data/d3dbcf42e05429343a8e1a5966e3bcf0/Epson Perfection V850/2026-01-13/2026-01-13_16-09-56/top_right/2026-01-13_16-09-56.top_right.jpg,2026-01-13_16-09-56.top_right.thumb.jpg,aee7ff74e98fd3cb0d78628f63d1119f,top_right,"[110.5, 45.0, 200.0, 135.0]",jpg,3200,0,epsonscan2,esci2:usb:ES00FE:337,Epson Perfection V850,d3dbcf42e05429343a8e1a5966e3bcf0,epsonscan2:Epson Perfection V850::esci2:usb:ES00FE:337,/data,{},DROSO_01_MEL_19_M,crop_2026-01-13_16-09-56.top_right_CROPNUMBER_32_UUID_DROSO_01_MEL_19_M.png,"[4121, 8652, 4579, 8971]",0.9385311007499696,1.0,00_data/01_segmented/crops,00_data/01_segmented/crops/crop_2026-01-13_16-09-56.top_right_CROPNUMBER_32_UUID_DROSO_01_MEL_19_M.json,00_data/02_resized/crops/crop_2026-01-13_16-09-56.top_right_CROPNUMBER_32_UUID_DROSO_01_MEL_19_M.jpg,crops,,00_data/01_segmented/crops/crop_2026-01-13_16-09-56.top_right_CROPNUMBER_32_UUID_DROSO_01_MEL_19_M.png,0.4890829694323144,3.635375,,76213,4.80171670703125
2026-01-13T15:40:38.651010,/data/d3dbcf42e05429343a8e1a5966e3bcf0/Epson Perfection V850/2026-01-13/2026-01-13_15-40-38/top_right,2026-01-13_15-40-38.top_right.jpg,/data/d3dbcf42e05429343a8e1a5966e3bcf0/Epson Perfection V850/2026-01-13/2026-01-13_15-40-38/top_right/2026-01-13_15-40-38.top_right.jpg,2026-01-13_15-40-38.top_right.thumb.jpg,b3a9f59be4eab6b9c284088e08fe2da7,top_right,"[110.5, 45.0, 200.0, 135.0]",jpg,3200,0,epsonscan2,esci2:usb:ES00FE:337,Epson Perfection V850,d3dbcf42e05429343a8e1a5966e3bcf0,epsonscan2:Epson Perfection V850::esci2:usb:ES00FE:337,/data,{},DROSO_01_SIM_19_M,crop_2026-01-13_15-40-38.top_right_CROPNUMBER_9_UUID_DROSO_01_SIM_19_M.png,"[6469, 5702, 6753, 6082]",0.9367035031318665,1.0,00_data/01_segmented/crops,00_data/01_segmented/crops/crop_2026-01-13_15-40-38.top_right_CROPNUMBER_9_UUID_DROSO_01_SIM_19_M.json,00_data/02_resized/crops/crop_2026-01-13_15-40-38.top_right_CROPNUMBER_9_UUID_DROSO_01_SIM_19_M.jpg,crops,,00_data/01_segmented/crops/crop_2026-01-13_15-40-38.top_right_CROPNUMBER_9_UUID_DROSO_01_SIM_19_M.png,0.5894736842105263,3.0162500000000003,,64306,4.0515291953125
2026-01-13T16:09:56.394761,/data/d3dbcf42e05429343a8e1a5966e3bcf0/Epson Perfection V850/2026-01-13/2026-01-13_16-09-56/top_right,2026-01-13_16-09-56.top_right.jpg,/data/d3dbcf42e05429343a8e1a5966e3bcf0/Epson Perfection V850/2026-01-13/2026-01-13_16-09-56/top_right/2026-01-13_16-09-56.top_right.jpg,2026-01-13_16-09-56.top_right.thumb.jpg,aee7ff74e98fd3cb0d78628f63d1119f,top_right,"[110.5, 45.0, 200.0, 135.0]",jpg,3200,0,epsonscan2,esci2:usb:ES00FE:337,Epson Perfection V850,d3dbcf42e05429343a8e1a5966e3bcf0,epsonscan2:Epson Perfection V850::esci2:usb:ES00FE:337,/data,{},DROSO_01_MEL_19_M,crop_2026-01-13_16-09-56.top_right_CROPNUMBER_21_UUID_DROSO_01_MEL_19_M.png,"[9555, 5057, 10010, 5454]",0.9400034546852112,1.0,00_data/01_segmented/crops,00_data/01_segmented/crops/crop_2026-01-13_16-09-56.top_right_CROPNUMBER_21_UUID_DROSO_01_MEL_19_M.json,00_data/02_resized/crops/crop_2026-01-13_16-09-56.top_right_CROPNUMBER_21_UUID_DROSO_01_MEL_19_M.jpg,crops,,00_data/01_segmented/crops/crop_2026-01-13_16-09-56.top_right_CROPNUMBER_21_UUID_DROSO_01_MEL_19_M.png,0.49230769230769234,3.6115625,,86270,5.4353469921875
2026-01-13T16:09:56.394761,/data/d3dbcf42e05429343a8e1a5966e3bcf0/Epson Perfection V850/2026-01-13/2026-01-13_16-09-56/top_right,2026-01-13_16-09-56.top_right.jpg,/data/d3dbcf42e05429343a8e1a5966e3bcf0/Epson Perfection V850/2026-01-13/2026-01-13_16-09-56/top_right/2026-01-13_16-09-56.top_right.jpg,2026-01-13_16-09-56.top_right.thumb.jpg,aee7ff74e98fd3cb0d78628f63d1119f,top_right,"[110.5, 45.0, 200.0, 135.0]",jpg,3200,0,epsonscan2,esci2:usb:ES00FE:337,Epson Perfection V850,d3dbcf42e05429343a8e1a5966e3bcf0,epsonscan2:Epson Perfection V850::esci2:usb:ES00FE:337,/data,{},DROSO_01_MEL_19_M,crop_2026-01-13_16-09-56.top_right_CROPNUMBER_65_UUID_DROSO_01_MEL_19_M.png,"[3234, 1176, 3534, 1587]",0.7615231275558472,1.0,00_data/01_segmented/crops,00_data/01_segmented/crops/crop_2026-01-13_16-09-56.top_right_CROPNUMBER_65_UUID_DROSO_01_MEL_19_M.json,00_data/02_resized/crops/crop_2026-01-13_16-09-56.top_right_CROPNUMBER_65_UUID_DROSO_01_MEL_19_M.jpg,crops,,00_data/01_segmented/crops/crop_2026-01-13_16-09-56.top_right_CROPNUMBER_65_UUID_DROSO_01_MEL_19_M.png,0.5450121654501217,3.2623125,,75846,4.7785942734375
2026-01-13T15:46:54.437940,/data/d3dbcf42e05429343a8e1a5966e3bcf0/Epson Perfection V850/2026-01-13/2026-01-13_15-46-54/top_left,2026-01-13_15-46-54.top_left.jpg,/data/d3dbcf42e05429343a8e1a5966e3bcf0/Epson Perfection V850/2026-01-13/2026-01-13_15-46-54/top_left/2026-01-13_15-46-54.top_left.jpg,2026-01-13_15-46-54.top_left.thumb.jpg,5483407fad8572e990edf163cad31d3d,top_left,"[22.0, 45.0, 110.0, 135.0]",jpg,3200,0,epsonscan2,esci2:usb:ES00FE:337,Epson Perfection V850,d3dbcf42e05429343a8e1a5966e3bcf0,epsonscan2:Epson Perfection V850::esci2:usb:ES00FE:337,/data,{},DROSO_02_SIM_19_F,crop_2026-01-13_15-46-54.top_left_CROPNUMBER_9_UUID_DROSO_02_SIM_19_F.png,"[6138, 5140, 6394, 5616]",0.9333550930023192,1.0,00_data/01_segmented/crops,00_data/01_segmented/crops/crop_2026-01-13_15-46-54.top_left_CROPNUMBER_9_UUID_DROSO_02_SIM_19_F.json,00_data/02_resized/crops/crop_2026-01-13_15-46-54.top_left_CROPNUMBER_9_UUID_DROSO_02_SIM_19_F.jpg,crops,,00_data/01_segmented/crops/crop_2026-01-13_15-46-54.top_left_CROPNUMBER_9_UUID_DROSO_02_SIM_19_F.png,0.47058823529411764,3.7782499999999994,,75856,4.7792243125
2026-01-13T15:46:54.437940,/data/d3dbcf42e05429343a8e1a5966e3bcf0/Epson Perfection V850/2026-01-13/2026-01-13_15-46-54/top_left,2026-01-13_15-46-54.top_left.jpg,/data/d3dbcf42e05429343a8e1a5966e3bcf0/Epson Perfection V850/2026-01-13/2026-01-13_15-46-54/top_left/2026-01-13_15-46-54.top_left.jpg,2026-01-13_15-46-54.top_left.thumb.jpg,5483407fad8572e990edf163cad31d3d,top_left,"[22.0, 45.0, 110.0, 135.0]",jpg,3200,0,epsonscan2,esci2:usb:ES00FE:337,Epson Perfection V850,d3dbcf42e05429343a8e1a5966e3bcf0,epsonscan2:Epson Perfection V850::esci2:usb:ES00FE:337,/data,{},DROSO_02_SIM_19_F,crop_2026-01-13_15-46-54.top_left_CROPNUMBER_15_UUID_DROSO_02_SIM_19_F.png,"[4039, 6536, 4279, 6992]",0.9226696491241456,0.6028218259357906,00_data/01_segmented/crops,00_data/01_segmented/crops/crop_2026-01-13_15-46-54.top_left_CROPNUMBER_15_UUID_DROSO_02_SIM_19_F.json,00_data/02_resized/crops/crop_2026-01-13_15-46-54.top_left_CROPNUMBER_15_UUID_DROSO_02_SIM_19_F.jpg,crops,,00_data/01_segmented/crops/crop_2026-01-13_15-46-54.top_left_CROPNUMBER_15_UUID_DROSO_02_SIM_19_F.png,0.49122807017543857,3.6194999999999995,,72290,4.5545523828125
2026-01-13T16:09:56.394761,/data/d3dbcf42e05429343a8e1a5966e3bcf0/Epson Perfection V850/2026-01-13/2026-01-13_16-09-56/top_left,2026-01-13_16-09-56.top_left.jpg,/data/d3dbcf42e05429343a8e1a5966e3bcf0/Epson Perfection V850/2026-01-13/2026-01-13_16-09-56/top_left/2026-01-13_16-09-56.top_left.jpg,2026-01-13_16-09-56.top_left.thumb.jpg,788d0971822fc839506e3180de7f3b36,top_left,"[22.0, 45.0, 110.0, 135.0]",jpg,3200,0,epsonscan2,esci2:usb:ES00FE:337,Epson Perfection V850,d3dbcf42e05429343a8e1a5966e3bcf0,epsonscan2:Epson Perfection V850::esci2:usb:ES00FE:337,/data,{},DROSO_01_MEL_19_F,crop_2026-01-13_16-09-56.top_left_CROPNUMBER_8_UUID_DROSO_01_MEL_19_F.png,"[7800, 5313, 8262, 5852]",0.9450501203536988,1.0,00_data/01_segmented/crops,00_data/01_segmented/crops/crop_2026-01-13_16-09-56.top_left_CROPNUMBER_8_UUID_DROSO_01_MEL_19_F.json,00_data/02_resized/crops/crop_2026-01-13_16-09-56.top_left_CROPNUMBER_8_UUID_DROSO_01_MEL_19_F.jpg,crops,,00_data/01_segmented/crops/crop_2026-01-13_16-09-56.top_left_CROPNUMBER_8_UUID_DROSO_01_MEL_19_F.png,0.4155844155844156,4.278312499999999,,112119,7.06393496484375
2026-01-13T15:40:38.651010,/data/d3dbcf42e05429343a8e1a5966e3bcf0/Epson Perfection V850/2026-01-13/2026-01-13_15-40-38/top_left,2026-01-13_15-40-38.top_left.jpg,/data/d3dbcf42e05429343a8e1a5966e3bcf0/Epson Perfection V850/2026-01-13/2026-01-13_15-40-38/top_left/2026-01-13_15-40-38.top_left.jpg,2026-01-13_15-40-38.top_left.thumb.jpg,16a144e86ca9c5e7bb9b16ddead6411f,top_left,"[22.0, 45.0, 110.0, 135.0]",jpg,3200,0,epsonscan2,esci2:usb:ES00FE:337,Epson Perfection V850,d3dbcf42e05429343a8e1a5966e3bcf0,epsonscan2:Epson Perfection V850::esci2:usb:ES00FE:337,/data,{},DROSO_01_SIM_19_F,crop_2026-01-13_15-40-38.top_left_CROPNUMBER_15_UUID_DROSO_01_SIM_19_F.png,"[5106, 8130, 5474, 8497]",0.9292503595352172,0.6028218259357906,00_data/01_segmented/crops,00_data/01_segmented/crops/crop_2026-01-13_15-40-38.top_left_CROPNUMBER_15_UUID_DROSO_01_SIM_19_F.json,00_data/02_resized/crops/crop_2026-01-13_15-40-38.top_left_CROPNUMBER_15_UUID_DROSO_01_SIM_19_F.jpg,crops,,00_data/01_segmented/crops/crop_2026-01-13_15-40-38.top_left_CROPNUMBER_15_UUID_DROSO_01_SIM_19_F.png,0.6086956521739131,2.921,,67872,4.276201125
2026-01-13T16:04:10.629205,/data/d3dbcf42e05429343a8e1a5966e3bcf0/Epson Perfection V850/2026-01-13/2026-01-13_16-04-10/top_left,2026-01-13_16-04-10.top_left.jpg,/data/d3dbcf42e05429343a8e1a5966e3bcf0/Epson Perfection V850/2026-01-13/2026-01-13_16-04-10/top_left/2026-01-13_16-04-10.top_left.jpg,2026-01-13_16-04-10.top_left.thumb.jpg,e5f859616a1ebf20cb8f61da5b2008c2,top_left,"[22.0, 45.0, 110.0, 135.0]",jpg,3200,0,epsonscan2,esci2:usb:ES00FE:337,Epson Perfection V850,d3dbcf42e05429343a8e1a5966e3bcf0,epsonscan2:Epson Perfection V850::esci2:usb:ES00FE:337,/data,{},DROSO_05_SIM_19_F,crop_2026-01-13_16-04-10.top_left_CROPNUMBER_17_UUID_DROSO_05_SIM_19_F.png,"[5350, 9111, 5805, 9596]",0.9337202310562134,0.6028218259357906,00_data/01_segmented/crops,00_data/01_segmented/crops/crop_2026-01-13_16-04-10.top_left_CROPNUMBER_17_UUID_DROSO_05_SIM_19_F.json,00_data/02_resized/crops/crop_2026-01-13_16-04-10.top_left_CROPNUMBER_17_UUID_DROSO_05_SIM_19_F.jpg,crops,,00_data/01_segmented/crops/crop_2026-01-13_16-04-10.top_left_CROPNUMBER_17_UUID_DROSO_05_SIM_19_F.png,0.4618556701030928,3.8496874999999995,,98920,6.2323464062500005
2026-01-13T16:09:56.394761,/data/d3dbcf42e05429343a8e1a5966e3bcf0/Epson Perfection V850/2026-01-13/2026-01-13_16-09-56/top_left,2026-01-13_16-09-56.top_left.jpg,/data/d3dbcf42e05429343a8e1a5966e3bcf0/Epson Perfection V850/2026-01-13/2026-01-13_16-09-56/top_left/2026-01-13_16-09-56.top_left.jpg,2026-01-13_16-09-56.top_left.thumb.jpg,788d0971822fc839506e3180de7f3b36,top_left,"[22.0, 45.0, 110.0, 135.0]",jpg,3200,0,epsonscan2,esci2:usb:ES00FE:337,Epson Perfection V850,d3dbcf42e05429343a8e1a5966e3bcf0,epsonscan2:Epson Perfection V850::esci2:usb:ES00FE:337,/data,{},DROSO_01_MEL_19_F,crop_2026-01-13_16-09-56.top_left_CROPNUMBER_1_UUID_DROSO_01_MEL_19_F.png,"[6934, 8995, 7359, 9413]",0.9502920508384703,1.0,00_data/01_segmented/crops,00_data/01_segmented/crops/crop_2026-01-13_16-09-56.top_left_CROPNUMBER_1_UUID_DROSO_01_MEL_19_F.json,00_data/02_resized/crops/crop_2026-01-13_16-09-56.top_left_CROPNUMBER_1_UUID_DROSO_01_MEL_19_F.jpg,crops,,00_data/01_segmented/crops/crop_2026-01-13_16-09-56.top_left_CROPNUMBER_1_UUID_DROSO_01_MEL_19_F.png,0.5270588235294118,3.373437499999999,,88898,5.600921257812501
2026-01-13T16:09:56.394761,/data/d3dbcf42e05429343a8e1a5966e3bcf0/Epson Perfection V850/2026-01-13/2026-01-13_16-09-56/top_left,2026-01-13_16-09-56.top_left.jpg,/data/d3dbcf42e05429343a8e1a5966e3bcf0/Epson Perfection V850/2026-01-13/2026-01-13_16-09-56/top_left/2026-01-13_16-09-56.top_left.jpg,2026-01-13_16-09-56.top_left.thumb.jpg,788d0971822fc839506e3180de7f3b36,top_left,"[22.0, 45.0, 110.0, 135.0]",jpg,3200,0,epsonscan2,esci2:usb:ES00FE:337,Epson Perfection V850,d3dbcf42e05429343a8e1a5966e3bcf0,epsonscan2:Epson Perfection V850::esci2:usb:ES00FE:337,/data,{},DROSO_01_MEL_19_F,crop_2026-01-13_16-09-56.top_left_CROPNUMBER_20_UUID_DROSO_01_MEL_19_F.png,"[5404, 5882, 5789, 6407]",0.9389467239379884,0.6028218259357906,00_data/01_segmented/crops,00_data/01_segmented/crops/crop_2026-01-13_16-09-56.top_left_CROPNUMBER_20_UUID_DROSO_01_MEL_19_F.json,00_data/02_resized/crops/crop_2026-01-13_16-09-56.top_left_CROPNUMBER_20_UUID_DROSO_01_MEL_19_F.jpg,crops,,00_data/01_segmented/crops/crop_2026-01-13_16-09-56.top_left_CROPNUMBER_20_UUID_DROSO_01_MEL_19_F.png,0.4266666666666667,4.1671875,,89831,5.65970390234375
2026-01-13T16:22:42.229986,/data/d3dbcf42e05429343a8e1a5966e3bcf0/Epson Perfection V850/2026-01-13/2026-01-13_16-22-42/top_right,2026-01-13_16-22-42.top_right.jpg,/data/d3dbcf42e05429343a8e1a5966e3bcf0/Epson Perfection V850/2026-01-13/2026-01-13_16-22-42/top_right/2026-01-13_16-22-42.top_right.jpg,2026-01-13_16-22-42.top_right.thumb.jpg,a62b428f433471233371d44992128bb0,top_right,"[110.5, 45.0, 200.0, 135.0]",jpg,3200,0,epsonscan2,esci2:usb:ES00FE:337,Epson Perfection V850,d3dbcf42e05429343a8e1a5966e3bcf0,epsonscan2:Epson Perfection V850::esci2:usb:ES00FE:337,/data,{},DROSO_03_MEL_19_M,crop_2026-01-13_16-22-42.top_right_CROPNUMBER_23_UUID_DROSO_03_MEL_19_M.png,"[6735, 7084, 7071, 7528]",0.9307401180267334,1.0,00_data/01_segmented/crops,00_data/01_segmented/crops/crop_2026-01-13_16-22-42.top_right_CROPNUMBER_23_UUID_DROSO_03_MEL_19_M.json,00_data/02_resized/crops/crop_2026-01-13_16-22-42.top_right_CROPNUMBER_23_UUID_DROSO_03_MEL_19_M.jpg,crops,,00_data/01_segmented/crops/crop_2026-01-13_16-22-42.top_right_CROPNUMBER_23_UUID_DROSO_03_MEL_19_M.png,0.5045045045045045,3.5242500000000003,,75576,4.76158321875
2026-01-13T15:52:35.076944,/data/d3dbcf42e05429343a8e1a5966e3bcf0/Epson Perfection V850/2026-01-13/2026-01-13_15-52-35/top_left,2026-01-13_15-52-35.top_left.jpg,/data/d3dbcf42e05429343a8e1a5966e3bcf0/Epson Perfection V850/2026-01-13/2026-01-13_15-52-35/top_left/2026-01-13_15-52-35.top_left.jpg,2026-01-13_15-52-35.top_left.thumb.jpg,c96bd3e091dcefbdce757afd0a69dc15,top_left,"[22.0, 45.0, 110.0, 135.0]",jpg,3200,0,epsonscan2,esci2:usb:ES00FE:337,Epson Perfection V850,d3dbcf42e05429343a8e1a5966e3bcf0,epsonscan2:Epson Perfection V850::esci2:usb:ES00FE:337,/data,{},DROSO_03_SIM_19_F,crop_2026-01-13_15-52-35.top_left_CROPNUMBER_5_UUID_DROSO_03_SIM_19_F.png,"[3883, 6265, 4302, 6663]",0.94436377286911,1.0,00_data/01_segmented/crops,00_data/01_segmented/crops/crop_2026-01-13_15-52-35.top_left_CROPNUMBER_5_UUID_DROSO_03_SIM_19_F.json,00_data/02_resized/crops/crop_2026-01-13_15-52-35.top_left_CROPNUMBER_5_UUID_DROSO_03_SIM_19_F.jpg,crops,,00_data/01_segmented/crops/crop_2026-01-13_15-52-35.top_left_CROPNUMBER_5_UUID_DROSO_03_SIM_19_F.png,0.5346062052505967,3.3258125,,75200,4.7378937500000005
2026-01-13T16:22:42.229986,/data/d3dbcf42e05429343a8e1a5966e3bcf0/Epson Perfection V850/2026-01-13/2026-01-13_16-22-42/top_left,2026-01-13_16-22-42.top_left.jpg,/data/d3dbcf42e05429343a8e1a5966e3bcf0/Epson Perfection V850/2026-01-13/2026-01-13_16-22-42/top_left/2026-01-13_16-22-42.top_left.jpg,2026-01-13_16-22-42.top_left.thumb.jpg,f331f82ac6dcbf4a1318ddee5307a618,top_left,"[22.0, 45.0, 110.0, 135.0]",jpg,3200,0,epsonscan2,esci2:usb:ES00FE:337,Epson Perfection V850,d3dbcf42e05429343a8e1a5966e3bcf0,epsonscan2:Epson Perfection V850::esci2:usb:ES00FE:337,/data,{},DROSO_03_MEL_19_F,crop_2026-01-13_16-22-42.top_left_CROPNUMBER_27_UUID_DROSO_03_MEL_19_F.png,"[6403, 5439, 6778, 5933]",0.9328012466430664,0.6028218259357906,00_data/01_segmented/crops,00_data/01_segmented/crops/crop_2026-01-13_16-22-42.top_left_CROPNUMBER_27_UUID_DROSO_03_MEL_19_F.json,00_data/02_resized/crops/crop_2026-01-13_16-22-42.top_left_CROPNUMBER_27_UUID_DROSO_03_MEL_19_F.jpg,crops,,00_data/01_segmented/crops/crop_2026-01-13_16-22-42.top_left_CROPNUMBER_27_UUID_DROSO_03_MEL_19_F.png,0.4534412955465587,3.921125,,92542,5.8305074921875
2026-01-13T16:17:02.422812,/data/d3dbcf42e05429343a8e1a5966e3bcf0/Epson Perfection V850/2026-01-13/2026-01-13_16-17-02/top_left,2026-01-13_16-17-02.top_left.jpg,/data/d3dbcf42e05429343a8e1a5966e3bcf0/Epson Perfection V850/2026-01-13/2026-01-13_16-17-02/top_left/2026-01-13_16-17-02.top_left.jpg,2026-01-13_16-17-02.top_left.thumb.jpg,73a37d7ec44337a23e2a64e1230cb14f,top_left,"[22.0, 45.0, 110.0, 135.0]",jpg,3200,0,epsonscan2,esci2:usb:ES00FE:337,Epson Perfection V850,d3dbcf42e05429343a8e1a5966e3bcf0,epsonscan2:Epson Perfection V850::esci2:usb:ES00FE:337,/data,{},DROSO_02_MEL_19_F,crop_2026-01-13_16-17-02.top_left_CROPNUMBER_28_UUID_DROSO_02_MEL_19_F.png,"[6979, 8314, 7511, 8631]",0.9284953474998474,0.6028218259357906,00_data/01_segmented/crops,00_data/01_segmented/crops/crop_2026-01-13_16-17-02.top_left_CROPNUMBER_28_UUID_DROSO_02_MEL_19_F.json,00_data/02_resized/crops/crop_2026-01-13_16-17-02.top_left_CROPNUMBER_28_UUID_DROSO_02_MEL_19_F.jpg,crops,,00_data/01_segmented/crops/crop_2026-01-13_16-17-02.top_left_CROPNUMBER_28_UUID_DROSO_02_MEL_19_F.png,0.42105263157894735,4.22275,,96003,6.04856401171875
2026-01-13T16:22:42.229986,/data/d3dbcf42e05429343a8e1a5966e3bcf0/Epson Perfection V850/2026-01-13/2026-01-13_16-22-42/top_left,2026-01-13_16-22-42.top_left.jpg,/data/d3dbcf42e05429343a8e1a5966e3bcf0/Epson Perfection V850/2026-01-13/2026-01-13_16-22-42/top_left/2026-01-13_16-22-42.top_left.jpg,2026-01-13_16-22-42.top_left.thumb.jpg,f331f82ac6dcbf4a1318ddee5307a618,top_left,"[22.0, 45.0, 110.0, 135.0]",jpg,3200,0,epsonscan2,esci2:usb:ES00FE:337,Epson Perfection V850,d3dbcf42e05429343a8e1a5966e3bcf0,epsonscan2:Epson Perfection V850::esci2:usb:ES00FE:337,/data,{},DROSO_03_MEL_19_F,crop_2026-01-13_16-22-42.top_left_CROPNUMBER_26_UUID_DROSO_03_MEL_19_F.png,"[4908, 7802, 5404, 8271]",0.9328247904777528,1.0,00_data/01_segmented/crops,00_data/01_segmented/crops/crop_2026-01-13_16-22-42.top_left_CROPNUMBER_26_UUID_DROSO_03_MEL_19_F.json,00_data/02_resized/crops/crop_2026-01-13_16-22-42.top_left_CROPNUMBER_26_UUID_DROSO_03_MEL_19_F.jpg,crops,,00_data/01_segmented/crops/crop_2026-01-13_16-22-42.top_left_CROPNUMBER_26_UUID_DROSO_03_MEL_19_F.png,0.45161290322580644,3.937,,99204,6.250239515625
2026-01-13T15:58:15.447485,/data/d3dbcf42e05429343a8e1a5966e3bcf0/Epson Perfection V850/2026-01-13/2026-01-13_15-58-15/top_left,2026-01-13_15-58-15.top_left.jpg,/data/d3dbcf42e05429343a8e1a5966e3bcf0/Epson Perfection V850/2026-01-13/2026-01-13_15-58-15/top_left/2026-01-13_15-58-15.top_left.jpg,2026-01-13_15-58-15.top_left.thumb.jpg,06b4b76a8baf9e9d6a949609e6c4b9d4,top_left,"[22.0, 45.0, 110.0, 135.0]",jpg,3200,0,epsonscan2,esci2:usb:ES00FE:337,Epson Perfection V850,d3dbcf42e05429343a8e1a5966e3bcf0,epsonscan2:Epson Perfection V850::esci2:usb:ES00FE:337,/data,{},DROSO_04_SIM_19_F,crop_2026-01-13_15-58-15.top_left_CROPNUMBER_23_UUID_DROSO_04_SIM_19_F.png,"[3918, 9410, 4269, 9804]",0.9246971011161804,0.6028218259357906,00_data/01_segmented/crops,00_data/01_segmented/crops/crop_2026-01-13_15-58-15.top_left_CROPNUMBER_23_UUID_DROSO_04_SIM_19_F.json,00_data/02_resized/crops/crop_2026-01-13_15-58-15.top_left_CROPNUMBER_23_UUID_DROSO_04_SIM_19_F.jpg,crops,,00_data/01_segmented/crops/crop_2026-01-13_15-58-15.top_left_CROPNUMBER_23_UUID_DROSO_04_SIM_19_F.png,0.5685279187817259,3.127375,,71539,4.50723644921875
2026-01-13T15:52:35.076944,/data/d3dbcf42e05429343a8e1a5966e3bcf0/Epson Perfection V850/2026-01-13/2026-01-13_15-52-35/top_right,2026-01-13_15-52-35.top_right.jpg,/data/d3dbcf42e05429343a8e1a5966e3bcf0/Epson Perfection V850/2026-01-13/2026-01-13_15-52-35/top_right/2026-01-13_15-52-35.top_right.jpg,2026-01-13_15-52-35.top_right.thumb.jpg,21ba2cf23da353b8d840e52696871b60,top_right,"[110.5, 45.0, 200.0, 135.0]",jpg,3200,0,epsonscan2,esci2:usb:ES00FE:337,Epson Perfection V850,d3dbcf42e05429343a8e1a5966e3bcf0,epsonscan2:Epson Perfection V850::esci2:usb:ES00FE:337,/data,{},DROSO_03_SIM_19_M,crop_2026-01-13_15-52-35.top_right_CROPNUMBER_15_UUID_DROSO_03_SIM_19_M.png,"[5563, 8754, 5998, 9047]",0.9333465695381165,0.6027106630904797,00_data/01_segmented/crops,00_data/01_segmented/crops/crop_2026-01-13_15-52-35.top_right_CROPNUMBER_15_UUID_DROSO_03_SIM_19_M.json,00_data/02_resized/crops/crop_2026-01-13_15-52-35.top_right_CROPNUMBER_15_UUID_DROSO_03_SIM_19_M.jpg,crops,,00_data/01_segmented/crops/crop_2026-01-13_15-52-35.top_right_CROPNUMBER_15_UUID_DROSO_03_SIM_19_M.png,0.5149425287356322,3.4528124999999994,,67867,4.27588610546875
2026-01-13T16:22:42.229986,/data/d3dbcf42e05429343a8e1a5966e3bcf0/Epson Perfection V850/2026-01-13/2026-01-13_16-22-42/top_left,2026-01-13_16-22-42.top_left.jpg,/data/d3dbcf42e05429343a8e1a5966e3bcf0/Epson Perfection V850/2026-01-13/2026-01-13_16-22-42/top_left/2026-01-13_16-22-42.top_left.jpg,2026-01-13_16-22-42.top_left.thumb.jpg,f331f82ac6dcbf4a1318ddee5307a618,top_left,"[22.0, 45.0, 110.0, 135.0]",jpg,3200,0,epsonscan2,esci2:usb:ES00FE:337,Epson Perfection V850,d3dbcf42e05429343a8e1a5966e3bcf0,epsonscan2:Epson Perfection V850::esci2:usb:ES00FE:337,/data,{},DROSO_03_MEL_19_F,crop_2026-01-13_16-22-42.top_left_CROPNUMBER_31_UUID_DROSO_03_MEL_19_F.png,"[5526, 6060, 5846, 6571]",0.927276611328125,0.6028218259357906,00_data/01_segmented/crops,00_data/01_segmented/crops/crop_2026-01-13_16-22-42.top_left_CROPNUMBER_31_UUID_DROSO_03_MEL_19_F.json,00_data/02_resized/crops/crop_2026-01-13_16-22-42.top_left_CROPNUMBER_31_UUID_DROSO_03_MEL_19_F.jpg,crops,,00_data/01_segmented/crops/crop_2026-01-13_16-22-42.top_left_CROPNUMBER_31_UUID_DROSO_03_MEL_19_F.png,0.4383561643835616,4.0560625,,84540,5.326350234375
2026-01-13T16:09:56.394761,/data/d3dbcf42e05429343a8e1a5966e3bcf0/Epson Perfection V850/2026-01-13/2026-01-13_16-09-56/top_left,2026-01-13_16-09-56.top_left.jpg,/data/d3dbcf42e05429343a8e1a5966e3bcf0/Epson Perfection V850/2026-01-13/2026-01-13_16-09-56/top_left/2026-01-13_16-09-56.top_left.jpg,2026-01-13_16-09-56.top_left.thumb.jpg,788d0971822fc839506e3180de7f3b36,top_left,"[22.0, 45.0, 110.0, 135.0]",jpg,3200,0,epsonscan2,esci2:usb:ES00FE:337,Epson Perfection V850,d3dbcf42e05429343a8e1a5966e3bcf0,epsonscan2:Epson Perfection V850::esci2:usb:ES00FE:337,/data,{},DROSO_01_MEL_19_F,crop_2026-01-13_16-09-56.top_left_CROPNUMBER_22_UUID_DROSO_01_MEL_19_F.png,"[2198, 7292, 2734, 7679]",0.9379574060440063,0.6028218259357906,00_data/01_segmented/crops,00_data/01_segmented/crops/crop_2026-01-13_16-09-56.top_left_CROPNUMBER_22_UUID_DROSO_01_MEL_19_F.json,00_data/02_resized/crops/crop_2026-01-13_16-09-56.top_left_CROPNUMBER_22_UUID_DROSO_01_MEL_19_F.jpg,crops,,00_data/01_segmented/crops/crop_2026-01-13_16-09-56.top_left_CROPNUMBER_22_UUID_DROSO_01_MEL_19_F.png,0.417910447761194,4.2545,,99148,6.2467112968750005
2026-01-13T15:40:38.651010,/data/d3dbcf42e05429343a8e1a5966e3bcf0/Epson Perfection V850/2026-01-13/2026-01-13_15-40-38/top_left,2026-01-13_15-40-38.top_left.jpg,/data/d3dbcf42e05429343a8e1a5966e3bcf0/Epson Perfection V850/2026-01-13/2026-01-13_15-40-38/top_left/2026-01-13_15-40-38.top_left.jpg,2026-01-13_15-40-38.top_left.thumb.jpg,16a144e86ca9c5e7bb9b16ddead6411f,top_left,"[22.0, 45.0, 110.0, 135.0]",jpg,3200,0,epsonscan2,esci2:usb:ES00FE:337,Epson Perfection V850,d3dbcf42e05429343a8e1a5966e3bcf0,epsonscan2:Epson Perfection V850::esci2:usb:ES00FE:337,/data,{},DROSO_01_SIM_19_F,crop_2026-01-13_15-40-38.top_left_CROPNUMBER_2_UUID_DROSO_01_SIM_19_F.png,"[7127, 9030, 7577, 9360]",0.9464387893676758,1.0,00_data/01_segmented/crops,00_data/01_segmented/crops/crop_2026-01-13_15-40-38.top_left_CROPNUMBER_2_UUID_DROSO_01_SIM_19_F.json,00_data/02_resized/crops/crop_2026-01-13_15-40-38.top_left_CROPNUMBER_2_UUID_DROSO_01_SIM_19_F.jpg,crops,,00_data/01_segmented/crops/crop_2026-01-13_15-40-38.top_left_CROPNUMBER_2_UUID_DROSO_01_SIM_19_F.png,0.49777777777777776,3.571875,,76849,4.84178719140625
2026-01-13T16:17:02.422812,/data/d3dbcf42e05429343a8e1a5966e3bcf0/Epson Perfection V850/2026-01-13/2026-01-13_16-17-02/top_left,2026-01-13_16-17-02.top_left.jpg,/data/d3dbcf42e05429343a8e1a5966e3bcf0/Epson Perfection V850/2026-01-13/2026-01-13_16-17-02/top_left/2026-01-13_16-17-02.top_left.jpg,2026-01-13_16-17-02.top_left.thumb.jpg,73a37d7ec44337a23e2a64e1230cb14f,top_left,"[22.0, 45.0, 110.0, 135.0]",jpg,3200,0,epsonscan2,esci2:usb:ES00FE:337,Epson Perfection V850,d3dbcf42e05429343a8e1a5966e3bcf0,epsonscan2:Epson Perfection V850::esci2:usb:ES00FE:337,/data,{},DROSO_02_MEL_19_F,crop_2026-01-13_16-17-02.top_left_CROPNUMBER_11_UUID_DROSO_02_MEL_19_F.png,"[7502, 7277, 7967, 7719]",0.9409654140472412,0.6028218259357906,00_data/01_segmented/crops,00_data/01_segmented/crops/crop_2026-01-13_16-17-02.top_left_CROPNUMBER_11_UUID_DROSO_02_MEL_19_F.json,00_data/02_resized/crops/crop_2026-01-13_16-17-02.top_left_CROPNUMBER_11_UUID_DROSO_02_MEL_19_F.jpg,crops,,00_data/01_segmented/crops/crop_2026-01-13_16-17-02.top_left_CROPNUMBER_11_UUID_DROSO_02_MEL_19_F.png,0.4817204301075269,3.6909375,,94956,5.982598921875001
2026-01-13T16:22:42.229986,/data/d3dbcf42e05429343a8e1a5966e3bcf0/Epson Perfection V850/2026-01-13/2026-01-13_16-22-42/top_right,2026-01-13_16-22-42.top_right.jpg,/data/d3dbcf42e05429343a8e1a5966e3bcf0/Epson Perfection V850/2026-01-13/2026-01-13_16-22-42/top_right/2026-01-13_16-22-42.top_right.jpg,2026-01-13_16-22-42.top_right.thumb.jpg,a62b428f433471233371d44992128bb0,top_right,"[110.5, 45.0, 200.0, 135.0]",jpg,3200,0,epsonscan2,esci2:usb:ES00FE:337,Epson Perfection V850,d3dbcf42e05429343a8e1a5966e3bcf0,epsonscan2:Epson Perfection V850::esci2:usb:ES00FE:337,/data,{},DROSO_03_MEL_19_M,crop_2026-01-13_16-22-42.top_right_CROPNUMBER_3_UUID_DROSO_03_MEL_19_M.png,"[5735, 6909, 6197, 7214]",0.9493235349655152,1.0,00_data/01_segmented/crops,00_data/01_segmented/crops/crop_2026-01-13_16-22-42.top_right_CROPNUMBER_3_UUID_DROSO_03_MEL_19_M.json,00_data/02_resized/crops/crop_2026-01-13_16-22-42.top_right_CROPNUMBER_3_UUID_DROSO_03_MEL_19_M.jpg,crops,,00_data/01_segmented/crops/crop_2026-01-13_16-22-42.top_right_CROPNUMBER_3_UUID_DROSO_03_MEL_19_M.png,0.48484848484848486,3.667125,,76346,4.8100962265625
2026-01-13T16:09:56.394761,/data/d3dbcf42e05429343a8e1a5966e3bcf0/Epson Perfection V850/2026-01-13/2026-01-13_16-09-56/top_left,2026-01-13_16-09-56.top_left.jpg,/data/d3dbcf42e05429343a8e1a5966e3bcf0/Epson Perfection V850/2026-01-13/2026-01-13_16-09-56/top_left/2026-01-13_16-09-56.top_left.jpg,2026-01-13_16-09-56.top_left.thumb.jpg,788d0971822fc839506e3180de7f3b36,top_left,"[22.0, 45.0, 110.0, 135.0]",jpg,3200,0,epsonscan2,esci2:usb:ES00FE:337,Epson Perfection V850,d3dbcf42e05429343a8e1a5966e3bcf0,epsonscan2:Epson Perfection V850::esci2:usb:ES00FE:337,/data,{},DROSO_01_MEL_19_F,crop_2026-01-13_16-09-56.top_left_CROPNUMBER_6_UUID_DROSO_01_MEL_19_F.png,"[6468, 8438, 6917, 8821]",0.9465627074241638,1.0,00_data/01_segmented/crops,00_data/01_segmented/crops/crop_2026-01-13_16-09-56.top_left_CROPNUMBER_6_UUID_DROSO_01_MEL_19_F.json,00_data/02_resized/crops/crop_2026-01-13_16-09-56.top_left_CROPNUMBER_6_UUID_DROSO_01_MEL_19_F.jpg,crops,,00_data/01_segmented/crops/crop_2026-01-13_16-09-56.top_left_CROPNUMBER_6_UUID_DROSO_01_MEL_19_F.png,0.49888641425389757,3.5639374999999998,,94644,5.962941703125001
2026-01-13T16:04:10.629205,/data/d3dbcf42e05429343a8e1a5966e3bcf0/Epson Perfection V850/2026-01-13/2026-01-13_16-04-10/top_left,2026-01-13_16-04-10.top_left.jpg,/data/d3dbcf42e05429343a8e1a5966e3bcf0/Epson Perfection V850/2026-01-13/2026-01-13_16-04-10/top_left/2026-01-13_16-04-10.top_left.jpg,2026-01-13_16-04-10.top_left.thumb.jpg,e5f859616a1ebf20cb8f61da5b2008c2,top_left,"[22.0, 45.0, 110.0, 135.0]",jpg,3200,0,epsonscan2,esci2:usb:ES00FE:337,Epson Perfection V850,d3dbcf42e05429343a8e1a5966e3bcf0,epsonscan2:Epson Perfection V850::esci2:usb:ES00FE:337,/data,{},DROSO_05_SIM_19_F,crop_2026-01-13_16-04-10.top_left_CROPNUMBER_16_UUID_DROSO_05_SIM_19_F.png,"[3857, 9028, 4259, 9513]",0.9339209794998168,0.6028218259357906,00_data/01_segmented/crops,00_data/01_segmented/crops/crop_2026-01-13_16-04-10.top_left_CROPNUMBER_16_UUID_DROSO_05_SIM_19_F.json,00_data/02_resized/crops/crop_2026-01-13_16-04-10.top_left_CROPNUMBER_16_UUID_DROSO_05_SIM_19_F.jpg,crops,,00_data/01_segmented/crops/crop_2026-01-13_16-04-10.top_left_CROPNUMBER_16_UUID_DROSO_05_SIM_19_F.png,0.4618556701030928,3.8496874999999995,,95377,6.009123566406251
2026-01-13T15:46:54.437940,/data/d3dbcf42e05429343a8e1a5966e3bcf0/Epson Perfection V850/2026-01-13/2026-01-13_15-46-54/top_left,2026-01-13_15-46-54.top_left.jpg,/data/d3dbcf42e05429343a8e1a5966e3bcf0/Epson Perfection V850/2026-01-13/2026-01-13_15-46-54/top_left/2026-01-13_15-46-54.top_left.jpg,2026-01-13_15-46-54.top_left.thumb.jpg,5483407fad8572e990edf163cad31d3d,top_left,"[22.0, 45.0, 110.0, 135.0]",jpg,3200,0,epsonscan2,esci2:usb:ES00FE:337,Epson Perfection V850,d3dbcf42e05429343a8e1a5966e3bcf0,epsonscan2:Epson Perfection V850::esci2:usb:ES00FE:337,/data,{},DROSO_02_SIM_19_F,crop_2026-01-13_15-46-54.top_left_CROPNUMBER_6_UUID_DROSO_02_SIM_19_F.png,"[7176, 5812, 7509, 6274]",0.9372671842575072,1.0,00_data/01_segmented/crops,00_data/01_segmented/crops/crop_2026-01-13_15-46-54.top_left_CROPNUMBER_6_UUID_DROSO_02_SIM_19_F.json,00_data/02_resized/crops/crop_2026-01-13_15-46-54.top_left_CROPNUMBER_6_UUID_DROSO_02_SIM_19_F.jpg,crops,,00_data/01_segmented/crops/crop_2026-01-13_15-46-54.top_left_CROPNUMBER_6_UUID_DROSO_02_SIM_19_F.png,0.48484848484848486,3.667125,,83518,5.2619602421875005
2026-01-13T16:09:56.394761,/data/d3dbcf42e05429343a8e1a5966e3bcf0/Epson Perfection V850/2026-01-13/2026-01-13_16-09-56/top_left,2026-01-13_16-09-56.top_left.jpg,/data/d3dbcf42e05429343a8e1a5966e3bcf0/Epson Perfection V850/2026-01-13/2026-01-13_16-09-56/top_left/2026-01-13_16-09-56.top_left.jpg,2026-01-13_16-09-56.top_left.thumb.jpg,788d0971822fc839506e3180de7f3b36,top_left,"[22.0, 45.0, 110.0, 135.0]",jpg,3200,0,epsonscan2,esci2:usb:ES00FE:337,Epson Perfection V850,d3dbcf42e05429343a8e1a5966e3bcf0,epsonscan2:Epson Perfection V850::esci2:usb:ES00FE:337,/data,{},DROSO_01_MEL_19_F,crop_2026-01-13_16-09-56.top_left_CROPNUMBER_28_UUID_DROSO_01_MEL_19_F.png,"[4169, 5809, 4684, 6131]",0.9362906217575072,0.6028218259357906,00_data/01_segmented/crops,00_data/01_segmented/crops/crop_2026-01-13_16-09-56.top_left_CROPNUMBER_28_UUID_DROSO_01_MEL_19_F.json,00_data/02_resized/crops/crop_2026-01-13_16-09-56.top_left_CROPNUMBER_28_UUID_DROSO_01_MEL_19_F.jpg,crops,,00_data/01_segmented/crops/crop_2026-01-13_16-09-56.top_left_CROPNUMBER_28_UUID_DROSO_01_MEL_19_F.png,0.4349514563106796,4.0878125,,88871,5.59922015234375
2026-01-13T15:40:38.651010,/data/d3dbcf42e05429343a8e1a5966e3bcf0/Epson Perfection V850/2026-01-13/2026-01-13_15-40-38/top_left,2026-01-13_15-40-38.top_left.jpg,/data/d3dbcf42e05429343a8e1a5966e3bcf0/Epson Perfection V850/2026-01-13/2026-01-13_15-40-38/top_left/2026-01-13_15-40-38.top_left.jpg,2026-01-13_15-40-38.top_left.thumb.jpg,16a144e86ca9c5e7bb9b16ddead6411f,top_left,"[22.0, 45.0, 110.0, 135.0]",jpg,3200,0,epsonscan2,esci2:usb:ES00FE:337,Epson Perfection V850,d3dbcf42e05429343a8e1a5966e3bcf0,epsonscan2:Epson Perfection V850::esci2:usb:ES00FE:337,/data,{},DROSO_01_SIM_19_F,crop_2026-01-13_15-40-38.top_left_CROPNUMBER_17_UUID_DROSO_01_SIM_19_F.png,"[5078, 7032, 5627, 7440]",0.9065569639205932,1.0,00_data/01_segmented/crops,00_data/01_segmented/crops/crop_2026-01-13_15-40-38.top_left_CROPNUMBER_17_UUID_DROSO_01_SIM_19_F.json,00_data/02_resized/crops/crop_2026-01-13_15-40-38.top_left_CROPNUMBER_17_UUID_DROSO_01_SIM_19_F.jpg,crops,,00_data/01_segmented/crops/crop_2026-01-13_15-40-38.top_left_CROPNUMBER_17_UUID_DROSO_01_SIM_19_F.png,0.4080145719489982,4.3576875,,96909,6.10564555078125
2026-01-13T15:46:54.437940,/data/d3dbcf42e05429343a8e1a5966e3bcf0/Epson Perfection V850/2026-01-13/2026-01-13_15-46-54/top_right,2026-01-13_15-46-54.top_right.jpg,/data/d3dbcf42e05429343a8e1a5966e3bcf0/Epson Perfection V850/2026-01-13/2026-01-13_15-46-54/top_right/2026-01-13_15-46-54.top_right.jpg,2026-01-13_15-46-54.top_right.thumb.jpg,8cfcebfb20b3b3b2bc86ba50975b08d9,top_right,"[110.5, 45.0, 200.0, 135.0]",jpg,3200,0,epsonscan2,esci2:usb:ES00FE:337,Epson Perfection V850,d3dbcf42e05429343a8e1a5966e3bcf0,epsonscan2:Epson Perfection V850::esci2:usb:ES00FE:337,/data,{},DROSO_02_SIM_19_M,crop_2026-01-13_15-46-54.top_right_CROPNUMBER_1_UUID_DROSO_02_SIM_19_M.png,"[6079, 6870, 6536, 7187]",0.9500024318695068,1.0,00_data/01_segmented/crops,00_data/01_segmented/crops/crop_2026-01-13_15-46-54.top_right_CROPNUMBER_1_UUID_DROSO_02_SIM_19_M.json,00_data/02_resized/crops/crop_2026-01-13_15-46-54.top_right_CROPNUMBER_1_UUID_DROSO_02_SIM_19_M.jpg,crops,,00_data/01_segmented/crops/crop_2026-01-13_15-46-54.top_right_CROPNUMBER_1_UUID_DROSO_02_SIM_19_M.png,0.49015317286652077,3.6274375,,78976,4.9757965
2026-01-13T16:17:02.422812,/data/d3dbcf42e05429343a8e1a5966e3bcf0/Epson Perfection V850/2026-01-13/2026-01-13_16-17-02/top_right,2026-01-13_16-17-02.top_right.jpg,/data/d3dbcf42e05429343a8e1a5966e3bcf0/Epson Perfection V850/2026-01-13/2026-01-13_16-17-02/top_right/2026-01-13_16-17-02.top_right.jpg,2026-01-13_16-17-02.top_right.thumb.jpg,dba0ed76fe036a6b6c2f125e044f31c3,top_right,"[110.5, 45.0, 200.0, 135.0]",jpg,3200,0,epsonscan2,esci2:usb:ES00FE:337,Epson Perfection V850,d3dbcf42e05429343a8e1a5966e3bcf0,epsonscan2:Epson Perfection V850::esci2:usb:ES00FE:337,/data,{},DROSO_02_MEL_19_M,crop_2026-01-13_16-17-02.top_right_CROPNUMBER_27_UUID_DROSO_02_MEL_19_M.png,"[3630, 7896, 3909, 8356]",0.9284848570823668,1.0,00_data/01_segmented/crops,00_data/01_segmented/crops/crop_2026-01-13_16-17-02.top_right_CROPNUMBER_27_UUID_DROSO_02_MEL_19_M.json,00_data/02_resized/crops/crop_2026-01-13_16-17-02.top_right_CROPNUMBER_27_UUID_DROSO_02_MEL_19_M.jpg,crops,,00_data/01_segmented/crops/crop_2026-01-13_16-17-02.top_right_CROPNUMBER_27_UUID_DROSO_02_MEL_19_M.png,0.48695652173913045,3.6512499999999997,,67907,4.27840626171875
2026-01-13T16:09:56.394761,/data/d3dbcf42e05429343a8e1a5966e3bcf0/Epson Perfection V850/2026-01-13/2026-01-13_16-09-56/top_left,2026-01-13_16-09-56.top_left.jpg,/data/d3dbcf42e05429343a8e1a5966e3bcf0/Epson Perfection V850/2026-01-13/2026-01-13_16-09-56/top_left/2026-01-13_16-09-56.top_left.jpg,2026-01-13_16-09-56.top_left.thumb.jpg,788d0971822fc839506e3180de7f3b36,top_left,"[22.0, 45.0, 110.0, 135.0]",jpg,3200,0,epsonscan2,esci2:usb:ES00FE:337,Epson Perfection V850,d3dbcf42e05429343a8e1a5966e3bcf0,epsonscan2:Epson Perfection V850::esci2:usb:ES00FE:337,/data,{},DROSO_01_MEL_19_F,crop_2026-01-13_16-09-56.top_left_CROPNUMBER_46_UUID_DROSO_01_MEL_19_F.png,"[6528, 5907, 7167, 6302]",0.9239463806152344,0.6028218259357906,00_data/01_segmented/crops,00_data/01_segmented/crops/crop_2026-01-13_16-09-56.top_left_CROPNUMBER_46_UUID_DROSO_01_MEL_19_F.json,00_data/02_resized/crops/crop_2026-01-13_16-09-56.top_left_CROPNUMBER_46_UUID_DROSO_01_MEL_19_F.jpg,crops,,00_data/01_segmented/crops/crop_2026-01-13_16-09-56.top_left_CROPNUMBER_46_UUID_DROSO_01_MEL_19_F.png,0.350547730829421,5.0720624999999995,,101593,6.40075584765625
2026-01-13T15:52:35.076944,/data/d3dbcf42e05429343a8e1a5966e3bcf0/Epson Perfection V850/2026-01-13/2026-01-13_15-52-35/top_left,2026-01-13_15-52-35.top_left.jpg,/data/d3dbcf42e05429343a8e1a5966e3bcf0/Epson Perfection V850/2026-01-13/2026-01-13_15-52-35/top_left/2026-01-13_15-52-35.top_left.jpg,2026-01-13_15-52-35.top_left.thumb.jpg,c96bd3e091dcefbdce757afd0a69dc15,top_left,"[22.0, 45.0, 110.0, 135.0]",jpg,3200,0,epsonscan2,esci2:usb:ES00FE:337,Epson Perfection V850,d3dbcf42e05429343a8e1a5966e3bcf0,epsonscan2:Epson Perfection V850::esci2:usb:ES00FE:337,/data,{},DROSO_03_SIM_19_F,crop_2026-01-13_15-52-35.top_left_CROPNUMBER_9_UUID_DROSO_03_SIM_19_F.png,"[5052, 8556, 5472, 8899]",0.9406575560569764,1.0,00_data/01_segmented/crops,00_data/01_segmented/crops/crop_2026-01-13_15-52-35.top_left_CROPNUMBER_9_UUID_DROSO_03_SIM_19_F.json,00_data/02_resized/crops/crop_2026-01-13_15-52-35.top_left_CROPNUMBER_9_UUID_DROSO_03_SIM_19_F.jpg,crops,,00_data/01_segmented/crops/crop_2026-01-13_15-52-35.top_left_CROPNUMBER_9_UUID_DROSO_03_SIM_19_F.png,0.5333333333333333,3.3337499999999998,,78178,4.9255193828125
2026-01-13T16:09:56.394761,/data/d3dbcf42e05429343a8e1a5966e3bcf0/Epson Perfection V850/2026-01-13/2026-01-13_16-09-56/top_right,2026-01-13_16-09-56.top_right.jpg,/data/d3dbcf42e05429343a8e1a5966e3bcf0/Epson Perfection V850/2026-01-13/2026-01-13_16-09-56/top_right/2026-01-13_16-09-56.top_right.jpg,2026-01-13_16-09-56.top_right.thumb.jpg,aee7ff74e98fd3cb0d78628f63d1119f,top_right,"[110.5, 45.0, 200.0, 135.0]",jpg,3200,0,epsonscan2,esci2:usb:ES00FE:337,Epson Perfection V850,d3dbcf42e05429343a8e1a5966e3bcf0,epsonscan2:Epson Perfection V850::esci2:usb:ES00FE:337,/data,{},DROSO_01_MEL_19_M,crop_2026-01-13_16-09-56.top_right_CROPNUMBER_28_UUID_DROSO_01_MEL_19_M.png,"[9360, 6507, 9699, 6927]",0.9390573501586914,1.0,00_data/01_segmented/crops,00_data/01_segmented/crops/crop_2026-01-13_16-09-56.top_right_CROPNUMBER_28_UUID_DROSO_01_MEL_19_M.json,00_data/02_resized/crops/crop_2026-01-13_16-09-56.top_right_CROPNUMBER_28_UUID_DROSO_01_MEL_19_M.jpg,crops,,00_data/01_segmented/crops/crop_2026-01-13_16-09-56.top_right_CROPNUMBER_28_UUID_DROSO_01_MEL_19_M.png,0.5333333333333333,3.3337499999999998,,80042,5.042958664062501
2026-01-13T15:58:15.447485,/data/d3dbcf42e05429343a8e1a5966e3bcf0/Epson Perfection V850/2026-01-13/2026-01-13_15-58-15/top_right,2026-01-13_15-58-15.top_right.jpg,/data/d3dbcf42e05429343a8e1a5966e3bcf0/Epson Perfection V850/2026-01-13/2026-01-13_15-58-15/top_right/2026-01-13_15-58-15.top_right.jpg,2026-01-13_15-58-15.top_right.thumb.jpg,f4b3f70693284ad9b6a7bd19eb02b3d5,top_right,"[110.5, 45.0, 200.0, 135.0]",jpg,3200,0,epsonscan2,esci2:usb:ES00FE:337,Epson Perfection V850,d3dbcf42e05429343a8e1a5966e3bcf0,epsonscan2:Epson Perfection V850::esci2:usb:ES00FE:337,/data,{},DROSO_04_SIM_19_M,crop_2026-01-13_15-58-15.top_right_CROPNUMBER_21_UUID_DROSO_04_SIM_19_M.png,"[1600, 2761, 1933, 3064]",0.8485569357872009,1.0,00_data/01_segmented/crops,00_data/01_segmented/crops/crop_2026-01-13_15-58-15.top_right_CROPNUMBER_21_UUID_DROSO_04_SIM_19_M.json,00_data/02_resized/crops/crop_2026-01-13_15-58-15.top_right_CROPNUMBER_21_UUID_DROSO_04_SIM_19_M.jpg,crops,,00_data/01_segmented/crops/crop_2026-01-13_15-58-15.top_right_CROPNUMBER_21_UUID_DROSO_04_SIM_19_M.png,0.6726726726726727,2.6431875,,65391,4.119888433593751
2026-01-13T16:04:10.629205,/data/d3dbcf42e05429343a8e1a5966e3bcf0/Epson Perfection V850/2026-01-13/2026-01-13_16-04-10/top_left,2026-01-13_16-04-10.top_left.jpg,/data/d3dbcf42e05429343a8e1a5966e3bcf0/Epson Perfection V850/2026-01-13/2026-01-13_16-04-10/top_left/2026-01-13_16-04-10.top_left.jpg,2026-01-13_16-04-10.top_left.thumb.jpg,e5f859616a1ebf20cb8f61da5b2008c2,top_left,"[22.0, 45.0, 110.0, 135.0]",jpg,3200,0,epsonscan2,esci2:usb:ES00FE:337,Epson Perfection V850,d3dbcf42e05429343a8e1a5966e3bcf0,epsonscan2:Epson Perfection V850::esci2:usb:ES00FE:337,/data,{},DROSO_05_SIM_19_F,crop_2026-01-13_16-04-10.top_left_CROPNUMBER_3_UUID_DROSO_05_SIM_19_F.png,"[1820, 6169, 2247, 6575]",0.9518175721168518,1.0,00_data/01_segmented/crops,00_data/01_segmented/crops/crop_2026-01-13_16-04-10.top_left_CROPNUMBER_3_UUID_DROSO_05_SIM_19_F.json,00_data/02_resized/crops/crop_2026-01-13_16-04-10.top_left_CROPNUMBER_3_UUID_DROSO_05_SIM_19_F.jpg,crops,,00_data/01_segmented/crops/crop_2026-01-13_16-04-10.top_left_CROPNUMBER_3_UUID_DROSO_05_SIM_19_F.png,0.5245901639344263,3.3893124999999995,,84062,5.2962343671875
2026-01-13T16:09:56.394761,/data/d3dbcf42e05429343a8e1a5966e3bcf0/Epson Perfection V850/2026-01-13/2026-01-13_16-09-56/top_right,2026-01-13_16-09-56.top_right.jpg,/data/d3dbcf42e05429343a8e1a5966e3bcf0/Epson Perfection V850/2026-01-13/2026-01-13_16-09-56/top_right/2026-01-13_16-09-56.top_right.jpg,2026-01-13_16-09-56.top_right.thumb.jpg,aee7ff74e98fd3cb0d78628f63d1119f,top_right,"[110.5, 45.0, 200.0, 135.0]",jpg,3200,0,epsonscan2,esci2:usb:ES00FE:337,Epson Perfection V850,d3dbcf42e05429343a8e1a5966e3bcf0,epsonscan2:Epson Perfection V850::esci2:usb:ES00FE:337,/data,{},DROSO_01_MEL_19_M,crop_2026-01-13_16-09-56.top_right_CROPNUMBER_63_UUID_DROSO_01_MEL_19_M.png,"[5320, 8676, 5606, 9148]",0.9190698862075806,1.0,00_data/01_segmented/crops,00_data/01_segmented/crops/crop_2026-01-13_16-09-56.top_right_CROPNUMBER_63_UUID_DROSO_01_MEL_19_M.json,00_data/02_resized/crops/crop_2026-01-13_16-09-56.top_right_CROPNUMBER_63_UUID_DROSO_01_MEL_19_M.jpg,crops,,00_data/01_segmented/crops/crop_2026-01-13_16-09-56.top_right_CROPNUMBER_63_UUID_DROSO_01_MEL_19_M.png,0.4745762711864407,3.7464999999999997,,70116,4.417581890625001
2026-01-13T16:09:56.394761,/data/d3dbcf42e05429343a8e1a5966e3bcf0/Epson Perfection V850/2026-01-13/2026-01-13_16-09-56/top_left,2026-01-13_16-09-56.top_left.jpg,/data/d3dbcf42e05429343a8e1a5966e3bcf0/Epson Perfection V850/2026-01-13/2026-01-13_16-09-56/top_left/2026-01-13_16-09-56.top_left.jpg,2026-01-13_16-09-56.top_left.thumb.jpg,788d0971822fc839506e3180de7f3b36,top_left,"[22.0, 45.0, 110.0, 135.0]",jpg,3200,0,epsonscan2,esci2:usb:ES00FE:337,Epson Perfection V850,d3dbcf42e05429343a8e1a5966e3bcf0,epsonscan2:Epson Perfection V850::esci2:usb:ES00FE:337,/data,{},DROSO_01_MEL_19_F,crop_2026-01-13_16-09-56.top_left_CROPNUMBER_3_UUID_DROSO_01_MEL_19_F.png,"[6979, 5141, 7417, 5692]",0.9500705599784852,0.6028218259357906,00_data/01_segmented/crops,00_data/01_segmented/crops/crop_2026-01-13_16-09-56.top_left_CROPNUMBER_3_UUID_DROSO_01_MEL_19_F.json,00_data/02_resized/crops/crop_2026-01-13_16-09-56.top_left_CROPNUMBER_3_UUID_DROSO_01_MEL_19_F.jpg,crops,,00_data/01_segmented/crops/crop_2026-01-13_16-09-56.top_left_CROPNUMBER_3_UUID_DROSO_01_MEL_19_F.png,0.40653357531760437,4.373562499999999,,130590,8.2276801171875
2026-01-13T15:40:38.651010,/data/d3dbcf42e05429343a8e1a5966e3bcf0/Epson Perfection V850/2026-01-13/2026-01-13_15-40-38/top_right,2026-01-13_15-40-38.top_right.jpg,/data/d3dbcf42e05429343a8e1a5966e3bcf0/Epson Perfection V850/2026-01-13/2026-01-13_15-40-38/top_right/2026-01-13_15-40-38.top_right.jpg,2026-01-13_15-40-38.top_right.thumb.jpg,b3a9f59be4eab6b9c284088e08fe2da7,top_right,"[110.5, 45.0, 200.0, 135.0]",jpg,3200,0,epsonscan2,esci2:usb:ES00FE:337,Epson Perfection V850,d3dbcf42e05429343a8e1a5966e3bcf0,epsonscan2:Epson Perfection V850::esci2:usb:ES00FE:337,/data,{},DROSO_01_SIM_19_M,crop_2026-01-13_15-40-38.top_right_CROPNUMBER_11_UUID_DROSO_01_SIM_19_M.png,"[5351, 5705, 5712, 6116]",0.935096561908722,1.0,00_data/01_segmented/crops,00_data/01_segmented/crops/crop_2026-01-13_15-40-38.top_right_CROPNUMBER_11_UUID_DROSO_01_SIM_19_M.json,00_data/02_resized/crops/crop_2026-01-13_15-40-38.top_right_CROPNUMBER_11_UUID_DROSO_01_SIM_19_M.jpg,crops,,00_data/01_segmented/crops/crop_2026-01-13_15-40-38.top_right_CROPNUMBER_11_UUID_DROSO_01_SIM_19_M.png,0.5450121654501217,3.2623125,,74151,4.67180265234375
2026-01-13T16:09:56.394761,/data/d3dbcf42e05429343a8e1a5966e3bcf0/Epson Perfection V850/2026-01-13/2026-01-13_16-09-56/top_left,2026-01-13_16-09-56.top_left.jpg,/data/d3dbcf42e05429343a8e1a5966e3bcf0/Epson Perfection V850/2026-01-13/2026-01-13_16-09-56/top_left/2026-01-13_16-09-56.top_left.jpg,2026-01-13_16-09-56.top_left.thumb.jpg,788d0971822fc839506e3180de7f3b36,top_left,"[22.0, 45.0, 110.0, 135.0]",jpg,3200,0,epsonscan2,esci2:usb:ES00FE:337,Epson Perfection V850,d3dbcf42e05429343a8e1a5966e3bcf0,epsonscan2:Epson Perfection V850::esci2:usb:ES00FE:337,/data,{},DROSO_01_MEL_19_F,crop_2026-01-13_16-09-56.top_left_CROPNUMBER_41_UUID_DROSO_01_MEL_19_F.png,"[7463, 7359, 7719, 7860]",0.9263094067573548,1.0,00_data/01_segmented/crops,00_data/01_segmented/crops/crop_2026-01-13_16-09-56.top_left_CROPNUMBER_41_UUID_DROSO_01_MEL_19_F.json,00_data/02_resized/crops/crop_2026-01-13_16-09-56.top_left_CROPNUMBER_41_UUID_DROSO_01_MEL_19_F.jpg,crops,,00_data/01_segmented/crops/crop_2026-01-13_16-09-56.top_left_CROPNUMBER_41_UUID_DROSO_01_MEL_19_F.png,0.4471057884231537,3.9766874999999997,,80970,5.1014262890625
2026-01-13T16:22:42.229986,/data/d3dbcf42e05429343a8e1a5966e3bcf0/Epson Perfection V850/2026-01-13/2026-01-13_16-22-42/top_left,2026-01-13_16-22-42.top_left.jpg,/data/d3dbcf42e05429343a8e1a5966e3bcf0/Epson Perfection V850/2026-01-13/2026-01-13_16-22-42/top_left/2026-01-13_16-22-42.top_left.jpg,2026-01-13_16-22-42.top_left.thumb.jpg,f331f82ac6dcbf4a1318ddee5307a618,top_left,"[22.0, 45.0, 110.0, 135.0]",jpg,3200,0,epsonscan2,esci2:usb:ES00FE:337,Epson Perfection V850,d3dbcf42e05429343a8e1a5966e3bcf0,epsonscan2:Epson Perfection V850::esci2:usb:ES00FE:337,/data,{},DROSO_03_MEL_19_F,crop_2026-01-13_16-22-42.top_left_CROPNUMBER_25_UUID_DROSO_03_MEL_19_F.png,"[6387, 6725, 6772, 7232]",0.9330447912216188,0.6028218259357906,00_data/01_segmented/crops,00_data/01_segmented/crops/crop_2026-01-13_16-22-42.top_left_CROPNUMBER_25_UUID_DROSO_03_MEL_19_F.json,00_data/02_resized/crops/crop_2026-01-13_16-22-42.top_left_CROPNUMBER_25_UUID_DROSO_03_MEL_19_F.jpg,crops,,00_data/01_segmented/crops/crop_2026-01-13_16-22-42.top_left_CROPNUMBER_25_UUID_DROSO_03_MEL_19_F.png,0.4418145956607495,4.0243125,,85053,5.35867123828125
2026-01-13T16:09:56.394761,/data/d3dbcf42e05429343a8e1a5966e3bcf0/Epson Perfection V850/2026-01-13/2026-01-13_16-09-56/top_left,2026-01-13_16-09-56.top_left.jpg,/data/d3dbcf42e05429343a8e1a5966e3bcf0/Epson Perfection V850/2026-01-13/2026-01-13_16-09-56/top_left/2026-01-13_16-09-56.top_left.jpg,2026-01-13_16-09-56.top_left.thumb.jpg,788d0971822fc839506e3180de7f3b36,top_left,"[22.0, 45.0, 110.0, 135.0]",jpg,3200,0,epsonscan2,esci2:usb:ES00FE:337,Epson Perfection V850,d3dbcf42e05429343a8e1a5966e3bcf0,epsonscan2:Epson Perfection V850::esci2:usb:ES00FE:337,/data,{},DROSO_01_MEL_19_F,crop_2026-01-13_16-09-56.top_left_CROPNUMBER_12_UUID_DROSO_01_MEL_19_F.png,"[2504, 6058, 3008, 6443]",0.9431276321411132,0.6028218259357906,00_data/01_segmented/crops,00_data/01_segmented/crops/crop_2026-01-13_16-09-56.top_left_CROPNUMBER_12_UUID_DROSO_01_MEL_19_F.json,00_data/02_resized/crops/crop_2026-01-13_16-09-56.top_left_CROPNUMBER_12_UUID_DROSO_01_MEL_19_F.jpg,crops,,00_data/01_segmented/crops/crop_2026-01-13_16-09-56.top_left_CROPNUMBER_12_UUID_DROSO_01_MEL_19_F.png,0.4444444444444444,4.0005,,98528,6.207648875
2026-01-13T16:09:56.394761,/data/d3dbcf42e05429343a8e1a5966e3bcf0/Epson Perfection V850/2026-01-13/2026-01-13_16-09-56/top_right,2026-01-13_16-09-56.top_right.jpg,/data/d3dbcf42e05429343a8e1a5966e3bcf0/Epson Perfection V850/2026-01-13/2026-01-13_16-09-56/top_right/2026-01-13_16-09-56.top_right.jpg,2026-01-13_16-09-56.top_right.thumb.jpg,aee7ff74e98fd3cb0d78628f63d1119f,top_right,"[110.5, 45.0, 200.0, 135.0]",jpg,3200,0,epsonscan2,esci2:usb:ES00FE:337,Epson Perfection V850,d3dbcf42e05429343a8e1a5966e3bcf0,epsonscan2:Epson Perfection V850::esci2:usb:ES00FE:337,/data,{},DROSO_01_MEL_19_M,crop_2026-01-13_16-09-56.top_right_CROPNUMBER_2_UUID_DROSO_01_MEL_19_M.png,"[8565, 4077, 8996, 4452]",0.9547690749168396,1.0,00_data/01_segmented/crops,00_data/01_segmented/crops/crop_2026-01-13_16-09-56.top_right_CROPNUMBER_2_UUID_DROSO_01_MEL_19_M.json,00_data/02_resized/crops/crop_2026-01-13_16-09-56.top_right_CROPNUMBER_2_UUID_DROSO_01_MEL_19_M.jpg,crops,,00_data/01_segmented/crops/crop_2026-01-13_16-09-56.top_right_CROPNUMBER_2_UUID_DROSO_01_MEL_19_M.png,0.5197215777262181,3.4210624999999997,,83435,5.25673091796875
2026-01-13T15:52:35.076944,/data/d3dbcf42e05429343a8e1a5966e3bcf0/Epson Perfection V850/2026-01-13/2026-01-13_15-52-35/top_right,2026-01-13_15-52-35.top_right.jpg,/data/d3dbcf42e05429343a8e1a5966e3bcf0/Epson Perfection V850/2026-01-13/2026-01-13_15-52-35/top_right/2026-01-13_15-52-35.top_right.jpg,2026-01-13_15-52-35.top_right.thumb.jpg,21ba2cf23da353b8d840e52696871b60,top_right,"[110.5, 45.0, 200.0, 135.0]",jpg,3200,0,epsonscan2,esci2:usb:ES00FE:337,Epson Perfection V850,d3dbcf42e05429343a8e1a5966e3bcf0,epsonscan2:Epson Perfection V850::esci2:usb:ES00FE:337,/data,{},DROSO_03_SIM_19_M,crop_2026-01-13_15-52-35.top_right_CROPNUMBER_12_UUID_DROSO_03_SIM_19_M.png,"[6244, 7360, 6682, 7667]",0.9337906241416932,0.6027106630904797,00_data/01_segmented/crops,00_data/01_segmented/crops/crop_2026-01-13_15-52-35.top_right_CROPNUMBER_12_UUID_DROSO_03_SIM_19_M.json,00_data/02_resized/crops/crop_2026-01-13_15-52-35.top_right_CROPNUMBER_12_UUID_DROSO_03_SIM_19_M.jpg,crops,,00_data/01_segmented/crops/crop_2026-01-13_15-52-35.top_right_CROPNUMBER_12_UUID_DROSO_03_SIM_19_M.png,0.5114155251141552,3.476625,,68170,4.2949762890625
2026-01-13T15:46:54.437940,/data/d3dbcf42e05429343a8e1a5966e3bcf0/Epson Perfection V850/2026-01-13/2026-01-13_15-46-54/top_left,2026-01-13_15-46-54.top_left.jpg,/data/d3dbcf42e05429343a8e1a5966e3bcf0/Epson Perfection V850/2026-01-13/2026-01-13_15-46-54/top_left/2026-01-13_15-46-54.top_left.jpg,2026-01-13_15-46-54.top_left.thumb.jpg,5483407fad8572e990edf163cad31d3d,top_left,"[22.0, 45.0, 110.0, 135.0]",jpg,3200,0,epsonscan2,esci2:usb:ES00FE:337,Epson Perfection V850,d3dbcf42e05429343a8e1a5966e3bcf0,epsonscan2:Epson Perfection V850::esci2:usb:ES00FE:337,/data,{},DROSO_02_SIM_19_F,crop_2026-01-13_15-46-54.top_left_CROPNUMBER_7_UUID_DROSO_02_SIM_19_F.png,"[4282, 7242, 4743, 7634]",0.9360366463661194,0.6028218259357906,00_data/01_segmented/crops,00_data/01_segmented/crops/crop_2026-01-13_15-46-54.top_left_CROPNUMBER_7_UUID_DROSO_02_SIM_19_F.json,00_data/02_resized/crops/crop_2026-01-13_15-46-54.top_left_CROPNUMBER_7_UUID_DROSO_02_SIM_19_F.jpg,crops,,00_data/01_segmented/crops/crop_2026-01-13_15-46-54.top_left_CROPNUMBER_7_UUID_DROSO_02_SIM_19_F.png,0.48590021691973967,3.6591875000000003,,85182,5.3667987421875
2026-01-13T15:58:15.447485,/data/d3dbcf42e05429343a8e1a5966e3bcf0/Epson Perfection V850/2026-01-13/2026-01-13_15-58-15/top_left,2026-01-13_15-58-15.top_left.jpg,/data/d3dbcf42e05429343a8e1a5966e3bcf0/Epson Perfection V850/2026-01-13/2026-01-13_15-58-15/top_left/2026-01-13_15-58-15.top_left.jpg,2026-01-13_15-58-15.top_left.thumb.jpg,06b4b76a8baf9e9d6a949609e6c4b9d4,top_left,"[22.0, 45.0, 110.0, 135.0]",jpg,3200,0,epsonscan2,esci2:usb:ES00FE:337,Epson Perfection V850,d3dbcf42e05429343a8e1a5966e3bcf0,epsonscan2:Epson Perfection V850::esci2:usb:ES00FE:337,/data,{},DROSO_04_SIM_19_F,crop_2026-01-13_15-58-15.top_left_CROPNUMBER_15_UUID_DROSO_04_SIM_19_F.png,"[4860, 7729, 5328, 8117]",0.9348592758178712,1.0,00_data/01_segmented/crops,00_data/01_segmented/crops/crop_2026-01-13_15-58-15.top_left_CROPNUMBER_15_UUID_DROSO_04_SIM_19_F.json,00_data/02_resized/crops/crop_2026-01-13_15-58-15.top_left_CROPNUMBER_15_UUID_DROSO_04_SIM_19_F.jpg,crops,,00_data/01_segmented/crops/crop_2026-01-13_15-58-15.top_left_CROPNUMBER_15_UUID_DROSO_04_SIM_19_F.png,0.47863247863247865,3.7147499999999996,,80516,5.072822515625
2026-01-13T15:52:35.076944,/data/d3dbcf42e05429343a8e1a5966e3bcf0/Epson Perfection V850/2026-01-13/2026-01-13_15-52-35/top_left,2026-01-13_15-52-35.top_left.jpg,/data/d3dbcf42e05429343a8e1a5966e3bcf0/Epson Perfection V850/2026-01-13/2026-01-13_15-52-35/top_left/2026-01-13_15-52-35.top_left.jpg,2026-01-13_15-52-35.top_left.thumb.jpg,c96bd3e091dcefbdce757afd0a69dc15,top_left,"[22.0, 45.0, 110.0, 135.0]",jpg,3200,0,epsonscan2,esci2:usb:ES00FE:337,Epson Perfection V850,d3dbcf42e05429343a8e1a5966e3bcf0,epsonscan2:Epson Perfection V850::esci2:usb:ES00FE:337,/data,{},DROSO_03_SIM_19_F,crop_2026-01-13_15-52-35.top_left_CROPNUMBER_3_UUID_DROSO_03_SIM_19_F.png,"[3148, 6848, 3589, 7286]",0.946402370929718,0.6028218259357906,00_data/01_segmented/crops,00_data/01_segmented/crops/crop_2026-01-13_15-52-35.top_left_CROPNUMBER_3_UUID_DROSO_03_SIM_19_F.json,00_data/02_resized/crops/crop_2026-01-13_15-52-35.top_left_CROPNUMBER_3_UUID_DROSO_03_SIM_19_F.jpg,crops,,00_data/01_segmented/crops/crop_2026-01-13_15-52-35.top_left_CROPNUMBER_3_UUID_DROSO_03_SIM_19_F.png,0.5079365079365079,3.5004375,,86530,5.4517280078125
2026-01-13T16:22:42.229986,/data/d3dbcf42e05429343a8e1a5966e3bcf0/Epson Perfection V850/2026-01-13/2026-01-13_16-22-42/top_left,2026-01-13_16-22-42.top_left.jpg,/data/d3dbcf42e05429343a8e1a5966e3bcf0/Epson Perfection V850/2026-01-13/2026-01-13_16-22-42/top_left/2026-01-13_16-22-42.top_left.jpg,2026-01-13_16-22-42.top_left.thumb.jpg,f331f82ac6dcbf4a1318ddee5307a618,top_left,"[22.0, 45.0, 110.0, 135.0]",jpg,3200,0,epsonscan2,esci2:usb:ES00FE:337,Epson Perfection V850,d3dbcf42e05429343a8e1a5966e3bcf0,epsonscan2:Epson Perfection V850::esci2:usb:ES00FE:337,/data,{},DROSO_03_MEL_19_F,crop_2026-01-13_16-22-42.top_left_CROPNUMBER_28_UUID_DROSO_03_MEL_19_F.png,"[4232, 6656, 4702, 7062]",0.9327424168586732,0.4017623182952236,00_data/01_segmented/crops,00_data/01_segmented/crops/crop_2026-01-13_16-22-42.top_left_CROPNUMBER_28_UUID_DROSO_03_MEL_19_F.json,00_data/02_resized/crops/crop_2026-01-13_16-22-42.top_left_CROPNUMBER_28_UUID_DROSO_03_MEL_19_F.jpg,crops,,00_data/01_segmented/crops/crop_2026-01-13_16-22-42.top_left_CROPNUMBER_28_UUID_DROSO_03_MEL_19_F.png,0.4765957446808511,3.730625,,95119,5.9928685585937504
2026-01-13T16:22:42.229986,/data/d3dbcf42e05429343a8e1a5966e3bcf0/Epson Perfection V850/2026-01-13/2026-01-13_16-22-42/top_left,2026-01-13_16-22-42.top_left.jpg,/data/d3dbcf42e05429343a8e1a5966e3bcf0/Epson Perfection V850/2026-01-13/2026-01-13_16-22-42/top_left/2026-01-13_16-22-42.top_left.jpg,2026-01-13_16-22-42.top_left.thumb.jpg,f331f82ac6dcbf4a1318ddee5307a618,top_left,"[22.0, 45.0, 110.0, 135.0]",jpg,3200,0,epsonscan2,esci2:usb:ES00FE:337,Epson Perfection V850,d3dbcf42e05429343a8e1a5966e3bcf0,epsonscan2:Epson Perfection V850::esci2:usb:ES00FE:337,/data,{},DROSO_03_MEL_19_F,crop_2026-01-13_16-22-42.top_left_CROPNUMBER_33_UUID_DROSO_03_MEL_19_F.png,"[2913, 7796, 3427, 8166]",0.9236406683921814,0.6028218259357906,00_data/01_segmented/crops,00_data/01_segmented/crops/crop_2026-01-13_16-22-42.top_left_CROPNUMBER_33_UUID_DROSO_03_MEL_19_F.json,00_data/02_resized/crops/crop_2026-01-13_16-22-42.top_left_CROPNUMBER_33_UUID_DROSO_03_MEL_19_F.jpg,crops,,00_data/01_segmented/crops/crop_2026-01-13_16-22-42.top_left_CROPNUMBER_33_UUID_DROSO_03_MEL_19_F.png,0.4357976653696498,4.0798749999999995,,92398,5.8214349296875
2026-01-13T15:40:38.651010,/data/d3dbcf42e05429343a8e1a5966e3bcf0/Epson Perfection V850/2026-01-13/2026-01-13_15-40-38/top_left,2026-01-13_15-40-38.top_left.jpg,/data/d3dbcf42e05429343a8e1a5966e3bcf0/Epson Perfection V850/2026-01-13/2026-01-13_15-40-38/top_left/2026-01-13_15-40-38.top_left.jpg,2026-01-13_15-40-38.top_left.thumb.jpg,16a144e86ca9c5e7bb9b16ddead6411f,top_left,"[22.0, 45.0, 110.0, 135.0]",jpg,3200,0,epsonscan2,esci2:usb:ES00FE:337,Epson Perfection V850,d3dbcf42e05429343a8e1a5966e3bcf0,epsonscan2:Epson Perfection V850::esci2:usb:ES00FE:337,/data,{},DROSO_01_SIM_19_F,crop_2026-01-13_15-40-38.top_left_CROPNUMBER_6_UUID_DROSO_01_SIM_19_F.png,"[3522, 8390, 3929, 8836]",0.9412152171134948,1.0,00_data/01_segmented/crops,00_data/01_segmented/crops/crop_2026-01-13_15-40-38.top_left_CROPNUMBER_6_UUID_DROSO_01_SIM_19_F.json,00_data/02_resized/crops/crop_2026-01-13_15-40-38.top_left_CROPNUMBER_6_UUID_DROSO_01_SIM_19_F.jpg,crops,,00_data/01_segmented/crops/crop_2026-01-13_15-40-38.top_left_CROPNUMBER_6_UUID_DROSO_01_SIM_19_F.png,0.5022421524663677,3.5401249999999997,,92801,5.84682550390625
2026-01-13T16:04:10.629205,/data/d3dbcf42e05429343a8e1a5966e3bcf0/Epson Perfection V850/2026-01-13/2026-01-13_16-04-10/top_right,2026-01-13_16-04-10.top_right.jpg,/data/d3dbcf42e05429343a8e1a5966e3bcf0/Epson Perfection V850/2026-01-13/2026-01-13_16-04-10/top_right/2026-01-13_16-04-10.top_right.jpg,2026-01-13_16-04-10.top_right.thumb.jpg,3126fa75aee2fe2913a08ebebfa0ed4f,top_right,"[110.5, 45.0, 200.0, 135.0]",jpg,3200,0,epsonscan2,esci2:usb:ES00FE:337,Epson Perfection V850,d3dbcf42e05429343a8e1a5966e3bcf0,epsonscan2:Epson Perfection V850::esci2:usb:ES00FE:337,/data,{},DROSO_05_SIM_19_M,crop_2026-01-13_16-04-10.top_right_CROPNUMBER_9_UUID_DROSO_05_SIM_19_M.png,"[4591, 8864, 4913, 9254]",0.9362179040908812,1.0,00_data/01_segmented/crops,00_data/01_segmented/crops/crop_2026-01-13_16-04-10.top_right_CROPNUMBER_9_UUID_DROSO_05_SIM_19_M.json,00_data/02_resized/crops/crop_2026-01-13_16-04-10.top_right_CROPNUMBER_9_UUID_DROSO_05_SIM_19_M.jpg,crops,,00_data/01_segmented/crops/crop_2026-01-13_16-04-10.top_right_CROPNUMBER_9_UUID_DROSO_05_SIM_19_M.png,0.5743589743589743,3.095625,,63491,4.00018101171875
2026-01-13T16:04:10.629205,/data/d3dbcf42e05429343a8e1a5966e3bcf0/Epson Perfection V850/2026-01-13/2026-01-13_16-04-10/top_left,2026-01-13_16-04-10.top_left.jpg,/data/d3dbcf42e05429343a8e1a5966e3bcf0/Epson Perfection V850/2026-01-13/2026-01-13_16-04-10/top_left/2026-01-13_16-04-10.top_left.jpg,2026-01-13_16-04-10.top_left.thumb.jpg,e5f859616a1ebf20cb8f61da5b2008c2,top_left,"[22.0, 45.0, 110.0, 135.0]",jpg,3200,0,epsonscan2,esci2:usb:ES00FE:337,Epson Perfection V850,d3dbcf42e05429343a8e1a5966e3bcf0,epsonscan2:Epson Perfection V850::esci2:usb:ES00FE:337,/data,{},DROSO_05_SIM_19_F,crop_2026-01-13_16-04-10.top_left_CROPNUMBER_6_UUID_DROSO_05_SIM_19_F.png,"[3487, 7530, 3823, 7996]",0.946438729763031,1.0,00_data/01_segmented/crops,00_data/01_segmented/crops/crop_2026-01-13_16-04-10.top_left_CROPNUMBER_6_UUID_DROSO_05_SIM_19_F.json,00_data/02_resized/crops/crop_2026-01-13_16-04-10.top_left_CROPNUMBER_6_UUID_DROSO_05_SIM_19_F.jpg,crops,,00_data/01_segmented/crops/crop_2026-01-13_16-04-10.top_left_CROPNUMBER_6_UUID_DROSO_05_SIM_19_F.png,0.48068669527896996,3.6988749999999997,,87053,5.48467905078125
2026-01-13T15:58:15.447485,/data/d3dbcf42e05429343a8e1a5966e3bcf0/Epson Perfection V850/2026-01-13/2026-01-13_15-58-15/top_right,2026-01-13_15-58-15.top_right.jpg,/data/d3dbcf42e05429343a8e1a5966e3bcf0/Epson Perfection V850/2026-01-13/2026-01-13_15-58-15/top_right/2026-01-13_15-58-15.top_right.jpg,2026-01-13_15-58-15.top_right.thumb.jpg,f4b3f70693284ad9b6a7bd19eb02b3d5,top_right,"[110.5, 45.0, 200.0, 135.0]",jpg,3200,0,epsonscan2,esci2:usb:ES00FE:337,Epson Perfection V850,d3dbcf42e05429343a8e1a5966e3bcf0,epsonscan2:Epson Perfection V850::esci2:usb:ES00FE:337,/data,{},DROSO_04_SIM_19_M,crop_2026-01-13_15-58-15.top_right_CROPNUMBER_7_UUID_DROSO_04_SIM_19_M.png,"[4325, 7377, 4672, 7826]",0.9469379782676696,1.0,00_data/01_segmented/crops,00_data/01_segmented/crops/crop_2026-01-13_15-58-15.top_right_CROPNUMBER_7_UUID_DROSO_04_SIM_19_M.json,00_data/02_resized/crops/crop_2026-01-13_15-58-15.top_right_CROPNUMBER_7_UUID_DROSO_04_SIM_19_M.jpg,crops,,00_data/01_segmented/crops/crop_2026-01-13_15-58-15.top_right_CROPNUMBER_7_UUID_DROSO_04_SIM_19_M.png,0.49888641425389757,3.5639374999999998,,79826,5.0293498203125
2026-01-13T16:17:02.422812,/data/d3dbcf42e05429343a8e1a5966e3bcf0/Epson Perfection V850/2026-01-13/2026-01-13_16-17-02/top_right,2026-01-13_16-17-02.top_right.jpg,/data/d3dbcf42e05429343a8e1a5966e3bcf0/Epson Perfection V850/2026-01-13/2026-01-13_16-17-02/top_right/2026-01-13_16-17-02.top_right.jpg,2026-01-13_16-17-02.top_right.thumb.jpg,dba0ed76fe036a6b6c2f125e044f31c3,top_right,"[110.5, 45.0, 200.0, 135.0]",jpg,3200,0,epsonscan2,esci2:usb:ES00FE:337,Epson Perfection V850,d3dbcf42e05429343a8e1a5966e3bcf0,epsonscan2:Epson Perfection V850::esci2:usb:ES00FE:337,/data,{},DROSO_02_MEL_19_M,crop_2026-01-13_16-17-02.top_right_CROPNUMBER_25_UUID_DROSO_02_MEL_19_M.png,"[4198, 6676, 4647, 7012]",0.9339433312416076,1.0,00_data/01_segmented/crops,00_data/01_segmented/crops/crop_2026-01-13_16-17-02.top_right_CROPNUMBER_25_UUID_DROSO_02_MEL_19_M.json,00_data/02_resized/crops/crop_2026-01-13_16-17-02.top_right_CROPNUMBER_25_UUID_DROSO_02_MEL_19_M.jpg,crops,,00_data/01_segmented/crops/crop_2026-01-13_16-17-02.top_right_CROPNUMBER_25_UUID_DROSO_02_MEL_19_M.png,0.49888641425389757,3.5639374999999998,,76194,4.800519632812501
2026-01-13T16:04:10.629205,/data/d3dbcf42e05429343a8e1a5966e3bcf0/Epson Perfection V850/2026-01-13/2026-01-13_16-04-10/top_left,2026-01-13_16-04-10.top_left.jpg,/data/d3dbcf42e05429343a8e1a5966e3bcf0/Epson Perfection V850/2026-01-13/2026-01-13_16-04-10/top_left/2026-01-13_16-04-10.top_left.jpg,2026-01-13_16-04-10.top_left.thumb.jpg,e5f859616a1ebf20cb8f61da5b2008c2,top_left,"[22.0, 45.0, 110.0, 135.0]",jpg,3200,0,epsonscan2,esci2:usb:ES00FE:337,Epson Perfection V850,d3dbcf42e05429343a8e1a5966e3bcf0,epsonscan2:Epson Perfection V850::esci2:usb:ES00FE:337,/data,{},DROSO_05_SIM_19_F,crop_2026-01-13_16-04-10.top_left_CROPNUMBER_14_UUID_DROSO_05_SIM_19_F.png,"[4205, 9285, 4611, 9670]",0.9347546696662904,1.0,00_data/01_segmented/crops,00_data/01_segmented/crops/crop_2026-01-13_16-04-10.top_left_CROPNUMBER_14_UUID_DROSO_05_SIM_19_F.json,00_data/02_resized/crops/crop_2026-01-13_16-04-10.top_left_CROPNUMBER_14_UUID_DROSO_05_SIM_19_F.jpg,crops,,00_data/01_segmented/crops/crop_2026-01-13_16-04-10.top_left_CROPNUMBER_14_UUID_DROSO_05_SIM_19_F.png,0.5517241379310345,3.2226249999999994,,72997,4.59909614453125
2026-01-13T15:58:15.447485,/data/d3dbcf42e05429343a8e1a5966e3bcf0/Epson Perfection V850/2026-01-13/2026-01-13_15-58-15/top_right,2026-01-13_15-58-15.top_right.jpg,/data/d3dbcf42e05429343a8e1a5966e3bcf0/Epson Perfection V850/2026-01-13/2026-01-13_15-58-15/top_right/2026-01-13_15-58-15.top_right.jpg,2026-01-13_15-58-15.top_right.thumb.jpg,f4b3f70693284ad9b6a7bd19eb02b3d5,top_right,"[110.5, 45.0, 200.0, 135.0]",jpg,3200,0,epsonscan2,esci2:usb:ES00FE:337,Epson Perfection V850,d3dbcf42e05429343a8e1a5966e3bcf0,epsonscan2:Epson Perfection V850::esci2:usb:ES00FE:337,/data,{},DROSO_04_SIM_19_M,crop_2026-01-13_15-58-15.top_right_CROPNUMBER_13_UUID_DROSO_04_SIM_19_M.png,"[4375, 8374, 4786, 8763]",0.941956102848053,1.0,00_data/01_segmented/crops,00_data/01_segmented/crops/crop_2026-01-13_15-58-15.top_right_CROPNUMBER_13_UUID_DROSO_04_SIM_19_M.json,00_data/02_resized/crops/crop_2026-01-13_15-58-15.top_right_CROPNUMBER_13_UUID_DROSO_04_SIM_19_M.jpg,crops,,00_data/01_segmented/crops/crop_2026-01-13_15-58-15.top_right_CROPNUMBER_13_UUID_DROSO_04_SIM_19_M.png,0.5450121654501217,3.2623125,,76979,4.84997769921875
2026-01-13T16:22:42.229986,/data/d3dbcf42e05429343a8e1a5966e3bcf0/Epson Perfection V850/2026-01-13/2026-01-13_16-22-42/top_left,2026-01-13_16-22-42.top_left.jpg,/data/d3dbcf42e05429343a8e1a5966e3bcf0/Epson Perfection V850/2026-01-13/2026-01-13_16-22-42/top_left/2026-01-13_16-22-42.top_left.jpg,2026-01-13_16-22-42.top_left.thumb.jpg,f331f82ac6dcbf4a1318ddee5307a618,top_left,"[22.0, 45.0, 110.0, 135.0]",jpg,3200,0,epsonscan2,esci2:usb:ES00FE:337,Epson Perfection V850,d3dbcf42e05429343a8e1a5966e3bcf0,epsonscan2:Epson Perfection V850::esci2:usb:ES00FE:337,/data,{},DROSO_03_MEL_19_F,crop_2026-01-13_16-22-42.top_left_CROPNUMBER_11_UUID_DROSO_03_MEL_19_F.png,"[8383, 6791, 8891, 7213]",0.9374960660934448,0.6028218259357906,00_data/01_segmented/crops,00_data/01_segmented/crops/crop_2026-01-13_16-22-42.top_left_CROPNUMBER_11_UUID_DROSO_03_MEL_19_F.json,00_data/02_resized/crops/crop_2026-01-13_16-22-42.top_left_CROPNUMBER_11_UUID_DROSO_03_MEL_19_F.jpg,crops,,00_data/01_segmented/crops/crop_2026-01-13_16-22-42.top_left_CROPNUMBER_11_UUID_DROSO_03_MEL_19_F.png,0.4409448818897638,4.0322499999999994,,94653,5.96350873828125
2026-01-13T16:09:56.394761,/data/d3dbcf42e05429343a8e1a5966e3bcf0/Epson Perfection V850/2026-01-13/2026-01-13_16-09-56/top_left,2026-01-13_16-09-56.top_left.jpg,/data/d3dbcf42e05429343a8e1a5966e3bcf0/Epson Perfection V850/2026-01-13/2026-01-13_16-09-56/top_left/2026-01-13_16-09-56.top_left.jpg,2026-01-13_16-09-56.top_left.thumb.jpg,788d0971822fc839506e3180de7f3b36,top_left,"[22.0, 45.0, 110.0, 135.0]",jpg,3200,0,epsonscan2,esci2:usb:ES00FE:337,Epson Perfection V850,d3dbcf42e05429343a8e1a5966e3bcf0,epsonscan2:Epson Perfection V850::esci2:usb:ES00FE:337,/data,{},DROSO_01_MEL_19_F,crop_2026-01-13_16-09-56.top_left_CROPNUMBER_43_UUID_DROSO_01_MEL_19_F.png,"[2942, 7374, 3482, 7664]",0.9259465336799622,0.6028218259357906,00_data/01_segmented/crops,00_data/01_segmented/crops/crop_2026-01-13_16-09-56.top_left_CROPNUMBER_43_UUID_DROSO_01_MEL_19_F.json,00_data/02_resized/crops/crop_2026-01-13_16-09-56.top_left_CROPNUMBER_43_UUID_DROSO_01_MEL_19_F.jpg,crops,,00_data/01_segmented/crops/crop_2026-01-13_16-09-56.top_left_CROPNUMBER_43_UUID_DROSO_01_MEL_19_F.png,0.4148148148148148,4.28625,,91109,5.74022289453125
2026-01-13T16:09:56.394761,/data/d3dbcf42e05429343a8e1a5966e3bcf0/Epson Perfection V850/2026-01-13/2026-01-13_16-09-56/top_right,2026-01-13_16-09-56.top_right.jpg,/data/d3dbcf42e05429343a8e1a5966e3bcf0/Epson Perfection V850/2026-01-13/2026-01-13_16-09-56/top_right/2026-01-13_16-09-56.top_right.jpg,2026-01-13_16-09-56.top_right.thumb.jpg,aee7ff74e98fd3cb0d78628f63d1119f,top_right,"[110.5, 45.0, 200.0, 135.0]",jpg,3200,0,epsonscan2,esci2:usb:ES00FE:337,Epson Perfection V850,d3dbcf42e05429343a8e1a5966e3bcf0,epsonscan2:Epson Perfection V850::esci2:usb:ES00FE:337,/data,{},DROSO_01_MEL_19_M,crop_2026-01-13_16-09-56.top_right_CROPNUMBER_35_UUID_DROSO_01_MEL_19_M.png,"[3985, 5757, 4420, 6334]",0.9367117881774902,0.6027106630904797,00_data/01_segmented/crops,00_data/01_segmented/crops/crop_2026-01-13_16-09-56.top_right_CROPNUMBER_35_UUID_DROSO_01_MEL_19_M.json,00_data/02_resized/crops/crop_2026-01-13_16-09-56.top_right_CROPNUMBER_35_UUID_DROSO_01_MEL_19_M.jpg,crops,,00_data/01_segmented/crops/crop_2026-01-13_16-09-56.top_right_CROPNUMBER_35_UUID_DROSO_01_MEL_19_M.png,0.3882149046793761,4.5799375,,89822,5.659136867187501
2026-01-13T16:04:10.629205,/data/d3dbcf42e05429343a8e1a5966e3bcf0/Epson Perfection V850/2026-01-13/2026-01-13_16-04-10/top_right,2026-01-13_16-04-10.top_right.jpg,/data/d3dbcf42e05429343a8e1a5966e3bcf0/Epson Perfection V850/2026-01-13/2026-01-13_16-04-10/top_right/2026-01-13_16-04-10.top_right.jpg,2026-01-13_16-04-10.top_right.thumb.jpg,3126fa75aee2fe2913a08ebebfa0ed4f,top_right,"[110.5, 45.0, 200.0, 135.0]",jpg,3200,0,epsonscan2,esci2:usb:ES00FE:337,Epson Perfection V850,d3dbcf42e05429343a8e1a5966e3bcf0,epsonscan2:Epson Perfection V850::esci2:usb:ES00FE:337,/data,{},DROSO_05_SIM_19_M,crop_2026-01-13_16-04-10.top_right_CROPNUMBER_18_UUID_DROSO_05_SIM_19_M.png,"[7586, 7771, 8017, 8108]",0.9234402775764464,0.6027106630904797,00_data/01_segmented/crops,00_data/01_segmented/crops/crop_2026-01-13_16-04-10.top_right_CROPNUMBER_18_UUID_DROSO_05_SIM_19_M.json,00_data/02_resized/crops/crop_2026-01-13_16-04-10.top_right_CROPNUMBER_18_UUID_DROSO_05_SIM_19_M.jpg,crops,,00_data/01_segmented/crops/crop_2026-01-13_16-04-10.top_right_CROPNUMBER_18_UUID_DROSO_05_SIM_19_M.png,0.5197215777262181,3.4210624999999997,,73329,4.62001344140625
2026-01-13T16:17:02.422812,/data/d3dbcf42e05429343a8e1a5966e3bcf0/Epson Perfection V850/2026-01-13/2026-01-13_16-17-02/top_right,2026-01-13_16-17-02.top_right.jpg,/data/d3dbcf42e05429343a8e1a5966e3bcf0/Epson Perfection V850/2026-01-13/2026-01-13_16-17-02/top_right/2026-01-13_16-17-02.top_right.jpg,2026-01-13_16-17-02.top_right.thumb.jpg,dba0ed76fe036a6b6c2f125e044f31c3,top_right,"[110.5, 45.0, 200.0, 135.0]",jpg,3200,0,epsonscan2,esci2:usb:ES00FE:337,Epson Perfection V850,d3dbcf42e05429343a8e1a5966e3bcf0,epsonscan2:Epson Perfection V850::esci2:usb:ES00FE:337,/data,{},DROSO_02_MEL_19_M,crop_2026-01-13_16-17-02.top_right_CROPNUMBER_9_UUID_DROSO_02_MEL_19_M.png,"[4480, 8964, 4941, 9423]",0.9435104727745056,0.6027106630904797,00_data/01_segmented/crops,00_data/01_segmented/crops/crop_2026-01-13_16-17-02.top_right_CROPNUMBER_9_UUID_DROSO_02_MEL_19_M.json,00_data/02_resized/crops/crop_2026-01-13_16-17-02.top_right_CROPNUMBER_9_UUID_DROSO_02_MEL_19_M.jpg,crops,,00_data/01_segmented/crops/crop_2026-01-13_16-17-02.top_right_CROPNUMBER_9_UUID_DROSO_02_MEL_19_M.png,0.48590021691973967,3.6591875000000003,,90213,5.6837713945312505
2026-01-13T15:46:54.437940,/data/d3dbcf42e05429343a8e1a5966e3bcf0/Epson Perfection V850/2026-01-13/2026-01-13_15-46-54/top_left,2026-01-13_15-46-54.top_left.jpg,/data/d3dbcf42e05429343a8e1a5966e3bcf0/Epson Perfection V850/2026-01-13/2026-01-13_15-46-54/top_left/2026-01-13_15-46-54.top_left.jpg,2026-01-13_15-46-54.top_left.thumb.jpg,5483407fad8572e990edf163cad31d3d,top_left,"[22.0, 45.0, 110.0, 135.0]",jpg,3200,0,epsonscan2,esci2:usb:ES00FE:337,Epson Perfection V850,d3dbcf42e05429343a8e1a5966e3bcf0,epsonscan2:Epson Perfection V850::esci2:usb:ES00FE:337,/data,{},DROSO_02_SIM_19_F,crop_2026-01-13_15-46-54.top_left_CROPNUMBER_1_UUID_DROSO_02_SIM_19_F.png,"[6064, 6831, 6474, 7307]",0.9402002096176147,0.6028218259357906,00_data/01_segmented/crops,00_data/01_segmented/crops/crop_2026-01-13_15-46-54.top_left_CROPNUMBER_1_UUID_DROSO_02_SIM_19_F.json,00_data/02_resized/crops/crop_2026-01-13_15-46-54.top_left_CROPNUMBER_1_UUID_DROSO_02_SIM_19_F.jpg,crops,,00_data/01_segmented/crops/crop_2026-01-13_15-46-54.top_left_CROPNUMBER_1_UUID_DROSO_02_SIM_19_F.png,0.47058823529411764,3.7782499999999994,,88387,5.5687262617187505
2026-01-13T15:46:54.437940,/data/d3dbcf42e05429343a8e1a5966e3bcf0/Epson Perfection V850/2026-01-13/2026-01-13_15-46-54/top_left,2026-01-13_15-46-54.top_left.jpg,/data/d3dbcf42e05429343a8e1a5966e3bcf0/Epson Perfection V850/2026-01-13/2026-01-13_15-46-54/top_left/2026-01-13_15-46-54.top_left.jpg,2026-01-13_15-46-54.top_left.thumb.jpg,5483407fad8572e990edf163cad31d3d,top_left,"[22.0, 45.0, 110.0, 135.0]",jpg,3200,0,epsonscan2,esci2:usb:ES00FE:337,Epson Perfection V850,d3dbcf42e05429343a8e1a5966e3bcf0,epsonscan2:Epson Perfection V850::esci2:usb:ES00FE:337,/data,{},DROSO_02_SIM_19_F,crop_2026-01-13_15-46-54.top_left_CROPNUMBER_11_UUID_DROSO_02_SIM_19_F.png,"[2849, 5223, 3294, 5673]",0.930306077003479,0.6028218259357906,00_data/01_segmented/crops,00_data/01_segmented/crops/crop_2026-01-13_15-46-54.top_left_CROPNUMBER_11_UUID_DROSO_02_SIM_19_F.json,00_data/02_resized/crops/crop_2026-01-13_15-46-54.top_left_CROPNUMBER_11_UUID_DROSO_02_SIM_19_F.jpg,crops,,00_data/01_segmented/crops/crop_2026-01-13_15-46-54.top_left_CROPNUMBER_11_UUID_DROSO_02_SIM_19_F.png,0.49777777777777776,3.571875,,96361,6.071119410156251
2026-01-13T16:17:02.422812,/data/d3dbcf42e05429343a8e1a5966e3bcf0/Epson Perfection V850/2026-01-13/2026-01-13_16-17-02/top_left,2026-01-13_16-17-02.top_left.jpg,/data/d3dbcf42e05429343a8e1a5966e3bcf0/Epson Perfection V850/2026-01-13/2026-01-13_16-17-02/top_left/2026-01-13_16-17-02.top_left.jpg,2026-01-13_16-17-02.top_left.thumb.jpg,73a37d7ec44337a23e2a64e1230cb14f,top_left,"[22.0, 45.0, 110.0, 135.0]",jpg,3200,0,epsonscan2,esci2:usb:ES00FE:337,Epson Perfection V850,d3dbcf42e05429343a8e1a5966e3bcf0,epsonscan2:Epson Perfection V850::esci2:usb:ES00FE:337,/data,{},DROSO_02_MEL_19_F,crop_2026-01-13_16-17-02.top_left_CROPNUMBER_19_UUID_DROSO_02_MEL_19_F.png,"[7721, 6226, 8103, 6647]",0.9366158843040466,1.0,00_data/01_segmented/crops,00_data/01_segmented/crops/crop_2026-01-13_16-17-02.top_left_CROPNUMBER_19_UUID_DROSO_02_MEL_19_F.json,00_data/02_resized/crops/crop_2026-01-13_16-17-02.top_left_CROPNUMBER_19_UUID_DROSO_02_MEL_19_F.jpg,crops,,00_data/01_segmented/crops/crop_2026-01-13_16-17-02.top_left_CROPNUMBER_19_UUID_DROSO_02_MEL_19_F.png,0.5320665083135392,3.3416875,,78469,4.943853519531251
2026-01-13T16:22:42.229986,/data/d3dbcf42e05429343a8e1a5966e3bcf0/Epson Perfection V850/2026-01-13/2026-01-13_16-22-42/top_right,2026-01-13_16-22-42.top_right.jpg,/data/d3dbcf42e05429343a8e1a5966e3bcf0/Epson Perfection V850/2026-01-13/2026-01-13_16-22-42/top_right/2026-01-13_16-22-42.top_right.jpg,2026-01-13_16-22-42.top_right.thumb.jpg,a62b428f433471233371d44992128bb0,top_right,"[110.5, 45.0, 200.0, 135.0]",jpg,3200,0,epsonscan2,esci2:usb:ES00FE:337,Epson Perfection V850,d3dbcf42e05429343a8e1a5966e3bcf0,epsonscan2:Epson Perfection V850::esci2:usb:ES00FE:337,/data,{},DROSO_03_MEL_19_M,crop_2026-01-13_16-22-42.top_right_CROPNUMBER_15_UUID_DROSO_03_MEL_19_M.png,"[6498, 6344, 6810, 6709]",0.9352133870124816,1.0,00_data/01_segmented/crops,00_data/01_segmented/crops/crop_2026-01-13_16-22-42.top_right_CROPNUMBER_15_UUID_DROSO_03_MEL_19_M.json,00_data/02_resized/crops/crop_2026-01-13_16-22-42.top_right_CROPNUMBER_15_UUID_DROSO_03_MEL_19_M.jpg,crops,,00_data/01_segmented/crops/crop_2026-01-13_16-22-42.top_right_CROPNUMBER_15_UUID_DROSO_03_MEL_19_M.png,0.6136986301369863,2.8971875,,66554,4.1931619765625
2026-01-13T16:22:42.229986,/data/d3dbcf42e05429343a8e1a5966e3bcf0/Epson Perfection V850/2026-01-13/2026-01-13_16-22-42/top_left,2026-01-13_16-22-42.top_left.jpg,/data/d3dbcf42e05429343a8e1a5966e3bcf0/Epson Perfection V850/2026-01-13/2026-01-13_16-22-42/top_left/2026-01-13_16-22-42.top_left.jpg,2026-01-13_16-22-42.top_left.thumb.jpg,f331f82ac6dcbf4a1318ddee5307a618,top_left,"[22.0, 45.0, 110.0, 135.0]",jpg,3200,0,epsonscan2,esci2:usb:ES00FE:337,Epson Perfection V850,d3dbcf42e05429343a8e1a5966e3bcf0,epsonscan2:Epson Perfection V850::esci2:usb:ES00FE:337,/data,{},DROSO_03_MEL_19_F,crop_2026-01-13_16-22-42.top_left_CROPNUMBER_5_UUID_DROSO_03_MEL_19_F.png,"[3276, 5636, 3623, 6121]",0.9400472044944764,1.0,00_data/01_segmented/crops,00_data/01_segmented/crops/crop_2026-01-13_16-22-42.top_left_CROPNUMBER_5_UUID_DROSO_03_MEL_19_F.json,00_data/02_resized/crops/crop_2026-01-13_16-22-42.top_left_CROPNUMBER_5_UUID_DROSO_03_MEL_19_F.jpg,crops,,00_data/01_segmented/crops/crop_2026-01-13_16-22-42.top_left_CROPNUMBER_5_UUID_DROSO_03_MEL_19_F.png,0.4618556701030928,3.8496874999999995,,93732,5.905482140625001
2026-01-13T15:58:15.447485,/data/d3dbcf42e05429343a8e1a5966e3bcf0/Epson Perfection V850/2026-01-13/2026-01-13_15-58-15/top_right,2026-01-13_15-58-15.top_right.jpg,/data/d3dbcf42e05429343a8e1a5966e3bcf0/Epson Perfection V850/2026-01-13/2026-01-13_15-58-15/top_right/2026-01-13_15-58-15.top_right.jpg,2026-01-13_15-58-15.top_right.thumb.jpg,f4b3f70693284ad9b6a7bd19eb02b3d5,top_right,"[110.5, 45.0, 200.0, 135.0]",jpg,3200,0,epsonscan2,esci2:usb:ES00FE:337,Epson Perfection V850,d3dbcf42e05429343a8e1a5966e3bcf0,epsonscan2:Epson Perfection V850::esci2:usb:ES00FE:337,/data,{},DROSO_04_SIM_19_M,crop_2026-01-13_15-58-15.top_right_CROPNUMBER_2_UUID_DROSO_04_SIM_19_M.png,"[8159, 7499, 8594, 7887]",0.9507133960723876,1.0,00_data/01_segmented/crops,00_data/01_segmented/crops/crop_2026-01-13_15-58-15.top_right_CROPNUMBER_2_UUID_DROSO_04_SIM_19_M.json,00_data/02_resized/crops/crop_2026-01-13_15-58-15.top_right_CROPNUMBER_2_UUID_DROSO_04_SIM_19_M.jpg,crops,,00_data/01_segmented/crops/crop_2026-01-13_15-58-15.top_right_CROPNUMBER_2_UUID_DROSO_04_SIM_19_M.png,0.5149425287356322,3.4528124999999994,,86820,5.469999140625
2026-01-13T15:58:15.447485,/data/d3dbcf42e05429343a8e1a5966e3bcf0/Epson Perfection V850/2026-01-13/2026-01-13_15-58-15/top_left,2026-01-13_15-58-15.top_left.jpg,/data/d3dbcf42e05429343a8e1a5966e3bcf0/Epson Perfection V850/2026-01-13/2026-01-13_15-58-15/top_left/2026-01-13_15-58-15.top_left.jpg,2026-01-13_15-58-15.top_left.thumb.jpg,06b4b76a8baf9e9d6a949609e6c4b9d4,top_left,"[22.0, 45.0, 110.0, 135.0]",jpg,3200,0,epsonscan2,esci2:usb:ES00FE:337,Epson Perfection V850,d3dbcf42e05429343a8e1a5966e3bcf0,epsonscan2:Epson Perfection V850::esci2:usb:ES00FE:337,/data,{},DROSO_04_SIM_19_F,crop_2026-01-13_15-58-15.top_left_CROPNUMBER_22_UUID_DROSO_04_SIM_19_F.png,"[3408, 8425, 3883, 8669]",0.9282814860343932,0.6028218259357906,00_data/01_segmented/crops,00_data/01_segmented/crops/crop_2026-01-13_15-58-15.top_left_CROPNUMBER_22_UUID_DROSO_04_SIM_19_F.json,00_data/02_resized/crops/crop_2026-01-13_15-58-15.top_left_CROPNUMBER_22_UUID_DROSO_04_SIM_19_F.jpg,crops,,00_data/01_segmented/crops/crop_2026-01-13_15-58-15.top_left_CROPNUMBER_22_UUID_DROSO_04_SIM_19_F.png,0.47157894736842104,3.7703124999999997,,69346,4.3690688828125
2026-01-13T15:58:15.447485,/data/d3dbcf42e05429343a8e1a5966e3bcf0/Epson Perfection V850/2026-01-13/2026-01-13_15-58-15/top_right,2026-01-13_15-58-15.top_right.jpg,/data/d3dbcf42e05429343a8e1a5966e3bcf0/Epson Perfection V850/2026-01-13/2026-01-13_15-58-15/top_right/2026-01-13_15-58-15.top_right.jpg,2026-01-13_15-58-15.top_right.thumb.jpg,f4b3f70693284ad9b6a7bd19eb02b3d5,top_right,"[110.5, 45.0, 200.0, 135.0]",jpg,3200,0,epsonscan2,esci2:usb:ES00FE:337,Epson Perfection V850,d3dbcf42e05429343a8e1a5966e3bcf0,epsonscan2:Epson Perfection V850::esci2:usb:ES00FE:337,/data,{},DROSO_04_SIM_19_M,crop_2026-01-13_15-58-15.top_right_CROPNUMBER_20_UUID_DROSO_04_SIM_19_M.png,"[3216, 8055, 3494, 8548]",0.916113555431366,0.6027106630904797,00_data/01_segmented/crops,00_data/01_segmented/crops/crop_2026-01-13_15-58-15.top_right_CROPNUMBER_20_UUID_DROSO_04_SIM_19_M.json,00_data/02_resized/crops/crop_2026-01-13_15-58-15.top_right_CROPNUMBER_20_UUID_DROSO_04_SIM_19_M.jpg,crops,,00_data/01_segmented/crops/crop_2026-01-13_15-58-15.top_right_CROPNUMBER_20_UUID_DROSO_04_SIM_19_M.png,0.4543610547667343,3.9131874999999994,,74136,4.67085759375
2026-01-13T15:52:35.076944,/data/d3dbcf42e05429343a8e1a5966e3bcf0/Epson Perfection V850/2026-01-13/2026-01-13_15-52-35/top_right,2026-01-13_15-52-35.top_right.jpg,/data/d3dbcf42e05429343a8e1a5966e3bcf0/Epson Perfection V850/2026-01-13/2026-01-13_15-52-35/top_right/2026-01-13_15-52-35.top_right.jpg,2026-01-13_15-52-35.top_right.thumb.jpg,21ba2cf23da353b8d840e52696871b60,top_right,"[110.5, 45.0, 200.0, 135.0]",jpg,3200,0,epsonscan2,esci2:usb:ES00FE:337,Epson Perfection V850,d3dbcf42e05429343a8e1a5966e3bcf0,epsonscan2:Epson Perfection V850::esci2:usb:ES00FE:337,/data,{},DROSO_03_SIM_19_M,crop_2026-01-13_15-52-35.top_right_CROPNUMBER_2_UUID_DROSO_03_SIM_19_M.png,"[5581, 7752, 5911, 8132]",0.9458406567573548,0.6027106630904797,00_data/01_segmented/crops,00_data/01_segmented/crops/crop_2026-01-13_15-52-35.top_right_CROPNUMBER_2_UUID_DROSO_03_SIM_19_M.json,00_data/02_resized/crops/crop_2026-01-13_15-52-35.top_right_CROPNUMBER_2_UUID_DROSO_03_SIM_19_M.jpg,crops,,00_data/01_segmented/crops/crop_2026-01-13_15-52-35.top_right_CROPNUMBER_2_UUID_DROSO_03_SIM_19_M.png,0.5894736842105263,3.0162500000000003,,69381,4.37127401953125
2026-01-13T15:52:35.076944,/data/d3dbcf42e05429343a8e1a5966e3bcf0/Epson Perfection V850/2026-01-13/2026-01-13_15-52-35/top_right,2026-01-13_15-52-35.top_right.jpg,/data/d3dbcf42e05429343a8e1a5966e3bcf0/Epson Perfection V850/2026-01-13/2026-01-13_15-52-35/top_right/2026-01-13_15-52-35.top_right.jpg,2026-01-13_15-52-35.top_right.thumb.jpg,21ba2cf23da353b8d840e52696871b60,top_right,"[110.5, 45.0, 200.0, 135.0]",jpg,3200,0,epsonscan2,esci2:usb:ES00FE:337,Epson Perfection V850,d3dbcf42e05429343a8e1a5966e3bcf0,epsonscan2:Epson Perfection V850::esci2:usb:ES00FE:337,/data,{},DROSO_03_SIM_19_M,crop_2026-01-13_15-52-35.top_right_CROPNUMBER_20_UUID_DROSO_03_SIM_19_M.png,"[6170, 8207, 6772, 8578]",0.928954005241394,0.6027106630904797,00_data/01_segmented/crops,00_data/01_segmented/crops/crop_2026-01-13_15-52-35.top_right_CROPNUMBER_20_UUID_DROSO_03_SIM_19_M.json,00_data/02_resized/crops/crop_2026-01-13_15-52-35.top_right_CROPNUMBER_20_UUID_DROSO_03_SIM_19_M.jpg,crops,,00_data/01_segmented/crops/crop_2026-01-13_15-52-35.top_right_CROPNUMBER_20_UUID_DROSO_03_SIM_19_M.png,0.37209302325581395,4.778375,,98511,6.20657780859375
2026-01-13T16:22:42.229986,/data/d3dbcf42e05429343a8e1a5966e3bcf0/Epson Perfection V850/2026-01-13/2026-01-13_16-22-42/top_right,2026-01-13_16-22-42.top_right.jpg,/data/d3dbcf42e05429343a8e1a5966e3bcf0/Epson Perfection V850/2026-01-13/2026-01-13_16-22-42/top_right/2026-01-13_16-22-42.top_right.jpg,2026-01-13_16-22-42.top_right.thumb.jpg,a62b428f433471233371d44992128bb0,top_right,"[110.5, 45.0, 200.0, 135.0]",jpg,3200,0,epsonscan2,esci2:usb:ES00FE:337,Epson Perfection V850,d3dbcf42e05429343a8e1a5966e3bcf0,epsonscan2:Epson Perfection V850::esci2:usb:ES00FE:337,/data,{},DROSO_03_MEL_19_M,crop_2026-01-13_16-22-42.top_right_CROPNUMBER_32_UUID_DROSO_03_MEL_19_M.png,"[3355, 5907, 3843, 6163]",0.9250055551528932,1.0,00_data/01_segmented/crops,00_data/01_segmented/crops/crop_2026-01-13_16-22-42.top_right_CROPNUMBER_32_UUID_DROSO_03_MEL_19_M.json,00_data/02_resized/crops/crop_2026-01-13_16-22-42.top_right_CROPNUMBER_32_UUID_DROSO_03_MEL_19_M.jpg,crops,,00_data/01_segmented/crops/crop_2026-01-13_16-22-42.top_right_CROPNUMBER_32_UUID_DROSO_03_MEL_19_M.png,0.45901639344262296,3.8734999999999995,,77730,4.8972936328125005
2026-01-13T16:09:56.394761,/data/d3dbcf42e05429343a8e1a5966e3bcf0/Epson Perfection V850/2026-01-13/2026-01-13_16-09-56/top_left,2026-01-13_16-09-56.top_left.jpg,/data/d3dbcf42e05429343a8e1a5966e3bcf0/Epson Perfection V850/2026-01-13/2026-01-13_16-09-56/top_left/2026-01-13_16-09-56.top_left.jpg,2026-01-13_16-09-56.top_left.thumb.jpg,788d0971822fc839506e3180de7f3b36,top_left,"[22.0, 45.0, 110.0, 135.0]",jpg,3200,0,epsonscan2,esci2:usb:ES00FE:337,Epson Perfection V850,d3dbcf42e05429343a8e1a5966e3bcf0,epsonscan2:Epson Perfection V850::esci2:usb:ES00FE:337,/data,{},DROSO_01_MEL_19_F,crop_2026-01-13_16-09-56.top_left_CROPNUMBER_21_UUID_DROSO_01_MEL_19_F.png,"[4483, 8620, 4924, 9152]",0.93888121843338,0.6028218259357906,00_data/01_segmented/crops,00_data/01_segmented/crops/crop_2026-01-13_16-09-56.top_left_CROPNUMBER_21_UUID_DROSO_01_MEL_19_F.json,00_data/02_resized/crops/crop_2026-01-13_16-09-56.top_left_CROPNUMBER_21_UUID_DROSO_01_MEL_19_F.jpg,crops,,00_data/01_segmented/crops/crop_2026-01-13_16-09-56.top_left_CROPNUMBER_21_UUID_DROSO_01_MEL_19_F.png,0.42105263157894735,4.22275,,110852,6.984109015625
2026-01-13T16:17:02.422812,/data/d3dbcf42e05429343a8e1a5966e3bcf0/Epson Perfection V850/2026-01-13/2026-01-13_16-17-02/top_left,2026-01-13_16-17-02.top_left.jpg,/data/d3dbcf42e05429343a8e1a5966e3bcf0/Epson Perfection V850/2026-01-13/2026-01-13_16-17-02/top_left/2026-01-13_16-17-02.top_left.jpg,2026-01-13_16-17-02.top_left.thumb.jpg,73a37d7ec44337a23e2a64e1230cb14f,top_left,"[22.0, 45.0, 110.0, 135.0]",jpg,3200,0,epsonscan2,esci2:usb:ES00FE:337,Epson Perfection V850,d3dbcf42e05429343a8e1a5966e3bcf0,epsonscan2:Epson Perfection V850::esci2:usb:ES00FE:337,/data,{},DROSO_02_MEL_19_F,crop_2026-01-13_16-17-02.top_left_CROPNUMBER_1_UUID_DROSO_02_MEL_19_F.png,"[4673, 7324, 5121, 7679]",0.951361358165741,1.0,00_data/01_segmented/crops,00_data/01_segmented/crops/crop_2026-01-13_16-17-02.top_left_CROPNUMBER_1_UUID_DROSO_02_MEL_19_F.json,00_data/02_resized/crops/crop_2026-01-13_16-17-02.top_left_CROPNUMBER_1_UUID_DROSO_02_MEL_19_F.jpg,crops,,00_data/01_segmented/crops/crop_2026-01-13_16-17-02.top_left_CROPNUMBER_1_UUID_DROSO_02_MEL_19_F.png,0.5,3.556,,80169,5.05096016015625
2026-01-13T15:58:15.447485,/data/d3dbcf42e05429343a8e1a5966e3bcf0/Epson Perfection V850/2026-01-13/2026-01-13_15-58-15/top_left,2026-01-13_15-58-15.top_left.jpg,/data/d3dbcf42e05429343a8e1a5966e3bcf0/Epson Perfection V850/2026-01-13/2026-01-13_15-58-15/top_left/2026-01-13_15-58-15.top_left.jpg,2026-01-13_15-58-15.top_left.thumb.jpg,06b4b76a8baf9e9d6a949609e6c4b9d4,top_left,"[22.0, 45.0, 110.0, 135.0]",jpg,3200,0,epsonscan2,esci2:usb:ES00FE:337,Epson Perfection V850,d3dbcf42e05429343a8e1a5966e3bcf0,epsonscan2:Epson Perfection V850::esci2:usb:ES00FE:337,/data,{},DROSO_04_SIM_19_F,crop_2026-01-13_15-58-15.top_left_CROPNUMBER_13_UUID_DROSO_04_SIM_19_F.png,"[4606, 9750, 5018, 10219]",0.9354240894317628,0.6028218259357906,00_data/01_segmented/crops,00_data/01_segmented/crops/crop_2026-01-13_15-58-15.top_left_CROPNUMBER_13_UUID_DROSO_04_SIM_19_F.json,00_data/02_resized/crops/crop_2026-01-13_15-58-15.top_left_CROPNUMBER_13_UUID_DROSO_04_SIM_19_F.jpg,crops,,00_data/01_segmented/crops/crop_2026-01-13_15-58-15.top_left_CROPNUMBER_13_UUID_DROSO_04_SIM_19_F.png,0.47761194029850745,3.7226875,,96574,6.084539242187501
2026-01-13T16:04:10.629205,/data/d3dbcf42e05429343a8e1a5966e3bcf0/Epson Perfection V850/2026-01-13/2026-01-13_16-04-10/top_left,2026-01-13_16-04-10.top_left.jpg,/data/d3dbcf42e05429343a8e1a5966e3bcf0/Epson Perfection V850/2026-01-13/2026-01-13_16-04-10/top_left/2026-01-13_16-04-10.top_left.jpg,2026-01-13_16-04-10.top_left.thumb.jpg,e5f859616a1ebf20cb8f61da5b2008c2,top_left,"[22.0, 45.0, 110.0, 135.0]",jpg,3200,0,epsonscan2,esci2:usb:ES00FE:337,Epson Perfection V850,d3dbcf42e05429343a8e1a5966e3bcf0,epsonscan2:Epson Perfection V850::esci2:usb:ES00FE:337,/data,{},DROSO_05_SIM_19_F,crop_2026-01-13_16-04-10.top_left_CROPNUMBER_24_UUID_DROSO_05_SIM_19_F.png,"[3064, 1422, 3354, 1722]",0.2699066400527954,1.0,00_data/01_segmented/crops,00_data/01_segmented/crops/crop_2026-01-13_16-04-10.top_left_CROPNUMBER_24_UUID_DROSO_05_SIM_19_F.json,00_data/02_resized/crops/crop_2026-01-13_16-04-10.top_left_CROPNUMBER_24_UUID_DROSO_05_SIM_19_F.jpg,crops,,00_data/01_segmented/crops/crop_2026-01-13_16-04-10.top_left_CROPNUMBER_24_UUID_DROSO_05_SIM_19_F.png,0.7466666666666667,2.3812499999999996,,63853,4.02298842578125
2026-01-13T15:58:15.447485,/data/d3dbcf42e05429343a8e1a5966e3bcf0/Epson Perfection V850/2026-01-13/2026-01-13_15-58-15/top_right,2026-01-13_15-58-15.top_right.jpg,/data/d3dbcf42e05429343a8e1a5966e3bcf0/Epson Perfection V850/2026-01-13/2026-01-13_15-58-15/top_right/2026-01-13_15-58-15.top_right.jpg,2026-01-13_15-58-15.top_right.thumb.jpg,f4b3f70693284ad9b6a7bd19eb02b3d5,top_right,"[110.5, 45.0, 200.0, 135.0]",jpg,3200,0,epsonscan2,esci2:usb:ES00FE:337,Epson Perfection V850,d3dbcf42e05429343a8e1a5966e3bcf0,epsonscan2:Epson Perfection V850::esci2:usb:ES00FE:337,/data,{},DROSO_04_SIM_19_M,crop_2026-01-13_15-58-15.top_right_CROPNUMBER_15_UUID_DROSO_04_SIM_19_M.png,"[5210, 6502, 5653, 7004]",0.9366443157196044,0.6027106630904797,00_data/01_segmented/crops,00_data/01_segmented/crops/crop_2026-01-13_15-58-15.top_right_CROPNUMBER_15_UUID_DROSO_04_SIM_19_M.json,00_data/02_resized/crops/crop_2026-01-13_15-58-15.top_right_CROPNUMBER_15_UUID_DROSO_04_SIM_19_M.jpg,crops,,00_data/01_segmented/crops/crop_2026-01-13_15-58-15.top_right_CROPNUMBER_15_UUID_DROSO_04_SIM_19_M.png,0.44621513944223107,3.9846249999999994,,94248,5.93799215625
2026-01-13T15:40:38.651010,/data/d3dbcf42e05429343a8e1a5966e3bcf0/Epson Perfection V850/2026-01-13/2026-01-13_15-40-38/top_right,2026-01-13_15-40-38.top_right.jpg,/data/d3dbcf42e05429343a8e1a5966e3bcf0/Epson Perfection V850/2026-01-13/2026-01-13_15-40-38/top_right/2026-01-13_15-40-38.top_right.jpg,2026-01-13_15-40-38.top_right.thumb.jpg,b3a9f59be4eab6b9c284088e08fe2da7,top_right,"[110.5, 45.0, 200.0, 135.0]",jpg,3200,0,epsonscan2,esci2:usb:ES00FE:337,Epson Perfection V850,d3dbcf42e05429343a8e1a5966e3bcf0,epsonscan2:Epson Perfection V850::esci2:usb:ES00FE:337,/data,{},DROSO_01_SIM_19_M,crop_2026-01-13_15-40-38.top_right_CROPNUMBER_6_UUID_DROSO_01_SIM_19_M.png,"[4722, 7051, 5129, 7377]",0.9420649409294128,1.0,00_data/01_segmented/crops,00_data/01_segmented/crops/crop_2026-01-13_15-40-38.top_right_CROPNUMBER_6_UUID_DROSO_01_SIM_19_M.json,00_data/02_resized/crops/crop_2026-01-13_15-40-38.top_right_CROPNUMBER_6_UUID_DROSO_01_SIM_19_M.jpg,crops,,00_data/01_segmented/crops/crop_2026-01-13_15-40-38.top_right_CROPNUMBER_6_UUID_DROSO_01_SIM_19_M.png,0.5503685503685504,3.2305625,,80597,5.077925832031251
2026-01-13T16:04:10.629205,/data/d3dbcf42e05429343a8e1a5966e3bcf0/Epson Perfection V850/2026-01-13/2026-01-13_16-04-10/top_left,2026-01-13_16-04-10.top_left.jpg,/data/d3dbcf42e05429343a8e1a5966e3bcf0/Epson Perfection V850/2026-01-13/2026-01-13_16-04-10/top_left/2026-01-13_16-04-10.top_left.jpg,2026-01-13_16-04-10.top_left.thumb.jpg,e5f859616a1ebf20cb8f61da5b2008c2,top_left,"[22.0, 45.0, 110.0, 135.0]",jpg,3200,0,epsonscan2,esci2:usb:ES00FE:337,Epson Perfection V850,d3dbcf42e05429343a8e1a5966e3bcf0,epsonscan2:Epson Perfection V850::esci2:usb:ES00FE:337,/data,{},DROSO_05_SIM_19_F,crop_2026-01-13_16-04-10.top_left_CROPNUMBER_1_UUID_DROSO_05_SIM_19_F.png,"[4598, 5882, 5028, 6336]",0.9524405598640442,0.6028218259357906,00_data/01_segmented/crops,00_data/01_segmented/crops/crop_2026-01-13_16-04-10.top_left_CROPNUMBER_1_UUID_DROSO_05_SIM_19_F.json,00_data/02_resized/crops/crop_2026-01-13_16-04-10.top_left_CROPNUMBER_1_UUID_DROSO_05_SIM_19_F.jpg,crops,,00_data/01_segmented/crops/crop_2026-01-13_16-04-10.top_left_CROPNUMBER_1_UUID_DROSO_05_SIM_19_F.png,0.4933920704845815,3.6036249999999996,,92853,5.85010170703125
2026-01-13T16:04:10.629205,/data/d3dbcf42e05429343a8e1a5966e3bcf0/Epson Perfection V850/2026-01-13/2026-01-13_16-04-10/top_left,2026-01-13_16-04-10.top_left.jpg,/data/d3dbcf42e05429343a8e1a5966e3bcf0/Epson Perfection V850/2026-01-13/2026-01-13_16-04-10/top_left/2026-01-13_16-04-10.top_left.jpg,2026-01-13_16-04-10.top_left.thumb.jpg,e5f859616a1ebf20cb8f61da5b2008c2,top_left,"[22.0, 45.0, 110.0, 135.0]",jpg,3200,0,epsonscan2,esci2:usb:ES00FE:337,Epson Perfection V850,d3dbcf42e05429343a8e1a5966e3bcf0,epsonscan2:Epson Perfection V850::esci2:usb:ES00FE:337,/data,{},DROSO_05_SIM_19_F,crop_2026-01-13_16-04-10.top_left_CROPNUMBER_20_UUID_DROSO_05_SIM_19_F.png,"[5930, 7414, 6398, 7886]",0.9331361055374146,0.6028218259357906,00_data/01_segmented/crops,00_data/01_segmented/crops/crop_2026-01-13_16-04-10.top_left_CROPNUMBER_20_UUID_DROSO_05_SIM_19_F.json,00_data/02_resized/crops/crop_2026-01-13_16-04-10.top_left_CROPNUMBER_20_UUID_DROSO_05_SIM_19_F.jpg,crops,,00_data/01_segmented/crops/crop_2026-01-13_16-04-10.top_left_CROPNUMBER_20_UUID_DROSO_05_SIM_19_F.png,0.4745762711864407,3.7464999999999997,,92499,5.82779832421875
2026-01-13T16:09:56.394761,/data/d3dbcf42e05429343a8e1a5966e3bcf0/Epson Perfection V850/2026-01-13/2026-01-13_16-09-56/top_right,2026-01-13_16-09-56.top_right.jpg,/data/d3dbcf42e05429343a8e1a5966e3bcf0/Epson Perfection V850/2026-01-13/2026-01-13_16-09-56/top_right/2026-01-13_16-09-56.top_right.jpg,2026-01-13_16-09-56.top_right.thumb.jpg,aee7ff74e98fd3cb0d78628f63d1119f,top_right,"[110.5, 45.0, 200.0, 135.0]",jpg,3200,0,epsonscan2,esci2:usb:ES00FE:337,Epson Perfection V850,d3dbcf42e05429343a8e1a5966e3bcf0,epsonscan2:Epson Perfection V850::esci2:usb:ES00FE:337,/data,{},DROSO_01_MEL_19_M,crop_2026-01-13_16-09-56.top_right_CROPNUMBER_7_UUID_DROSO_01_MEL_19_M.png,"[2351, 7025, 2761, 7438]",0.945074200630188,1.0,00_data/01_segmented/crops,00_data/01_segmented/crops/crop_2026-01-13_16-09-56.top_right_CROPNUMBER_7_UUID_DROSO_01_MEL_19_M.json,00_data/02_resized/crops/crop_2026-01-13_16-09-56.top_right_CROPNUMBER_7_UUID_DROSO_01_MEL_19_M.jpg,crops,,00_data/01_segmented/crops/crop_2026-01-13_16-09-56.top_right_CROPNUMBER_7_UUID_DROSO_01_MEL_19_M.png,0.5423728813559322,3.2781874999999996,,79982,5.0391784296875
2026-01-13T16:04:10.629205,/data/d3dbcf42e05429343a8e1a5966e3bcf0/Epson Perfection V850/2026-01-13/2026-01-13_16-04-10/top_right,2026-01-13_16-04-10.top_right.jpg,/data/d3dbcf42e05429343a8e1a5966e3bcf0/Epson Perfection V850/2026-01-13/2026-01-13_16-04-10/top_right/2026-01-13_16-04-10.top_right.jpg,2026-01-13_16-04-10.top_right.thumb.jpg,3126fa75aee2fe2913a08ebebfa0ed4f,top_right,"[110.5, 45.0, 200.0, 135.0]",jpg,3200,0,epsonscan2,esci2:usb:ES00FE:337,Epson Perfection V850,d3dbcf42e05429343a8e1a5966e3bcf0,epsonscan2:Epson Perfection V850::esci2:usb:ES00FE:337,/data,{},DROSO_05_SIM_19_M,crop_2026-01-13_16-04-10.top_right_CROPNUMBER_7_UUID_DROSO_05_SIM_19_M.png,"[5447, 10041, 5835, 10384]",0.9376050233840942,0.6027106630904797,00_data/01_segmented/crops,00_data/01_segmented/crops/crop_2026-01-13_16-04-10.top_right_CROPNUMBER_7_UUID_DROSO_05_SIM_19_M.json,00_data/02_resized/crops/crop_2026-01-13_16-04-10.top_right_CROPNUMBER_7_UUID_DROSO_05_SIM_19_M.jpg,crops,,00_data/01_segmented/crops/crop_2026-01-13_16-04-10.top_right_CROPNUMBER_7_UUID_DROSO_05_SIM_19_M.png,0.5773195876288659,3.0797500000000007,,77353,4.87354116015625
2026-01-13T15:40:38.651010,/data/d3dbcf42e05429343a8e1a5966e3bcf0/Epson Perfection V850/2026-01-13/2026-01-13_15-40-38/top_right,2026-01-13_15-40-38.top_right.jpg,/data/d3dbcf42e05429343a8e1a5966e3bcf0/Epson Perfection V850/2026-01-13/2026-01-13_15-40-38/top_right/2026-01-13_15-40-38.top_right.jpg,2026-01-13_15-40-38.top_right.thumb.jpg,b3a9f59be4eab6b9c284088e08fe2da7,top_right,"[110.5, 45.0, 200.0, 135.0]",jpg,3200,0,epsonscan2,esci2:usb:ES00FE:337,Epson Perfection V850,d3dbcf42e05429343a8e1a5966e3bcf0,epsonscan2:Epson Perfection V850::esci2:usb:ES00FE:337,/data,{},DROSO_01_SIM_19_M,crop_2026-01-13_15-40-38.top_right_CROPNUMBER_15_UUID_DROSO_01_SIM_19_M.png,"[5648, 7743, 6106, 8153]",0.9322259426116944,0.6027106630904797,00_data/01_segmented/crops,00_data/01_segmented/crops/crop_2026-01-13_15-40-38.top_right_CROPNUMBER_15_UUID_DROSO_01_SIM_19_M.json,00_data/02_resized/crops/crop_2026-01-13_15-40-38.top_right_CROPNUMBER_15_UUID_DROSO_01_SIM_19_M.jpg,crops,,00_data/01_segmented/crops/crop_2026-01-13_15-40-38.top_right_CROPNUMBER_15_UUID_DROSO_01_SIM_19_M.png,0.4890829694323144,3.635375,,88369,5.56759219140625
2026-01-13T16:17:02.422812,/data/d3dbcf42e05429343a8e1a5966e3bcf0/Epson Perfection V850/2026-01-13/2026-01-13_16-17-02/top_right,2026-01-13_16-17-02.top_right.jpg,/data/d3dbcf42e05429343a8e1a5966e3bcf0/Epson Perfection V850/2026-01-13/2026-01-13_16-17-02/top_right/2026-01-13_16-17-02.top_right.jpg,2026-01-13_16-17-02.top_right.thumb.jpg,dba0ed76fe036a6b6c2f125e044f31c3,top_right,"[110.5, 45.0, 200.0, 135.0]",jpg,3200,0,epsonscan2,esci2:usb:ES00FE:337,Epson Perfection V850,d3dbcf42e05429343a8e1a5966e3bcf0,epsonscan2:Epson Perfection V850::esci2:usb:ES00FE:337,/data,{},DROSO_02_MEL_19_M,crop_2026-01-13_16-17-02.top_right_CROPNUMBER_17_UUID_DROSO_02_MEL_19_M.png,"[2759, 6992, 3226, 7294]",0.935073733329773,1.0,00_data/01_segmented/crops,00_data/01_segmented/crops/crop_2026-01-13_16-17-02.top_right_CROPNUMBER_17_UUID_DROSO_02_MEL_19_M.json,00_data/02_resized/crops/crop_2026-01-13_16-17-02.top_right_CROPNUMBER_17_UUID_DROSO_02_MEL_19_M.jpg,crops,,00_data/01_segmented/crops/crop_2026-01-13_16-17-02.top_right_CROPNUMBER_17_UUID_DROSO_02_MEL_19_M.png,0.4796573875802998,3.7068125,,76696,4.83214759375
2026-01-13T16:04:10.629205,/data/d3dbcf42e05429343a8e1a5966e3bcf0/Epson Perfection V850/2026-01-13/2026-01-13_16-04-10/top_right,2026-01-13_16-04-10.top_right.jpg,/data/d3dbcf42e05429343a8e1a5966e3bcf0/Epson Perfection V850/2026-01-13/2026-01-13_16-04-10/top_right/2026-01-13_16-04-10.top_right.jpg,2026-01-13_16-04-10.top_right.thumb.jpg,3126fa75aee2fe2913a08ebebfa0ed4f,top_right,"[110.5, 45.0, 200.0, 135.0]",jpg,3200,0,epsonscan2,esci2:usb:ES00FE:337,Epson Perfection V850,d3dbcf42e05429343a8e1a5966e3bcf0,epsonscan2:Epson Perfection V850::esci2:usb:ES00FE:337,/data,{},DROSO_05_SIM_19_M,crop_2026-01-13_16-04-10.top_right_CROPNUMBER_0_UUID_DROSO_05_SIM_19_M.png,"[6911, 6765, 7348, 7123]",0.9530428647994996,1.0,00_data/01_segmented/crops,00_data/01_segmented/crops/crop_2026-01-13_16-04-10.top_right_CROPNUMBER_0_UUID_DROSO_05_SIM_19_M.json,00_data/02_resized/crops/crop_2026-01-13_16-04-10.top_right_CROPNUMBER_0_UUID_DROSO_05_SIM_19_M.jpg,crops,,00_data/01_segmented/crops/crop_2026-01-13_16-04-10.top_right_CROPNUMBER_0_UUID_DROSO_05_SIM_19_M.png,0.5125858123569794,3.4686874999999997,,79673,5.019710222656251
2026-01-13T15:46:54.437940,/data/d3dbcf42e05429343a8e1a5966e3bcf0/Epson Perfection V850/2026-01-13/2026-01-13_15-46-54/top_left,2026-01-13_15-46-54.top_left.jpg,/data/d3dbcf42e05429343a8e1a5966e3bcf0/Epson Perfection V850/2026-01-13/2026-01-13_15-46-54/top_left/2026-01-13_15-46-54.top_left.jpg,2026-01-13_15-46-54.top_left.thumb.jpg,5483407fad8572e990edf163cad31d3d,top_left,"[22.0, 45.0, 110.0, 135.0]",jpg,3200,0,epsonscan2,esci2:usb:ES00FE:337,Epson Perfection V850,d3dbcf42e05429343a8e1a5966e3bcf0,epsonscan2:Epson Perfection V850::esci2:usb:ES00FE:337,/data,{},DROSO_02_SIM_19_F,crop_2026-01-13_15-46-54.top_left_CROPNUMBER_16_UUID_DROSO_02_SIM_19_F.png,"[2671, 5399, 2920, 5878]",0.9190257787704468,0.6028218259357906,00_data/01_segmented/crops,00_data/01_segmented/crops/crop_2026-01-13_15-46-54.top_left_CROPNUMBER_16_UUID_DROSO_02_SIM_19_F.json,00_data/02_resized/crops/crop_2026-01-13_15-46-54.top_left_CROPNUMBER_16_UUID_DROSO_02_SIM_19_F.jpg,crops,,00_data/01_segmented/crops/crop_2026-01-13_15-46-54.top_left_CROPNUMBER_16_UUID_DROSO_02_SIM_19_F.png,0.46764091858037576,3.8020625,,78278,4.931819773437501
2026-01-13T16:04:10.629205,/data/d3dbcf42e05429343a8e1a5966e3bcf0/Epson Perfection V850/2026-01-13/2026-01-13_16-04-10/top_right,2026-01-13_16-04-10.top_right.jpg,/data/d3dbcf42e05429343a8e1a5966e3bcf0/Epson Perfection V850/2026-01-13/2026-01-13_16-04-10/top_right/2026-01-13_16-04-10.top_right.jpg,2026-01-13_16-04-10.top_right.thumb.jpg,3126fa75aee2fe2913a08ebebfa0ed4f,top_right,"[110.5, 45.0, 200.0, 135.0]",jpg,3200,0,epsonscan2,esci2:usb:ES00FE:337,Epson Perfection V850,d3dbcf42e05429343a8e1a5966e3bcf0,epsonscan2:Epson Perfection V850::esci2:usb:ES00FE:337,/data,{},DROSO_05_SIM_19_M,crop_2026-01-13_16-04-10.top_right_CROPNUMBER_16_UUID_DROSO_05_SIM_19_M.png,"[3363, 7370, 3688, 7791]",0.9271446466445924,1.0,00_data/01_segmented/crops,00_data/01_segmented/crops/crop_2026-01-13_16-04-10.top_right_CROPNUMBER_16_UUID_DROSO_05_SIM_19_M.json,00_data/02_resized/crops/crop_2026-01-13_16-04-10.top_right_CROPNUMBER_16_UUID_DROSO_05_SIM_19_M.jpg,crops,,00_data/01_segmented/crops/crop_2026-01-13_16-04-10.top_right_CROPNUMBER_16_UUID_DROSO_05_SIM_19_M.png,0.5320665083135392,3.3416875,,68501,4.31583058203125
2026-01-13T15:58:15.447485,/data/d3dbcf42e05429343a8e1a5966e3bcf0/Epson Perfection V850/2026-01-13/2026-01-13_15-58-15/top_right,2026-01-13_15-58-15.top_right.jpg,/data/d3dbcf42e05429343a8e1a5966e3bcf0/Epson Perfection V850/2026-01-13/2026-01-13_15-58-15/top_right/2026-01-13_15-58-15.top_right.jpg,2026-01-13_15-58-15.top_right.thumb.jpg,f4b3f70693284ad9b6a7bd19eb02b3d5,top_right,"[110.5, 45.0, 200.0, 135.0]",jpg,3200,0,epsonscan2,esci2:usb:ES00FE:337,Epson Perfection V850,d3dbcf42e05429343a8e1a5966e3bcf0,epsonscan2:Epson Perfection V850::esci2:usb:ES00FE:337,/data,{},DROSO_04_SIM_19_M,crop_2026-01-13_15-58-15.top_right_CROPNUMBER_10_UUID_DROSO_04_SIM_19_M.png,"[2482, 7257, 2909, 7585]",0.9450517296791076,1.0,00_data/01_segmented/crops,00_data/01_segmented/crops/crop_2026-01-13_15-58-15.top_right_CROPNUMBER_10_UUID_DROSO_04_SIM_19_M.json,00_data/02_resized/crops/crop_2026-01-13_15-58-15.top_right_CROPNUMBER_10_UUID_DROSO_04_SIM_19_M.jpg,crops,,00_data/01_segmented/crops/crop_2026-01-13_15-58-15.top_right_CROPNUMBER_10_UUID_DROSO_04_SIM_19_M.png,0.5245901639344263,3.3893124999999995,,75889,4.7813034414062505
2026-01-13T16:22:42.229986,/data/d3dbcf42e05429343a8e1a5966e3bcf0/Epson Perfection V850/2026-01-13/2026-01-13_16-22-42/top_right,2026-01-13_16-22-42.top_right.jpg,/data/d3dbcf42e05429343a8e1a5966e3bcf0/Epson Perfection V850/2026-01-13/2026-01-13_16-22-42/top_right/2026-01-13_16-22-42.top_right.jpg,2026-01-13_16-22-42.top_right.thumb.jpg,a62b428f433471233371d44992128bb0,top_right,"[110.5, 45.0, 200.0, 135.0]",jpg,3200,0,epsonscan2,esci2:usb:ES00FE:337,Epson Perfection V850,d3dbcf42e05429343a8e1a5966e3bcf0,epsonscan2:Epson Perfection V850::esci2:usb:ES00FE:337,/data,{},DROSO_03_MEL_19_M,crop_2026-01-13_16-22-42.top_right_CROPNUMBER_9_UUID_DROSO_03_MEL_19_M.png,"[7661, 8685, 8061, 9034]",0.940531611442566,1.0,00_data/01_segmented/crops,00_data/01_segmented/crops/crop_2026-01-13_16-22-42.top_right_CROPNUMBER_9_UUID_DROSO_03_MEL_19_M.json,00_data/02_resized/crops/crop_2026-01-13_16-22-42.top_right_CROPNUMBER_9_UUID_DROSO_03_MEL_19_M.jpg,crops,,00_data/01_segmented/crops/crop_2026-01-13_16-22-42.top_right_CROPNUMBER_9_UUID_DROSO_03_MEL_19_M.png,0.56,3.1749999999999994,,75414,4.7513765859375
2026-01-13T16:04:10.629205,/data/d3dbcf42e05429343a8e1a5966e3bcf0/Epson Perfection V850/2026-01-13/2026-01-13_16-04-10/top_right,2026-01-13_16-04-10.top_right.jpg,/data/d3dbcf42e05429343a8e1a5966e3bcf0/Epson Perfection V850/2026-01-13/2026-01-13_16-04-10/top_right/2026-01-13_16-04-10.top_right.jpg,2026-01-13_16-04-10.top_right.thumb.jpg,3126fa75aee2fe2913a08ebebfa0ed4f,top_right,"[110.5, 45.0, 200.0, 135.0]",jpg,3200,0,epsonscan2,esci2:usb:ES00FE:337,Epson Perfection V850,d3dbcf42e05429343a8e1a5966e3bcf0,epsonscan2:Epson Perfection V850::esci2:usb:ES00FE:337,/data,{},DROSO_05_SIM_19_M,crop_2026-01-13_16-04-10.top_right_CROPNUMBER_15_UUID_DROSO_05_SIM_19_M.png,"[6579, 8333, 7006, 8571]",0.9286786913871764,0.6027106630904797,00_data/01_segmented/crops,00_data/01_segmented/crops/crop_2026-01-13_16-04-10.top_right_CROPNUMBER_15_UUID_DROSO_05_SIM_19_M.json,00_data/02_resized/crops/crop_2026-01-13_16-04-10.top_right_CROPNUMBER_15_UUID_DROSO_05_SIM_19_M.jpg,crops,,00_data/01_segmented/crops/crop_2026-01-13_16-04-10.top_right_CROPNUMBER_15_UUID_DROSO_05_SIM_19_M.png,0.5245901639344263,3.3893124999999995,,63715,4.01429388671875
2026-01-13T15:58:15.447485,/data/d3dbcf42e05429343a8e1a5966e3bcf0/Epson Perfection V850/2026-01-13/2026-01-13_15-58-15/top_left,2026-01-13_15-58-15.top_left.jpg,/data/d3dbcf42e05429343a8e1a5966e3bcf0/Epson Perfection V850/2026-01-13/2026-01-13_15-58-15/top_left/2026-01-13_15-58-15.top_left.jpg,2026-01-13_15-58-15.top_left.thumb.jpg,06b4b76a8baf9e9d6a949609e6c4b9d4,top_left,"[22.0, 45.0, 110.0, 135.0]",jpg,3200,0,epsonscan2,esci2:usb:ES00FE:337,Epson Perfection V850,d3dbcf42e05429343a8e1a5966e3bcf0,epsonscan2:Epson Perfection V850::esci2:usb:ES00FE:337,/data,{},DROSO_04_SIM_19_F,crop_2026-01-13_15-58-15.top_left_CROPNUMBER_5_UUID_DROSO_04_SIM_19_F.png,"[3817, 7100, 4232, 7545]",0.9422012567520142,1.0,00_data/01_segmented/crops,00_data/01_segmented/crops/crop_2026-01-13_15-58-15.top_left_CROPNUMBER_5_UUID_DROSO_04_SIM_19_F.json,00_data/02_resized/crops/crop_2026-01-13_15-58-15.top_left_CROPNUMBER_5_UUID_DROSO_04_SIM_19_F.jpg,crops,,00_data/01_segmented/crops/crop_2026-01-13_15-58-15.top_left_CROPNUMBER_5_UUID_DROSO_04_SIM_19_F.png,0.503370786516854,3.5321875,,84348,5.3142534843750004
2026-01-13T16:22:42.229986,/data/d3dbcf42e05429343a8e1a5966e3bcf0/Epson Perfection V850/2026-01-13/2026-01-13_16-22-42/top_left,2026-01-13_16-22-42.top_left.jpg,/data/d3dbcf42e05429343a8e1a5966e3bcf0/Epson Perfection V850/2026-01-13/2026-01-13_16-22-42/top_left/2026-01-13_16-22-42.top_left.jpg,2026-01-13_16-22-42.top_left.thumb.jpg,f331f82ac6dcbf4a1318ddee5307a618,top_left,"[22.0, 45.0, 110.0, 135.0]",jpg,3200,0,epsonscan2,esci2:usb:ES00FE:337,Epson Perfection V850,d3dbcf42e05429343a8e1a5966e3bcf0,epsonscan2:Epson Perfection V850::esci2:usb:ES00FE:337,/data,{},DROSO_03_MEL_19_F,crop_2026-01-13_16-22-42.top_left_CROPNUMBER_15_UUID_DROSO_03_MEL_19_F.png,"[1973, 7042, 2437, 7595]",0.9365861415863036,0.6028218259357906,00_data/01_segmented/crops,00_data/01_segmented/crops/crop_2026-01-13_16-22-42.top_left_CROPNUMBER_15_UUID_DROSO_03_MEL_19_F.json,00_data/02_resized/crops/crop_2026-01-13_16-22-42.top_left_CROPNUMBER_15_UUID_DROSO_03_MEL_19_F.jpg,crops,,00_data/01_segmented/crops/crop_2026-01-13_16-22-42.top_left_CROPNUMBER_15_UUID_DROSO_03_MEL_19_F.png,0.4050632911392405,4.3894375,,106507,6.7103570429687505
2026-01-13T15:46:54.437940,/data/d3dbcf42e05429343a8e1a5966e3bcf0/Epson Perfection V850/2026-01-13/2026-01-13_15-46-54/top_left,2026-01-13_15-46-54.top_left.jpg,/data/d3dbcf42e05429343a8e1a5966e3bcf0/Epson Perfection V850/2026-01-13/2026-01-13_15-46-54/top_left/2026-01-13_15-46-54.top_left.jpg,2026-01-13_15-46-54.top_left.thumb.jpg,5483407fad8572e990edf163cad31d3d,top_left,"[22.0, 45.0, 110.0, 135.0]",jpg,3200,0,epsonscan2,esci2:usb:ES00FE:337,Epson Perfection V850,d3dbcf42e05429343a8e1a5966e3bcf0,epsonscan2:Epson Perfection V850::esci2:usb:ES00FE:337,/data,{},DROSO_02_SIM_19_F,crop_2026-01-13_15-46-54.top_left_CROPNUMBER_0_UUID_DROSO_02_SIM_19_F.png,"[4703, 5192, 5158, 5527]",0.941641330718994,1.0,00_data/01_segmented/crops,00_data/01_segmented/crops/crop_2026-01-13_15-46-54.top_left_CROPNUMBER_0_UUID_DROSO_02_SIM_19_F.json,00_data/02_resized/crops/crop_2026-01-13_15-46-54.top_left_CROPNUMBER_0_UUID_DROSO_02_SIM_19_F.jpg,crops,,00_data/01_segmented/crops/crop_2026-01-13_15-46-54.top_left_CROPNUMBER_0_UUID_DROSO_02_SIM_19_F.png,0.49230769230769234,3.6115625,,79334,4.9983518984375
2026-01-13T15:46:54.437940,/data/d3dbcf42e05429343a8e1a5966e3bcf0/Epson Perfection V850/2026-01-13/2026-01-13_15-46-54/top_left,2026-01-13_15-46-54.top_left.jpg,/data/d3dbcf42e05429343a8e1a5966e3bcf0/Epson Perfection V850/2026-01-13/2026-01-13_15-46-54/top_left/2026-01-13_15-46-54.top_left.jpg,2026-01-13_15-46-54.top_left.thumb.jpg,5483407fad8572e990edf163cad31d3d,top_left,"[22.0, 45.0, 110.0, 135.0]",jpg,3200,0,epsonscan2,esci2:usb:ES00FE:337,Epson Perfection V850,d3dbcf42e05429343a8e1a5966e3bcf0,epsonscan2:Epson Perfection V850::esci2:usb:ES00FE:337,/data,{},DROSO_02_SIM_19_F,crop_2026-01-13_15-46-54.top_left_CROPNUMBER_2_UUID_DROSO_02_SIM_19_F.png,"[2948, 6696, 3426, 6943]",0.9381360411643982,1.0,00_data/01_segmented/crops,00_data/01_segmented/crops/crop_2026-01-13_15-46-54.top_left_CROPNUMBER_2_UUID_DROSO_02_SIM_19_F.json,00_data/02_resized/crops/crop_2026-01-13_15-46-54.top_left_CROPNUMBER_2_UUID_DROSO_02_SIM_19_F.jpg,crops,,00_data/01_segmented/crops/crop_2026-01-13_15-46-54.top_left_CROPNUMBER_2_UUID_DROSO_02_SIM_19_F.png,0.4686192468619247,3.794125,,70272,4.427410500000001
2026-01-13T16:17:02.422812,/data/d3dbcf42e05429343a8e1a5966e3bcf0/Epson Perfection V850/2026-01-13/2026-01-13_16-17-02/top_right,2026-01-13_16-17-02.top_right.jpg,/data/d3dbcf42e05429343a8e1a5966e3bcf0/Epson Perfection V850/2026-01-13/2026-01-13_16-17-02/top_right/2026-01-13_16-17-02.top_right.jpg,2026-01-13_16-17-02.top_right.thumb.jpg,dba0ed76fe036a6b6c2f125e044f31c3,top_right,"[110.5, 45.0, 200.0, 135.0]",jpg,3200,0,epsonscan2,esci2:usb:ES00FE:337,Epson Perfection V850,d3dbcf42e05429343a8e1a5966e3bcf0,epsonscan2:Epson Perfection V850::esci2:usb:ES00FE:337,/data,{},DROSO_02_MEL_19_M,crop_2026-01-13_16-17-02.top_right_CROPNUMBER_29_UUID_DROSO_02_MEL_19_M.png,"[8537, 7823, 9070, 8138]",0.9251242876052856,0.6027106630904797,00_data/01_segmented/crops,00_data/01_segmented/crops/crop_2026-01-13_16-17-02.top_right_CROPNUMBER_29_UUID_DROSO_02_MEL_19_M.json,00_data/02_resized/crops/crop_2026-01-13_16-17-02.top_right_CROPNUMBER_29_UUID_DROSO_02_MEL_19_M.jpg,crops,,00_data/01_segmented/crops/crop_2026-01-13_16-17-02.top_right_CROPNUMBER_29_UUID_DROSO_02_MEL_19_M.png,0.4202626641651032,4.2306875,,93587,5.89634657421875
2026-01-13T15:58:15.447485,/data/d3dbcf42e05429343a8e1a5966e3bcf0/Epson Perfection V850/2026-01-13/2026-01-13_15-58-15/top_left,2026-01-13_15-58-15.top_left.jpg,/data/d3dbcf42e05429343a8e1a5966e3bcf0/Epson Perfection V850/2026-01-13/2026-01-13_15-58-15/top_left/2026-01-13_15-58-15.top_left.jpg,2026-01-13_15-58-15.top_left.thumb.jpg,06b4b76a8baf9e9d6a949609e6c4b9d4,top_left,"[22.0, 45.0, 110.0, 135.0]",jpg,3200,0,epsonscan2,esci2:usb:ES00FE:337,Epson Perfection V850,d3dbcf42e05429343a8e1a5966e3bcf0,epsonscan2:Epson Perfection V850::esci2:usb:ES00FE:337,/data,{},DROSO_04_SIM_19_F,crop_2026-01-13_15-58-15.top_left_CROPNUMBER_2_UUID_DROSO_04_SIM_19_F.png,"[4828, 8324, 5208, 8798]",0.94852477312088,1.0,00_data/01_segmented/crops,00_data/01_segmented/crops/crop_2026-01-13_15-58-15.top_left_CROPNUMBER_2_UUID_DROSO_04_SIM_19_F.json,00_data/02_resized/crops/crop_2026-01-13_15-58-15.top_left_CROPNUMBER_2_UUID_DROSO_04_SIM_19_F.jpg,crops,,00_data/01_segmented/crops/crop_2026-01-13_15-58-15.top_left_CROPNUMBER_2_UUID_DROSO_04_SIM_19_F.png,0.47257383966244726,3.762375,,85626,5.3947724765625
2026-01-13T16:09:56.394761,/data/d3dbcf42e05429343a8e1a5966e3bcf0/Epson Perfection V850/2026-01-13/2026-01-13_16-09-56/top_right,2026-01-13_16-09-56.top_right.jpg,/data/d3dbcf42e05429343a8e1a5966e3bcf0/Epson Perfection V850/2026-01-13/2026-01-13_16-09-56/top_right/2026-01-13_16-09-56.top_right.jpg,2026-01-13_16-09-56.top_right.thumb.jpg,aee7ff74e98fd3cb0d78628f63d1119f,top_right,"[110.5, 45.0, 200.0, 135.0]",jpg,3200,0,epsonscan2,esci2:usb:ES00FE:337,Epson Perfection V850,d3dbcf42e05429343a8e1a5966e3bcf0,epsonscan2:Epson Perfection V850::esci2:usb:ES00FE:337,/data,{},DROSO_01_MEL_19_M,crop_2026-01-13_16-09-56.top_right_CROPNUMBER_41_UUID_DROSO_01_MEL_19_M.png,"[3474, 5530, 3880, 6010]",0.9360435605049132,0.6027106630904797,00_data/01_segmented/crops,00_data/01_segmented/crops/crop_2026-01-13_16-09-56.top_right_CROPNUMBER_41_UUID_DROSO_01_MEL_19_M.json,00_data/02_resized/crops/crop_2026-01-13_16-09-56.top_right_CROPNUMBER_41_UUID_DROSO_01_MEL_19_M.jpg,crops,,00_data/01_segmented/crops/crop_2026-01-13_16-09-56.top_right_CROPNUMBER_41_UUID_DROSO_01_MEL_19_M.png,0.4666666666666667,3.8099999999999996,,78148,4.923629265625
2026-01-13T16:09:56.394761,/data/d3dbcf42e05429343a8e1a5966e3bcf0/Epson Perfection V850/2026-01-13/2026-01-13_16-09-56/top_left,2026-01-13_16-09-56.top_left.jpg,/data/d3dbcf42e05429343a8e1a5966e3bcf0/Epson Perfection V850/2026-01-13/2026-01-13_16-09-56/top_left/2026-01-13_16-09-56.top_left.jpg,2026-01-13_16-09-56.top_left.thumb.jpg,788d0971822fc839506e3180de7f3b36,top_left,"[22.0, 45.0, 110.0, 135.0]",jpg,3200,0,epsonscan2,esci2:usb:ES00FE:337,Epson Perfection V850,d3dbcf42e05429343a8e1a5966e3bcf0,epsonscan2:Epson Perfection V850::esci2:usb:ES00FE:337,/data,{},DROSO_01_MEL_19_F,crop_2026-01-13_16-09-56.top_left_CROPNUMBER_16_UUID_DROSO_01_MEL_19_F.png,"[8641, 8099, 9216, 8498]",0.9408480525016784,1.0,00_data/01_segmented/crops,00_data/01_segmented/crops/crop_2026-01-13_16-09-56.top_left_CROPNUMBER_16_UUID_DROSO_01_MEL_19_F.json,00_data/02_resized/crops/crop_2026-01-13_16-09-56.top_left_CROPNUMBER_16_UUID_DROSO_01_MEL_19_F.jpg,crops,,00_data/01_segmented/crops/crop_2026-01-13_16-09-56.top_left_CROPNUMBER_16_UUID_DROSO_01_MEL_19_F.png,0.38956521739130434,4.5640624999999995,,106350,6.7004654296875
2026-01-13T16:09:56.394761,/data/d3dbcf42e05429343a8e1a5966e3bcf0/Epson Perfection V850/2026-01-13/2026-01-13_16-09-56/top_right,2026-01-13_16-09-56.top_right.jpg,/data/d3dbcf42e05429343a8e1a5966e3bcf0/Epson Perfection V850/2026-01-13/2026-01-13_16-09-56/top_right/2026-01-13_16-09-56.top_right.jpg,2026-01-13_16-09-56.top_right.thumb.jpg,aee7ff74e98fd3cb0d78628f63d1119f,top_right,"[110.5, 45.0, 200.0, 135.0]",jpg,3200,0,epsonscan2,esci2:usb:ES00FE:337,Epson Perfection V850,d3dbcf42e05429343a8e1a5966e3bcf0,epsonscan2:Epson Perfection V850::esci2:usb:ES00FE:337,/data,{},DROSO_01_MEL_19_M,crop_2026-01-13_16-09-56.top_right_CROPNUMBER_39_UUID_DROSO_01_MEL_19_M.png,"[4412, 6541, 4774, 6946]",0.9360508918762208,0.6027106630904797,00_data/01_segmented/crops,00_data/01_segmented/crops/crop_2026-01-13_16-09-56.top_right_CROPNUMBER_39_UUID_DROSO_01_MEL_19_M.json,00_data/02_resized/crops/crop_2026-01-13_16-09-56.top_right_CROPNUMBER_39_UUID_DROSO_01_MEL_19_M.jpg,crops,,00_data/01_segmented/crops/crop_2026-01-13_16-09-56.top_right_CROPNUMBER_39_UUID_DROSO_01_MEL_19_M.png,0.5530864197530864,3.2146875000000006,,77520,4.884062812500001
2026-01-13T15:52:35.076944,/data/d3dbcf42e05429343a8e1a5966e3bcf0/Epson Perfection V850/2026-01-13/2026-01-13_15-52-35/top_left,2026-01-13_15-52-35.top_left.jpg,/data/d3dbcf42e05429343a8e1a5966e3bcf0/Epson Perfection V850/2026-01-13/2026-01-13_15-52-35/top_left/2026-01-13_15-52-35.top_left.jpg,2026-01-13_15-52-35.top_left.thumb.jpg,c96bd3e091dcefbdce757afd0a69dc15,top_left,"[22.0, 45.0, 110.0, 135.0]",jpg,3200,0,epsonscan2,esci2:usb:ES00FE:337,Epson Perfection V850,d3dbcf42e05429343a8e1a5966e3bcf0,epsonscan2:Epson Perfection V850::esci2:usb:ES00FE:337,/data,{},DROSO_03_SIM_19_F,crop_2026-01-13_15-52-35.top_left_CROPNUMBER_4_UUID_DROSO_03_SIM_19_F.png,"[4249, 7241, 4566, 7710]",0.9456063508987428,1.0,00_data/01_segmented/crops,00_data/01_segmented/crops/crop_2026-01-13_15-52-35.top_left_CROPNUMBER_4_UUID_DROSO_03_SIM_19_F.json,00_data/02_resized/crops/crop_2026-01-13_15-52-35.top_left_CROPNUMBER_4_UUID_DROSO_03_SIM_19_F.jpg,crops,,00_data/01_segmented/crops/crop_2026-01-13_15-52-35.top_left_CROPNUMBER_4_UUID_DROSO_03_SIM_19_F.png,0.47761194029850745,3.7226875,,85286,5.3733511484375
2026-01-13T16:22:42.229986,/data/d3dbcf42e05429343a8e1a5966e3bcf0/Epson Perfection V850/2026-01-13/2026-01-13_16-22-42/top_right,2026-01-13_16-22-42.top_right.jpg,/data/d3dbcf42e05429343a8e1a5966e3bcf0/Epson Perfection V850/2026-01-13/2026-01-13_16-22-42/top_right/2026-01-13_16-22-42.top_right.jpg,2026-01-13_16-22-42.top_right.thumb.jpg,a62b428f433471233371d44992128bb0,top_right,"[110.5, 45.0, 200.0, 135.0]",jpg,3200,0,epsonscan2,esci2:usb:ES00FE:337,Epson Perfection V850,d3dbcf42e05429343a8e1a5966e3bcf0,epsonscan2:Epson Perfection V850::esci2:usb:ES00FE:337,/data,{},DROSO_03_MEL_19_M,crop_2026-01-13_16-22-42.top_right_CROPNUMBER_22_UUID_DROSO_03_MEL_19_M.png,"[6206, 9164, 6579, 9545]",0.931626796722412,1.0,00_data/01_segmented/crops,00_data/01_segmented/crops/crop_2026-01-13_16-22-42.top_right_CROPNUMBER_22_UUID_DROSO_03_MEL_19_M.json,00_data/02_resized/crops/crop_2026-01-13_16-22-42.top_right_CROPNUMBER_22_UUID_DROSO_03_MEL_19_M.jpg,crops,,00_data/01_segmented/crops/crop_2026-01-13_16-22-42.top_right_CROPNUMBER_22_UUID_DROSO_03_MEL_19_M.png,0.5879265091863517,3.0241875,,73688,4.64263184375
2026-01-13T16:22:42.229986,/data/d3dbcf42e05429343a8e1a5966e3bcf0/Epson Perfection V850/2026-01-13/2026-01-13_16-22-42/top_left,2026-01-13_16-22-42.top_left.jpg,/data/d3dbcf42e05429343a8e1a5966e3bcf0/Epson Perfection V850/2026-01-13/2026-01-13_16-22-42/top_left/2026-01-13_16-22-42.top_left.jpg,2026-01-13_16-22-42.top_left.thumb.jpg,f331f82ac6dcbf4a1318ddee5307a618,top_left,"[22.0, 45.0, 110.0, 135.0]",jpg,3200,0,epsonscan2,esci2:usb:ES00FE:337,Epson Perfection V850,d3dbcf42e05429343a8e1a5966e3bcf0,epsonscan2:Epson Perfection V850::esci2:usb:ES00FE:337,/data,{},DROSO_03_MEL_19_F,crop_2026-01-13_16-22-42.top_left_CROPNUMBER_12_UUID_DROSO_03_MEL_19_F.png,"[4944, 6945, 5347, 7433]",0.9371230006217957,0.6028218259357906,00_data/01_segmented/crops,00_data/01_segmented/crops/crop_2026-01-13_16-22-42.top_left_CROPNUMBER_12_UUID_DROSO_03_MEL_19_F.json,00_data/02_resized/crops/crop_2026-01-13_16-22-42.top_left_CROPNUMBER_12_UUID_DROSO_03_MEL_19_F.jpg,crops,,00_data/01_segmented/crops/crop_2026-01-13_16-22-42.top_left_CROPNUMBER_12_UUID_DROSO_03_MEL_19_F.png,0.45901639344262296,3.8734999999999995,,101346,6.3851938828125006
2026-01-13T16:09:56.394761,/data/d3dbcf42e05429343a8e1a5966e3bcf0/Epson Perfection V850/2026-01-13/2026-01-13_16-09-56/top_left,2026-01-13_16-09-56.top_left.jpg,/data/d3dbcf42e05429343a8e1a5966e3bcf0/Epson Perfection V850/2026-01-13/2026-01-13_16-09-56/top_left/2026-01-13_16-09-56.top_left.jpg,2026-01-13_16-09-56.top_left.thumb.jpg,788d0971822fc839506e3180de7f3b36,top_left,"[22.0, 45.0, 110.0, 135.0]",jpg,3200,0,epsonscan2,esci2:usb:ES00FE:337,Epson Perfection V850,d3dbcf42e05429343a8e1a5966e3bcf0,epsonscan2:Epson Perfection V850::esci2:usb:ES00FE:337,/data,{},DROSO_01_MEL_19_F,crop_2026-01-13_16-09-56.top_left_CROPNUMBER_11_UUID_DROSO_01_MEL_19_F.png,"[7046, 9848, 7496, 10370]",0.9434082508087158,0.6028218259357906,00_data/01_segmented/crops,00_data/01_segmented/crops/crop_2026-01-13_16-09-56.top_left_CROPNUMBER_11_UUID_DROSO_01_MEL_19_F.json,00_data/02_resized/crops/crop_2026-01-13_16-09-56.top_left_CROPNUMBER_11_UUID_DROSO_01_MEL_19_F.jpg,crops,,00_data/01_segmented/crops/crop_2026-01-13_16-09-56.top_left_CROPNUMBER_11_UUID_DROSO_01_MEL_19_F.png,0.42911877394636017,4.143375,,105441,6.64319487890625
2026-01-13T15:46:54.437940,/data/d3dbcf42e05429343a8e1a5966e3bcf0/Epson Perfection V850/2026-01-13/2026-01-13_15-46-54/top_right,2026-01-13_15-46-54.top_right.jpg,/data/d3dbcf42e05429343a8e1a5966e3bcf0/Epson Perfection V850/2026-01-13/2026-01-13_15-46-54/top_right/2026-01-13_15-46-54.top_right.jpg,2026-01-13_15-46-54.top_right.thumb.jpg,8cfcebfb20b3b3b2bc86ba50975b08d9,top_right,"[110.5, 45.0, 200.0, 135.0]",jpg,3200,0,epsonscan2,esci2:usb:ES00FE:337,Epson Perfection V850,d3dbcf42e05429343a8e1a5966e3bcf0,epsonscan2:Epson Perfection V850::esci2:usb:ES00FE:337,/data,{},DROSO_02_SIM_19_M,crop_2026-01-13_15-46-54.top_right_CROPNUMBER_12_UUID_DROSO_02_SIM_19_M.png,"[4636, 6537, 5054, 6893]",0.93756103515625,1.0,00_data/01_segmented/crops,00_data/01_segmented/crops/crop_2026-01-13_15-46-54.top_right_CROPNUMBER_12_UUID_DROSO_02_SIM_19_M.json,00_data/02_resized/crops/crop_2026-01-13_15-46-54.top_right_CROPNUMBER_12_UUID_DROSO_02_SIM_19_M.jpg,crops,,00_data/01_segmented/crops/crop_2026-01-13_15-46-54.top_right_CROPNUMBER_12_UUID_DROSO_02_SIM_19_M.png,0.5358851674641149,3.3178749999999995,,76639,4.82855637109375
2026-01-13T15:40:38.651010,/data/d3dbcf42e05429343a8e1a5966e3bcf0/Epson Perfection V850/2026-01-13/2026-01-13_15-40-38/top_left,2026-01-13_15-40-38.top_left.jpg,/data/d3dbcf42e05429343a8e1a5966e3bcf0/Epson Perfection V850/2026-01-13/2026-01-13_15-40-38/top_left/2026-01-13_15-40-38.top_left.jpg,2026-01-13_15-40-38.top_left.thumb.jpg,16a144e86ca9c5e7bb9b16ddead6411f,top_left,"[22.0, 45.0, 110.0, 135.0]",jpg,3200,0,epsonscan2,esci2:usb:ES00FE:337,Epson Perfection V850,d3dbcf42e05429343a8e1a5966e3bcf0,epsonscan2:Epson Perfection V850::esci2:usb:ES00FE:337,/data,{},DROSO_01_SIM_19_F,crop_2026-01-13_15-40-38.top_left_CROPNUMBER_10_UUID_DROSO_01_SIM_19_F.png,"[6647, 7807, 7028, 8287]",0.9352309107780457,0.6028218259357906,00_data/01_segmented/crops,00_data/01_segmented/crops/crop_2026-01-13_15-40-38.top_left_CROPNUMBER_10_UUID_DROSO_01_SIM_19_F.json,00_data/02_resized/crops/crop_2026-01-13_15-40-38.top_left_CROPNUMBER_10_UUID_DROSO_01_SIM_19_F.jpg,crops,,00_data/01_segmented/crops/crop_2026-01-13_15-40-38.top_left_CROPNUMBER_10_UUID_DROSO_01_SIM_19_F.png,0.4666666666666667,3.8099999999999996,,93129,5.86749078515625
2026-01-13T16:09:56.394761,/data/d3dbcf42e05429343a8e1a5966e3bcf0/Epson Perfection V850/2026-01-13/2026-01-13_16-09-56/top_right,2026-01-13_16-09-56.top_right.jpg,/data/d3dbcf42e05429343a8e1a5966e3bcf0/Epson Perfection V850/2026-01-13/2026-01-13_16-09-56/top_right/2026-01-13_16-09-56.top_right.jpg,2026-01-13_16-09-56.top_right.thumb.jpg,aee7ff74e98fd3cb0d78628f63d1119f,top_right,"[110.5, 45.0, 200.0, 135.0]",jpg,3200,0,epsonscan2,esci2:usb:ES00FE:337,Epson Perfection V850,d3dbcf42e05429343a8e1a5966e3bcf0,epsonscan2:Epson Perfection V850::esci2:usb:ES00FE:337,/data,{},DROSO_01_MEL_19_M,crop_2026-01-13_16-09-56.top_right_CROPNUMBER_25_UUID_DROSO_01_MEL_19_M.png,"[4111, 9606, 4525, 9994]",0.9396965503692628,0.6027106630904797,00_data/01_segmented/crops,00_data/01_segmented/crops/crop_2026-01-13_16-09-56.top_right_CROPNUMBER_25_UUID_DROSO_01_MEL_19_M.json,00_data/02_resized/crops/crop_2026-01-13_16-09-56.top_right_CROPNUMBER_25_UUID_DROSO_01_MEL_19_M.jpg,crops,,00_data/01_segmented/crops/crop_2026-01-13_16-09-56.top_right_CROPNUMBER_25_UUID_DROSO_01_MEL_19_M.png,0.5410628019323671,3.286125,,79710,5.022041367187501
2026-01-13T16:22:42.229986,/data/d3dbcf42e05429343a8e1a5966e3bcf0/Epson Perfection V850/2026-01-13/2026-01-13_16-22-42/top_right,2026-01-13_16-22-42.top_right.jpg,/data/d3dbcf42e05429343a8e1a5966e3bcf0/Epson Perfection V850/2026-01-13/2026-01-13_16-22-42/top_right/2026-01-13_16-22-42.top_right.jpg,2026-01-13_16-22-42.top_right.thumb.jpg,a62b428f433471233371d44992128bb0,top_right,"[110.5, 45.0, 200.0, 135.0]",jpg,3200,0,epsonscan2,esci2:usb:ES00FE:337,Epson Perfection V850,d3dbcf42e05429343a8e1a5966e3bcf0,epsonscan2:Epson Perfection V850::esci2:usb:ES00FE:337,/data,{},DROSO_03_MEL_19_M,crop_2026-01-13_16-22-42.top_right_CROPNUMBER_1_UUID_DROSO_03_MEL_19_M.png,"[5704, 7721, 6158, 8121]",0.9521288871765136,1.0,00_data/01_segmented/crops,00_data/01_segmented/crops/crop_2026-01-13_16-22-42.top_right_CROPNUMBER_1_UUID_DROSO_03_MEL_19_M.json,00_data/02_resized/crops/crop_2026-01-13_16-22-42.top_right_CROPNUMBER_1_UUID_DROSO_03_MEL_19_M.jpg,crops,,00_data/01_segmented/crops/crop_2026-01-13_16-22-42.top_right_CROPNUMBER_1_UUID_DROSO_03_MEL_19_M.png,0.4933920704845815,3.6036249999999996,,74748,4.709415984375
2026-01-13T16:09:56.394761,/data/d3dbcf42e05429343a8e1a5966e3bcf0/Epson Perfection V850/2026-01-13/2026-01-13_16-09-56/top_left,2026-01-13_16-09-56.top_left.jpg,/data/d3dbcf42e05429343a8e1a5966e3bcf0/Epson Perfection V850/2026-01-13/2026-01-13_16-09-56/top_left/2026-01-13_16-09-56.top_left.jpg,2026-01-13_16-09-56.top_left.thumb.jpg,788d0971822fc839506e3180de7f3b36,top_left,"[22.0, 45.0, 110.0, 135.0]",jpg,3200,0,epsonscan2,esci2:usb:ES00FE:337,Epson Perfection V850,d3dbcf42e05429343a8e1a5966e3bcf0,epsonscan2:Epson Perfection V850::esci2:usb:ES00FE:337,/data,{},DROSO_01_MEL_19_F,crop_2026-01-13_16-09-56.top_left_CROPNUMBER_42_UUID_DROSO_01_MEL_19_F.png,"[3948, 7017, 4578, 7489]",0.9262614250183104,0.6028218259357906,00_data/01_segmented/crops,00_data/01_segmented/crops/crop_2026-01-13_16-09-56.top_left_CROPNUMBER_42_UUID_DROSO_01_MEL_19_F.json,00_data/02_resized/crops/crop_2026-01-13_16-09-56.top_left_CROPNUMBER_42_UUID_DROSO_01_MEL_19_F.jpg,crops,,00_data/01_segmented/crops/crop_2026-01-13_16-09-56.top_left_CROPNUMBER_42_UUID_DROSO_01_MEL_19_F.png,0.35555555555555557,5.000624999999999,,122531,7.7199316367187505
2026-01-13T15:52:35.076944,/data/d3dbcf42e05429343a8e1a5966e3bcf0/Epson Perfection V850/2026-01-13/2026-01-13_15-52-35/top_right,2026-01-13_15-52-35.top_right.jpg,/data/d3dbcf42e05429343a8e1a5966e3bcf0/Epson Perfection V850/2026-01-13/2026-01-13_15-52-35/top_right/2026-01-13_15-52-35.top_right.jpg,2026-01-13_15-52-35.top_right.thumb.jpg,21ba2cf23da353b8d840e52696871b60,top_right,"[110.5, 45.0, 200.0, 135.0]",jpg,3200,0,epsonscan2,esci2:usb:ES00FE:337,Epson Perfection V850,d3dbcf42e05429343a8e1a5966e3bcf0,epsonscan2:Epson Perfection V850::esci2:usb:ES00FE:337,/data,{},DROSO_03_SIM_19_M,crop_2026-01-13_15-52-35.top_right_CROPNUMBER_21_UUID_DROSO_03_SIM_19_M.png,"[4854, 8507, 5281, 8769]",0.9286320209503174,1.0,00_data/01_segmented/crops,00_data/01_segmented/crops/crop_2026-01-13_15-52-35.top_right_CROPNUMBER_21_UUID_DROSO_03_SIM_19_M.json,00_data/02_resized/crops/crop_2026-01-13_15-52-35.top_right_CROPNUMBER_21_UUID_DROSO_03_SIM_19_M.jpg,crops,,00_data/01_segmented/crops/crop_2026-01-13_15-52-35.top_right_CROPNUMBER_21_UUID_DROSO_03_SIM_19_M.png,0.5245901639344263,3.3893124999999995,,63295,3.9878322460937503
2026-01-13T16:04:10.629205,/data/d3dbcf42e05429343a8e1a5966e3bcf0/Epson Perfection V850/2026-01-13/2026-01-13_16-04-10/top_left,2026-01-13_16-04-10.top_left.jpg,/data/d3dbcf42e05429343a8e1a5966e3bcf0/Epson Perfection V850/2026-01-13/2026-01-13_16-04-10/top_left/2026-01-13_16-04-10.top_left.jpg,2026-01-13_16-04-10.top_left.thumb.jpg,e5f859616a1ebf20cb8f61da5b2008c2,top_left,"[22.0, 45.0, 110.0, 135.0]",jpg,3200,0,epsonscan2,esci2:usb:ES00FE:337,Epson Perfection V850,d3dbcf42e05429343a8e1a5966e3bcf0,epsonscan2:Epson Perfection V850::esci2:usb:ES00FE:337,/data,{},DROSO_05_SIM_19_F,crop_2026-01-13_16-04-10.top_left_CROPNUMBER_0_UUID_DROSO_05_SIM_19_F.png,"[2327, 7257, 2705, 7706]",0.9544195532798768,1.0,00_data/01_segmented/crops,00_data/01_segmented/crops/crop_2026-01-13_16-04-10.top_left_CROPNUMBER_0_UUID_DROSO_05_SIM_19_F.json,00_data/02_resized/crops/crop_2026-01-13_16-04-10.top_left_CROPNUMBER_0_UUID_DROSO_05_SIM_19_F.jpg,crops,,00_data/01_segmented/crops/crop_2026-01-13_16-04-10.top_left_CROPNUMBER_0_UUID_DROSO_05_SIM_19_F.png,0.49888641425389757,3.5639374999999998,,91387,5.75773798046875
2026-01-13T15:40:38.651010,/data/d3dbcf42e05429343a8e1a5966e3bcf0/Epson Perfection V850/2026-01-13/2026-01-13_15-40-38/top_left,2026-01-13_15-40-38.top_left.jpg,/data/d3dbcf42e05429343a8e1a5966e3bcf0/Epson Perfection V850/2026-01-13/2026-01-13_15-40-38/top_left/2026-01-13_15-40-38.top_left.jpg,2026-01-13_15-40-38.top_left.thumb.jpg,16a144e86ca9c5e7bb9b16ddead6411f,top_left,"[22.0, 45.0, 110.0, 135.0]",jpg,3200,0,epsonscan2,esci2:usb:ES00FE:337,Epson Perfection V850,d3dbcf42e05429343a8e1a5966e3bcf0,epsonscan2:Epson Perfection V850::esci2:usb:ES00FE:337,/data,{},DROSO_01_SIM_19_F,crop_2026-01-13_15-40-38.top_left_CROPNUMBER_13_UUID_DROSO_01_SIM_19_F.png,"[5815, 7285, 6178, 7682]",0.9323738813400269,1.0,00_data/01_segmented/crops,00_data/01_segmented/crops/crop_2026-01-13_15-40-38.top_left_CROPNUMBER_13_UUID_DROSO_01_SIM_19_F.json,00_data/02_resized/crops/crop_2026-01-13_15-40-38.top_left_CROPNUMBER_13_UUID_DROSO_01_SIM_19_F.jpg,crops,,00_data/01_segmented/crops/crop_2026-01-13_15-40-38.top_left_CROPNUMBER_13_UUID_DROSO_01_SIM_19_F.png,0.5642317380352645,3.1511875,,81714,5.1483011953125
2026-01-13T15:58:15.447485,/data/d3dbcf42e05429343a8e1a5966e3bcf0/Epson Perfection V850/2026-01-13/2026-01-13_15-58-15/top_right,2026-01-13_15-58-15.top_right.jpg,/data/d3dbcf42e05429343a8e1a5966e3bcf0/Epson Perfection V850/2026-01-13/2026-01-13_15-58-15/top_right/2026-01-13_15-58-15.top_right.jpg,2026-01-13_15-58-15.top_right.thumb.jpg,f4b3f70693284ad9b6a7bd19eb02b3d5,top_right,"[110.5, 45.0, 200.0, 135.0]",jpg,3200,0,epsonscan2,esci2:usb:ES00FE:337,Epson Perfection V850,d3dbcf42e05429343a8e1a5966e3bcf0,epsonscan2:Epson Perfection V850::esci2:usb:ES00FE:337,/data,{},DROSO_04_SIM_19_M,crop_2026-01-13_15-58-15.top_right_CROPNUMBER_1_UUID_DROSO_04_SIM_19_M.png,"[4940, 7070, 5381, 7466]",0.952173352241516,1.0,00_data/01_segmented/crops,00_data/01_segmented/crops/crop_2026-01-13_15-58-15.top_right_CROPNUMBER_1_UUID_DROSO_04_SIM_19_M.json,00_data/02_resized/crops/crop_2026-01-13_15-58-15.top_right_CROPNUMBER_1_UUID_DROSO_04_SIM_19_M.jpg,crops,,00_data/01_segmented/crops/crop_2026-01-13_15-58-15.top_right_CROPNUMBER_1_UUID_DROSO_04_SIM_19_M.png,0.5079365079365079,3.5004375,,80677,5.08296614453125
2026-01-13T16:22:42.229986,/data/d3dbcf42e05429343a8e1a5966e3bcf0/Epson Perfection V850/2026-01-13/2026-01-13_16-22-42/top_left,2026-01-13_16-22-42.top_left.jpg,/data/d3dbcf42e05429343a8e1a5966e3bcf0/Epson Perfection V850/2026-01-13/2026-01-13_16-22-42/top_left/2026-01-13_16-22-42.top_left.jpg,2026-01-13_16-22-42.top_left.thumb.jpg,f331f82ac6dcbf4a1318ddee5307a618,top_left,"[22.0, 45.0, 110.0, 135.0]",jpg,3200,0,epsonscan2,esci2:usb:ES00FE:337,Epson Perfection V850,d3dbcf42e05429343a8e1a5966e3bcf0,epsonscan2:Epson Perfection V850::esci2:usb:ES00FE:337,/data,{},DROSO_03_MEL_19_F,crop_2026-01-13_16-22-42.top_left_CROPNUMBER_22_UUID_DROSO_03_MEL_19_F.png,"[3603, 8884, 4116, 9209]",0.934235692024231,0.6028218259357906,00_data/01_segmented/crops,00_data/01_segmented/crops/crop_2026-01-13_16-22-42.top_left_CROPNUMBER_22_UUID_DROSO_03_MEL_19_F.json,00_data/02_resized/crops/crop_2026-01-13_16-22-42.top_left_CROPNUMBER_22_UUID_DROSO_03_MEL_19_F.jpg,crops,,00_data/01_segmented/crops/crop_2026-01-13_16-22-42.top_left_CROPNUMBER_22_UUID_DROSO_03_MEL_19_F.png,0.43664717348927873,4.0719375,,91210,5.7465862890625
2026-01-13T15:52:35.076944,/data/d3dbcf42e05429343a8e1a5966e3bcf0/Epson Perfection V850/2026-01-13/2026-01-13_15-52-35/top_right,2026-01-13_15-52-35.top_right.jpg,/data/d3dbcf42e05429343a8e1a5966e3bcf0/Epson Perfection V850/2026-01-13/2026-01-13_15-52-35/top_right/2026-01-13_15-52-35.top_right.jpg,2026-01-13_15-52-35.top_right.thumb.jpg,21ba2cf23da353b8d840e52696871b60,top_right,"[110.5, 45.0, 200.0, 135.0]",jpg,3200,0,epsonscan2,esci2:usb:ES00FE:337,Epson Perfection V850,d3dbcf42e05429343a8e1a5966e3bcf0,epsonscan2:Epson Perfection V850::esci2:usb:ES00FE:337,/data,{},DROSO_03_SIM_19_M,crop_2026-01-13_15-52-35.top_right_CROPNUMBER_14_UUID_DROSO_03_SIM_19_M.png,"[6397, 6817, 6825, 7255]",0.9336268901824952,0.6027106630904797,00_data/01_segmented/crops,00_data/01_segmented/crops/crop_2026-01-13_15-52-35.top_right_CROPNUMBER_14_UUID_DROSO_03_SIM_19_M.json,00_data/02_resized/crops/crop_2026-01-13_15-52-35.top_right_CROPNUMBER_14_UUID_DROSO_03_SIM_19_M.jpg,crops,,00_data/01_segmented/crops/crop_2026-01-13_15-52-35.top_right_CROPNUMBER_14_UUID_DROSO_03_SIM_19_M.png,0.5114155251141552,3.476625,,88311,5.56393796484375
2026-01-13T15:52:35.076944,/data/d3dbcf42e05429343a8e1a5966e3bcf0/Epson Perfection V850/2026-01-13/2026-01-13_15-52-35/top_right,2026-01-13_15-52-35.top_right.jpg,/data/d3dbcf42e05429343a8e1a5966e3bcf0/Epson Perfection V850/2026-01-13/2026-01-13_15-52-35/top_right/2026-01-13_15-52-35.top_right.jpg,2026-01-13_15-52-35.top_right.thumb.jpg,21ba2cf23da353b8d840e52696871b60,top_right,"[110.5, 45.0, 200.0, 135.0]",jpg,3200,0,epsonscan2,esci2:usb:ES00FE:337,Epson Perfection V850,d3dbcf42e05429343a8e1a5966e3bcf0,epsonscan2:Epson Perfection V850::esci2:usb:ES00FE:337,/data,{},DROSO_03_SIM_19_M,crop_2026-01-13_15-52-35.top_right_CROPNUMBER_25_UUID_DROSO_03_SIM_19_M.png,"[126, 4800, 205, 4972]",0.3190741539001465,1.0,00_data/01_segmented/crops,00_data/01_segmented/crops/crop_2026-01-13_15-52-35.top_right_CROPNUMBER_25_UUID_DROSO_03_SIM_19_M.json,00_data/02_resized/crops/crop_2026-01-13_15-52-35.top_right_CROPNUMBER_25_UUID_DROSO_03_SIM_19_M.jpg,crops,,00_data/01_segmented/crops/crop_2026-01-13_15-52-35.top_right_CROPNUMBER_25_UUID_DROSO_03_SIM_19_M.png,1.302325581395349,1.3652499999999999,,6667,0.42004704296875
2026-01-13T16:22:42.229986,/data/d3dbcf42e05429343a8e1a5966e3bcf0/Epson Perfection V850/2026-01-13/2026-01-13_16-22-42/top_right,2026-01-13_16-22-42.top_right.jpg,/data/d3dbcf42e05429343a8e1a5966e3bcf0/Epson Perfection V850/2026-01-13/2026-01-13_16-22-42/top_right/2026-01-13_16-22-42.top_right.jpg,2026-01-13_16-22-42.top_right.thumb.jpg,a62b428f433471233371d44992128bb0,top_right,"[110.5, 45.0, 200.0, 135.0]",jpg,3200,0,epsonscan2,esci2:usb:ES00FE:337,Epson Perfection V850,d3dbcf42e05429343a8e1a5966e3bcf0,epsonscan2:Epson Perfection V850::esci2:usb:ES00FE:337,/data,{},DROSO_03_MEL_19_M,crop_2026-01-13_16-22-42.top_right_CROPNUMBER_31_UUID_DROSO_03_MEL_19_M.png,"[1451, 7064, 1779, 7492]",0.926387369632721,1.0,00_data/01_segmented/crops,00_data/01_segmented/crops/crop_2026-01-13_16-22-42.top_right_CROPNUMBER_31_UUID_DROSO_03_MEL_19_M.json,00_data/02_resized/crops/crop_2026-01-13_16-22-42.top_right_CROPNUMBER_31_UUID_DROSO_03_MEL_19_M.jpg,crops,,00_data/01_segmented/crops/crop_2026-01-13_16-22-42.top_right_CROPNUMBER_31_UUID_DROSO_03_MEL_19_M.png,0.5233644859813084,3.39725,,68549,4.31885476953125
2026-01-13T16:09:56.394761,/data/d3dbcf42e05429343a8e1a5966e3bcf0/Epson Perfection V850/2026-01-13/2026-01-13_16-09-56/top_right,2026-01-13_16-09-56.top_right.jpg,/data/d3dbcf42e05429343a8e1a5966e3bcf0/Epson Perfection V850/2026-01-13/2026-01-13_16-09-56/top_right/2026-01-13_16-09-56.top_right.jpg,2026-01-13_16-09-56.top_right.thumb.jpg,aee7ff74e98fd3cb0d78628f63d1119f,top_right,"[110.5, 45.0, 200.0, 135.0]",jpg,3200,0,epsonscan2,esci2:usb:ES00FE:337,Epson Perfection V850,d3dbcf42e05429343a8e1a5966e3bcf0,epsonscan2:Epson Perfection V850::esci2:usb:ES00FE:337,/data,{},DROSO_01_MEL_19_M,crop_2026-01-13_16-09-56.top_right_CROPNUMBER_27_UUID_DROSO_01_MEL_19_M.png,"[3126, 8090, 3582, 8409]",0.9395503401756288,1.0,00_data/01_segmented/crops,00_data/01_segmented/crops/crop_2026-01-13_16-09-56.top_right_CROPNUMBER_27_UUID_DROSO_01_MEL_19_M.json,00_data/02_resized/crops/crop_2026-01-13_16-09-56.top_right_CROPNUMBER_27_UUID_DROSO_01_MEL_19_M.jpg,crops,,00_data/01_segmented/crops/crop_2026-01-13_16-09-56.top_right_CROPNUMBER_27_UUID_DROSO_01_MEL_19_M.png,0.49122807017543857,3.6194999999999995,,72916,4.593992828125001
2026-01-13T16:09:56.394761,/data/d3dbcf42e05429343a8e1a5966e3bcf0/Epson Perfection V850/2026-01-13/2026-01-13_16-09-56/top_left,2026-01-13_16-09-56.top_left.jpg,/data/d3dbcf42e05429343a8e1a5966e3bcf0/Epson Perfection V850/2026-01-13/2026-01-13_16-09-56/top_left/2026-01-13_16-09-56.top_left.jpg,2026-01-13_16-09-56.top_left.thumb.jpg,788d0971822fc839506e3180de7f3b36,top_left,"[22.0, 45.0, 110.0, 135.0]",jpg,3200,0,epsonscan2,esci2:usb:ES00FE:337,Epson Perfection V850,d3dbcf42e05429343a8e1a5966e3bcf0,epsonscan2:Epson Perfection V850::esci2:usb:ES00FE:337,/data,{},DROSO_01_MEL_19_F,crop_2026-01-13_16-09-56.top_left_CROPNUMBER_19_UUID_DROSO_01_MEL_19_F.png,"[4824, 6500, 5151, 6999]",0.9403238296508788,1.0,00_data/01_segmented/crops,00_data/01_segmented/crops/crop_2026-01-13_16-09-56.top_left_CROPNUMBER_19_UUID_DROSO_01_MEL_19_F.json,00_data/02_resized/crops/crop_2026-01-13_16-09-56.top_left_CROPNUMBER_19_UUID_DROSO_01_MEL_19_F.jpg,crops,,00_data/01_segmented/crops/crop_2026-01-13_16-09-56.top_left_CROPNUMBER_19_UUID_DROSO_01_MEL_19_F.png,0.44889779559118237,3.9608125,,82504,5.19807428125
2026-01-13T15:40:38.651010,/data/d3dbcf42e05429343a8e1a5966e3bcf0/Epson Perfection V850/2026-01-13/2026-01-13_15-40-38/top_left,2026-01-13_15-40-38.top_left.jpg,/data/d3dbcf42e05429343a8e1a5966e3bcf0/Epson Perfection V850/2026-01-13/2026-01-13_15-40-38/top_left/2026-01-13_15-40-38.top_left.jpg,2026-01-13_15-40-38.top_left.thumb.jpg,16a144e86ca9c5e7bb9b16ddead6411f,top_left,"[22.0, 45.0, 110.0, 135.0]",jpg,3200,0,epsonscan2,esci2:usb:ES00FE:337,Epson Perfection V850,d3dbcf42e05429343a8e1a5966e3bcf0,epsonscan2:Epson Perfection V850::esci2:usb:ES00FE:337,/data,{},DROSO_01_SIM_19_F,crop_2026-01-13_15-40-38.top_left_CROPNUMBER_5_UUID_DROSO_01_SIM_19_F.png,"[7709, 7935, 8183, 8394]",0.9424812197685242,1.0,00_data/01_segmented/crops,00_data/01_segmented/crops/crop_2026-01-13_15-40-38.top_left_CROPNUMBER_5_UUID_DROSO_01_SIM_19_F.json,00_data/02_resized/crops/crop_2026-01-13_15-40-38.top_left_CROPNUMBER_5_UUID_DROSO_01_SIM_19_F.jpg,crops,,00_data/01_segmented/crops/crop_2026-01-13_15-40-38.top_left_CROPNUMBER_5_UUID_DROSO_01_SIM_19_F.png,0.47257383966244726,3.762375,,100382,6.3244581171875005
2026-01-13T15:58:15.447485,/data/d3dbcf42e05429343a8e1a5966e3bcf0/Epson Perfection V850/2026-01-13/2026-01-13_15-58-15/top_left,2026-01-13_15-58-15.top_left.jpg,/data/d3dbcf42e05429343a8e1a5966e3bcf0/Epson Perfection V850/2026-01-13/2026-01-13_15-58-15/top_left/2026-01-13_15-58-15.top_left.jpg,2026-01-13_15-58-15.top_left.thumb.jpg,06b4b76a8baf9e9d6a949609e6c4b9d4,top_left,"[22.0, 45.0, 110.0, 135.0]",jpg,3200,0,epsonscan2,esci2:usb:ES00FE:337,Epson Perfection V850,d3dbcf42e05429343a8e1a5966e3bcf0,epsonscan2:Epson Perfection V850::esci2:usb:ES00FE:337,/data,{},DROSO_04_SIM_19_F,crop_2026-01-13_15-58-15.top_left_CROPNUMBER_14_UUID_DROSO_04_SIM_19_F.png,"[4905, 6638, 5375, 7042]",0.9353373050689696,0.6028218259357906,00_data/01_segmented/crops,00_data/01_segmented/crops/crop_2026-01-13_15-58-15.top_left_CROPNUMBER_14_UUID_DROSO_04_SIM_19_F.json,00_data/02_resized/crops/crop_2026-01-13_15-58-15.top_left_CROPNUMBER_14_UUID_DROSO_04_SIM_19_F.jpg,crops,,00_data/01_segmented/crops/crop_2026-01-13_15-58-15.top_left_CROPNUMBER_14_UUID_DROSO_04_SIM_19_F.png,0.4765957446808511,3.730625,,85567,5.39105524609375
2026-01-13T16:17:02.422812,/data/d3dbcf42e05429343a8e1a5966e3bcf0/Epson Perfection V850/2026-01-13/2026-01-13_16-17-02/top_left,2026-01-13_16-17-02.top_left.jpg,/data/d3dbcf42e05429343a8e1a5966e3bcf0/Epson Perfection V850/2026-01-13/2026-01-13_16-17-02/top_left/2026-01-13_16-17-02.top_left.jpg,2026-01-13_16-17-02.top_left.thumb.jpg,73a37d7ec44337a23e2a64e1230cb14f,top_left,"[22.0, 45.0, 110.0, 135.0]",jpg,3200,0,epsonscan2,esci2:usb:ES00FE:337,Epson Perfection V850,d3dbcf42e05429343a8e1a5966e3bcf0,epsonscan2:Epson Perfection V850::esci2:usb:ES00FE:337,/data,{},DROSO_02_MEL_19_F,crop_2026-01-13_16-17-02.top_left_CROPNUMBER_23_UUID_DROSO_02_MEL_19_F.png,"[7033, 5642, 7663, 6039]",0.934637188911438,0.4017623182952236,00_data/01_segmented/crops,00_data/01_segmented/crops/crop_2026-01-13_16-17-02.top_left_CROPNUMBER_23_UUID_DROSO_02_MEL_19_F.json,00_data/02_resized/crops/crop_2026-01-13_16-17-02.top_left_CROPNUMBER_23_UUID_DROSO_02_MEL_19_F.jpg,crops,,00_data/01_segmented/crops/crop_2026-01-13_16-17-02.top_left_CROPNUMBER_23_UUID_DROSO_02_MEL_19_F.png,0.35555555555555557,5.000624999999999,,125941,7.934774957031251
2026-01-13T15:58:15.447485,/data/d3dbcf42e05429343a8e1a5966e3bcf0/Epson Perfection V850/2026-01-13/2026-01-13_15-58-15/top_left,2026-01-13_15-58-15.top_left.jpg,/data/d3dbcf42e05429343a8e1a5966e3bcf0/Epson Perfection V850/2026-01-13/2026-01-13_15-58-15/top_left/2026-01-13_15-58-15.top_left.jpg,2026-01-13_15-58-15.top_left.thumb.jpg,06b4b76a8baf9e9d6a949609e6c4b9d4,top_left,"[22.0, 45.0, 110.0, 135.0]",jpg,3200,0,epsonscan2,esci2:usb:ES00FE:337,Epson Perfection V850,d3dbcf42e05429343a8e1a5966e3bcf0,epsonscan2:Epson Perfection V850::esci2:usb:ES00FE:337,/data,{},DROSO_04_SIM_19_F,crop_2026-01-13_15-58-15.top_left_CROPNUMBER_20_UUID_DROSO_04_SIM_19_F.png,"[2926, 8285, 3240, 8738]",0.9299436807632446,1.0,00_data/01_segmented/crops,00_data/01_segmented/crops/crop_2026-01-13_15-58-15.top_left_CROPNUMBER_20_UUID_DROSO_04_SIM_19_F.json,00_data/02_resized/crops/crop_2026-01-13_15-58-15.top_left_CROPNUMBER_20_UUID_DROSO_04_SIM_19_F.jpg,crops,,00_data/01_segmented/crops/crop_2026-01-13_15-58-15.top_left_CROPNUMBER_20_UUID_DROSO_04_SIM_19_F.png,0.49448123620309054,3.5956875,,73679,4.642064808593751
2026-01-13T15:52:35.076944,/data/d3dbcf42e05429343a8e1a5966e3bcf0/Epson Perfection V850/2026-01-13/2026-01-13_15-52-35/top_right,2026-01-13_15-52-35.top_right.jpg,/data/d3dbcf42e05429343a8e1a5966e3bcf0/Epson Perfection V850/2026-01-13/2026-01-13_15-52-35/top_right/2026-01-13_15-52-35.top_right.jpg,2026-01-13_15-52-35.top_right.thumb.jpg,21ba2cf23da353b8d840e52696871b60,top_right,"[110.5, 45.0, 200.0, 135.0]",jpg,3200,0,epsonscan2,esci2:usb:ES00FE:337,Epson Perfection V850,d3dbcf42e05429343a8e1a5966e3bcf0,epsonscan2:Epson Perfection V850::esci2:usb:ES00FE:337,/data,{},DROSO_03_SIM_19_M,crop_2026-01-13_15-52-35.top_right_CROPNUMBER_4_UUID_DROSO_03_SIM_19_M.png,"[5113, 7540, 5535, 7884]",0.9422834515571594,1.0,00_data/01_segmented/crops,00_data/01_segmented/crops/crop_2026-01-13_15-52-35.top_right_CROPNUMBER_4_UUID_DROSO_03_SIM_19_M.json,00_data/02_resized/crops/crop_2026-01-13_15-52-35.top_right_CROPNUMBER_4_UUID_DROSO_03_SIM_19_M.jpg,crops,,00_data/01_segmented/crops/crop_2026-01-13_15-52-35.top_right_CROPNUMBER_4_UUID_DROSO_03_SIM_19_M.png,0.5308056872037915,3.3496249999999996,,69745,4.39420744140625
2026-01-13T16:22:42.229986,/data/d3dbcf42e05429343a8e1a5966e3bcf0/Epson Perfection V850/2026-01-13/2026-01-13_16-22-42/top_right,2026-01-13_16-22-42.top_right.jpg,/data/d3dbcf42e05429343a8e1a5966e3bcf0/Epson Perfection V850/2026-01-13/2026-01-13_16-22-42/top_right/2026-01-13_16-22-42.top_right.jpg,2026-01-13_16-22-42.top_right.thumb.jpg,a62b428f433471233371d44992128bb0,top_right,"[110.5, 45.0, 200.0, 135.0]",jpg,3200,0,epsonscan2,esci2:usb:ES00FE:337,Epson Perfection V850,d3dbcf42e05429343a8e1a5966e3bcf0,epsonscan2:Epson Perfection V850::esci2:usb:ES00FE:337,/data,{},DROSO_03_MEL_19_M,crop_2026-01-13_16-22-42.top_right_CROPNUMBER_16_UUID_DROSO_03_MEL_19_M.png,"[5501, 5833, 5961, 6158]",0.9350985288619996,0.6027106630904797,00_data/01_segmented/crops,00_data/01_segmented/crops/crop_2026-01-13_16-22-42.top_right_CROPNUMBER_16_UUID_DROSO_03_MEL_19_M.json,00_data/02_resized/crops/crop_2026-01-13_16-22-42.top_right_CROPNUMBER_16_UUID_DROSO_03_MEL_19_M.jpg,crops,,00_data/01_segmented/crops/crop_2026-01-13_16-22-42.top_right_CROPNUMBER_16_UUID_DROSO_03_MEL_19_M.png,0.48695652173913045,3.6512499999999997,,76440,4.81601859375
2026-01-13T15:52:35.076944,/data/d3dbcf42e05429343a8e1a5966e3bcf0/Epson Perfection V850/2026-01-13/2026-01-13_15-52-35/top_right,2026-01-13_15-52-35.top_right.jpg,/data/d3dbcf42e05429343a8e1a5966e3bcf0/Epson Perfection V850/2026-01-13/2026-01-13_15-52-35/top_right/2026-01-13_15-52-35.top_right.jpg,2026-01-13_15-52-35.top_right.thumb.jpg,21ba2cf23da353b8d840e52696871b60,top_right,"[110.5, 45.0, 200.0, 135.0]",jpg,3200,0,epsonscan2,esci2:usb:ES00FE:337,Epson Perfection V850,d3dbcf42e05429343a8e1a5966e3bcf0,epsonscan2:Epson Perfection V850::esci2:usb:ES00FE:337,/data,{},DROSO_03_SIM_19_M,crop_2026-01-13_15-52-35.top_right_CROPNUMBER_5_UUID_DROSO_03_SIM_19_M.png,"[4020, 8311, 4306, 8756]",0.940577507019043,0.6027106630904797,00_data/01_segmented/crops,00_data/01_segmented/crops/crop_2026-01-13_15-52-35.top_right_CROPNUMBER_5_UUID_DROSO_03_SIM_19_M.json,00_data/02_resized/crops/crop_2026-01-13_15-52-35.top_right_CROPNUMBER_5_UUID_DROSO_03_SIM_19_M.jpg,crops,,00_data/01_segmented/crops/crop_2026-01-13_15-52-35.top_right_CROPNUMBER_5_UUID_DROSO_03_SIM_19_M.png,0.503370786516854,3.5321875,,75255,4.741358964843751
2026-01-13T15:58:15.447485,/data/d3dbcf42e05429343a8e1a5966e3bcf0/Epson Perfection V850/2026-01-13/2026-01-13_15-58-15/top_right,2026-01-13_15-58-15.top_right.jpg,/data/d3dbcf42e05429343a8e1a5966e3bcf0/Epson Perfection V850/2026-01-13/2026-01-13_15-58-15/top_right/2026-01-13_15-58-15.top_right.jpg,2026-01-13_15-58-15.top_right.thumb.jpg,f4b3f70693284ad9b6a7bd19eb02b3d5,top_right,"[110.5, 45.0, 200.0, 135.0]",jpg,3200,0,epsonscan2,esci2:usb:ES00FE:337,Epson Perfection V850,d3dbcf42e05429343a8e1a5966e3bcf0,epsonscan2:Epson Perfection V850::esci2:usb:ES00FE:337,/data,{},DROSO_04_SIM_19_M,crop_2026-01-13_15-58-15.top_right_CROPNUMBER_6_UUID_DROSO_04_SIM_19_M.png,"[7195, 8262, 7610, 8671]",0.947885036468506,1.0,00_data/01_segmented/crops,00_data/01_segmented/crops/crop_2026-01-13_15-58-15.top_right_CROPNUMBER_6_UUID_DROSO_04_SIM_19_M.json,00_data/02_resized/crops/crop_2026-01-13_15-58-15.top_right_CROPNUMBER_6_UUID_DROSO_04_SIM_19_M.jpg,crops,,00_data/01_segmented/crops/crop_2026-01-13_15-58-15.top_right_CROPNUMBER_6_UUID_DROSO_04_SIM_19_M.png,0.5397590361445783,3.2940625,,77296,4.8699499375
2026-01-13T15:58:15.447485,/data/d3dbcf42e05429343a8e1a5966e3bcf0/Epson Perfection V850/2026-01-13/2026-01-13_15-58-15/top_right,2026-01-13_15-58-15.top_right.jpg,/data/d3dbcf42e05429343a8e1a5966e3bcf0/Epson Perfection V850/2026-01-13/2026-01-13_15-58-15/top_right/2026-01-13_15-58-15.top_right.jpg,2026-01-13_15-58-15.top_right.thumb.jpg,f4b3f70693284ad9b6a7bd19eb02b3d5,top_right,"[110.5, 45.0, 200.0, 135.0]",jpg,3200,0,epsonscan2,esci2:usb:ES00FE:337,Epson Perfection V850,d3dbcf42e05429343a8e1a5966e3bcf0,epsonscan2:Epson Perfection V850::esci2:usb:ES00FE:337,/data,{},DROSO_04_SIM_19_M,crop_2026-01-13_15-58-15.top_right_CROPNUMBER_18_UUID_DROSO_04_SIM_19_M.png,"[5088, 8832, 5632, 9192]",0.9338322877883912,0.6027106630904797,00_data/01_segmented/crops,00_data/01_segmented/crops/crop_2026-01-13_15-58-15.top_right_CROPNUMBER_18_UUID_DROSO_04_SIM_19_M.json,00_data/02_resized/crops/crop_2026-01-13_15-58-15.top_right_CROPNUMBER_18_UUID_DROSO_04_SIM_19_M.jpg,crops,,00_data/01_segmented/crops/crop_2026-01-13_15-58-15.top_right_CROPNUMBER_18_UUID_DROSO_04_SIM_19_M.png,0.4117647058823529,4.3180000000000005,,86340,5.439757265625
2026-01-13T15:58:15.447485,/data/d3dbcf42e05429343a8e1a5966e3bcf0/Epson Perfection V850/2026-01-13/2026-01-13_15-58-15/top_left,2026-01-13_15-58-15.top_left.jpg,/data/d3dbcf42e05429343a8e1a5966e3bcf0/Epson Perfection V850/2026-01-13/2026-01-13_15-58-15/top_left/2026-01-13_15-58-15.top_left.jpg,2026-01-13_15-58-15.top_left.thumb.jpg,06b4b76a8baf9e9d6a949609e6c4b9d4,top_left,"[22.0, 45.0, 110.0, 135.0]",jpg,3200,0,epsonscan2,esci2:usb:ES00FE:337,Epson Perfection V850,d3dbcf42e05429343a8e1a5966e3bcf0,epsonscan2:Epson Perfection V850::esci2:usb:ES00FE:337,/data,{},DROSO_04_SIM_19_F,crop_2026-01-13_15-58-15.top_left_CROPNUMBER_18_UUID_DROSO_04_SIM_19_F.png,"[4039, 8971, 4395, 9421]",0.9310146570205688,1.0,00_data/01_segmented/crops,00_data/01_segmented/crops/crop_2026-01-13_15-58-15.top_left_CROPNUMBER_18_UUID_DROSO_04_SIM_19_F.json,00_data/02_resized/crops/crop_2026-01-13_15-58-15.top_left_CROPNUMBER_18_UUID_DROSO_04_SIM_19_F.jpg,crops,,00_data/01_segmented/crops/crop_2026-01-13_15-58-15.top_left_CROPNUMBER_18_UUID_DROSO_04_SIM_19_F.png,0.49777777777777776,3.571875,,78291,4.93263882421875
2026-01-13T16:04:10.629205,/data/d3dbcf42e05429343a8e1a5966e3bcf0/Epson Perfection V850/2026-01-13/2026-01-13_16-04-10/top_right,2026-01-13_16-04-10.top_right.jpg,/data/d3dbcf42e05429343a8e1a5966e3bcf0/Epson Perfection V850/2026-01-13/2026-01-13_16-04-10/top_right/2026-01-13_16-04-10.top_right.jpg,2026-01-13_16-04-10.top_right.thumb.jpg,3126fa75aee2fe2913a08ebebfa0ed4f,top_right,"[110.5, 45.0, 200.0, 135.0]",jpg,3200,0,epsonscan2,esci2:usb:ES00FE:337,Epson Perfection V850,d3dbcf42e05429343a8e1a5966e3bcf0,epsonscan2:Epson Perfection V850::esci2:usb:ES00FE:337,/data,{},DROSO_05_SIM_19_M,crop_2026-01-13_16-04-10.top_right_CROPNUMBER_8_UUID_DROSO_05_SIM_19_M.png,"[2776, 8136, 3094, 8562]",0.937239110469818,0.6027106630904797,00_data/01_segmented/crops,00_data/01_segmented/crops/crop_2026-01-13_16-04-10.top_right_CROPNUMBER_8_UUID_DROSO_05_SIM_19_M.json,00_data/02_resized/crops/crop_2026-01-13_16-04-10.top_right_CROPNUMBER_8_UUID_DROSO_05_SIM_19_M.jpg,crops,,00_data/01_segmented/crops/crop_2026-01-13_16-04-10.top_right_CROPNUMBER_8_UUID_DROSO_05_SIM_19_M.png,0.5258215962441315,3.381375,,71943,4.53269002734375
2026-01-13T15:52:35.076944,/data/d3dbcf42e05429343a8e1a5966e3bcf0/Epson Perfection V850/2026-01-13/2026-01-13_15-52-35/top_left,2026-01-13_15-52-35.top_left.jpg,/data/d3dbcf42e05429343a8e1a5966e3bcf0/Epson Perfection V850/2026-01-13/2026-01-13_15-52-35/top_left/2026-01-13_15-52-35.top_left.jpg,2026-01-13_15-52-35.top_left.thumb.jpg,c96bd3e091dcefbdce757afd0a69dc15,top_left,"[22.0, 45.0, 110.0, 135.0]",jpg,3200,0,epsonscan2,esci2:usb:ES00FE:337,Epson Perfection V850,d3dbcf42e05429343a8e1a5966e3bcf0,epsonscan2:Epson Perfection V850::esci2:usb:ES00FE:337,/data,{},DROSO_03_SIM_19_F,crop_2026-01-13_15-52-35.top_left_CROPNUMBER_15_UUID_DROSO_03_SIM_19_F.png,"[5697, 9366, 5954, 9861]",0.9196816682815552,1.0,00_data/01_segmented/crops,00_data/01_segmented/crops/crop_2026-01-13_15-52-35.top_left_CROPNUMBER_15_UUID_DROSO_03_SIM_19_F.json,00_data/02_resized/crops/crop_2026-01-13_15-52-35.top_left_CROPNUMBER_15_UUID_DROSO_03_SIM_19_F.jpg,crops,,00_data/01_segmented/crops/crop_2026-01-13_15-52-35.top_left_CROPNUMBER_15_UUID_DROSO_03_SIM_19_F.png,0.45252525252525255,3.9290624999999992,,76636,4.828367359375
2026-01-13T16:17:02.422812,/data/d3dbcf42e05429343a8e1a5966e3bcf0/Epson Perfection V850/2026-01-13/2026-01-13_16-17-02/top_left,2026-01-13_16-17-02.top_left.jpg,/data/d3dbcf42e05429343a8e1a5966e3bcf0/Epson Perfection V850/2026-01-13/2026-01-13_16-17-02/top_left/2026-01-13_16-17-02.top_left.jpg,2026-01-13_16-17-02.top_left.thumb.jpg,73a37d7ec44337a23e2a64e1230cb14f,top_left,"[22.0, 45.0, 110.0, 135.0]",jpg,3200,0,epsonscan2,esci2:usb:ES00FE:337,Epson Perfection V850,d3dbcf42e05429343a8e1a5966e3bcf0,epsonscan2:Epson Perfection V850::esci2:usb:ES00FE:337,/data,{},DROSO_02_MEL_19_F,crop_2026-01-13_16-17-02.top_left_CROPNUMBER_27_UUID_DROSO_02_MEL_19_F.png,"[6154, 5704, 6621, 6024]",0.9293562173843384,1.0,00_data/01_segmented/crops,00_data/01_segmented/crops/crop_2026-01-13_16-17-02.top_left_CROPNUMBER_27_UUID_DROSO_02_MEL_19_F.json,00_data/02_resized/crops/crop_2026-01-13_16-17-02.top_left_CROPNUMBER_27_UUID_DROSO_02_MEL_19_F.jpg,crops,,00_data/01_segmented/crops/crop_2026-01-13_16-17-02.top_left_CROPNUMBER_27_UUID_DROSO_02_MEL_19_F.png,0.4796573875802998,3.7068125,,82622,5.2055087421875
2026-01-13T16:17:02.422812,/data/d3dbcf42e05429343a8e1a5966e3bcf0/Epson Perfection V850/2026-01-13/2026-01-13_16-17-02/top_left,2026-01-13_16-17-02.top_left.jpg,/data/d3dbcf42e05429343a8e1a5966e3bcf0/Epson Perfection V850/2026-01-13/2026-01-13_16-17-02/top_left/2026-01-13_16-17-02.top_left.jpg,2026-01-13_16-17-02.top_left.thumb.jpg,73a37d7ec44337a23e2a64e1230cb14f,top_left,"[22.0, 45.0, 110.0, 135.0]",jpg,3200,0,epsonscan2,esci2:usb:ES00FE:337,Epson Perfection V850,d3dbcf42e05429343a8e1a5966e3bcf0,epsonscan2:Epson Perfection V850::esci2:usb:ES00FE:337,/data,{},DROSO_02_MEL_19_F,crop_2026-01-13_16-17-02.top_left_CROPNUMBER_26_UUID_DROSO_02_MEL_19_F.png,"[3491, 5597, 4030, 5939]",0.9304237961769104,0.6028218259357906,00_data/01_segmented/crops,00_data/01_segmented/crops/crop_2026-01-13_16-17-02.top_left_CROPNUMBER_26_UUID_DROSO_02_MEL_19_F.json,00_data/02_resized/crops/crop_2026-01-13_16-17-02.top_left_CROPNUMBER_26_UUID_DROSO_02_MEL_19_F.jpg,crops,,00_data/01_segmented/crops/crop_2026-01-13_16-17-02.top_left_CROPNUMBER_26_UUID_DROSO_02_MEL_19_F.png,0.4155844155844156,4.278312499999999,,98963,6.235055574218751
2026-01-13T15:52:35.076944,/data/d3dbcf42e05429343a8e1a5966e3bcf0/Epson Perfection V850/2026-01-13/2026-01-13_15-52-35/top_left,2026-01-13_15-52-35.top_left.jpg,/data/d3dbcf42e05429343a8e1a5966e3bcf0/Epson Perfection V850/2026-01-13/2026-01-13_15-52-35/top_left/2026-01-13_15-52-35.top_left.jpg,2026-01-13_15-52-35.top_left.thumb.jpg,c96bd3e091dcefbdce757afd0a69dc15,top_left,"[22.0, 45.0, 110.0, 135.0]",jpg,3200,0,epsonscan2,esci2:usb:ES00FE:337,Epson Perfection V850,d3dbcf42e05429343a8e1a5966e3bcf0,epsonscan2:Epson Perfection V850::esci2:usb:ES00FE:337,/data,{},DROSO_03_SIM_19_F,crop_2026-01-13_15-52-35.top_left_CROPNUMBER_16_UUID_DROSO_03_SIM_19_F.png,"[549, 5566, 999, 5871]",0.7831794023513794,1.0,00_data/01_segmented/crops,00_data/01_segmented/crops/crop_2026-01-13_15-52-35.top_left_CROPNUMBER_16_UUID_DROSO_03_SIM_19_F.json,00_data/02_resized/crops/crop_2026-01-13_15-52-35.top_left_CROPNUMBER_16_UUID_DROSO_03_SIM_19_F.jpg,crops,,00_data/01_segmented/crops/crop_2026-01-13_15-52-35.top_left_CROPNUMBER_16_UUID_DROSO_03_SIM_19_F.png,0.49777777777777776,3.571875,,73806,4.6500663046875
2026-01-13T15:46:54.437940,/data/d3dbcf42e05429343a8e1a5966e3bcf0/Epson Perfection V850/2026-01-13/2026-01-13_15-46-54/top_right,2026-01-13_15-46-54.top_right.jpg,/data/d3dbcf42e05429343a8e1a5966e3bcf0/Epson Perfection V850/2026-01-13/2026-01-13_15-46-54/top_right/2026-01-13_15-46-54.top_right.jpg,2026-01-13_15-46-54.top_right.thumb.jpg,8cfcebfb20b3b3b2bc86ba50975b08d9,top_right,"[110.5, 45.0, 200.0, 135.0]",jpg,3200,0,epsonscan2,esci2:usb:ES00FE:337,Epson Perfection V850,d3dbcf42e05429343a8e1a5966e3bcf0,epsonscan2:Epson Perfection V850::esci2:usb:ES00FE:337,/data,{},DROSO_02_SIM_19_M,crop_2026-01-13_15-46-54.top_right_CROPNUMBER_10_UUID_DROSO_02_SIM_19_M.png,"[3456, 6314, 3887, 6708]",0.9387298226356506,1.0,00_data/01_segmented/crops,00_data/01_segmented/crops/crop_2026-01-13_15-46-54.top_right_CROPNUMBER_10_UUID_DROSO_02_SIM_19_M.json,00_data/02_resized/crops/crop_2026-01-13_15-46-54.top_right_CROPNUMBER_10_UUID_DROSO_02_SIM_19_M.jpg,crops,,00_data/01_segmented/crops/crop_2026-01-13_15-46-54.top_right_CROPNUMBER_10_UUID_DROSO_02_SIM_19_M.png,0.5197215777262181,3.4210624999999997,,78549,4.94889383203125
2026-01-13T16:17:02.422812,/data/d3dbcf42e05429343a8e1a5966e3bcf0/Epson Perfection V850/2026-01-13/2026-01-13_16-17-02/top_right,2026-01-13_16-17-02.top_right.jpg,/data/d3dbcf42e05429343a8e1a5966e3bcf0/Epson Perfection V850/2026-01-13/2026-01-13_16-17-02/top_right/2026-01-13_16-17-02.top_right.jpg,2026-01-13_16-17-02.top_right.thumb.jpg,dba0ed76fe036a6b6c2f125e044f31c3,top_right,"[110.5, 45.0, 200.0, 135.0]",jpg,3200,0,epsonscan2,esci2:usb:ES00FE:337,Epson Perfection V850,d3dbcf42e05429343a8e1a5966e3bcf0,epsonscan2:Epson Perfection V850::esci2:usb:ES00FE:337,/data,{},DROSO_02_MEL_19_M,crop_2026-01-13_16-17-02.top_right_CROPNUMBER_10_UUID_DROSO_02_MEL_19_M.png,"[7253, 7061, 7585, 7514]",0.9423909187316896,1.0,00_data/01_segmented/crops,00_data/01_segmented/crops/crop_2026-01-13_16-17-02.top_right_CROPNUMBER_10_UUID_DROSO_02_MEL_19_M.json,00_data/02_resized/crops/crop_2026-01-13_16-17-02.top_right_CROPNUMBER_10_UUID_DROSO_02_MEL_19_M.jpg,crops,,00_data/01_segmented/crops/crop_2026-01-13_16-17-02.top_right_CROPNUMBER_10_UUID_DROSO_02_MEL_19_M.png,0.49448123620309054,3.5956875,,72390,4.5608527734375
2026-01-13T16:17:02.422812,/data/d3dbcf42e05429343a8e1a5966e3bcf0/Epson Perfection V850/2026-01-13/2026-01-13_16-17-02/top_left,2026-01-13_16-17-02.top_left.jpg,/data/d3dbcf42e05429343a8e1a5966e3bcf0/Epson Perfection V850/2026-01-13/2026-01-13_16-17-02/top_left/2026-01-13_16-17-02.top_left.jpg,2026-01-13_16-17-02.top_left.thumb.jpg,73a37d7ec44337a23e2a64e1230cb14f,top_left,"[22.0, 45.0, 110.0, 135.0]",jpg,3200,0,epsonscan2,esci2:usb:ES00FE:337,Epson Perfection V850,d3dbcf42e05429343a8e1a5966e3bcf0,epsonscan2:Epson Perfection V850::esci2:usb:ES00FE:337,/data,{},DROSO_02_MEL_19_F,crop_2026-01-13_16-17-02.top_left_CROPNUMBER_9_UUID_DROSO_02_MEL_19_F.png,"[2761, 5096, 3321, 5593]",0.942323923110962,0.6028218259357906,00_data/01_segmented/crops,00_data/01_segmented/crops/crop_2026-01-13_16-17-02.top_left_CROPNUMBER_9_UUID_DROSO_02_MEL_19_F.json,00_data/02_resized/crops/crop_2026-01-13_16-17-02.top_left_CROPNUMBER_9_UUID_DROSO_02_MEL_19_F.jpg,crops,,00_data/01_segmented/crops/crop_2026-01-13_16-17-02.top_left_CROPNUMBER_9_UUID_DROSO_02_MEL_19_F.png,0.4,4.444999999999999,,125046,7.8783864609375005
2026-01-13T16:17:02.422812,/data/d3dbcf42e05429343a8e1a5966e3bcf0/Epson Perfection V850/2026-01-13/2026-01-13_16-17-02/top_left,2026-01-13_16-17-02.top_left.jpg,/data/d3dbcf42e05429343a8e1a5966e3bcf0/Epson Perfection V850/2026-01-13/2026-01-13_16-17-02/top_left/2026-01-13_16-17-02.top_left.jpg,2026-01-13_16-17-02.top_left.thumb.jpg,73a37d7ec44337a23e2a64e1230cb14f,top_left,"[22.0, 45.0, 110.0, 135.0]",jpg,3200,0,epsonscan2,esci2:usb:ES00FE:337,Epson Perfection V850,d3dbcf42e05429343a8e1a5966e3bcf0,epsonscan2:Epson Perfection V850::esci2:usb:ES00FE:337,/data,{},DROSO_02_MEL_19_F,crop_2026-01-13_16-17-02.top_left_CROPNUMBER_29_UUID_DROSO_02_MEL_19_F.png,"[3569, 8367, 3911, 8881]",0.9283338785171508,0.6028218259357906,00_data/01_segmented/crops,00_data/01_segmented/crops/crop_2026-01-13_16-17-02.top_left_CROPNUMBER_29_UUID_DROSO_02_MEL_19_F.json,00_data/02_resized/crops/crop_2026-01-13_16-17-02.top_left_CROPNUMBER_29_UUID_DROSO_02_MEL_19_F.jpg,crops,,00_data/01_segmented/crops/crop_2026-01-13_16-17-02.top_left_CROPNUMBER_29_UUID_DROSO_02_MEL_19_F.png,0.4357976653696498,4.0798749999999995,,87909,5.538610394531251
2026-01-13T15:58:15.447485,/data/d3dbcf42e05429343a8e1a5966e3bcf0/Epson Perfection V850/2026-01-13/2026-01-13_15-58-15/top_left,2026-01-13_15-58-15.top_left.jpg,/data/d3dbcf42e05429343a8e1a5966e3bcf0/Epson Perfection V850/2026-01-13/2026-01-13_15-58-15/top_left/2026-01-13_15-58-15.top_left.jpg,2026-01-13_15-58-15.top_left.thumb.jpg,06b4b76a8baf9e9d6a949609e6c4b9d4,top_left,"[22.0, 45.0, 110.0, 135.0]",jpg,3200,0,epsonscan2,esci2:usb:ES00FE:337,Epson Perfection V850,d3dbcf42e05429343a8e1a5966e3bcf0,epsonscan2:Epson Perfection V850::esci2:usb:ES00FE:337,/data,{},DROSO_04_SIM_19_F,crop_2026-01-13_15-58-15.top_left_CROPNUMBER_26_UUID_DROSO_04_SIM_19_F.png,"[5843, 7790, 6072, 8243]",0.9209548830986024,1.0,00_data/01_segmented/crops,00_data/01_segmented/crops/crop_2026-01-13_15-58-15.top_left_CROPNUMBER_26_UUID_DROSO_04_SIM_19_F.json,00_data/02_resized/crops/crop_2026-01-13_15-58-15.top_left_CROPNUMBER_26_UUID_DROSO_04_SIM_19_F.jpg,crops,,00_data/01_segmented/crops/crop_2026-01-13_15-58-15.top_left_CROPNUMBER_26_UUID_DROSO_04_SIM_19_F.png,0.49448123620309054,3.5956875,,68560,4.319547812500001
2026-01-13T16:17:02.422812,/data/d3dbcf42e05429343a8e1a5966e3bcf0/Epson Perfection V850/2026-01-13/2026-01-13_16-17-02/top_right,2026-01-13_16-17-02.top_right.jpg,/data/d3dbcf42e05429343a8e1a5966e3bcf0/Epson Perfection V850/2026-01-13/2026-01-13_16-17-02/top_right/2026-01-13_16-17-02.top_right.jpg,2026-01-13_16-17-02.top_right.thumb.jpg,dba0ed76fe036a6b6c2f125e044f31c3,top_right,"[110.5, 45.0, 200.0, 135.0]",jpg,3200,0,epsonscan2,esci2:usb:ES00FE:337,Epson Perfection V850,d3dbcf42e05429343a8e1a5966e3bcf0,epsonscan2:Epson Perfection V850::esci2:usb:ES00FE:337,/data,{},DROSO_02_MEL_19_M,crop_2026-01-13_16-17-02.top_right_CROPNUMBER_22_UUID_DROSO_02_MEL_19_M.png,"[1726, 6050, 1996, 6497]",0.934363067150116,1.0,00_data/01_segmented/crops,00_data/01_segmented/crops/crop_2026-01-13_16-17-02.top_right_CROPNUMBER_22_UUID_DROSO_02_MEL_19_M.json,00_data/02_resized/crops/crop_2026-01-13_16-17-02.top_right_CROPNUMBER_22_UUID_DROSO_02_MEL_19_M.jpg,crops,,00_data/01_segmented/crops/crop_2026-01-13_16-17-02.top_right_CROPNUMBER_22_UUID_DROSO_02_MEL_19_M.png,0.5011185682326622,3.5480624999999995,,70322,4.4305606953125
2026-01-13T16:04:10.629205,/data/d3dbcf42e05429343a8e1a5966e3bcf0/Epson Perfection V850/2026-01-13/2026-01-13_16-04-10/top_left,2026-01-13_16-04-10.top_left.jpg,/data/d3dbcf42e05429343a8e1a5966e3bcf0/Epson Perfection V850/2026-01-13/2026-01-13_16-04-10/top_left/2026-01-13_16-04-10.top_left.jpg,2026-01-13_16-04-10.top_left.thumb.jpg,e5f859616a1ebf20cb8f61da5b2008c2,top_left,"[22.0, 45.0, 110.0, 135.0]",jpg,3200,0,epsonscan2,esci2:usb:ES00FE:337,Epson Perfection V850,d3dbcf42e05429343a8e1a5966e3bcf0,epsonscan2:Epson Perfection V850::esci2:usb:ES00FE:337,/data,{},DROSO_05_SIM_19_F,crop_2026-01-13_16-04-10.top_left_CROPNUMBER_2_UUID_DROSO_05_SIM_19_F.png,"[2526, 7915, 2973, 8274]",0.952031135559082,1.0,00_data/01_segmented/crops,00_data/01_segmented/crops/crop_2026-01-13_16-04-10.top_left_CROPNUMBER_2_UUID_DROSO_05_SIM_19_F.json,00_data/02_resized/crops/crop_2026-01-13_16-04-10.top_left_CROPNUMBER_2_UUID_DROSO_05_SIM_19_F.jpg,crops,,00_data/01_segmented/crops/crop_2026-01-13_16-04-10.top_left_CROPNUMBER_2_UUID_DROSO_05_SIM_19_F.png,0.5011185682326622,3.5480624999999995,,84642,5.3327766328125
2026-01-13T16:22:42.229986,/data/d3dbcf42e05429343a8e1a5966e3bcf0/Epson Perfection V850/2026-01-13/2026-01-13_16-22-42/top_right,2026-01-13_16-22-42.top_right.jpg,/data/d3dbcf42e05429343a8e1a5966e3bcf0/Epson Perfection V850/2026-01-13/2026-01-13_16-22-42/top_right/2026-01-13_16-22-42.top_right.jpg,2026-01-13_16-22-42.top_right.thumb.jpg,a62b428f433471233371d44992128bb0,top_right,"[110.5, 45.0, 200.0, 135.0]",jpg,3200,0,epsonscan2,esci2:usb:ES00FE:337,Epson Perfection V850,d3dbcf42e05429343a8e1a5966e3bcf0,epsonscan2:Epson Perfection V850::esci2:usb:ES00FE:337,/data,{},DROSO_03_MEL_19_M,crop_2026-01-13_16-22-42.top_right_CROPNUMBER_0_UUID_DROSO_03_MEL_19_M.png,"[3165, 6745, 3614, 7162]",0.9533592462539672,0.6027106630904797,00_data/01_segmented/crops,00_data/01_segmented/crops/crop_2026-01-13_16-22-42.top_right_CROPNUMBER_0_UUID_DROSO_03_MEL_19_M.json,00_data/02_resized/crops/crop_2026-01-13_16-22-42.top_right_CROPNUMBER_0_UUID_DROSO_03_MEL_19_M.jpg,crops,,00_data/01_segmented/crops/crop_2026-01-13_16-22-42.top_right_CROPNUMBER_0_UUID_DROSO_03_MEL_19_M.png,0.49888641425389757,3.5639374999999998,,84803,5.34292026171875
2026-01-13T16:22:42.229986,/data/d3dbcf42e05429343a8e1a5966e3bcf0/Epson Perfection V850/2026-01-13/2026-01-13_16-22-42/top_left,2026-01-13_16-22-42.top_left.jpg,/data/d3dbcf42e05429343a8e1a5966e3bcf0/Epson Perfection V850/2026-01-13/2026-01-13_16-22-42/top_left/2026-01-13_16-22-42.top_left.jpg,2026-01-13_16-22-42.top_left.thumb.jpg,f331f82ac6dcbf4a1318ddee5307a618,top_left,"[22.0, 45.0, 110.0, 135.0]",jpg,3200,0,epsonscan2,esci2:usb:ES00FE:337,Epson Perfection V850,d3dbcf42e05429343a8e1a5966e3bcf0,epsonscan2:Epson Perfection V850::esci2:usb:ES00FE:337,/data,{},DROSO_03_MEL_19_F,crop_2026-01-13_16-22-42.top_left_CROPNUMBER_21_UUID_DROSO_03_MEL_19_F.png,"[3730, 7412, 4251, 7807]",0.934395432472229,1.0,00_data/01_segmented/crops,00_data/01_segmented/crops/crop_2026-01-13_16-22-42.top_left_CROPNUMBER_21_UUID_DROSO_03_MEL_19_F.json,00_data/02_resized/crops/crop_2026-01-13_16-22-42.top_left_CROPNUMBER_21_UUID_DROSO_03_MEL_19_F.jpg,crops,,00_data/01_segmented/crops/crop_2026-01-13_16-22-42.top_left_CROPNUMBER_21_UUID_DROSO_03_MEL_19_F.png,0.42994241842610365,4.1354375,,106622,6.717602492187501
2026-01-13T15:58:15.447485,/data/d3dbcf42e05429343a8e1a5966e3bcf0/Epson Perfection V850/2026-01-13/2026-01-13_15-58-15/top_right,2026-01-13_15-58-15.top_right.jpg,/data/d3dbcf42e05429343a8e1a5966e3bcf0/Epson Perfection V850/2026-01-13/2026-01-13_15-58-15/top_right/2026-01-13_15-58-15.top_right.jpg,2026-01-13_15-58-15.top_right.thumb.jpg,f4b3f70693284ad9b6a7bd19eb02b3d5,top_right,"[110.5, 45.0, 200.0, 135.0]",jpg,3200,0,epsonscan2,esci2:usb:ES00FE:337,Epson Perfection V850,d3dbcf42e05429343a8e1a5966e3bcf0,epsonscan2:Epson Perfection V850::esci2:usb:ES00FE:337,/data,{},DROSO_04_SIM_19_M,crop_2026-01-13_15-58-15.top_right_CROPNUMBER_16_UUID_DROSO_04_SIM_19_M.png,"[5929, 8049, 6468, 8464]",0.9359396696090698,0.6027106630904797,00_data/01_segmented/crops,00_data/01_segmented/crops/crop_2026-01-13_15-58-15.top_right_CROPNUMBER_16_UUID_DROSO_04_SIM_19_M.json,00_data/02_resized/crops/crop_2026-01-13_15-58-15.top_right_CROPNUMBER_16_UUID_DROSO_04_SIM_19_M.jpg,crops,,00_data/01_segmented/crops/crop_2026-01-13_15-58-15.top_right_CROPNUMBER_16_UUID_DROSO_04_SIM_19_M.png,0.4155844155844156,4.278312499999999,,91798,5.7836325859375
2026-01-13T15:40:38.651010,/data/d3dbcf42e05429343a8e1a5966e3bcf0/Epson Perfection V850/2026-01-13/2026-01-13_15-40-38/top_left,2026-01-13_15-40-38.top_left.jpg,/data/d3dbcf42e05429343a8e1a5966e3bcf0/Epson Perfection V850/2026-01-13/2026-01-13_15-40-38/top_left/2026-01-13_15-40-38.top_left.jpg,2026-01-13_15-40-38.top_left.thumb.jpg,16a144e86ca9c5e7bb9b16ddead6411f,top_left,"[22.0, 45.0, 110.0, 135.0]",jpg,3200,0,epsonscan2,esci2:usb:ES00FE:337,Epson Perfection V850,d3dbcf42e05429343a8e1a5966e3bcf0,epsonscan2:Epson Perfection V850::esci2:usb:ES00FE:337,/data,{},DROSO_01_SIM_19_F,crop_2026-01-13_15-40-38.top_left_CROPNUMBER_16_UUID_DROSO_01_SIM_19_F.png,"[4203, 7482, 4568, 7851]",0.928285837173462,1.0,00_data/01_segmented/crops,00_data/01_segmented/crops/crop_2026-01-13_15-40-38.top_left_CROPNUMBER_16_UUID_DROSO_01_SIM_19_F.json,00_data/02_resized/crops/crop_2026-01-13_15-40-38.top_left_CROPNUMBER_16_UUID_DROSO_01_SIM_19_F.jpg,crops,,00_data/01_segmented/crops/crop_2026-01-13_15-40-38.top_left_CROPNUMBER_16_UUID_DROSO_01_SIM_19_F.png,0.6070460704607046,2.9289375,,66460,4.187239609375
2026-01-13T16:22:42.229986,/data/d3dbcf42e05429343a8e1a5966e3bcf0/Epson Perfection V850/2026-01-13/2026-01-13_16-22-42/top_right,2026-01-13_16-22-42.top_right.jpg,/data/d3dbcf42e05429343a8e1a5966e3bcf0/Epson Perfection V850/2026-01-13/2026-01-13_16-22-42/top_right/2026-01-13_16-22-42.top_right.jpg,2026-01-13_16-22-42.top_right.thumb.jpg,a62b428f433471233371d44992128bb0,top_right,"[110.5, 45.0, 200.0, 135.0]",jpg,3200,0,epsonscan2,esci2:usb:ES00FE:337,Epson Perfection V850,d3dbcf42e05429343a8e1a5966e3bcf0,epsonscan2:Epson Perfection V850::esci2:usb:ES00FE:337,/data,{},DROSO_03_MEL_19_M,crop_2026-01-13_16-22-42.top_right_CROPNUMBER_24_UUID_DROSO_03_MEL_19_M.png,"[2259, 4985, 2566, 5441]",0.92933189868927,1.0,00_data/01_segmented/crops,00_data/01_segmented/crops/crop_2026-01-13_16-22-42.top_right_CROPNUMBER_24_UUID_DROSO_03_MEL_19_M.json,00_data/02_resized/crops/crop_2026-01-13_16-22-42.top_right_CROPNUMBER_24_UUID_DROSO_03_MEL_19_M.jpg,crops,,00_data/01_segmented/crops/crop_2026-01-13_16-22-42.top_right_CROPNUMBER_24_UUID_DROSO_03_MEL_19_M.png,0.49122807017543857,3.6194999999999995,,75544,4.75956709375
2026-01-13T15:58:15.447485,/data/d3dbcf42e05429343a8e1a5966e3bcf0/Epson Perfection V850/2026-01-13/2026-01-13_15-58-15/top_right,2026-01-13_15-58-15.top_right.jpg,/data/d3dbcf42e05429343a8e1a5966e3bcf0/Epson Perfection V850/2026-01-13/2026-01-13_15-58-15/top_right/2026-01-13_15-58-15.top_right.jpg,2026-01-13_15-58-15.top_right.thumb.jpg,f4b3f70693284ad9b6a7bd19eb02b3d5,top_right,"[110.5, 45.0, 200.0, 135.0]",jpg,3200,0,epsonscan2,esci2:usb:ES00FE:337,Epson Perfection V850,d3dbcf42e05429343a8e1a5966e3bcf0,epsonscan2:Epson Perfection V850::esci2:usb:ES00FE:337,/data,{},DROSO_04_SIM_19_M,crop_2026-01-13_15-58-15.top_right_CROPNUMBER_0_UUID_DROSO_04_SIM_19_M.png,"[7132, 7503, 7579, 7888]",0.9523526430130004,1.0,00_data/01_segmented/crops,00_data/01_segmented/crops/crop_2026-01-13_15-58-15.top_right_CROPNUMBER_0_UUID_DROSO_04_SIM_19_M.json,00_data/02_resized/crops/crop_2026-01-13_15-58-15.top_right_CROPNUMBER_0_UUID_DROSO_04_SIM_19_M.jpg,crops,,00_data/01_segmented/crops/crop_2026-01-13_15-58-15.top_right_CROPNUMBER_0_UUID_DROSO_04_SIM_19_M.png,0.5011185682326622,3.5480624999999995,,83328,5.249989500000001
2026-01-13T15:40:38.651010,/data/d3dbcf42e05429343a8e1a5966e3bcf0/Epson Perfection V850/2026-01-13/2026-01-13_15-40-38/top_right,2026-01-13_15-40-38.top_right.jpg,/data/d3dbcf42e05429343a8e1a5966e3bcf0/Epson Perfection V850/2026-01-13/2026-01-13_15-40-38/top_right/2026-01-13_15-40-38.top_right.jpg,2026-01-13_15-40-38.top_right.thumb.jpg,b3a9f59be4eab6b9c284088e08fe2da7,top_right,"[110.5, 45.0, 200.0, 135.0]",jpg,3200,0,epsonscan2,esci2:usb:ES00FE:337,Epson Perfection V850,d3dbcf42e05429343a8e1a5966e3bcf0,epsonscan2:Epson Perfection V850::esci2:usb:ES00FE:337,/data,{},DROSO_01_SIM_19_M,crop_2026-01-13_15-40-38.top_right_CROPNUMBER_14_UUID_DROSO_01_SIM_19_M.png,"[7389, 7088, 7807, 7548]",0.9330880641937256,0.6027106630904797,00_data/01_segmented/crops,00_data/01_segmented/crops/crop_2026-01-13_15-40-38.top_right_CROPNUMBER_14_UUID_DROSO_01_SIM_19_M.json,00_data/02_resized/crops/crop_2026-01-13_15-40-38.top_right_CROPNUMBER_14_UUID_DROSO_01_SIM_19_M.jpg,crops,,00_data/01_segmented/crops/crop_2026-01-13_15-40-38.top_right_CROPNUMBER_14_UUID_DROSO_01_SIM_19_M.png,0.48695652173913045,3.6512499999999997,,79757,5.025002550781251
2026-01-13T16:17:02.422812,/data/d3dbcf42e05429343a8e1a5966e3bcf0/Epson Perfection V850/2026-01-13/2026-01-13_16-17-02/top_left,2026-01-13_16-17-02.top_left.jpg,/data/d3dbcf42e05429343a8e1a5966e3bcf0/Epson Perfection V850/2026-01-13/2026-01-13_16-17-02/top_left/2026-01-13_16-17-02.top_left.jpg,2026-01-13_16-17-02.top_left.thumb.jpg,73a37d7ec44337a23e2a64e1230cb14f,top_left,"[22.0, 45.0, 110.0, 135.0]",jpg,3200,0,epsonscan2,esci2:usb:ES00FE:337,Epson Perfection V850,d3dbcf42e05429343a8e1a5966e3bcf0,epsonscan2:Epson Perfection V850::esci2:usb:ES00FE:337,/data,{},DROSO_02_MEL_19_F,crop_2026-01-13_16-17-02.top_left_CROPNUMBER_15_UUID_DROSO_02_MEL_19_F.png,"[2522, 5648, 2891, 6099]",0.9391371607780457,1.0,00_data/01_segmented/crops,00_data/01_segmented/crops/crop_2026-01-13_16-17-02.top_left_CROPNUMBER_15_UUID_DROSO_02_MEL_19_F.json,00_data/02_resized/crops/crop_2026-01-13_16-17-02.top_left_CROPNUMBER_15_UUID_DROSO_02_MEL_19_F.jpg,crops,,00_data/01_segmented/crops/crop_2026-01-13_16-17-02.top_left_CROPNUMBER_15_UUID_DROSO_02_MEL_19_F.png,0.49667405764966743,3.5798124999999996,,80285,5.058268613281251
2026-01-13T16:22:42.229986,/data/d3dbcf42e05429343a8e1a5966e3bcf0/Epson Perfection V850/2026-01-13/2026-01-13_16-22-42/top_right,2026-01-13_16-22-42.top_right.jpg,/data/d3dbcf42e05429343a8e1a5966e3bcf0/Epson Perfection V850/2026-01-13/2026-01-13_16-22-42/top_right/2026-01-13_16-22-42.top_right.jpg,2026-01-13_16-22-42.top_right.thumb.jpg,a62b428f433471233371d44992128bb0,top_right,"[110.5, 45.0, 200.0, 135.0]",jpg,3200,0,epsonscan2,esci2:usb:ES00FE:337,Epson Perfection V850,d3dbcf42e05429343a8e1a5966e3bcf0,epsonscan2:Epson Perfection V850::esci2:usb:ES00FE:337,/data,{},DROSO_03_MEL_19_M,crop_2026-01-13_16-22-42.top_right_CROPNUMBER_29_UUID_DROSO_03_MEL_19_M.png,"[7250, 7726, 7576, 8121]",0.92792809009552,1.0,00_data/01_segmented/crops,00_data/01_segmented/crops/crop_2026-01-13_16-22-42.top_right_CROPNUMBER_29_UUID_DROSO_03_MEL_19_M.json,00_data/02_resized/crops/crop_2026-01-13_16-22-42.top_right_CROPNUMBER_29_UUID_DROSO_03_MEL_19_M.jpg,crops,,00_data/01_segmented/crops/crop_2026-01-13_16-22-42.top_right_CROPNUMBER_29_UUID_DROSO_03_MEL_19_M.png,0.5670886075949367,3.1353125,,73461,4.628329957031251
2026-01-13T16:17:02.422812,/data/d3dbcf42e05429343a8e1a5966e3bcf0/Epson Perfection V850/2026-01-13/2026-01-13_16-17-02/top_right,2026-01-13_16-17-02.top_right.jpg,/data/d3dbcf42e05429343a8e1a5966e3bcf0/Epson Perfection V850/2026-01-13/2026-01-13_16-17-02/top_right/2026-01-13_16-17-02.top_right.jpg,2026-01-13_16-17-02.top_right.thumb.jpg,dba0ed76fe036a6b6c2f125e044f31c3,top_right,"[110.5, 45.0, 200.0, 135.0]",jpg,3200,0,epsonscan2,esci2:usb:ES00FE:337,Epson Perfection V850,d3dbcf42e05429343a8e1a5966e3bcf0,epsonscan2:Epson Perfection V850::esci2:usb:ES00FE:337,/data,{},DROSO_02_MEL_19_M,crop_2026-01-13_16-17-02.top_right_CROPNUMBER_11_UUID_DROSO_02_MEL_19_M.png,"[2476, 8010, 2948, 8310]",0.9411513209342957,1.0,00_data/01_segmented/crops,00_data/01_segmented/crops/crop_2026-01-13_16-17-02.top_right_CROPNUMBER_11_UUID_DROSO_02_MEL_19_M.json,00_data/02_resized/crops/crop_2026-01-13_16-17-02.top_right_CROPNUMBER_11_UUID_DROSO_02_MEL_19_M.jpg,crops,,00_data/01_segmented/crops/crop_2026-01-13_16-17-02.top_right_CROPNUMBER_11_UUID_DROSO_02_MEL_19_M.png,0.4745762711864407,3.7464999999999997,,71532,4.506795421875
2026-01-13T16:17:02.422812,/data/d3dbcf42e05429343a8e1a5966e3bcf0/Epson Perfection V850/2026-01-13/2026-01-13_16-17-02/top_left,2026-01-13_16-17-02.top_left.jpg,/data/d3dbcf42e05429343a8e1a5966e3bcf0/Epson Perfection V850/2026-01-13/2026-01-13_16-17-02/top_left/2026-01-13_16-17-02.top_left.jpg,2026-01-13_16-17-02.top_left.thumb.jpg,73a37d7ec44337a23e2a64e1230cb14f,top_left,"[22.0, 45.0, 110.0, 135.0]",jpg,3200,0,epsonscan2,esci2:usb:ES00FE:337,Epson Perfection V850,d3dbcf42e05429343a8e1a5966e3bcf0,epsonscan2:Epson Perfection V850::esci2:usb:ES00FE:337,/data,{},DROSO_02_MEL_19_F,crop_2026-01-13_16-17-02.top_left_CROPNUMBER_8_UUID_DROSO_02_MEL_19_F.png,"[5330, 8711, 5821, 9032]",0.9445156455039978,0.6028218259357906,00_data/01_segmented/crops,00_data/01_segmented/crops/crop_2026-01-13_16-17-02.top_left_CROPNUMBER_8_UUID_DROSO_02_MEL_19_F.json,00_data/02_resized/crops/crop_2026-01-13_16-17-02.top_left_CROPNUMBER_8_UUID_DROSO_02_MEL_19_F.jpg,crops,,00_data/01_segmented/crops/crop_2026-01-13_16-17-02.top_left_CROPNUMBER_8_UUID_DROSO_02_MEL_19_F.png,0.45621181262729127,3.897312499999999,,87050,5.4844900390625
2026-01-13T16:09:56.394761,/data/d3dbcf42e05429343a8e1a5966e3bcf0/Epson Perfection V850/2026-01-13/2026-01-13_16-09-56/top_right,2026-01-13_16-09-56.top_right.jpg,/data/d3dbcf42e05429343a8e1a5966e3bcf0/Epson Perfection V850/2026-01-13/2026-01-13_16-09-56/top_right/2026-01-13_16-09-56.top_right.jpg,2026-01-13_16-09-56.top_right.thumb.jpg,aee7ff74e98fd3cb0d78628f63d1119f,top_right,"[110.5, 45.0, 200.0, 135.0]",jpg,3200,0,epsonscan2,esci2:usb:ES00FE:337,Epson Perfection V850,d3dbcf42e05429343a8e1a5966e3bcf0,epsonscan2:Epson Perfection V850::esci2:usb:ES00FE:337,/data,{},DROSO_01_MEL_19_M,crop_2026-01-13_16-09-56.top_right_CROPNUMBER_15_UUID_DROSO_01_MEL_19_M.png,"[7649, 5977, 8113, 6382]",0.943097710609436,1.0,00_data/01_segmented/crops,00_data/01_segmented/crops/crop_2026-01-13_16-09-56.top_right_CROPNUMBER_15_UUID_DROSO_01_MEL_19_M.json,00_data/02_resized/crops/crop_2026-01-13_16-09-56.top_right_CROPNUMBER_15_UUID_DROSO_01_MEL_19_M.jpg,crops,,00_data/01_segmented/crops/crop_2026-01-13_16-09-56.top_right_CROPNUMBER_15_UUID_DROSO_01_MEL_19_M.png,0.4827586206896552,3.6829999999999994,,80423,5.06696315234375
2026-01-13T15:58:15.447485,/data/d3dbcf42e05429343a8e1a5966e3bcf0/Epson Perfection V850/2026-01-13/2026-01-13_15-58-15/top_right,2026-01-13_15-58-15.top_right.jpg,/data/d3dbcf42e05429343a8e1a5966e3bcf0/Epson Perfection V850/2026-01-13/2026-01-13_15-58-15/top_right/2026-01-13_15-58-15.top_right.jpg,2026-01-13_15-58-15.top_right.thumb.jpg,f4b3f70693284ad9b6a7bd19eb02b3d5,top_right,"[110.5, 45.0, 200.0, 135.0]",jpg,3200,0,epsonscan2,esci2:usb:ES00FE:337,Epson Perfection V850,d3dbcf42e05429343a8e1a5966e3bcf0,epsonscan2:Epson Perfection V850::esci2:usb:ES00FE:337,/data,{},DROSO_04_SIM_19_M,crop_2026-01-13_15-58-15.top_right_CROPNUMBER_5_UUID_DROSO_04_SIM_19_M.png,"[3797, 6712, 4181, 7157]",0.9486579895019532,1.0,00_data/01_segmented/crops,00_data/01_segmented/crops/crop_2026-01-13_15-58-15.top_right_CROPNUMBER_5_UUID_DROSO_04_SIM_19_M.json,00_data/02_resized/crops/crop_2026-01-13_15-58-15.top_right_CROPNUMBER_5_UUID_DROSO_04_SIM_19_M.jpg,crops,,00_data/01_segmented/crops/crop_2026-01-13_15-58-15.top_right_CROPNUMBER_5_UUID_DROSO_04_SIM_19_M.png,0.503370786516854,3.5321875,,92013,5.79717842578125
2026-01-13T15:52:35.076944,/data/d3dbcf42e05429343a8e1a5966e3bcf0/Epson Perfection V850/2026-01-13/2026-01-13_15-52-35/top_right,2026-01-13_15-52-35.top_right.jpg,/data/d3dbcf42e05429343a8e1a5966e3bcf0/Epson Perfection V850/2026-01-13/2026-01-13_15-52-35/top_right/2026-01-13_15-52-35.top_right.jpg,2026-01-13_15-52-35.top_right.thumb.jpg,21ba2cf23da353b8d840e52696871b60,top_right,"[110.5, 45.0, 200.0, 135.0]",jpg,3200,0,epsonscan2,esci2:usb:ES00FE:337,Epson Perfection V850,d3dbcf42e05429343a8e1a5966e3bcf0,epsonscan2:Epson Perfection V850::esci2:usb:ES00FE:337,/data,{},DROSO_03_SIM_19_M,crop_2026-01-13_15-52-35.top_right_CROPNUMBER_9_UUID_DROSO_03_SIM_19_M.png,"[4540, 6377, 5017, 6800]",0.9347966313362122,0.6027106630904797,00_data/01_segmented/crops,00_data/01_segmented/crops/crop_2026-01-13_15-52-35.top_right_CROPNUMBER_9_UUID_DROSO_03_SIM_19_M.json,00_data/02_resized/crops/crop_2026-01-13_15-52-35.top_right_CROPNUMBER_9_UUID_DROSO_03_SIM_19_M.jpg,crops,,00_data/01_segmented/crops/crop_2026-01-13_15-52-35.top_right_CROPNUMBER_9_UUID_DROSO_03_SIM_19_M.png,0.469601677148847,3.7861874999999996,,76950,4.848150585937501
2026-01-13T15:40:38.651010,/data/d3dbcf42e05429343a8e1a5966e3bcf0/Epson Perfection V850/2026-01-13/2026-01-13_15-40-38/top_right,2026-01-13_15-40-38.top_right.jpg,/data/d3dbcf42e05429343a8e1a5966e3bcf0/Epson Perfection V850/2026-01-13/2026-01-13_15-40-38/top_right/2026-01-13_15-40-38.top_right.jpg,2026-01-13_15-40-38.top_right.thumb.jpg,b3a9f59be4eab6b9c284088e08fe2da7,top_right,"[110.5, 45.0, 200.0, 135.0]",jpg,3200,0,epsonscan2,esci2:usb:ES00FE:337,Epson Perfection V850,d3dbcf42e05429343a8e1a5966e3bcf0,epsonscan2:Epson Perfection V850::esci2:usb:ES00FE:337,/data,{},DROSO_01_SIM_19_M,crop_2026-01-13_15-40-38.top_right_CROPNUMBER_1_UUID_DROSO_01_SIM_19_M.png,"[5368, 6488, 5736, 6927]",0.948888063430786,0.6027106630904797,00_data/01_segmented/crops,00_data/01_segmented/crops/crop_2026-01-13_15-40-38.top_right_CROPNUMBER_1_UUID_DROSO_01_SIM_19_M.json,00_data/02_resized/crops/crop_2026-01-13_15-40-38.top_right_CROPNUMBER_1_UUID_DROSO_01_SIM_19_M.jpg,crops,,00_data/01_segmented/crops/crop_2026-01-13_15-40-38.top_right_CROPNUMBER_1_UUID_DROSO_01_SIM_19_M.png,0.510250569476082,3.4845624999999996,,75700,4.769395703125
2026-01-13T16:04:10.629205,/data/d3dbcf42e05429343a8e1a5966e3bcf0/Epson Perfection V850/2026-01-13/2026-01-13_16-04-10/top_left,2026-01-13_16-04-10.top_left.jpg,/data/d3dbcf42e05429343a8e1a5966e3bcf0/Epson Perfection V850/2026-01-13/2026-01-13_16-04-10/top_left/2026-01-13_16-04-10.top_left.jpg,2026-01-13_16-04-10.top_left.thumb.jpg,e5f859616a1ebf20cb8f61da5b2008c2,top_left,"[22.0, 45.0, 110.0, 135.0]",jpg,3200,0,epsonscan2,esci2:usb:ES00FE:337,Epson Perfection V850,d3dbcf42e05429343a8e1a5966e3bcf0,epsonscan2:Epson Perfection V850::esci2:usb:ES00FE:337,/data,{},DROSO_05_SIM_19_F,crop_2026-01-13_16-04-10.top_left_CROPNUMBER_23_UUID_DROSO_05_SIM_19_F.png,"[4121, 7366, 4379, 7830]",0.9237099289894104,1.0,00_data/01_segmented/crops,00_data/01_segmented/crops/crop_2026-01-13_16-04-10.top_left_CROPNUMBER_23_UUID_DROSO_05_SIM_19_F.json,00_data/02_resized/crops/crop_2026-01-13_16-04-10.top_left_CROPNUMBER_23_UUID_DROSO_05_SIM_19_F.jpg,crops,,00_data/01_segmented/crops/crop_2026-01-13_16-04-10.top_left_CROPNUMBER_23_UUID_DROSO_05_SIM_19_F.png,0.4827586206896552,3.6829999999999994,,71791,4.523113433593751
2026-01-13T16:04:10.629205,/data/d3dbcf42e05429343a8e1a5966e3bcf0/Epson Perfection V850/2026-01-13/2026-01-13_16-04-10/top_right,2026-01-13_16-04-10.top_right.jpg,/data/d3dbcf42e05429343a8e1a5966e3bcf0/Epson Perfection V850/2026-01-13/2026-01-13_16-04-10/top_right/2026-01-13_16-04-10.top_right.jpg,2026-01-13_16-04-10.top_right.thumb.jpg,3126fa75aee2fe2913a08ebebfa0ed4f,top_right,"[110.5, 45.0, 200.0, 135.0]",jpg,3200,0,epsonscan2,esci2:usb:ES00FE:337,Epson Perfection V850,d3dbcf42e05429343a8e1a5966e3bcf0,epsonscan2:Epson Perfection V850::esci2:usb:ES00FE:337,/data,{},DROSO_05_SIM_19_M,crop_2026-01-13_16-04-10.top_right_CROPNUMBER_2_UUID_DROSO_05_SIM_19_M.png,"[8110, 8311, 8419, 8734]",0.9417912364006042,1.0,00_data/01_segmented/crops,00_data/01_segmented/crops/crop_2026-01-13_16-04-10.top_right_CROPNUMBER_2_UUID_DROSO_05_SIM_19_M.json,00_data/02_resized/crops/crop_2026-01-13_16-04-10.top_right_CROPNUMBER_2_UUID_DROSO_05_SIM_19_M.jpg,crops,,00_data/01_segmented/crops/crop_2026-01-13_16-04-10.top_right_CROPNUMBER_2_UUID_DROSO_05_SIM_19_M.png,0.5295508274231678,3.3575625000000002,,67789,4.2709718007812505
2026-01-13T15:52:35.076944,/data/d3dbcf42e05429343a8e1a5966e3bcf0/Epson Perfection V850/2026-01-13/2026-01-13_15-52-35/top_right,2026-01-13_15-52-35.top_right.jpg,/data/d3dbcf42e05429343a8e1a5966e3bcf0/Epson Perfection V850/2026-01-13/2026-01-13_15-52-35/top_right/2026-01-13_15-52-35.top_right.jpg,2026-01-13_15-52-35.top_right.thumb.jpg,21ba2cf23da353b8d840e52696871b60,top_right,"[110.5, 45.0, 200.0, 135.0]",jpg,3200,0,epsonscan2,esci2:usb:ES00FE:337,Epson Perfection V850,d3dbcf42e05429343a8e1a5966e3bcf0,epsonscan2:Epson Perfection V850::esci2:usb:ES00FE:337,/data,{},DROSO_03_SIM_19_M,crop_2026-01-13_15-52-35.top_right_CROPNUMBER_3_UUID_DROSO_03_SIM_19_M.png,"[5322, 6331, 5737, 6734]",0.9454914331436156,1.0,00_data/01_segmented/crops,00_data/01_segmented/crops/crop_2026-01-13_15-52-35.top_right_CROPNUMBER_3_UUID_DROSO_03_SIM_19_M.json,00_data/02_resized/crops/crop_2026-01-13_15-52-35.top_right_CROPNUMBER_3_UUID_DROSO_03_SIM_19_M.jpg,crops,,00_data/01_segmented/crops/crop_2026-01-13_15-52-35.top_right_CROPNUMBER_3_UUID_DROSO_03_SIM_19_M.png,0.5397590361445783,3.2940625,,76075,4.793022167968751
2026-01-13T16:17:02.422812,/data/d3dbcf42e05429343a8e1a5966e3bcf0/Epson Perfection V850/2026-01-13/2026-01-13_16-17-02/top_right,2026-01-13_16-17-02.top_right.jpg,/data/d3dbcf42e05429343a8e1a5966e3bcf0/Epson Perfection V850/2026-01-13/2026-01-13_16-17-02/top_right/2026-01-13_16-17-02.top_right.jpg,2026-01-13_16-17-02.top_right.thumb.jpg,dba0ed76fe036a6b6c2f125e044f31c3,top_right,"[110.5, 45.0, 200.0, 135.0]",jpg,3200,0,epsonscan2,esci2:usb:ES00FE:337,Epson Perfection V850,d3dbcf42e05429343a8e1a5966e3bcf0,epsonscan2:Epson Perfection V850::esci2:usb:ES00FE:337,/data,{},DROSO_02_MEL_19_M,crop_2026-01-13_16-17-02.top_right_CROPNUMBER_15_UUID_DROSO_02_MEL_19_M.png,"[3763, 6683, 4109, 7109]",0.9377433061599731,1.0,00_data/01_segmented/crops,00_data/01_segmented/crops/crop_2026-01-13_16-17-02.top_right_CROPNUMBER_15_UUID_DROSO_02_MEL_19_M.json,00_data/02_resized/crops/crop_2026-01-13_16-17-02.top_right_CROPNUMBER_15_UUID_DROSO_02_MEL_19_M.jpg,crops,,00_data/01_segmented/crops/crop_2026-01-13_16-17-02.top_right_CROPNUMBER_15_UUID_DROSO_02_MEL_19_M.png,0.5258215962441315,3.381375,,75897,4.781807472656251
2026-01-13T15:52:35.076944,/data/d3dbcf42e05429343a8e1a5966e3bcf0/Epson Perfection V850/2026-01-13/2026-01-13_15-52-35/top_right,2026-01-13_15-52-35.top_right.jpg,/data/d3dbcf42e05429343a8e1a5966e3bcf0/Epson Perfection V850/2026-01-13/2026-01-13_15-52-35/top_right/2026-01-13_15-52-35.top_right.jpg,2026-01-13_15-52-35.top_right.thumb.jpg,21ba2cf23da353b8d840e52696871b60,top_right,"[110.5, 45.0, 200.0, 135.0]",jpg,3200,0,epsonscan2,esci2:usb:ES00FE:337,Epson Perfection V850,d3dbcf42e05429343a8e1a5966e3bcf0,epsonscan2:Epson Perfection V850::esci2:usb:ES00FE:337,/data,{},DROSO_03_SIM_19_M,crop_2026-01-13_15-52-35.top_right_CROPNUMBER_11_UUID_DROSO_03_SIM_19_M.png,"[4061, 7566, 4484, 8104]",0.9338276982307434,0.6027106630904797,00_data/01_segmented/crops,00_data/01_segmented/crops/crop_2026-01-13_15-52-35.top_right_CROPNUMBER_11_UUID_DROSO_03_SIM_19_M.json,00_data/02_resized/crops/crop_2026-01-13_15-52-35.top_right_CROPNUMBER_11_UUID_DROSO_03_SIM_19_M.jpg,crops,,00_data/01_segmented/crops/crop_2026-01-13_15-52-35.top_right_CROPNUMBER_11_UUID_DROSO_03_SIM_19_M.png,0.4163568773234201,4.270375,,88469,5.573892582031251
2026-01-13T16:09:56.394761,/data/d3dbcf42e05429343a8e1a5966e3bcf0/Epson Perfection V850/2026-01-13/2026-01-13_16-09-56/top_right,2026-01-13_16-09-56.top_right.jpg,/data/d3dbcf42e05429343a8e1a5966e3bcf0/Epson Perfection V850/2026-01-13/2026-01-13_16-09-56/top_right/2026-01-13_16-09-56.top_right.jpg,2026-01-13_16-09-56.top_right.thumb.jpg,aee7ff74e98fd3cb0d78628f63d1119f,top_right,"[110.5, 45.0, 200.0, 135.0]",jpg,3200,0,epsonscan2,esci2:usb:ES00FE:337,Epson Perfection V850,d3dbcf42e05429343a8e1a5966e3bcf0,epsonscan2:Epson Perfection V850::esci2:usb:ES00FE:337,/data,{},DROSO_01_MEL_19_M,crop_2026-01-13_16-09-56.top_right_CROPNUMBER_58_UUID_DROSO_01_MEL_19_M.png,"[7351, 4281, 7687, 4706]",0.9274300932884216,1.0,00_data/01_segmented/crops,00_data/01_segmented/crops/crop_2026-01-13_16-09-56.top_right_CROPNUMBER_58_UUID_DROSO_01_MEL_19_M.json,00_data/02_resized/crops/crop_2026-01-13_16-09-56.top_right_CROPNUMBER_58_UUID_DROSO_01_MEL_19_M.jpg,crops,,00_data/01_segmented/crops/crop_2026-01-13_16-09-56.top_right_CROPNUMBER_58_UUID_DROSO_01_MEL_19_M.png,0.5270588235294118,3.373437499999999,,77723,4.896852605468751
2026-01-13T16:22:42.229986,/data/d3dbcf42e05429343a8e1a5966e3bcf0/Epson Perfection V850/2026-01-13/2026-01-13_16-22-42/top_left,2026-01-13_16-22-42.top_left.jpg,/data/d3dbcf42e05429343a8e1a5966e3bcf0/Epson Perfection V850/2026-01-13/2026-01-13_16-22-42/top_left/2026-01-13_16-22-42.top_left.jpg,2026-01-13_16-22-42.top_left.thumb.jpg,f331f82ac6dcbf4a1318ddee5307a618,top_left,"[22.0, 45.0, 110.0, 135.0]",jpg,3200,0,epsonscan2,esci2:usb:ES00FE:337,Epson Perfection V850,d3dbcf42e05429343a8e1a5966e3bcf0,epsonscan2:Epson Perfection V850::esci2:usb:ES00FE:337,/data,{},DROSO_03_MEL_19_F,crop_2026-01-13_16-22-42.top_left_CROPNUMBER_29_UUID_DROSO_03_MEL_19_F.png,"[6346, 8830, 6869, 9213]",0.9325886368751526,0.6028218259357906,00_data/01_segmented/crops,00_data/01_segmented/crops/crop_2026-01-13_16-22-42.top_left_CROPNUMBER_29_UUID_DROSO_03_MEL_19_F.json,00_data/02_resized/crops/crop_2026-01-13_16-22-42.top_left_CROPNUMBER_29_UUID_DROSO_03_MEL_19_F.jpg,crops,,00_data/01_segmented/crops/crop_2026-01-13_16-22-42.top_left_CROPNUMBER_29_UUID_DROSO_03_MEL_19_F.png,0.42829827915869984,4.1513125,,91097,5.73946684765625
2026-01-13T15:40:38.651010,/data/d3dbcf42e05429343a8e1a5966e3bcf0/Epson Perfection V850/2026-01-13/2026-01-13_15-40-38/top_right,2026-01-13_15-40-38.top_right.jpg,/data/d3dbcf42e05429343a8e1a5966e3bcf0/Epson Perfection V850/2026-01-13/2026-01-13_15-40-38/top_right/2026-01-13_15-40-38.top_right.jpg,2026-01-13_15-40-38.top_right.thumb.jpg,b3a9f59be4eab6b9c284088e08fe2da7,top_right,"[110.5, 45.0, 200.0, 135.0]",jpg,3200,0,epsonscan2,esci2:usb:ES00FE:337,Epson Perfection V850,d3dbcf42e05429343a8e1a5966e3bcf0,epsonscan2:Epson Perfection V850::esci2:usb:ES00FE:337,/data,{},DROSO_01_SIM_19_M,crop_2026-01-13_15-40-38.top_right_CROPNUMBER_0_UUID_DROSO_01_SIM_19_M.png,"[6796, 6074, 7262, 6449]",0.956535279750824,1.0,00_data/01_segmented/crops,00_data/01_segmented/crops/crop_2026-01-13_15-40-38.top_right_CROPNUMBER_0_UUID_DROSO_01_SIM_19_M.json,00_data/02_resized/crops/crop_2026-01-13_15-40-38.top_right_CROPNUMBER_0_UUID_DROSO_01_SIM_19_M.jpg,crops,,00_data/01_segmented/crops/crop_2026-01-13_15-40-38.top_right_CROPNUMBER_0_UUID_DROSO_01_SIM_19_M.png,0.48068669527896996,3.6988749999999997,,85390,5.3799035546875
2026-01-13T16:22:42.229986,/data/d3dbcf42e05429343a8e1a5966e3bcf0/Epson Perfection V850/2026-01-13/2026-01-13_16-22-42/top_left,2026-01-13_16-22-42.top_left.jpg,/data/d3dbcf42e05429343a8e1a5966e3bcf0/Epson Perfection V850/2026-01-13/2026-01-13_16-22-42/top_left/2026-01-13_16-22-42.top_left.jpg,2026-01-13_16-22-42.top_left.thumb.jpg,f331f82ac6dcbf4a1318ddee5307a618,top_left,"[22.0, 45.0, 110.0, 135.0]",jpg,3200,0,epsonscan2,esci2:usb:ES00FE:337,Epson Perfection V850,d3dbcf42e05429343a8e1a5966e3bcf0,epsonscan2:Epson Perfection V850::esci2:usb:ES00FE:337,/data,{},DROSO_03_MEL_19_F,crop_2026-01-13_16-22-42.top_left_CROPNUMBER_10_UUID_DROSO_03_MEL_19_F.png,"[5720, 6940, 6166, 7400]",0.9375573992729188,1.0,00_data/01_segmented/crops,00_data/01_segmented/crops/crop_2026-01-13_16-22-42.top_left_CROPNUMBER_10_UUID_DROSO_03_MEL_19_F.json,00_data/02_resized/crops/crop_2026-01-13_16-22-42.top_left_CROPNUMBER_10_UUID_DROSO_03_MEL_19_F.jpg,crops,,00_data/01_segmented/crops/crop_2026-01-13_16-22-42.top_left_CROPNUMBER_10_UUID_DROSO_03_MEL_19_F.png,0.48695652173913045,3.6512499999999997,,89308,5.626752859375
2026-01-13T16:22:42.229986,/data/d3dbcf42e05429343a8e1a5966e3bcf0/Epson Perfection V850/2026-01-13/2026-01-13_16-22-42/top_left,2026-01-13_16-22-42.top_left.jpg,/data/d3dbcf42e05429343a8e1a5966e3bcf0/Epson Perfection V850/2026-01-13/2026-01-13_16-22-42/top_left/2026-01-13_16-22-42.top_left.jpg,2026-01-13_16-22-42.top_left.thumb.jpg,f331f82ac6dcbf4a1318ddee5307a618,top_left,"[22.0, 45.0, 110.0, 135.0]",jpg,3200,0,epsonscan2,esci2:usb:ES00FE:337,Epson Perfection V850,d3dbcf42e05429343a8e1a5966e3bcf0,epsonscan2:Epson Perfection V850::esci2:usb:ES00FE:337,/data,{},DROSO_03_MEL_19_F,crop_2026-01-13_16-22-42.top_left_CROPNUMBER_16_UUID_DROSO_03_MEL_19_F.png,"[7678, 6408, 7949, 6933]",0.936427116394043,0.6028218259357906,00_data/01_segmented/crops,00_data/01_segmented/crops/crop_2026-01-13_16-22-42.top_left_CROPNUMBER_16_UUID_DROSO_03_MEL_19_F.json,00_data/02_resized/crops/crop_2026-01-13_16-22-42.top_left_CROPNUMBER_16_UUID_DROSO_03_MEL_19_F.jpg,crops,,00_data/01_segmented/crops/crop_2026-01-13_16-22-42.top_left_CROPNUMBER_16_UUID_DROSO_03_MEL_19_F.png,0.4266666666666667,4.1671875,,77777,4.9002548164062505
2026-01-13T15:58:15.447485,/data/d3dbcf42e05429343a8e1a5966e3bcf0/Epson Perfection V850/2026-01-13/2026-01-13_15-58-15/top_right,2026-01-13_15-58-15.top_right.jpg,/data/d3dbcf42e05429343a8e1a5966e3bcf0/Epson Perfection V850/2026-01-13/2026-01-13_15-58-15/top_right/2026-01-13_15-58-15.top_right.jpg,2026-01-13_15-58-15.top_right.thumb.jpg,f4b3f70693284ad9b6a7bd19eb02b3d5,top_right,"[110.5, 45.0, 200.0, 135.0]",jpg,3200,0,epsonscan2,esci2:usb:ES00FE:337,Epson Perfection V850,d3dbcf42e05429343a8e1a5966e3bcf0,epsonscan2:Epson Perfection V850::esci2:usb:ES00FE:337,/data,{},DROSO_04_SIM_19_M,crop_2026-01-13_15-58-15.top_right_CROPNUMBER_14_UUID_DROSO_04_SIM_19_M.png,"[2774, 8827, 3200, 9213]",0.9418073296546936,1.0,00_data/01_segmented/crops,00_data/01_segmented/crops/crop_2026-01-13_15-58-15.top_right_CROPNUMBER_14_UUID_DROSO_04_SIM_19_M.json,00_data/02_resized/crops/crop_2026-01-13_15-58-15.top_right_CROPNUMBER_14_UUID_DROSO_04_SIM_19_M.jpg,crops,,00_data/01_segmented/crops/crop_2026-01-13_15-58-15.top_right_CROPNUMBER_14_UUID_DROSO_04_SIM_19_M.png,0.5258215962441315,3.381375,,69998,4.4101474296875
2026-01-13T16:09:56.394761,/data/d3dbcf42e05429343a8e1a5966e3bcf0/Epson Perfection V850/2026-01-13/2026-01-13_16-09-56/top_right,2026-01-13_16-09-56.top_right.jpg,/data/d3dbcf42e05429343a8e1a5966e3bcf0/Epson Perfection V850/2026-01-13/2026-01-13_16-09-56/top_right/2026-01-13_16-09-56.top_right.jpg,2026-01-13_16-09-56.top_right.thumb.jpg,aee7ff74e98fd3cb0d78628f63d1119f,top_right,"[110.5, 45.0, 200.0, 135.0]",jpg,3200,0,epsonscan2,esci2:usb:ES00FE:337,Epson Perfection V850,d3dbcf42e05429343a8e1a5966e3bcf0,epsonscan2:Epson Perfection V850::esci2:usb:ES00FE:337,/data,{},DROSO_01_MEL_19_M,crop_2026-01-13_16-09-56.top_right_CROPNUMBER_42_UUID_DROSO_01_MEL_19_M.png,"[7712, 5334, 8154, 5823]",0.9358941316604614,0.6027106630904797,00_data/01_segmented/crops,00_data/01_segmented/crops/crop_2026-01-13_16-09-56.top_right_CROPNUMBER_42_UUID_DROSO_01_MEL_19_M.json,00_data/02_resized/crops/crop_2026-01-13_16-09-56.top_right_CROPNUMBER_42_UUID_DROSO_01_MEL_19_M.jpg,crops,,00_data/01_segmented/crops/crop_2026-01-13_16-09-56.top_right_CROPNUMBER_42_UUID_DROSO_01_MEL_19_M.png,0.45807770961145194,3.8814374999999997,,98218,6.1881176640625
2026-01-13T16:22:42.229986,/data/d3dbcf42e05429343a8e1a5966e3bcf0/Epson Perfection V850/2026-01-13/2026-01-13_16-22-42/top_left,2026-01-13_16-22-42.top_left.jpg,/data/d3dbcf42e05429343a8e1a5966e3bcf0/Epson Perfection V850/2026-01-13/2026-01-13_16-22-42/top_left/2026-01-13_16-22-42.top_left.jpg,2026-01-13_16-22-42.top_left.thumb.jpg,f331f82ac6dcbf4a1318ddee5307a618,top_left,"[22.0, 45.0, 110.0, 135.0]",jpg,3200,0,epsonscan2,esci2:usb:ES00FE:337,Epson Perfection V850,d3dbcf42e05429343a8e1a5966e3bcf0,epsonscan2:Epson Perfection V850::esci2:usb:ES00FE:337,/data,{},DROSO_03_MEL_19_F,crop_2026-01-13_16-22-42.top_left_CROPNUMBER_23_UUID_DROSO_03_MEL_19_F.png,"[2985, 5027, 3587, 5479]",0.9340698719024658,1.0,00_data/01_segmented/crops,00_data/01_segmented/crops/crop_2026-01-13_16-22-42.top_left_CROPNUMBER_23_UUID_DROSO_03_MEL_19_F.json,00_data/02_resized/crops/crop_2026-01-13_16-22-42.top_left_CROPNUMBER_23_UUID_DROSO_03_MEL_19_F.jpg,crops,,00_data/01_segmented/crops/crop_2026-01-13_16-22-42.top_left_CROPNUMBER_23_UUID_DROSO_03_MEL_19_F.png,0.37209302325581395,4.778375,,106109,6.685281488281251
2026-01-13T15:58:15.447485,/data/d3dbcf42e05429343a8e1a5966e3bcf0/Epson Perfection V850/2026-01-13/2026-01-13_15-58-15/top_right,2026-01-13_15-58-15.top_right.jpg,/data/d3dbcf42e05429343a8e1a5966e3bcf0/Epson Perfection V850/2026-01-13/2026-01-13_15-58-15/top_right/2026-01-13_15-58-15.top_right.jpg,2026-01-13_15-58-15.top_right.thumb.jpg,f4b3f70693284ad9b6a7bd19eb02b3d5,top_right,"[110.5, 45.0, 200.0, 135.0]",jpg,3200,0,epsonscan2,esci2:usb:ES00FE:337,Epson Perfection V850,d3dbcf42e05429343a8e1a5966e3bcf0,epsonscan2:Epson Perfection V850::esci2:usb:ES00FE:337,/data,{},DROSO_04_SIM_19_M,crop_2026-01-13_15-58-15.top_right_CROPNUMBER_17_UUID_DROSO_04_SIM_19_M.png,"[3343, 6028, 3757, 6502]",0.9356091618537904,0.6027106630904797,00_data/01_segmented/crops,00_data/01_segmented/crops/crop_2026-01-13_15-58-15.top_right_CROPNUMBER_17_UUID_DROSO_04_SIM_19_M.json,00_data/02_resized/crops/crop_2026-01-13_15-58-15.top_right_CROPNUMBER_17_UUID_DROSO_04_SIM_19_M.jpg,crops,,00_data/01_segmented/crops/crop_2026-01-13_15-58-15.top_right_CROPNUMBER_17_UUID_DROSO_04_SIM_19_M.png,0.47257383966244726,3.762375,,94055,5.92583240234375
2026-01-13T16:09:56.394761,/data/d3dbcf42e05429343a8e1a5966e3bcf0/Epson Perfection V850/2026-01-13/2026-01-13_16-09-56/top_left,2026-01-13_16-09-56.top_left.jpg,/data/d3dbcf42e05429343a8e1a5966e3bcf0/Epson Perfection V850/2026-01-13/2026-01-13_16-09-56/top_left/2026-01-13_16-09-56.top_left.jpg,2026-01-13_16-09-56.top_left.thumb.jpg,788d0971822fc839506e3180de7f3b36,top_left,"[22.0, 45.0, 110.0, 135.0]",jpg,3200,0,epsonscan2,esci2:usb:ES00FE:337,Epson Perfection V850,d3dbcf42e05429343a8e1a5966e3bcf0,epsonscan2:Epson Perfection V850::esci2:usb:ES00FE:337,/data,{},DROSO_01_MEL_19_F,crop_2026-01-13_16-09-56.top_left_CROPNUMBER_40_UUID_DROSO_01_MEL_19_F.png,"[5005, 7253, 5540, 7738]",0.9268836975097656,1.0,00_data/01_segmented/crops,00_data/01_segmented/crops/crop_2026-01-13_16-09-56.top_left_CROPNUMBER_40_UUID_DROSO_01_MEL_19_F.json,00_data/02_resized/crops/crop_2026-01-13_16-09-56.top_left_CROPNUMBER_40_UUID_DROSO_01_MEL_19_F.jpg,crops,,00_data/01_segmented/crops/crop_2026-01-13_16-09-56.top_left_CROPNUMBER_40_UUID_DROSO_01_MEL_19_F.png,0.41869158878504675,4.2465625,,114447,7.210608058593751
2026-01-13T16:17:02.422812,/data/d3dbcf42e05429343a8e1a5966e3bcf0/Epson Perfection V850/2026-01-13/2026-01-13_16-17-02/top_left,2026-01-13_16-17-02.top_left.jpg,/data/d3dbcf42e05429343a8e1a5966e3bcf0/Epson Perfection V850/2026-01-13/2026-01-13_16-17-02/top_left/2026-01-13_16-17-02.top_left.jpg,2026-01-13_16-17-02.top_left.thumb.jpg,73a37d7ec44337a23e2a64e1230cb14f,top_left,"[22.0, 45.0, 110.0, 135.0]",jpg,3200,0,epsonscan2,esci2:usb:ES00FE:337,Epson Perfection V850,d3dbcf42e05429343a8e1a5966e3bcf0,epsonscan2:Epson Perfection V850::esci2:usb:ES00FE:337,/data,{},DROSO_02_MEL_19_F,crop_2026-01-13_16-17-02.top_left_CROPNUMBER_16_UUID_DROSO_02_MEL_19_F.png,"[5193, 6973, 5681, 7380]",0.9390128254890442,0.6028218259357906,00_data/01_segmented/crops,00_data/01_segmented/crops/crop_2026-01-13_16-17-02.top_left_CROPNUMBER_16_UUID_DROSO_02_MEL_19_F.json,00_data/02_resized/crops/crop_2026-01-13_16-17-02.top_left_CROPNUMBER_16_UUID_DROSO_02_MEL_19_F.jpg,crops,,00_data/01_segmented/crops/crop_2026-01-13_16-17-02.top_left_CROPNUMBER_16_UUID_DROSO_02_MEL_19_F.png,0.45901639344262296,3.8734999999999995,,94431,5.949521871093751
2026-01-13T16:22:42.229986,/data/d3dbcf42e05429343a8e1a5966e3bcf0/Epson Perfection V850/2026-01-13/2026-01-13_16-22-42/top_right,2026-01-13_16-22-42.top_right.jpg,/data/d3dbcf42e05429343a8e1a5966e3bcf0/Epson Perfection V850/2026-01-13/2026-01-13_16-22-42/top_right/2026-01-13_16-22-42.top_right.jpg,2026-01-13_16-22-42.top_right.thumb.jpg,a62b428f433471233371d44992128bb0,top_right,"[110.5, 45.0, 200.0, 135.0]",jpg,3200,0,epsonscan2,esci2:usb:ES00FE:337,Epson Perfection V850,d3dbcf42e05429343a8e1a5966e3bcf0,epsonscan2:Epson Perfection V850::esci2:usb:ES00FE:337,/data,{},DROSO_03_MEL_19_M,crop_2026-01-13_16-22-42.top_right_CROPNUMBER_7_UUID_DROSO_03_MEL_19_M.png,"[4289, 8521, 4739, 8847]",0.9412187933921814,0.6027106630904797,00_data/01_segmented/crops,00_data/01_segmented/crops/crop_2026-01-13_16-22-42.top_right_CROPNUMBER_7_UUID_DROSO_03_MEL_19_M.json,00_data/02_resized/crops/crop_2026-01-13_16-22-42.top_right_CROPNUMBER_7_UUID_DROSO_03_MEL_19_M.jpg,crops,,00_data/01_segmented/crops/crop_2026-01-13_16-22-42.top_right_CROPNUMBER_7_UUID_DROSO_03_MEL_19_M.png,0.49777777777777776,3.571875,,83598,5.267000554687501
2026-01-13T16:04:10.629205,/data/d3dbcf42e05429343a8e1a5966e3bcf0/Epson Perfection V850/2026-01-13/2026-01-13_16-04-10/top_left,2026-01-13_16-04-10.top_left.jpg,/data/d3dbcf42e05429343a8e1a5966e3bcf0/Epson Perfection V850/2026-01-13/2026-01-13_16-04-10/top_left/2026-01-13_16-04-10.top_left.jpg,2026-01-13_16-04-10.top_left.thumb.jpg,e5f859616a1ebf20cb8f61da5b2008c2,top_left,"[22.0, 45.0, 110.0, 135.0]",jpg,3200,0,epsonscan2,esci2:usb:ES00FE:337,Epson Perfection V850,d3dbcf42e05429343a8e1a5966e3bcf0,epsonscan2:Epson Perfection V850::esci2:usb:ES00FE:337,/data,{},DROSO_05_SIM_19_F,crop_2026-01-13_16-04-10.top_left_CROPNUMBER_8_UUID_DROSO_05_SIM_19_F.png,"[4655, 8756, 5127, 9200]",0.9427660703659058,0.6028218259357906,00_data/01_segmented/crops,00_data/01_segmented/crops/crop_2026-01-13_16-04-10.top_left_CROPNUMBER_8_UUID_DROSO_05_SIM_19_F.json,00_data/02_resized/crops/crop_2026-01-13_16-04-10.top_left_CROPNUMBER_8_UUID_DROSO_05_SIM_19_F.jpg,crops,,00_data/01_segmented/crops/crop_2026-01-13_16-04-10.top_left_CROPNUMBER_8_UUID_DROSO_05_SIM_19_F.png,0.4745762711864407,3.7464999999999997,,97087,6.116860246093751
2026-01-13T16:09:56.394761,/data/d3dbcf42e05429343a8e1a5966e3bcf0/Epson Perfection V850/2026-01-13/2026-01-13_16-09-56/top_right,2026-01-13_16-09-56.top_right.jpg,/data/d3dbcf42e05429343a8e1a5966e3bcf0/Epson Perfection V850/2026-01-13/2026-01-13_16-09-56/top_right/2026-01-13_16-09-56.top_right.jpg,2026-01-13_16-09-56.top_right.thumb.jpg,aee7ff74e98fd3cb0d78628f63d1119f,top_right,"[110.5, 45.0, 200.0, 135.0]",jpg,3200,0,epsonscan2,esci2:usb:ES00FE:337,Epson Perfection V850,d3dbcf42e05429343a8e1a5966e3bcf0,epsonscan2:Epson Perfection V850::esci2:usb:ES00FE:337,/data,{},DROSO_01_MEL_19_M,crop_2026-01-13_16-09-56.top_right_CROPNUMBER_52_UUID_DROSO_01_MEL_19_M.png,"[5157, 5280, 5521, 5813]",0.9313378930091858,0.6027106630904797,00_data/01_segmented/crops,00_data/01_segmented/crops/crop_2026-01-13_16-09-56.top_right_CROPNUMBER_52_UUID_DROSO_01_MEL_19_M.json,00_data/02_resized/crops/crop_2026-01-13_16-09-56.top_right_CROPNUMBER_52_UUID_DROSO_01_MEL_19_M.jpg,crops,,00_data/01_segmented/crops/crop_2026-01-13_16-09-56.top_right_CROPNUMBER_52_UUID_DROSO_01_MEL_19_M.png,0.4202626641651032,4.2306875,,97895,6.167767402343751
2026-01-13T16:17:02.422812,/data/d3dbcf42e05429343a8e1a5966e3bcf0/Epson Perfection V850/2026-01-13/2026-01-13_16-17-02/top_right,2026-01-13_16-17-02.top_right.jpg,/data/d3dbcf42e05429343a8e1a5966e3bcf0/Epson Perfection V850/2026-01-13/2026-01-13_16-17-02/top_right/2026-01-13_16-17-02.top_right.jpg,2026-01-13_16-17-02.top_right.thumb.jpg,dba0ed76fe036a6b6c2f125e044f31c3,top_right,"[110.5, 45.0, 200.0, 135.0]",jpg,3200,0,epsonscan2,esci2:usb:ES00FE:337,Epson Perfection V850,d3dbcf42e05429343a8e1a5966e3bcf0,epsonscan2:Epson Perfection V850::esci2:usb:ES00FE:337,/data,{},DROSO_02_MEL_19_M,crop_2026-01-13_16-17-02.top_right_CROPNUMBER_4_UUID_DROSO_02_MEL_19_M.png,"[3158, 5497, 3480, 5977]",0.94509357213974,1.0,00_data/01_segmented/crops,00_data/01_segmented/crops/crop_2026-01-13_16-17-02.top_right_CROPNUMBER_4_UUID_DROSO_02_MEL_19_M.json,00_data/02_resized/crops/crop_2026-01-13_16-17-02.top_right_CROPNUMBER_4_UUID_DROSO_02_MEL_19_M.jpg,crops,,00_data/01_segmented/crops/crop_2026-01-13_16-17-02.top_right_CROPNUMBER_4_UUID_DROSO_02_MEL_19_M.png,0.4666666666666667,3.8099999999999996,,71282,4.4910444453125
2026-01-13T15:52:35.076944,/data/d3dbcf42e05429343a8e1a5966e3bcf0/Epson Perfection V850/2026-01-13/2026-01-13_15-52-35/top_right,2026-01-13_15-52-35.top_right.jpg,/data/d3dbcf42e05429343a8e1a5966e3bcf0/Epson Perfection V850/2026-01-13/2026-01-13_15-52-35/top_right/2026-01-13_15-52-35.top_right.jpg,2026-01-13_15-52-35.top_right.thumb.jpg,21ba2cf23da353b8d840e52696871b60,top_right,"[110.5, 45.0, 200.0, 135.0]",jpg,3200,0,epsonscan2,esci2:usb:ES00FE:337,Epson Perfection V850,d3dbcf42e05429343a8e1a5966e3bcf0,epsonscan2:Epson Perfection V850::esci2:usb:ES00FE:337,/data,{},DROSO_03_SIM_19_M,crop_2026-01-13_15-52-35.top_right_CROPNUMBER_6_UUID_DROSO_03_SIM_19_M.png,"[4031, 6832, 4334, 7249]",0.9388247728347778,0.6027106630904797,00_data/01_segmented/crops,00_data/01_segmented/crops/crop_2026-01-13_15-52-35.top_right_CROPNUMBER_6_UUID_DROSO_03_SIM_19_M.json,00_data/02_resized/crops/crop_2026-01-13_15-52-35.top_right_CROPNUMBER_6_UUID_DROSO_03_SIM_19_M.jpg,crops,,00_data/01_segmented/crops/crop_2026-01-13_15-52-35.top_right_CROPNUMBER_6_UUID_DROSO_03_SIM_19_M.png,0.5371702637889688,3.3099374999999998,,63104,3.9757985000000002
2026-01-13T15:46:54.437940,/data/d3dbcf42e05429343a8e1a5966e3bcf0/Epson Perfection V850/2026-01-13/2026-01-13_15-46-54/top_right,2026-01-13_15-46-54.top_right.jpg,/data/d3dbcf42e05429343a8e1a5966e3bcf0/Epson Perfection V850/2026-01-13/2026-01-13_15-46-54/top_right/2026-01-13_15-46-54.top_right.jpg,2026-01-13_15-46-54.top_right.thumb.jpg,8cfcebfb20b3b3b2bc86ba50975b08d9,top_right,"[110.5, 45.0, 200.0, 135.0]",jpg,3200,0,epsonscan2,esci2:usb:ES00FE:337,Epson Perfection V850,d3dbcf42e05429343a8e1a5966e3bcf0,epsonscan2:Epson Perfection V850::esci2:usb:ES00FE:337,/data,{},DROSO_02_SIM_19_M,crop_2026-01-13_15-46-54.top_right_CROPNUMBER_23_UUID_DROSO_02_SIM_19_M.png,"[4247, 8413, 4657, 8938]",0.9049614667892456,0.6027106630904797,00_data/01_segmented/crops,00_data/01_segmented/crops/crop_2026-01-13_15-46-54.top_right_CROPNUMBER_23_UUID_DROSO_02_SIM_19_M.json,00_data/02_resized/crops/crop_2026-01-13_15-46-54.top_right_CROPNUMBER_23_UUID_DROSO_02_SIM_19_M.jpg,crops,,00_data/01_segmented/crops/crop_2026-01-13_15-46-54.top_right_CROPNUMBER_23_UUID_DROSO_02_SIM_19_M.png,0.4266666666666667,4.1671875,,94415,5.94851380859375
2026-01-13T16:17:02.422812,/data/d3dbcf42e05429343a8e1a5966e3bcf0/Epson Perfection V850/2026-01-13/2026-01-13_16-17-02/top_right,2026-01-13_16-17-02.top_right.jpg,/data/d3dbcf42e05429343a8e1a5966e3bcf0/Epson Perfection V850/2026-01-13/2026-01-13_16-17-02/top_right/2026-01-13_16-17-02.top_right.jpg,2026-01-13_16-17-02.top_right.thumb.jpg,dba0ed76fe036a6b6c2f125e044f31c3,top_right,"[110.5, 45.0, 200.0, 135.0]",jpg,3200,0,epsonscan2,esci2:usb:ES00FE:337,Epson Perfection V850,d3dbcf42e05429343a8e1a5966e3bcf0,epsonscan2:Epson Perfection V850::esci2:usb:ES00FE:337,/data,{},DROSO_02_MEL_19_M,crop_2026-01-13_16-17-02.top_right_CROPNUMBER_20_UUID_DROSO_02_MEL_19_M.png,"[6878, 7952, 7358, 8377]",0.9347928762435912,0.6027106630904797,00_data/01_segmented/crops,00_data/01_segmented/crops/crop_2026-01-13_16-17-02.top_right_CROPNUMBER_20_UUID_DROSO_02_MEL_19_M.json,00_data/02_resized/crops/crop_2026-01-13_16-17-02.top_right_CROPNUMBER_20_UUID_DROSO_02_MEL_19_M.jpg,crops,,00_data/01_segmented/crops/crop_2026-01-13_16-17-02.top_right_CROPNUMBER_20_UUID_DROSO_02_MEL_19_M.png,0.4666666666666667,3.8099999999999996,,90248,5.685976531250001
2026-01-13T15:52:35.076944,/data/d3dbcf42e05429343a8e1a5966e3bcf0/Epson Perfection V850/2026-01-13/2026-01-13_15-52-35/top_left,2026-01-13_15-52-35.top_left.jpg,/data/d3dbcf42e05429343a8e1a5966e3bcf0/Epson Perfection V850/2026-01-13/2026-01-13_15-52-35/top_left/2026-01-13_15-52-35.top_left.jpg,2026-01-13_15-52-35.top_left.thumb.jpg,c96bd3e091dcefbdce757afd0a69dc15,top_left,"[22.0, 45.0, 110.0, 135.0]",jpg,3200,0,epsonscan2,esci2:usb:ES00FE:337,Epson Perfection V850,d3dbcf42e05429343a8e1a5966e3bcf0,epsonscan2:Epson Perfection V850::esci2:usb:ES00FE:337,/data,{},DROSO_03_SIM_19_F,crop_2026-01-13_15-52-35.top_left_CROPNUMBER_12_UUID_DROSO_03_SIM_19_F.png,"[5765, 8077, 6211, 8399]",0.9356943964958192,1.0,00_data/01_segmented/crops,00_data/01_segmented/crops/crop_2026-01-13_15-52-35.top_left_CROPNUMBER_12_UUID_DROSO_03_SIM_19_F.json,00_data/02_resized/crops/crop_2026-01-13_15-52-35.top_left_CROPNUMBER_12_UUID_DROSO_03_SIM_19_F.jpg,crops,,00_data/01_segmented/crops/crop_2026-01-13_15-52-35.top_left_CROPNUMBER_12_UUID_DROSO_03_SIM_19_F.png,0.5022421524663677,3.5401249999999997,,81367,5.12643883984375
2026-01-13T15:46:54.437940,/data/d3dbcf42e05429343a8e1a5966e3bcf0/Epson Perfection V850/2026-01-13/2026-01-13_15-46-54/top_right,2026-01-13_15-46-54.top_right.jpg,/data/d3dbcf42e05429343a8e1a5966e3bcf0/Epson Perfection V850/2026-01-13/2026-01-13_15-46-54/top_right/2026-01-13_15-46-54.top_right.jpg,2026-01-13_15-46-54.top_right.thumb.jpg,8cfcebfb20b3b3b2bc86ba50975b08d9,top_right,"[110.5, 45.0, 200.0, 135.0]",jpg,3200,0,epsonscan2,esci2:usb:ES00FE:337,Epson Perfection V850,d3dbcf42e05429343a8e1a5966e3bcf0,epsonscan2:Epson Perfection V850::esci2:usb:ES00FE:337,/data,{},DROSO_02_SIM_19_M,crop_2026-01-13_15-46-54.top_right_CROPNUMBER_7_UUID_DROSO_02_SIM_19_M.png,"[6203, 7438, 6653, 7895]",0.9422419667243958,0.6027106630904797,00_data/01_segmented/crops,00_data/01_segmented/crops/crop_2026-01-13_15-46-54.top_right_CROPNUMBER_7_UUID_DROSO_02_SIM_19_M.json,00_data/02_resized/crops/crop_2026-01-13_15-46-54.top_right_CROPNUMBER_7_UUID_DROSO_02_SIM_19_M.jpg,crops,,00_data/01_segmented/crops/crop_2026-01-13_15-46-54.top_right_CROPNUMBER_7_UUID_DROSO_02_SIM_19_M.png,0.49015317286652077,3.6274375,,96658,6.0898315703125006
2026-01-13T16:17:02.422812,/data/d3dbcf42e05429343a8e1a5966e3bcf0/Epson Perfection V850/2026-01-13/2026-01-13_16-17-02/top_left,2026-01-13_16-17-02.top_left.jpg,/data/d3dbcf42e05429343a8e1a5966e3bcf0/Epson Perfection V850/2026-01-13/2026-01-13_16-17-02/top_left/2026-01-13_16-17-02.top_left.jpg,2026-01-13_16-17-02.top_left.thumb.jpg,73a37d7ec44337a23e2a64e1230cb14f,top_left,"[22.0, 45.0, 110.0, 135.0]",jpg,3200,0,epsonscan2,esci2:usb:ES00FE:337,Epson Perfection V850,d3dbcf42e05429343a8e1a5966e3bcf0,epsonscan2:Epson Perfection V850::esci2:usb:ES00FE:337,/data,{},DROSO_02_MEL_19_F,crop_2026-01-13_16-17-02.top_left_CROPNUMBER_17_UUID_DROSO_02_MEL_19_F.png,"[7770, 8523, 8286, 8884]",0.938368797302246,0.6028218259357906,00_data/01_segmented/crops,00_data/01_segmented/crops/crop_2026-01-13_16-17-02.top_left_CROPNUMBER_17_UUID_DROSO_02_MEL_19_F.json,00_data/02_resized/crops/crop_2026-01-13_16-17-02.top_left_CROPNUMBER_17_UUID_DROSO_02_MEL_19_F.jpg,crops,,00_data/01_segmented/crops/crop_2026-01-13_16-17-02.top_left_CROPNUMBER_17_UUID_DROSO_02_MEL_19_F.png,0.43410852713178294,4.09575,,96956,6.108606734375001
2026-01-13T16:09:56.394761,/data/d3dbcf42e05429343a8e1a5966e3bcf0/Epson Perfection V850/2026-01-13/2026-01-13_16-09-56/top_left,2026-01-13_16-09-56.top_left.jpg,/data/d3dbcf42e05429343a8e1a5966e3bcf0/Epson Perfection V850/2026-01-13/2026-01-13_16-09-56/top_left/2026-01-13_16-09-56.top_left.jpg,2026-01-13_16-09-56.top_left.thumb.jpg,788d0971822fc839506e3180de7f3b36,top_left,"[22.0, 45.0, 110.0, 135.0]",jpg,3200,0,epsonscan2,esci2:usb:ES00FE:337,Epson Perfection V850,d3dbcf42e05429343a8e1a5966e3bcf0,epsonscan2:Epson Perfection V850::esci2:usb:ES00FE:337,/data,{},DROSO_01_MEL_19_F,crop_2026-01-13_16-09-56.top_left_CROPNUMBER_27_UUID_DROSO_01_MEL_19_F.png,"[6646, 6947, 7161, 7335]",0.936934530735016,0.6028218259357906,00_data/01_segmented/crops,00_data/01_segmented/crops/crop_2026-01-13_16-09-56.top_left_CROPNUMBER_27_UUID_DROSO_01_MEL_19_F.json,00_data/02_resized/crops/crop_2026-01-13_16-09-56.top_left_CROPNUMBER_27_UUID_DROSO_01_MEL_19_F.jpg,crops,,00_data/01_segmented/crops/crop_2026-01-13_16-09-56.top_left_CROPNUMBER_27_UUID_DROSO_01_MEL_19_F.png,0.4349514563106796,4.0878125,,90666,5.7123121640625
2026-01-13T16:04:10.629205,/data/d3dbcf42e05429343a8e1a5966e3bcf0/Epson Perfection V850/2026-01-13/2026-01-13_16-04-10/top_right,2026-01-13_16-04-10.top_right.jpg,/data/d3dbcf42e05429343a8e1a5966e3bcf0/Epson Perfection V850/2026-01-13/2026-01-13_16-04-10/top_right/2026-01-13_16-04-10.top_right.jpg,2026-01-13_16-04-10.top_right.thumb.jpg,3126fa75aee2fe2913a08ebebfa0ed4f,top_right,"[110.5, 45.0, 200.0, 135.0]",jpg,3200,0,epsonscan2,esci2:usb:ES00FE:337,Epson Perfection V850,d3dbcf42e05429343a8e1a5966e3bcf0,epsonscan2:Epson Perfection V850::esci2:usb:ES00FE:337,/data,{},DROSO_05_SIM_19_M,crop_2026-01-13_16-04-10.top_right_CROPNUMBER_5_UUID_DROSO_05_SIM_19_M.png,"[5305, 8355, 5682, 8691]",0.9390808343887328,1.0,00_data/01_segmented/crops,00_data/01_segmented/crops/crop_2026-01-13_16-04-10.top_right_CROPNUMBER_5_UUID_DROSO_05_SIM_19_M.json,00_data/02_resized/crops/crop_2026-01-13_16-04-10.top_right_CROPNUMBER_5_UUID_DROSO_05_SIM_19_M.jpg,crops,,00_data/01_segmented/crops/crop_2026-01-13_16-04-10.top_right_CROPNUMBER_5_UUID_DROSO_05_SIM_19_M.png,0.5941644562334217,2.9924375,,73078,4.6041994609375
2026-01-13T16:09:56.394761,/data/d3dbcf42e05429343a8e1a5966e3bcf0/Epson Perfection V850/2026-01-13/2026-01-13_16-09-56/top_right,2026-01-13_16-09-56.top_right.jpg,/data/d3dbcf42e05429343a8e1a5966e3bcf0/Epson Perfection V850/2026-01-13/2026-01-13_16-09-56/top_right/2026-01-13_16-09-56.top_right.jpg,2026-01-13_16-09-56.top_right.thumb.jpg,aee7ff74e98fd3cb0d78628f63d1119f,top_right,"[110.5, 45.0, 200.0, 135.0]",jpg,3200,0,epsonscan2,esci2:usb:ES00FE:337,Epson Perfection V850,d3dbcf42e05429343a8e1a5966e3bcf0,epsonscan2:Epson Perfection V850::esci2:usb:ES00FE:337,/data,{},DROSO_01_MEL_19_M,crop_2026-01-13_16-09-56.top_right_CROPNUMBER_43_UUID_DROSO_01_MEL_19_M.png,"[6694, 5838, 7014, 6306]",0.9357376098632812,0.6027106630904797,00_data/01_segmented/crops,00_data/01_segmented/crops/crop_2026-01-13_16-09-56.top_right_CROPNUMBER_43_UUID_DROSO_01_MEL_19_M.json,00_data/02_resized/crops/crop_2026-01-13_16-09-56.top_right_CROPNUMBER_43_UUID_DROSO_01_MEL_19_M.jpg,crops,,00_data/01_segmented/crops/crop_2026-01-13_16-09-56.top_right_CROPNUMBER_43_UUID_DROSO_01_MEL_19_M.png,0.47863247863247865,3.7147499999999996,,81039,5.10577355859375
2026-01-13T16:09:56.394761,/data/d3dbcf42e05429343a8e1a5966e3bcf0/Epson Perfection V850/2026-01-13/2026-01-13_16-09-56/top_right,2026-01-13_16-09-56.top_right.jpg,/data/d3dbcf42e05429343a8e1a5966e3bcf0/Epson Perfection V850/2026-01-13/2026-01-13_16-09-56/top_right/2026-01-13_16-09-56.top_right.jpg,2026-01-13_16-09-56.top_right.thumb.jpg,aee7ff74e98fd3cb0d78628f63d1119f,top_right,"[110.5, 45.0, 200.0, 135.0]",jpg,3200,0,epsonscan2,esci2:usb:ES00FE:337,Epson Perfection V850,d3dbcf42e05429343a8e1a5966e3bcf0,epsonscan2:Epson Perfection V850::esci2:usb:ES00FE:337,/data,{},DROSO_01_MEL_19_M,crop_2026-01-13_16-09-56.top_right_CROPNUMBER_57_UUID_DROSO_01_MEL_19_M.png,"[8215, 5100, 8841, 5422]",0.9283960461616516,1.0,00_data/01_segmented/crops,00_data/01_segmented/crops/crop_2026-01-13_16-09-56.top_right_CROPNUMBER_57_UUID_DROSO_01_MEL_19_M.json,00_data/02_resized/crops/crop_2026-01-13_16-09-56.top_right_CROPNUMBER_57_UUID_DROSO_01_MEL_19_M.jpg,crops,,00_data/01_segmented/crops/crop_2026-01-13_16-09-56.top_right_CROPNUMBER_57_UUID_DROSO_01_MEL_19_M.png,0.35782747603833864,4.968875,,92382,5.8204268671875
2026-01-13T15:46:54.437940,/data/d3dbcf42e05429343a8e1a5966e3bcf0/Epson Perfection V850/2026-01-13/2026-01-13_15-46-54/top_left,2026-01-13_15-46-54.top_left.jpg,/data/d3dbcf42e05429343a8e1a5966e3bcf0/Epson Perfection V850/2026-01-13/2026-01-13_15-46-54/top_left/2026-01-13_15-46-54.top_left.jpg,2026-01-13_15-46-54.top_left.thumb.jpg,5483407fad8572e990edf163cad31d3d,top_left,"[22.0, 45.0, 110.0, 135.0]",jpg,3200,0,epsonscan2,esci2:usb:ES00FE:337,Epson Perfection V850,d3dbcf42e05429343a8e1a5966e3bcf0,epsonscan2:Epson Perfection V850::esci2:usb:ES00FE:337,/data,{},DROSO_02_SIM_19_F,crop_2026-01-13_15-46-54.top_left_CROPNUMBER_10_UUID_DROSO_02_SIM_19_F.png,"[5072, 6432, 5542, 6778]",0.930422067642212,0.6028218259357906,00_data/01_segmented/crops,00_data/01_segmented/crops/crop_2026-01-13_15-46-54.top_left_CROPNUMBER_10_UUID_DROSO_02_SIM_19_F.json,00_data/02_resized/crops/crop_2026-01-13_15-46-54.top_left_CROPNUMBER_10_UUID_DROSO_02_SIM_19_F.jpg,crops,,00_data/01_segmented/crops/crop_2026-01-13_15-46-54.top_left_CROPNUMBER_10_UUID_DROSO_02_SIM_19_F.png,0.4765957446808511,3.730625,,87874,5.5364052578125005
2026-01-13T16:09:56.394761,/data/d3dbcf42e05429343a8e1a5966e3bcf0/Epson Perfection V850/2026-01-13/2026-01-13_16-09-56/top_right,2026-01-13_16-09-56.top_right.jpg,/data/d3dbcf42e05429343a8e1a5966e3bcf0/Epson Perfection V850/2026-01-13/2026-01-13_16-09-56/top_right/2026-01-13_16-09-56.top_right.jpg,2026-01-13_16-09-56.top_right.thumb.jpg,aee7ff74e98fd3cb0d78628f63d1119f,top_right,"[110.5, 45.0, 200.0, 135.0]",jpg,3200,0,epsonscan2,esci2:usb:ES00FE:337,Epson Perfection V850,d3dbcf42e05429343a8e1a5966e3bcf0,epsonscan2:Epson Perfection V850::esci2:usb:ES00FE:337,/data,{},DROSO_01_MEL_19_M,crop_2026-01-13_16-09-56.top_right_CROPNUMBER_5_UUID_DROSO_01_MEL_19_M.png,"[2568, 9269, 3022, 9599]",0.9501977562904358,1.0,00_data/01_segmented/crops,00_data/01_segmented/crops/crop_2026-01-13_16-09-56.top_right_CROPNUMBER_5_UUID_DROSO_01_MEL_19_M.json,00_data/02_resized/crops/crop_2026-01-13_16-09-56.top_right_CROPNUMBER_5_UUID_DROSO_01_MEL_19_M.jpg,crops,,00_data/01_segmented/crops/crop_2026-01-13_16-09-56.top_right_CROPNUMBER_5_UUID_DROSO_01_MEL_19_M.png,0.4933920704845815,3.6036249999999996,,73482,4.6296530390625
2026-01-13T15:40:38.651010,/data/d3dbcf42e05429343a8e1a5966e3bcf0/Epson Perfection V850/2026-01-13/2026-01-13_15-40-38/top_left,2026-01-13_15-40-38.top_left.jpg,/data/d3dbcf42e05429343a8e1a5966e3bcf0/Epson Perfection V850/2026-01-13/2026-01-13_15-40-38/top_left/2026-01-13_15-40-38.top_left.jpg,2026-01-13_15-40-38.top_left.thumb.jpg,16a144e86ca9c5e7bb9b16ddead6411f,top_left,"[22.0, 45.0, 110.0, 135.0]",jpg,3200,0,epsonscan2,esci2:usb:ES00FE:337,Epson Perfection V850,d3dbcf42e05429343a8e1a5966e3bcf0,epsonscan2:Epson Perfection V850::esci2:usb:ES00FE:337,/data,{},DROSO_01_SIM_19_F,crop_2026-01-13_15-40-38.top_left_CROPNUMBER_12_UUID_DROSO_01_SIM_19_F.png,"[6581, 5497, 6983, 5956]",0.9347004890441896,0.6028218259357906,00_data/01_segmented/crops,00_data/01_segmented/crops/crop_2026-01-13_15-40-38.top_left_CROPNUMBER_12_UUID_DROSO_01_SIM_19_F.json,00_data/02_resized/crops/crop_2026-01-13_15-40-38.top_left_CROPNUMBER_12_UUID_DROSO_01_SIM_19_F.jpg,crops,,00_data/01_segmented/crops/crop_2026-01-13_15-40-38.top_left_CROPNUMBER_12_UUID_DROSO_01_SIM_19_F.png,0.4880174291938998,3.6433124999999995,,87245,5.496775800781251
2026-01-13T15:52:35.076944,/data/d3dbcf42e05429343a8e1a5966e3bcf0/Epson Perfection V850/2026-01-13/2026-01-13_15-52-35/top_right,2026-01-13_15-52-35.top_right.jpg,/data/d3dbcf42e05429343a8e1a5966e3bcf0/Epson Perfection V850/2026-01-13/2026-01-13_15-52-35/top_right/2026-01-13_15-52-35.top_right.jpg,2026-01-13_15-52-35.top_right.thumb.jpg,21ba2cf23da353b8d840e52696871b60,top_right,"[110.5, 45.0, 200.0, 135.0]",jpg,3200,0,epsonscan2,esci2:usb:ES00FE:337,Epson Perfection V850,d3dbcf42e05429343a8e1a5966e3bcf0,epsonscan2:Epson Perfection V850::esci2:usb:ES00FE:337,/data,{},DROSO_03_SIM_19_M,crop_2026-01-13_15-52-35.top_right_CROPNUMBER_7_UUID_DROSO_03_SIM_19_M.png,"[6896, 6162, 7334, 6525]",0.9382707476615906,1.0,00_data/01_segmented/crops,00_data/01_segmented/crops/crop_2026-01-13_15-52-35.top_right_CROPNUMBER_7_UUID_DROSO_03_SIM_19_M.json,00_data/02_resized/crops/crop_2026-01-13_15-52-35.top_right_CROPNUMBER_7_UUID_DROSO_03_SIM_19_M.jpg,crops,,00_data/01_segmented/crops/crop_2026-01-13_15-52-35.top_right_CROPNUMBER_7_UUID_DROSO_03_SIM_19_M.png,0.5114155251141552,3.476625,,83862,5.2836335859375
2026-01-13T16:09:56.394761,/data/d3dbcf42e05429343a8e1a5966e3bcf0/Epson Perfection V850/2026-01-13/2026-01-13_16-09-56/top_right,2026-01-13_16-09-56.top_right.jpg,/data/d3dbcf42e05429343a8e1a5966e3bcf0/Epson Perfection V850/2026-01-13/2026-01-13_16-09-56/top_right/2026-01-13_16-09-56.top_right.jpg,2026-01-13_16-09-56.top_right.thumb.jpg,aee7ff74e98fd3cb0d78628f63d1119f,top_right,"[110.5, 45.0, 200.0, 135.0]",jpg,3200,0,epsonscan2,esci2:usb:ES00FE:337,Epson Perfection V850,d3dbcf42e05429343a8e1a5966e3bcf0,epsonscan2:Epson Perfection V850::esci2:usb:ES00FE:337,/data,{},DROSO_01_MEL_19_M,crop_2026-01-13_16-09-56.top_right_CROPNUMBER_51_UUID_DROSO_01_MEL_19_M.png,"[8000, 4280, 8315, 4704]",0.9317551255226136,1.0,00_data/01_segmented/crops,00_data/01_segmented/crops/crop_2026-01-13_16-09-56.top_right_CROPNUMBER_51_UUID_DROSO_01_MEL_19_M.json,00_data/02_resized/crops/crop_2026-01-13_16-09-56.top_right_CROPNUMBER_51_UUID_DROSO_01_MEL_19_M.jpg,crops,,00_data/01_segmented/crops/crop_2026-01-13_16-09-56.top_right_CROPNUMBER_51_UUID_DROSO_01_MEL_19_M.png,0.5283018867924528,3.3655,,70251,4.42608741796875
2026-01-13T15:40:38.651010,/data/d3dbcf42e05429343a8e1a5966e3bcf0/Epson Perfection V850/2026-01-13/2026-01-13_15-40-38/top_right,2026-01-13_15-40-38.top_right.jpg,/data/d3dbcf42e05429343a8e1a5966e3bcf0/Epson Perfection V850/2026-01-13/2026-01-13_15-40-38/top_right/2026-01-13_15-40-38.top_right.jpg,2026-01-13_15-40-38.top_right.thumb.jpg,b3a9f59be4eab6b9c284088e08fe2da7,top_right,"[110.5, 45.0, 200.0, 135.0]",jpg,3200,0,epsonscan2,esci2:usb:ES00FE:337,Epson Perfection V850,d3dbcf42e05429343a8e1a5966e3bcf0,epsonscan2:Epson Perfection V850::esci2:usb:ES00FE:337,/data,{},DROSO_01_SIM_19_M,crop_2026-01-13_15-40-38.top_right_CROPNUMBER_17_UUID_DROSO_01_SIM_19_M.png,"[8093, 7978, 8371, 8426]",0.9235865473747252,1.0,00_data/01_segmented/crops,00_data/01_segmented/crops/crop_2026-01-13_15-40-38.top_right_CROPNUMBER_17_UUID_DROSO_01_SIM_19_M.json,00_data/02_resized/crops/crop_2026-01-13_15-40-38.top_right_CROPNUMBER_17_UUID_DROSO_01_SIM_19_M.jpg,crops,,00_data/01_segmented/crops/crop_2026-01-13_15-40-38.top_right_CROPNUMBER_17_UUID_DROSO_01_SIM_19_M.png,0.5,3.556,,69914,4.4048551015625
2026-01-13T16:09:56.394761,/data/d3dbcf42e05429343a8e1a5966e3bcf0/Epson Perfection V850/2026-01-13/2026-01-13_16-09-56/top_left,2026-01-13_16-09-56.top_left.jpg,/data/d3dbcf42e05429343a8e1a5966e3bcf0/Epson Perfection V850/2026-01-13/2026-01-13_16-09-56/top_left/2026-01-13_16-09-56.top_left.jpg,2026-01-13_16-09-56.top_left.thumb.jpg,788d0971822fc839506e3180de7f3b36,top_left,"[22.0, 45.0, 110.0, 135.0]",jpg,3200,0,epsonscan2,esci2:usb:ES00FE:337,Epson Perfection V850,d3dbcf42e05429343a8e1a5966e3bcf0,epsonscan2:Epson Perfection V850::esci2:usb:ES00FE:337,/data,{},DROSO_01_MEL_19_F,crop_2026-01-13_16-09-56.top_left_CROPNUMBER_17_UUID_DROSO_01_MEL_19_F.png,"[1885, 5099, 2255, 5513]",0.9405108094215392,1.0,00_data/01_segmented/crops,00_data/01_segmented/crops/crop_2026-01-13_16-09-56.top_left_CROPNUMBER_17_UUID_DROSO_01_MEL_19_F.json,00_data/02_resized/crops/crop_2026-01-13_16-09-56.top_left_CROPNUMBER_17_UUID_DROSO_01_MEL_19_F.jpg,crops,,00_data/01_segmented/crops/crop_2026-01-13_16-09-56.top_left_CROPNUMBER_17_UUID_DROSO_01_MEL_19_F.png,0.5410628019323671,3.286125,,81272,5.12045346875
2026-01-13T16:17:02.422812,/data/d3dbcf42e05429343a8e1a5966e3bcf0/Epson Perfection V850/2026-01-13/2026-01-13_16-17-02/top_left,2026-01-13_16-17-02.top_left.jpg,/data/d3dbcf42e05429343a8e1a5966e3bcf0/Epson Perfection V850/2026-01-13/2026-01-13_16-17-02/top_left/2026-01-13_16-17-02.top_left.jpg,2026-01-13_16-17-02.top_left.thumb.jpg,73a37d7ec44337a23e2a64e1230cb14f,top_left,"[22.0, 45.0, 110.0, 135.0]",jpg,3200,0,epsonscan2,esci2:usb:ES00FE:337,Epson Perfection V850,d3dbcf42e05429343a8e1a5966e3bcf0,epsonscan2:Epson Perfection V850::esci2:usb:ES00FE:337,/data,{},DROSO_02_MEL_19_F,crop_2026-01-13_16-17-02.top_left_CROPNUMBER_7_UUID_DROSO_02_MEL_19_F.png,"[2751, 7004, 3118, 7424]",0.9447356462478638,1.0,00_data/01_segmented/crops,00_data/01_segmented/crops/crop_2026-01-13_16-17-02.top_left_CROPNUMBER_7_UUID_DROSO_02_MEL_19_F.json,00_data/02_resized/crops/crop_2026-01-13_16-17-02.top_left_CROPNUMBER_7_UUID_DROSO_02_MEL_19_F.jpg,crops,,00_data/01_segmented/crops/crop_2026-01-13_16-17-02.top_left_CROPNUMBER_7_UUID_DROSO_02_MEL_19_F.png,0.5333333333333333,3.3337499999999998,,84639,5.33258762109375
2026-01-13T16:09:56.394761,/data/d3dbcf42e05429343a8e1a5966e3bcf0/Epson Perfection V850/2026-01-13/2026-01-13_16-09-56/top_left,2026-01-13_16-09-56.top_left.jpg,/data/d3dbcf42e05429343a8e1a5966e3bcf0/Epson Perfection V850/2026-01-13/2026-01-13_16-09-56/top_left/2026-01-13_16-09-56.top_left.jpg,2026-01-13_16-09-56.top_left.thumb.jpg,788d0971822fc839506e3180de7f3b36,top_left,"[22.0, 45.0, 110.0, 135.0]",jpg,3200,0,epsonscan2,esci2:usb:ES00FE:337,Epson Perfection V850,d3dbcf42e05429343a8e1a5966e3bcf0,epsonscan2:Epson Perfection V850::esci2:usb:ES00FE:337,/data,{},DROSO_01_MEL_19_F,crop_2026-01-13_16-09-56.top_left_CROPNUMBER_0_UUID_DROSO_01_MEL_19_F.png,"[7601, 8209, 8065, 8587]",0.9565319418907166,1.0,00_data/01_segmented/crops,00_data/01_segmented/crops/crop_2026-01-13_16-09-56.top_left_CROPNUMBER_0_UUID_DROSO_01_MEL_19_F.json,00_data/02_resized/crops/crop_2026-01-13_16-09-56.top_left_CROPNUMBER_0_UUID_DROSO_01_MEL_19_F.jpg,crops,,00_data/01_segmented/crops/crop_2026-01-13_16-09-56.top_left_CROPNUMBER_0_UUID_DROSO_01_MEL_19_F.png,0.4827586206896552,3.6829999999999994,,92461,5.825404175781251
2026-01-13T15:58:15.447485,/data/d3dbcf42e05429343a8e1a5966e3bcf0/Epson Perfection V850/2026-01-13/2026-01-13_15-58-15/top_left,2026-01-13_15-58-15.top_left.jpg,/data/d3dbcf42e05429343a8e1a5966e3bcf0/Epson Perfection V850/2026-01-13/2026-01-13_15-58-15/top_left/2026-01-13_15-58-15.top_left.jpg,2026-01-13_15-58-15.top_left.thumb.jpg,06b4b76a8baf9e9d6a949609e6c4b9d4,top_left,"[22.0, 45.0, 110.0, 135.0]",jpg,3200,0,epsonscan2,esci2:usb:ES00FE:337,Epson Perfection V850,d3dbcf42e05429343a8e1a5966e3bcf0,epsonscan2:Epson Perfection V850::esci2:usb:ES00FE:337,/data,{},DROSO_04_SIM_19_F,crop_2026-01-13_15-58-15.top_left_CROPNUMBER_10_UUID_DROSO_04_SIM_19_F.png,"[3139, 8880, 3447, 9355]",0.9365028142929076,1.0,00_data/01_segmented/crops,00_data/01_segmented/crops/crop_2026-01-13_15-58-15.top_left_CROPNUMBER_10_UUID_DROSO_04_SIM_19_F.json,00_data/02_resized/crops/crop_2026-01-13_15-58-15.top_left_CROPNUMBER_10_UUID_DROSO_04_SIM_19_F.jpg,crops,,00_data/01_segmented/crops/crop_2026-01-13_15-58-15.top_left_CROPNUMBER_10_UUID_DROSO_04_SIM_19_F.png,0.47157894736842104,3.7703124999999997,,81320,5.12347765625
2026-01-13T15:58:15.447485,/data/d3dbcf42e05429343a8e1a5966e3bcf0/Epson Perfection V850/2026-01-13/2026-01-13_15-58-15/top_right,2026-01-13_15-58-15.top_right.jpg,/data/d3dbcf42e05429343a8e1a5966e3bcf0/Epson Perfection V850/2026-01-13/2026-01-13_15-58-15/top_right/2026-01-13_15-58-15.top_right.jpg,2026-01-13_15-58-15.top_right.thumb.jpg,f4b3f70693284ad9b6a7bd19eb02b3d5,top_right,"[110.5, 45.0, 200.0, 135.0]",jpg,3200,0,epsonscan2,esci2:usb:ES00FE:337,Epson Perfection V850,d3dbcf42e05429343a8e1a5966e3bcf0,epsonscan2:Epson Perfection V850::esci2:usb:ES00FE:337,/data,{},DROSO_04_SIM_19_M,crop_2026-01-13_15-58-15.top_right_CROPNUMBER_4_UUID_DROSO_04_SIM_19_M.png,"[4336, 9293, 4802, 9634]",0.9493226408958436,1.0,00_data/01_segmented/crops,00_data/01_segmented/crops/crop_2026-01-13_15-58-15.top_right_CROPNUMBER_4_UUID_DROSO_04_SIM_19_M.json,00_data/02_resized/crops/crop_2026-01-13_15-58-15.top_right_CROPNUMBER_4_UUID_DROSO_04_SIM_19_M.jpg,crops,,00_data/01_segmented/crops/crop_2026-01-13_15-58-15.top_right_CROPNUMBER_4_UUID_DROSO_04_SIM_19_M.png,0.48068669527896996,3.6988749999999997,,73970,4.6603989453125
2026-01-13T15:58:15.447485,/data/d3dbcf42e05429343a8e1a5966e3bcf0/Epson Perfection V850/2026-01-13/2026-01-13_15-58-15/top_left,2026-01-13_15-58-15.top_left.jpg,/data/d3dbcf42e05429343a8e1a5966e3bcf0/Epson Perfection V850/2026-01-13/2026-01-13_15-58-15/top_left/2026-01-13_15-58-15.top_left.jpg,2026-01-13_15-58-15.top_left.thumb.jpg,06b4b76a8baf9e9d6a949609e6c4b9d4,top_left,"[22.0, 45.0, 110.0, 135.0]",jpg,3200,0,epsonscan2,esci2:usb:ES00FE:337,Epson Perfection V850,d3dbcf42e05429343a8e1a5966e3bcf0,epsonscan2:Epson Perfection V850::esci2:usb:ES00FE:337,/data,{},DROSO_04_SIM_19_F,crop_2026-01-13_15-58-15.top_left_CROPNUMBER_9_UUID_DROSO_04_SIM_19_F.png,"[5193, 8942, 5526, 9425]",0.9367485642433168,1.0,00_data/01_segmented/crops,00_data/01_segmented/crops/crop_2026-01-13_15-58-15.top_left_CROPNUMBER_9_UUID_DROSO_04_SIM_19_F.json,00_data/02_resized/crops/crop_2026-01-13_15-58-15.top_left_CROPNUMBER_9_UUID_DROSO_04_SIM_19_F.jpg,crops,,00_data/01_segmented/crops/crop_2026-01-13_15-58-15.top_left_CROPNUMBER_9_UUID_DROSO_04_SIM_19_F.png,0.463768115942029,3.8338124999999996,,77310,4.8708319921875
2026-01-13T16:09:56.394761,/data/d3dbcf42e05429343a8e1a5966e3bcf0/Epson Perfection V850/2026-01-13/2026-01-13_16-09-56/top_right,2026-01-13_16-09-56.top_right.jpg,/data/d3dbcf42e05429343a8e1a5966e3bcf0/Epson Perfection V850/2026-01-13/2026-01-13_16-09-56/top_right/2026-01-13_16-09-56.top_right.jpg,2026-01-13_16-09-56.top_right.thumb.jpg,aee7ff74e98fd3cb0d78628f63d1119f,top_right,"[110.5, 45.0, 200.0, 135.0]",jpg,3200,0,epsonscan2,esci2:usb:ES00FE:337,Epson Perfection V850,d3dbcf42e05429343a8e1a5966e3bcf0,epsonscan2:Epson Perfection V850::esci2:usb:ES00FE:337,/data,{},DROSO_01_MEL_19_M,crop_2026-01-13_16-09-56.top_right_CROPNUMBER_12_UUID_DROSO_01_MEL_19_M.png,"[1777, 8135, 2236, 8394]",0.944038152694702,1.0,00_data/01_segmented/crops,00_data/01_segmented/crops/crop_2026-01-13_16-09-56.top_right_CROPNUMBER_12_UUID_DROSO_01_MEL_19_M.json,00_data/02_resized/crops/crop_2026-01-13_16-09-56.top_right_CROPNUMBER_12_UUID_DROSO_01_MEL_19_M.jpg,crops,,00_data/01_segmented/crops/crop_2026-01-13_16-09-56.top_right_CROPNUMBER_12_UUID_DROSO_01_MEL_19_M.png,0.4880174291938998,3.6433124999999995,,71412,4.499234953125001
2026-01-13T15:58:15.447485,/data/d3dbcf42e05429343a8e1a5966e3bcf0/Epson Perfection V850/2026-01-13/2026-01-13_15-58-15/top_left,2026-01-13_15-58-15.top_left.jpg,/data/d3dbcf42e05429343a8e1a5966e3bcf0/Epson Perfection V850/2026-01-13/2026-01-13_15-58-15/top_left/2026-01-13_15-58-15.top_left.jpg,2026-01-13_15-58-15.top_left.thumb.jpg,06b4b76a8baf9e9d6a949609e6c4b9d4,top_left,"[22.0, 45.0, 110.0, 135.0]",jpg,3200,0,epsonscan2,esci2:usb:ES00FE:337,Epson Perfection V850,d3dbcf42e05429343a8e1a5966e3bcf0,epsonscan2:Epson Perfection V850::esci2:usb:ES00FE:337,/data,{},DROSO_04_SIM_19_F,crop_2026-01-13_15-58-15.top_left_CROPNUMBER_6_UUID_DROSO_04_SIM_19_F.png,"[3694, 7658, 4121, 8092]",0.9413643479347228,1.0,00_data/01_segmented/crops,00_data/01_segmented/crops/crop_2026-01-13_15-58-15.top_left_CROPNUMBER_6_UUID_DROSO_04_SIM_19_F.json,00_data/02_resized/crops/crop_2026-01-13_15-58-15.top_left_CROPNUMBER_6_UUID_DROSO_04_SIM_19_F.jpg,crops,,00_data/01_segmented/crops/crop_2026-01-13_15-58-15.top_left_CROPNUMBER_6_UUID_DROSO_04_SIM_19_F.png,0.5161290322580645,3.4448749999999997,,86343,5.439946277343751
2026-01-13T16:04:10.629205,/data/d3dbcf42e05429343a8e1a5966e3bcf0/Epson Perfection V850/2026-01-13/2026-01-13_16-04-10/top_right,2026-01-13_16-04-10.top_right.jpg,/data/d3dbcf42e05429343a8e1a5966e3bcf0/Epson Perfection V850/2026-01-13/2026-01-13_16-04-10/top_right/2026-01-13_16-04-10.top_right.jpg,2026-01-13_16-04-10.top_right.thumb.jpg,3126fa75aee2fe2913a08ebebfa0ed4f,top_right,"[110.5, 45.0, 200.0, 135.0]",jpg,3200,0,epsonscan2,esci2:usb:ES00FE:337,Epson Perfection V850,d3dbcf42e05429343a8e1a5966e3bcf0,epsonscan2:Epson Perfection V850::esci2:usb:ES00FE:337,/data,{},DROSO_05_SIM_19_M,crop_2026-01-13_16-04-10.top_right_CROPNUMBER_11_UUID_DROSO_05_SIM_19_M.png,"[4401, 7165, 4755, 7509]",0.934386909008026,1.0,00_data/01_segmented/crops,00_data/01_segmented/crops/crop_2026-01-13_16-04-10.top_right_CROPNUMBER_11_UUID_DROSO_05_SIM_19_M.json,00_data/02_resized/crops/crop_2026-01-13_16-04-10.top_right_CROPNUMBER_11_UUID_DROSO_05_SIM_19_M.jpg,crops,,00_data/01_segmented/crops/crop_2026-01-13_16-04-10.top_right_CROPNUMBER_11_UUID_DROSO_05_SIM_19_M.png,0.632768361581921,2.8098749999999995,,71299,4.49211551171875
2026-01-13T16:22:42.229986,/data/d3dbcf42e05429343a8e1a5966e3bcf0/Epson Perfection V850/2026-01-13/2026-01-13_16-22-42/top_left,2026-01-13_16-22-42.top_left.jpg,/data/d3dbcf42e05429343a8e1a5966e3bcf0/Epson Perfection V850/2026-01-13/2026-01-13_16-22-42/top_left/2026-01-13_16-22-42.top_left.jpg,2026-01-13_16-22-42.top_left.thumb.jpg,f331f82ac6dcbf4a1318ddee5307a618,top_left,"[22.0, 45.0, 110.0, 135.0]",jpg,3200,0,epsonscan2,esci2:usb:ES00FE:337,Epson Perfection V850,d3dbcf42e05429343a8e1a5966e3bcf0,epsonscan2:Epson Perfection V850::esci2:usb:ES00FE:337,/data,{},DROSO_03_MEL_19_F,crop_2026-01-13_16-22-42.top_left_CROPNUMBER_14_UUID_DROSO_03_MEL_19_F.png,"[5493, 8974, 5822, 9470]",0.9368546605110168,0.6028218259357906,00_data/01_segmented/crops,00_data/01_segmented/crops/crop_2026-01-13_16-22-42.top_left_CROPNUMBER_14_UUID_DROSO_03_MEL_19_F.json,00_data/02_resized/crops/crop_2026-01-13_16-22-42.top_left_CROPNUMBER_14_UUID_DROSO_03_MEL_19_F.jpg,crops,,00_data/01_segmented/crops/crop_2026-01-13_16-22-42.top_left_CROPNUMBER_14_UUID_DROSO_03_MEL_19_F.png,0.45161290322580644,3.937,,85798,5.405609148437501
2026-01-13T16:09:56.394761,/data/d3dbcf42e05429343a8e1a5966e3bcf0/Epson Perfection V850/2026-01-13/2026-01-13_16-09-56/top_right,2026-01-13_16-09-56.top_right.jpg,/data/d3dbcf42e05429343a8e1a5966e3bcf0/Epson Perfection V850/2026-01-13/2026-01-13_16-09-56/top_right/2026-01-13_16-09-56.top_right.jpg,2026-01-13_16-09-56.top_right.thumb.jpg,aee7ff74e98fd3cb0d78628f63d1119f,top_right,"[110.5, 45.0, 200.0, 135.0]",jpg,3200,0,epsonscan2,esci2:usb:ES00FE:337,Epson Perfection V850,d3dbcf42e05429343a8e1a5966e3bcf0,epsonscan2:Epson Perfection V850::esci2:usb:ES00FE:337,/data,{},DROSO_01_MEL_19_M,crop_2026-01-13_16-09-56.top_right_CROPNUMBER_49_UUID_DROSO_01_MEL_19_M.png,"[8470, 8112, 8742, 8549]",0.9330500364303588,1.0,00_data/01_segmented/crops,00_data/01_segmented/crops/crop_2026-01-13_16-09-56.top_right_CROPNUMBER_49_UUID_DROSO_01_MEL_19_M.json,00_data/02_resized/crops/crop_2026-01-13_16-09-56.top_right_CROPNUMBER_49_UUID_DROSO_01_MEL_19_M.jpg,crops,,00_data/01_segmented/crops/crop_2026-01-13_16-09-56.top_right_CROPNUMBER_49_UUID_DROSO_01_MEL_19_M.png,0.5125858123569794,3.4686874999999997,,68504,4.31601959375
2026-01-13T16:17:02.422812,/data/d3dbcf42e05429343a8e1a5966e3bcf0/Epson Perfection V850/2026-01-13/2026-01-13_16-17-02/top_left,2026-01-13_16-17-02.top_left.jpg,/data/d3dbcf42e05429343a8e1a5966e3bcf0/Epson Perfection V850/2026-01-13/2026-01-13_16-17-02/top_left/2026-01-13_16-17-02.top_left.jpg,2026-01-13_16-17-02.top_left.thumb.jpg,73a37d7ec44337a23e2a64e1230cb14f,top_left,"[22.0, 45.0, 110.0, 135.0]",jpg,3200,0,epsonscan2,esci2:usb:ES00FE:337,Epson Perfection V850,d3dbcf42e05429343a8e1a5966e3bcf0,epsonscan2:Epson Perfection V850::esci2:usb:ES00FE:337,/data,{},DROSO_02_MEL_19_F,crop_2026-01-13_16-17-02.top_left_CROPNUMBER_13_UUID_DROSO_02_MEL_19_F.png,"[6731, 9564, 7223, 9861]",0.940213978290558,1.0,00_data/01_segmented/crops,00_data/01_segmented/crops/crop_2026-01-13_16-17-02.top_left_CROPNUMBER_13_UUID_DROSO_02_MEL_19_F.json,00_data/02_resized/crops/crop_2026-01-13_16-17-02.top_left_CROPNUMBER_13_UUID_DROSO_02_MEL_19_F.jpg,crops,,00_data/01_segmented/crops/crop_2026-01-13_16-17-02.top_left_CROPNUMBER_13_UUID_DROSO_02_MEL_19_F.png,0.45528455284552843,3.9052499999999997,,80860,5.094495859375001
2026-01-13T16:09:56.394761,/data/d3dbcf42e05429343a8e1a5966e3bcf0/Epson Perfection V850/2026-01-13/2026-01-13_16-09-56/top_right,2026-01-13_16-09-56.top_right.jpg,/data/d3dbcf42e05429343a8e1a5966e3bcf0/Epson Perfection V850/2026-01-13/2026-01-13_16-09-56/top_right/2026-01-13_16-09-56.top_right.jpg,2026-01-13_16-09-56.top_right.thumb.jpg,aee7ff74e98fd3cb0d78628f63d1119f,top_right,"[110.5, 45.0, 200.0, 135.0]",jpg,3200,0,epsonscan2,esci2:usb:ES00FE:337,Epson Perfection V850,d3dbcf42e05429343a8e1a5966e3bcf0,epsonscan2:Epson Perfection V850::esci2:usb:ES00FE:337,/data,{},DROSO_01_MEL_19_M,crop_2026-01-13_16-09-56.top_right_CROPNUMBER_29_UUID_DROSO_01_MEL_19_M.png,"[9168, 5266, 9711, 5763]",0.9390023946762084,0.6027106630904797,00_data/01_segmented/crops,00_data/01_segmented/crops/crop_2026-01-13_16-09-56.top_right_CROPNUMBER_29_UUID_DROSO_01_MEL_19_M.json,00_data/02_resized/crops/crop_2026-01-13_16-09-56.top_right_CROPNUMBER_29_UUID_DROSO_01_MEL_19_M.jpg,crops,,00_data/01_segmented/crops/crop_2026-01-13_16-09-56.top_right_CROPNUMBER_29_UUID_DROSO_01_MEL_19_M.png,0.4125230202578269,4.3100625,,102035,6.428603574218751
2026-01-13T16:09:56.394761,/data/d3dbcf42e05429343a8e1a5966e3bcf0/Epson Perfection V850/2026-01-13/2026-01-13_16-09-56/top_right,2026-01-13_16-09-56.top_right.jpg,/data/d3dbcf42e05429343a8e1a5966e3bcf0/Epson Perfection V850/2026-01-13/2026-01-13_16-09-56/top_right/2026-01-13_16-09-56.top_right.jpg,2026-01-13_16-09-56.top_right.thumb.jpg,aee7ff74e98fd3cb0d78628f63d1119f,top_right,"[110.5, 45.0, 200.0, 135.0]",jpg,3200,0,epsonscan2,esci2:usb:ES00FE:337,Epson Perfection V850,d3dbcf42e05429343a8e1a5966e3bcf0,epsonscan2:Epson Perfection V850::esci2:usb:ES00FE:337,/data,{},DROSO_01_MEL_19_M,crop_2026-01-13_16-09-56.top_right_CROPNUMBER_55_UUID_DROSO_01_MEL_19_M.png,"[6346, 5193, 6779, 5670]",0.9294772148132324,1.0,00_data/01_segmented/crops,00_data/01_segmented/crops/crop_2026-01-13_16-09-56.top_right_CROPNUMBER_55_UUID_DROSO_01_MEL_19_M.json,00_data/02_resized/crops/crop_2026-01-13_16-09-56.top_right_CROPNUMBER_55_UUID_DROSO_01_MEL_19_M.jpg,crops,,00_data/01_segmented/crops/crop_2026-01-13_16-09-56.top_right_CROPNUMBER_55_UUID_DROSO_01_MEL_19_M.png,0.469601677148847,3.7861874999999996,,83722,5.2748130390625
2026-01-13T16:22:42.229986,/data/d3dbcf42e05429343a8e1a5966e3bcf0/Epson Perfection V850/2026-01-13/2026-01-13_16-22-42/top_left,2026-01-13_16-22-42.top_left.jpg,/data/d3dbcf42e05429343a8e1a5966e3bcf0/Epson Perfection V850/2026-01-13/2026-01-13_16-22-42/top_left/2026-01-13_16-22-42.top_left.jpg,2026-01-13_16-22-42.top_left.thumb.jpg,f331f82ac6dcbf4a1318ddee5307a618,top_left,"[22.0, 45.0, 110.0, 135.0]",jpg,3200,0,epsonscan2,esci2:usb:ES00FE:337,Epson Perfection V850,d3dbcf42e05429343a8e1a5966e3bcf0,epsonscan2:Epson Perfection V850::esci2:usb:ES00FE:337,/data,{},DROSO_03_MEL_19_F,crop_2026-01-13_16-22-42.top_left_CROPNUMBER_0_UUID_DROSO_03_MEL_19_F.png,"[7217, 5404, 7690, 5724]",0.9451636672019958,1.0,00_data/01_segmented/crops,00_data/01_segmented/crops/crop_2026-01-13_16-22-42.top_left_CROPNUMBER_0_UUID_DROSO_03_MEL_19_F.json,00_data/02_resized/crops/crop_2026-01-13_16-22-42.top_left_CROPNUMBER_0_UUID_DROSO_03_MEL_19_F.jpg,crops,,00_data/01_segmented/crops/crop_2026-01-13_16-22-42.top_left_CROPNUMBER_0_UUID_DROSO_03_MEL_19_F.png,0.47357293868921774,3.7544375000000003,,81893,5.159578894531251
2026-01-13T15:58:15.447485,/data/d3dbcf42e05429343a8e1a5966e3bcf0/Epson Perfection V850/2026-01-13/2026-01-13_15-58-15/top_left,2026-01-13_15-58-15.top_left.jpg,/data/d3dbcf42e05429343a8e1a5966e3bcf0/Epson Perfection V850/2026-01-13/2026-01-13_15-58-15/top_left/2026-01-13_15-58-15.top_left.jpg,2026-01-13_15-58-15.top_left.thumb.jpg,06b4b76a8baf9e9d6a949609e6c4b9d4,top_left,"[22.0, 45.0, 110.0, 135.0]",jpg,3200,0,epsonscan2,esci2:usb:ES00FE:337,Epson Perfection V850,d3dbcf42e05429343a8e1a5966e3bcf0,epsonscan2:Epson Perfection V850::esci2:usb:ES00FE:337,/data,{},DROSO_04_SIM_19_F,crop_2026-01-13_15-58-15.top_left_CROPNUMBER_0_UUID_DROSO_04_SIM_19_F.png,"[4207, 5829, 4657, 6253]",0.9519922137260436,1.0,00_data/01_segmented/crops,00_data/01_segmented/crops/crop_2026-01-13_15-58-15.top_left_CROPNUMBER_0_UUID_DROSO_04_SIM_19_F.json,00_data/02_resized/crops/crop_2026-01-13_15-58-15.top_left_CROPNUMBER_0_UUID_DROSO_04_SIM_19_F.jpg,crops,,00_data/01_segmented/crops/crop_2026-01-13_15-58-15.top_left_CROPNUMBER_0_UUID_DROSO_04_SIM_19_F.png,0.49777777777777776,3.571875,,85075,5.36005732421875
2026-01-13T16:22:42.229986,/data/d3dbcf42e05429343a8e1a5966e3bcf0/Epson Perfection V850/2026-01-13/2026-01-13_16-22-42/top_right,2026-01-13_16-22-42.top_right.jpg,/data/d3dbcf42e05429343a8e1a5966e3bcf0/Epson Perfection V850/2026-01-13/2026-01-13_16-22-42/top_right/2026-01-13_16-22-42.top_right.jpg,2026-01-13_16-22-42.top_right.thumb.jpg,a62b428f433471233371d44992128bb0,top_right,"[110.5, 45.0, 200.0, 135.0]",jpg,3200,0,epsonscan2,esci2:usb:ES00FE:337,Epson Perfection V850,d3dbcf42e05429343a8e1a5966e3bcf0,epsonscan2:Epson Perfection V850::esci2:usb:ES00FE:337,/data,{},DROSO_03_MEL_19_M,crop_2026-01-13_16-22-42.top_right_CROPNUMBER_26_UUID_DROSO_03_MEL_19_M.png,"[5052, 6882, 5411, 7276]",0.9289517402648926,1.0,00_data/01_segmented/crops,00_data/01_segmented/crops/crop_2026-01-13_16-22-42.top_right_CROPNUMBER_26_UUID_DROSO_03_MEL_19_M.json,00_data/02_resized/crops/crop_2026-01-13_16-22-42.top_right_CROPNUMBER_26_UUID_DROSO_03_MEL_19_M.jpg,crops,,00_data/01_segmented/crops/crop_2026-01-13_16-22-42.top_right_CROPNUMBER_26_UUID_DROSO_03_MEL_19_M.png,0.5685279187817259,3.127375,,71197,4.48568911328125
2026-01-13T16:17:02.422812,/data/d3dbcf42e05429343a8e1a5966e3bcf0/Epson Perfection V850/2026-01-13/2026-01-13_16-17-02/top_left,2026-01-13_16-17-02.top_left.jpg,/data/d3dbcf42e05429343a8e1a5966e3bcf0/Epson Perfection V850/2026-01-13/2026-01-13_16-17-02/top_left/2026-01-13_16-17-02.top_left.jpg,2026-01-13_16-17-02.top_left.thumb.jpg,73a37d7ec44337a23e2a64e1230cb14f,top_left,"[22.0, 45.0, 110.0, 135.0]",jpg,3200,0,epsonscan2,esci2:usb:ES00FE:337,Epson Perfection V850,d3dbcf42e05429343a8e1a5966e3bcf0,epsonscan2:Epson Perfection V850::esci2:usb:ES00FE:337,/data,{},DROSO_02_MEL_19_F,crop_2026-01-13_16-17-02.top_left_CROPNUMBER_12_UUID_DROSO_02_MEL_19_F.png,"[2813, 5931, 3344, 6380]",0.9402692317962646,1.0,00_data/01_segmented/crops,00_data/01_segmented/crops/crop_2026-01-13_16-17-02.top_left_CROPNUMBER_12_UUID_DROSO_02_MEL_19_F.json,00_data/02_resized/crops/crop_2026-01-13_16-17-02.top_left_CROPNUMBER_12_UUID_DROSO_02_MEL_19_F.jpg,crops,,00_data/01_segmented/crops/crop_2026-01-13_16-17-02.top_left_CROPNUMBER_12_UUID_DROSO_02_MEL_19_F.png,0.4218455743879473,4.2148125,,99324,6.2577999843750005
2026-01-13T16:09:56.394761,/data/d3dbcf42e05429343a8e1a5966e3bcf0/Epson Perfection V850/2026-01-13/2026-01-13_16-09-56/top_right,2026-01-13_16-09-56.top_right.jpg,/data/d3dbcf42e05429343a8e1a5966e3bcf0/Epson Perfection V850/2026-01-13/2026-01-13_16-09-56/top_right/2026-01-13_16-09-56.top_right.jpg,2026-01-13_16-09-56.top_right.thumb.jpg,aee7ff74e98fd3cb0d78628f63d1119f,top_right,"[110.5, 45.0, 200.0, 135.0]",jpg,3200,0,epsonscan2,esci2:usb:ES00FE:337,Epson Perfection V850,d3dbcf42e05429343a8e1a5966e3bcf0,epsonscan2:Epson Perfection V850::esci2:usb:ES00FE:337,/data,{},DROSO_01_MEL_19_M,crop_2026-01-13_16-09-56.top_right_CROPNUMBER_8_UUID_DROSO_01_MEL_19_M.png,"[5150, 9827, 5605, 10084]",0.9448012709617616,1.0,00_data/01_segmented/crops,00_data/01_segmented/crops/crop_2026-01-13_16-09-56.top_right_CROPNUMBER_8_UUID_DROSO_01_MEL_19_M.json,00_data/02_resized/crops/crop_2026-01-13_16-09-56.top_right_CROPNUMBER_8_UUID_DROSO_01_MEL_19_M.jpg,crops,,00_data/01_segmented/crops/crop_2026-01-13_16-09-56.top_right_CROPNUMBER_8_UUID_DROSO_01_MEL_19_M.png,0.49230769230769234,3.6115625,,63763,4.017318074218751
2026-01-13T15:58:15.447485,/data/d3dbcf42e05429343a8e1a5966e3bcf0/Epson Perfection V850/2026-01-13/2026-01-13_15-58-15/top_left,2026-01-13_15-58-15.top_left.jpg,/data/d3dbcf42e05429343a8e1a5966e3bcf0/Epson Perfection V850/2026-01-13/2026-01-13_15-58-15/top_left/2026-01-13_15-58-15.top_left.jpg,2026-01-13_15-58-15.top_left.thumb.jpg,06b4b76a8baf9e9d6a949609e6c4b9d4,top_left,"[22.0, 45.0, 110.0, 135.0]",jpg,3200,0,epsonscan2,esci2:usb:ES00FE:337,Epson Perfection V850,d3dbcf42e05429343a8e1a5966e3bcf0,epsonscan2:Epson Perfection V850::esci2:usb:ES00FE:337,/data,{},DROSO_04_SIM_19_F,crop_2026-01-13_15-58-15.top_left_CROPNUMBER_21_UUID_DROSO_04_SIM_19_F.png,"[5187, 7083, 5618, 7429]",0.9298787117004396,1.0,00_data/01_segmented/crops,00_data/01_segmented/crops/crop_2026-01-13_15-58-15.top_left_CROPNUMBER_21_UUID_DROSO_04_SIM_19_F.json,00_data/02_resized/crops/crop_2026-01-13_15-58-15.top_left_CROPNUMBER_21_UUID_DROSO_04_SIM_19_F.jpg,crops,,00_data/01_segmented/crops/crop_2026-01-13_15-58-15.top_left_CROPNUMBER_21_UUID_DROSO_04_SIM_19_F.png,0.5197215777262181,3.4210624999999997,,75473,4.755093816406251
2026-01-13T15:40:38.651010,/data/d3dbcf42e05429343a8e1a5966e3bcf0/Epson Perfection V850/2026-01-13/2026-01-13_15-40-38/top_left,2026-01-13_15-40-38.top_left.jpg,/data/d3dbcf42e05429343a8e1a5966e3bcf0/Epson Perfection V850/2026-01-13/2026-01-13_15-40-38/top_left/2026-01-13_15-40-38.top_left.jpg,2026-01-13_15-40-38.top_left.thumb.jpg,16a144e86ca9c5e7bb9b16ddead6411f,top_left,"[22.0, 45.0, 110.0, 135.0]",jpg,3200,0,epsonscan2,esci2:usb:ES00FE:337,Epson Perfection V850,d3dbcf42e05429343a8e1a5966e3bcf0,epsonscan2:Epson Perfection V850::esci2:usb:ES00FE:337,/data,{},DROSO_01_SIM_19_F,crop_2026-01-13_15-40-38.top_left_CROPNUMBER_1_UUID_DROSO_01_SIM_19_F.png,"[4960, 6643, 5368, 7067]",0.949266791343689,1.0,00_data/01_segmented/crops,00_data/01_segmented/crops/crop_2026-01-13_15-40-38.top_left_CROPNUMBER_1_UUID_DROSO_01_SIM_19_F.json,00_data/02_resized/crops/crop_2026-01-13_15-40-38.top_left_CROPNUMBER_1_UUID_DROSO_01_SIM_19_F.jpg,crops,,00_data/01_segmented/crops/crop_2026-01-13_15-40-38.top_left_CROPNUMBER_1_UUID_DROSO_01_SIM_19_F.png,0.5283018867924528,3.3655,,91692,5.776954171875
2026-01-13T16:04:10.629205,/data/d3dbcf42e05429343a8e1a5966e3bcf0/Epson Perfection V850/2026-01-13/2026-01-13_16-04-10/top_left,2026-01-13_16-04-10.top_left.jpg,/data/d3dbcf42e05429343a8e1a5966e3bcf0/Epson Perfection V850/2026-01-13/2026-01-13_16-04-10/top_left/2026-01-13_16-04-10.top_left.jpg,2026-01-13_16-04-10.top_left.thumb.jpg,e5f859616a1ebf20cb8f61da5b2008c2,top_left,"[22.0, 45.0, 110.0, 135.0]",jpg,3200,0,epsonscan2,esci2:usb:ES00FE:337,Epson Perfection V850,d3dbcf42e05429343a8e1a5966e3bcf0,epsonscan2:Epson Perfection V850::esci2:usb:ES00FE:337,/data,{},DROSO_05_SIM_19_F,crop_2026-01-13_16-04-10.top_left_CROPNUMBER_22_UUID_DROSO_05_SIM_19_F.png,"[3517, 6716, 3981, 6977]",0.9291553497314452,1.0,00_data/01_segmented/crops,00_data/01_segmented/crops/crop_2026-01-13_16-04-10.top_left_CROPNUMBER_22_UUID_DROSO_05_SIM_19_F.json,00_data/02_resized/crops/crop_2026-01-13_16-04-10.top_left_CROPNUMBER_22_UUID_DROSO_05_SIM_19_F.jpg,crops,,00_data/01_segmented/crops/crop_2026-01-13_16-04-10.top_left_CROPNUMBER_22_UUID_DROSO_05_SIM_19_F.png,0.4827586206896552,3.6829999999999994,,72078,4.5411955546875005
2026-01-13T15:46:54.437940,/data/d3dbcf42e05429343a8e1a5966e3bcf0/Epson Perfection V850/2026-01-13/2026-01-13_15-46-54/top_left,2026-01-13_15-46-54.top_left.jpg,/data/d3dbcf42e05429343a8e1a5966e3bcf0/Epson Perfection V850/2026-01-13/2026-01-13_15-46-54/top_left/2026-01-13_15-46-54.top_left.jpg,2026-01-13_15-46-54.top_left.thumb.jpg,5483407fad8572e990edf163cad31d3d,top_left,"[22.0, 45.0, 110.0, 135.0]",jpg,3200,0,epsonscan2,esci2:usb:ES00FE:337,Epson Perfection V850,d3dbcf42e05429343a8e1a5966e3bcf0,epsonscan2:Epson Perfection V850::esci2:usb:ES00FE:337,/data,{},DROSO_02_SIM_19_F,crop_2026-01-13_15-46-54.top_left_CROPNUMBER_14_UUID_DROSO_02_SIM_19_F.png,"[4919, 6084, 5244, 6511]",0.9278055429458618,1.0,00_data/01_segmented/crops,00_data/01_segmented/crops/crop_2026-01-13_15-46-54.top_left_CROPNUMBER_14_UUID_DROSO_02_SIM_19_F.json,00_data/02_resized/crops/crop_2026-01-13_15-46-54.top_left_CROPNUMBER_14_UUID_DROSO_02_SIM_19_F.jpg,crops,,00_data/01_segmented/crops/crop_2026-01-13_15-46-54.top_left_CROPNUMBER_14_UUID_DROSO_02_SIM_19_F.png,0.5245901639344263,3.3893124999999995,,73659,4.6408047304687505
2026-01-13T16:22:42.229986,/data/d3dbcf42e05429343a8e1a5966e3bcf0/Epson Perfection V850/2026-01-13/2026-01-13_16-22-42/top_left,2026-01-13_16-22-42.top_left.jpg,/data/d3dbcf42e05429343a8e1a5966e3bcf0/Epson Perfection V850/2026-01-13/2026-01-13_16-22-42/top_left/2026-01-13_16-22-42.top_left.jpg,2026-01-13_16-22-42.top_left.thumb.jpg,f331f82ac6dcbf4a1318ddee5307a618,top_left,"[22.0, 45.0, 110.0, 135.0]",jpg,3200,0,epsonscan2,esci2:usb:ES00FE:337,Epson Perfection V850,d3dbcf42e05429343a8e1a5966e3bcf0,epsonscan2:Epson Perfection V850::esci2:usb:ES00FE:337,/data,{},DROSO_03_MEL_19_F,crop_2026-01-13_16-22-42.top_left_CROPNUMBER_7_UUID_DROSO_03_MEL_19_F.png,"[8399, 5562, 8909, 5938]",0.9383822679519652,0.6028218259357906,00_data/01_segmented/crops,00_data/01_segmented/crops/crop_2026-01-13_16-22-42.top_left_CROPNUMBER_7_UUID_DROSO_03_MEL_19_F.json,00_data/02_resized/crops/crop_2026-01-13_16-22-42.top_left_CROPNUMBER_7_UUID_DROSO_03_MEL_19_F.jpg,crops,,00_data/01_segmented/crops/crop_2026-01-13_16-22-42.top_left_CROPNUMBER_7_UUID_DROSO_03_MEL_19_F.png,0.4392156862745098,4.048125,,92191,5.808393121093751
2026-01-13T15:46:54.437940,/data/d3dbcf42e05429343a8e1a5966e3bcf0/Epson Perfection V850/2026-01-13/2026-01-13_15-46-54/top_left,2026-01-13_15-46-54.top_left.jpg,/data/d3dbcf42e05429343a8e1a5966e3bcf0/Epson Perfection V850/2026-01-13/2026-01-13_15-46-54/top_left/2026-01-13_15-46-54.top_left.jpg,2026-01-13_15-46-54.top_left.thumb.jpg,5483407fad8572e990edf163cad31d3d,top_left,"[22.0, 45.0, 110.0, 135.0]",jpg,3200,0,epsonscan2,esci2:usb:ES00FE:337,Epson Perfection V850,d3dbcf42e05429343a8e1a5966e3bcf0,epsonscan2:Epson Perfection V850::esci2:usb:ES00FE:337,/data,{},DROSO_02_SIM_19_F,crop_2026-01-13_15-46-54.top_left_CROPNUMBER_12_UUID_DROSO_02_SIM_19_F.png,"[3755, 5116, 4214, 5359]",0.9302127361297609,1.0,00_data/01_segmented/crops,00_data/01_segmented/crops/crop_2026-01-13_15-46-54.top_left_CROPNUMBER_12_UUID_DROSO_02_SIM_19_F.json,00_data/02_resized/crops/crop_2026-01-13_15-46-54.top_left_CROPNUMBER_12_UUID_DROSO_02_SIM_19_F.jpg,crops,,00_data/01_segmented/crops/crop_2026-01-13_15-46-54.top_left_CROPNUMBER_12_UUID_DROSO_02_SIM_19_F.png,0.4880174291938998,3.6433124999999995,,70455,4.4389402148437505
2026-01-13T16:09:56.394761,/data/d3dbcf42e05429343a8e1a5966e3bcf0/Epson Perfection V850/2026-01-13/2026-01-13_16-09-56/top_right,2026-01-13_16-09-56.top_right.jpg,/data/d3dbcf42e05429343a8e1a5966e3bcf0/Epson Perfection V850/2026-01-13/2026-01-13_16-09-56/top_right/2026-01-13_16-09-56.top_right.jpg,2026-01-13_16-09-56.top_right.thumb.jpg,aee7ff74e98fd3cb0d78628f63d1119f,top_right,"[110.5, 45.0, 200.0, 135.0]",jpg,3200,0,epsonscan2,esci2:usb:ES00FE:337,Epson Perfection V850,d3dbcf42e05429343a8e1a5966e3bcf0,epsonscan2:Epson Perfection V850::esci2:usb:ES00FE:337,/data,{},DROSO_01_MEL_19_M,crop_2026-01-13_16-09-56.top_right_CROPNUMBER_61_UUID_DROSO_01_MEL_19_M.png,"[5334, 8329, 5872, 8682]",0.9233546853065492,0.6027106630904797,00_data/01_segmented/crops,00_data/01_segmented/crops/crop_2026-01-13_16-09-56.top_right_CROPNUMBER_61_UUID_DROSO_01_MEL_19_M.json,00_data/02_resized/crops/crop_2026-01-13_16-09-56.top_right_CROPNUMBER_61_UUID_DROSO_01_MEL_19_M.jpg,crops,,00_data/01_segmented/crops/crop_2026-01-13_16-09-56.top_right_CROPNUMBER_61_UUID_DROSO_01_MEL_19_M.png,0.4163568773234201,4.270375,,94077,5.92721848828125
2026-01-13T16:22:42.229986,/data/d3dbcf42e05429343a8e1a5966e3bcf0/Epson Perfection V850/2026-01-13/2026-01-13_16-22-42/top_left,2026-01-13_16-22-42.top_left.jpg,/data/d3dbcf42e05429343a8e1a5966e3bcf0/Epson Perfection V850/2026-01-13/2026-01-13_16-22-42/top_left/2026-01-13_16-22-42.top_left.jpg,2026-01-13_16-22-42.top_left.thumb.jpg,f331f82ac6dcbf4a1318ddee5307a618,top_left,"[22.0, 45.0, 110.0, 135.0]",jpg,3200,0,epsonscan2,esci2:usb:ES00FE:337,Epson Perfection V850,d3dbcf42e05429343a8e1a5966e3bcf0,epsonscan2:Epson Perfection V850::esci2:usb:ES00FE:337,/data,{},DROSO_03_MEL_19_F,crop_2026-01-13_16-22-42.top_left_CROPNUMBER_1_UUID_DROSO_03_MEL_19_F.png,"[5671, 8104, 6015, 8570]",0.9442448616027832,1.0,00_data/01_segmented/crops,00_data/01_segmented/crops/crop_2026-01-13_16-22-42.top_left_CROPNUMBER_1_UUID_DROSO_03_MEL_19_F.json,00_data/02_resized/crops/crop_2026-01-13_16-22-42.top_left_CROPNUMBER_1_UUID_DROSO_03_MEL_19_F.jpg,crops,,00_data/01_segmented/crops/crop_2026-01-13_16-22-42.top_left_CROPNUMBER_1_UUID_DROSO_03_MEL_19_F.png,0.48068669527896996,3.6988749999999997,,86614,5.4570203359375
2026-01-13T16:22:42.229986,/data/d3dbcf42e05429343a8e1a5966e3bcf0/Epson Perfection V850/2026-01-13/2026-01-13_16-22-42/top_left,2026-01-13_16-22-42.top_left.jpg,/data/d3dbcf42e05429343a8e1a5966e3bcf0/Epson Perfection V850/2026-01-13/2026-01-13_16-22-42/top_left/2026-01-13_16-22-42.top_left.jpg,2026-01-13_16-22-42.top_left.thumb.jpg,f331f82ac6dcbf4a1318ddee5307a618,top_left,"[22.0, 45.0, 110.0, 135.0]",jpg,3200,0,epsonscan2,esci2:usb:ES00FE:337,Epson Perfection V850,d3dbcf42e05429343a8e1a5966e3bcf0,epsonscan2:Epson Perfection V850::esci2:usb:ES00FE:337,/data,{},DROSO_03_MEL_19_F,crop_2026-01-13_16-22-42.top_left_CROPNUMBER_32_UUID_DROSO_03_MEL_19_F.png,"[6171, 7558, 6500, 8046]",0.926338791847229,0.6028218259357906,00_data/01_segmented/crops,00_data/01_segmented/crops/crop_2026-01-13_16-22-42.top_left_CROPNUMBER_32_UUID_DROSO_03_MEL_19_F.json,00_data/02_resized/crops/crop_2026-01-13_16-22-42.top_left_CROPNUMBER_32_UUID_DROSO_03_MEL_19_F.jpg,crops,,00_data/01_segmented/crops/crop_2026-01-13_16-22-42.top_left_CROPNUMBER_32_UUID_DROSO_03_MEL_19_F.png,0.45901639344262296,3.8734999999999995,,86459,5.44725473046875
2026-01-13T16:17:02.422812,/data/d3dbcf42e05429343a8e1a5966e3bcf0/Epson Perfection V850/2026-01-13/2026-01-13_16-17-02/top_left,2026-01-13_16-17-02.top_left.jpg,/data/d3dbcf42e05429343a8e1a5966e3bcf0/Epson Perfection V850/2026-01-13/2026-01-13_16-17-02/top_left/2026-01-13_16-17-02.top_left.jpg,2026-01-13_16-17-02.top_left.thumb.jpg,73a37d7ec44337a23e2a64e1230cb14f,top_left,"[22.0, 45.0, 110.0, 135.0]",jpg,3200,0,epsonscan2,esci2:usb:ES00FE:337,Epson Perfection V850,d3dbcf42e05429343a8e1a5966e3bcf0,epsonscan2:Epson Perfection V850::esci2:usb:ES00FE:337,/data,{},DROSO_02_MEL_19_F,crop_2026-01-13_16-17-02.top_left_CROPNUMBER_10_UUID_DROSO_02_MEL_19_F.png,"[6829, 8928, 7299, 9270]",0.9420636892318726,1.0,00_data/01_segmented/crops,00_data/01_segmented/crops/crop_2026-01-13_16-17-02.top_left_CROPNUMBER_10_UUID_DROSO_02_MEL_19_F.json,00_data/02_resized/crops/crop_2026-01-13_16-17-02.top_left_CROPNUMBER_10_UUID_DROSO_02_MEL_19_F.jpg,crops,,00_data/01_segmented/crops/crop_2026-01-13_16-17-02.top_left_CROPNUMBER_10_UUID_DROSO_02_MEL_19_F.png,0.4765957446808511,3.730625,,86837,5.47107020703125
2026-01-13T15:58:15.447485,/data/d3dbcf42e05429343a8e1a5966e3bcf0/Epson Perfection V850/2026-01-13/2026-01-13_15-58-15/top_left,2026-01-13_15-58-15.top_left.jpg,/data/d3dbcf42e05429343a8e1a5966e3bcf0/Epson Perfection V850/2026-01-13/2026-01-13_15-58-15/top_left/2026-01-13_15-58-15.top_left.jpg,2026-01-13_15-58-15.top_left.thumb.jpg,06b4b76a8baf9e9d6a949609e6c4b9d4,top_left,"[22.0, 45.0, 110.0, 135.0]",jpg,3200,0,epsonscan2,esci2:usb:ES00FE:337,Epson Perfection V850,d3dbcf42e05429343a8e1a5966e3bcf0,epsonscan2:Epson Perfection V850::esci2:usb:ES00FE:337,/data,{},DROSO_04_SIM_19_F,crop_2026-01-13_15-58-15.top_left_CROPNUMBER_11_UUID_DROSO_04_SIM_19_F.png,"[3096, 6664, 3473, 7081]",0.93639075756073,1.0,00_data/01_segmented/crops,00_data/01_segmented/crops/crop_2026-01-13_15-58-15.top_left_CROPNUMBER_11_UUID_DROSO_04_SIM_19_F.json,00_data/02_resized/crops/crop_2026-01-13_15-58-15.top_left_CROPNUMBER_11_UUID_DROSO_04_SIM_19_F.jpg,crops,,00_data/01_segmented/crops/crop_2026-01-13_15-58-15.top_left_CROPNUMBER_11_UUID_DROSO_04_SIM_19_F.png,0.5371702637889688,3.3099374999999998,,72490,4.567153164062501
2026-01-13T15:52:35.076944,/data/d3dbcf42e05429343a8e1a5966e3bcf0/Epson Perfection V850/2026-01-13/2026-01-13_15-52-35/top_right,2026-01-13_15-52-35.top_right.jpg,/data/d3dbcf42e05429343a8e1a5966e3bcf0/Epson Perfection V850/2026-01-13/2026-01-13_15-52-35/top_right/2026-01-13_15-52-35.top_right.jpg,2026-01-13_15-52-35.top_right.thumb.jpg,21ba2cf23da353b8d840e52696871b60,top_right,"[110.5, 45.0, 200.0, 135.0]",jpg,3200,0,epsonscan2,esci2:usb:ES00FE:337,Epson Perfection V850,d3dbcf42e05429343a8e1a5966e3bcf0,epsonscan2:Epson Perfection V850::esci2:usb:ES00FE:337,/data,{},DROSO_03_SIM_19_M,crop_2026-01-13_15-52-35.top_right_CROPNUMBER_10_UUID_DROSO_03_SIM_19_M.png,"[6906, 8954, 7297, 9314]",0.9345971941947936,0.6027106630904797,00_data/01_segmented/crops,00_data/01_segmented/crops/crop_2026-01-13_15-52-35.top_right_CROPNUMBER_10_UUID_DROSO_03_SIM_19_M.json,00_data/02_resized/crops/crop_2026-01-13_15-52-35.top_right_CROPNUMBER_10_UUID_DROSO_03_SIM_19_M.jpg,crops,,00_data/01_segmented/crops/crop_2026-01-13_15-52-35.top_right_CROPNUMBER_10_UUID_DROSO_03_SIM_19_M.png,0.5728900255754475,3.1035625,,65986,4.1573757578125
2026-01-13T16:17:02.422812,/data/d3dbcf42e05429343a8e1a5966e3bcf0/Epson Perfection V850/2026-01-13/2026-01-13_16-17-02/top_right,2026-01-13_16-17-02.top_right.jpg,/data/d3dbcf42e05429343a8e1a5966e3bcf0/Epson Perfection V850/2026-01-13/2026-01-13_16-17-02/top_right/2026-01-13_16-17-02.top_right.jpg,2026-01-13_16-17-02.top_right.thumb.jpg,dba0ed76fe036a6b6c2f125e044f31c3,top_right,"[110.5, 45.0, 200.0, 135.0]",jpg,3200,0,epsonscan2,esci2:usb:ES00FE:337,Epson Perfection V850,d3dbcf42e05429343a8e1a5966e3bcf0,epsonscan2:Epson Perfection V850::esci2:usb:ES00FE:337,/data,{},DROSO_02_MEL_19_M,crop_2026-01-13_16-17-02.top_right_CROPNUMBER_30_UUID_DROSO_02_MEL_19_M.png,"[1987, 9143, 2255, 9446]",0.2363255470991134,1.0,00_data/01_segmented/crops,00_data/01_segmented/crops/crop_2026-01-13_16-17-02.top_right_CROPNUMBER_30_UUID_DROSO_02_MEL_19_M.json,00_data/02_resized/crops/crop_2026-01-13_16-17-02.top_right_CROPNUMBER_30_UUID_DROSO_02_MEL_19_M.jpg,crops,,00_data/01_segmented/crops/crop_2026-01-13_16-17-02.top_right_CROPNUMBER_30_UUID_DROSO_02_MEL_19_M.png,0.7392739273927392,2.4050624999999997,,60016,3.7812424375000004
2026-01-13T15:46:54.437940,/data/d3dbcf42e05429343a8e1a5966e3bcf0/Epson Perfection V850/2026-01-13/2026-01-13_15-46-54/top_left,2026-01-13_15-46-54.top_left.jpg,/data/d3dbcf42e05429343a8e1a5966e3bcf0/Epson Perfection V850/2026-01-13/2026-01-13_15-46-54/top_left/2026-01-13_15-46-54.top_left.jpg,2026-01-13_15-46-54.top_left.thumb.jpg,5483407fad8572e990edf163cad31d3d,top_left,"[22.0, 45.0, 110.0, 135.0]",jpg,3200,0,epsonscan2,esci2:usb:ES00FE:337,Epson Perfection V850,d3dbcf42e05429343a8e1a5966e3bcf0,epsonscan2:Epson Perfection V850::esci2:usb:ES00FE:337,/data,{},DROSO_02_SIM_19_F,crop_2026-01-13_15-46-54.top_left_CROPNUMBER_4_UUID_DROSO_02_SIM_19_F.png,"[5620, 5980, 6106, 6386]",0.937860071659088,0.6028218259357906,00_data/01_segmented/crops,00_data/01_segmented/crops/crop_2026-01-13_15-46-54.top_left_CROPNUMBER_4_UUID_DROSO_02_SIM_19_F.json,00_data/02_resized/crops/crop_2026-01-13_15-46-54.top_left_CROPNUMBER_4_UUID_DROSO_02_SIM_19_F.jpg,crops,,00_data/01_segmented/crops/crop_2026-01-13_15-46-54.top_left_CROPNUMBER_4_UUID_DROSO_02_SIM_19_F.png,0.4609053497942387,3.857625,,87247,5.49690180859375
2026-01-13T16:22:42.229986,/data/d3dbcf42e05429343a8e1a5966e3bcf0/Epson Perfection V850/2026-01-13/2026-01-13_16-22-42/top_right,2026-01-13_16-22-42.top_right.jpg,/data/d3dbcf42e05429343a8e1a5966e3bcf0/Epson Perfection V850/2026-01-13/2026-01-13_16-22-42/top_right/2026-01-13_16-22-42.top_right.jpg,2026-01-13_16-22-42.top_right.thumb.jpg,a62b428f433471233371d44992128bb0,top_right,"[110.5, 45.0, 200.0, 135.0]",jpg,3200,0,epsonscan2,esci2:usb:ES00FE:337,Epson Perfection V850,d3dbcf42e05429343a8e1a5966e3bcf0,epsonscan2:Epson Perfection V850::esci2:usb:ES00FE:337,/data,{},DROSO_03_MEL_19_M,crop_2026-01-13_16-22-42.top_right_CROPNUMBER_5_UUID_DROSO_03_MEL_19_M.png,"[3273, 7685, 3780, 8236]",0.9426310062408448,1.0,00_data/01_segmented/crops,00_data/01_segmented/crops/crop_2026-01-13_16-22-42.top_right_CROPNUMBER_5_UUID_DROSO_03_MEL_19_M.json,00_data/02_resized/crops/crop_2026-01-13_16-22-42.top_right_CROPNUMBER_5_UUID_DROSO_03_MEL_19_M.jpg,crops,,00_data/01_segmented/crops/crop_2026-01-13_16-22-42.top_right_CROPNUMBER_5_UUID_DROSO_03_MEL_19_M.png,0.40653357531760437,4.373562499999999,,92793,5.846321472656251
2026-01-13T16:17:02.422812,/data/d3dbcf42e05429343a8e1a5966e3bcf0/Epson Perfection V850/2026-01-13/2026-01-13_16-17-02/top_left,2026-01-13_16-17-02.top_left.jpg,/data/d3dbcf42e05429343a8e1a5966e3bcf0/Epson Perfection V850/2026-01-13/2026-01-13_16-17-02/top_left/2026-01-13_16-17-02.top_left.jpg,2026-01-13_16-17-02.top_left.thumb.jpg,73a37d7ec44337a23e2a64e1230cb14f,top_left,"[22.0, 45.0, 110.0, 135.0]",jpg,3200,0,epsonscan2,esci2:usb:ES00FE:337,Epson Perfection V850,d3dbcf42e05429343a8e1a5966e3bcf0,epsonscan2:Epson Perfection V850::esci2:usb:ES00FE:337,/data,{},DROSO_02_MEL_19_F,crop_2026-01-13_16-17-02.top_left_CROPNUMBER_30_UUID_DROSO_02_MEL_19_F.png,"[6804, 812, 7094, 1150]",0.679968535900116,1.0,00_data/01_segmented/crops,00_data/01_segmented/crops/crop_2026-01-13_16-17-02.top_left_CROPNUMBER_30_UUID_DROSO_02_MEL_19_F.json,00_data/02_resized/crops/crop_2026-01-13_16-17-02.top_left_CROPNUMBER_30_UUID_DROSO_02_MEL_19_F.jpg,crops,,00_data/01_segmented/crops/crop_2026-01-13_16-17-02.top_left_CROPNUMBER_30_UUID_DROSO_02_MEL_19_F.png,0.6627218934911243,2.6828749999999997,,63499,4.00068504296875
2026-01-13T16:09:56.394761,/data/d3dbcf42e05429343a8e1a5966e3bcf0/Epson Perfection V850/2026-01-13/2026-01-13_16-09-56/top_right,2026-01-13_16-09-56.top_right.jpg,/data/d3dbcf42e05429343a8e1a5966e3bcf0/Epson Perfection V850/2026-01-13/2026-01-13_16-09-56/top_right/2026-01-13_16-09-56.top_right.jpg,2026-01-13_16-09-56.top_right.thumb.jpg,aee7ff74e98fd3cb0d78628f63d1119f,top_right,"[110.5, 45.0, 200.0, 135.0]",jpg,3200,0,epsonscan2,esci2:usb:ES00FE:337,Epson Perfection V850,d3dbcf42e05429343a8e1a5966e3bcf0,epsonscan2:Epson Perfection V850::esci2:usb:ES00FE:337,/data,{},DROSO_01_MEL_19_M,crop_2026-01-13_16-09-56.top_right_CROPNUMBER_48_UUID_DROSO_01_MEL_19_M.png,"[5289, 6084, 5593, 6539]",0.93363618850708,1.0,00_data/01_segmented/crops,00_data/01_segmented/crops/crop_2026-01-13_16-09-56.top_right_CROPNUMBER_48_UUID_DROSO_01_MEL_19_M.json,00_data/02_resized/crops/crop_2026-01-13_16-09-56.top_right_CROPNUMBER_48_UUID_DROSO_01_MEL_19_M.jpg,crops,,00_data/01_segmented/crops/crop_2026-01-13_16-09-56.top_right_CROPNUMBER_48_UUID_DROSO_01_MEL_19_M.png,0.49230769230769234,3.6115625,,74239,4.677346996093751
2026-01-13T16:09:56.394761,/data/d3dbcf42e05429343a8e1a5966e3bcf0/Epson Perfection V850/2026-01-13/2026-01-13_16-09-56/top_left,2026-01-13_16-09-56.top_left.jpg,/data/d3dbcf42e05429343a8e1a5966e3bcf0/Epson Perfection V850/2026-01-13/2026-01-13_16-09-56/top_left/2026-01-13_16-09-56.top_left.jpg,2026-01-13_16-09-56.top_left.thumb.jpg,788d0971822fc839506e3180de7f3b36,top_left,"[22.0, 45.0, 110.0, 135.0]",jpg,3200,0,epsonscan2,esci2:usb:ES00FE:337,Epson Perfection V850,d3dbcf42e05429343a8e1a5966e3bcf0,epsonscan2:Epson Perfection V850::esci2:usb:ES00FE:337,/data,{},DROSO_01_MEL_19_F,crop_2026-01-13_16-09-56.top_left_CROPNUMBER_29_UUID_DROSO_01_MEL_19_F.png,"[8346, 6207, 8875, 6617]",0.9359283447265624,0.6028218259357906,00_data/01_segmented/crops,00_data/01_segmented/crops/crop_2026-01-13_16-09-56.top_left_CROPNUMBER_29_UUID_DROSO_01_MEL_19_F.json,00_data/02_resized/crops/crop_2026-01-13_16-09-56.top_left_CROPNUMBER_29_UUID_DROSO_01_MEL_19_F.jpg,crops,,00_data/01_segmented/crops/crop_2026-01-13_16-09-56.top_left_CROPNUMBER_29_UUID_DROSO_01_MEL_19_F.png,0.42344045368620037,4.1989374999999995,,92501,5.82792433203125
2026-01-13T15:52:35.076944,/data/d3dbcf42e05429343a8e1a5966e3bcf0/Epson Perfection V850/2026-01-13/2026-01-13_15-52-35/top_left,2026-01-13_15-52-35.top_left.jpg,/data/d3dbcf42e05429343a8e1a5966e3bcf0/Epson Perfection V850/2026-01-13/2026-01-13_15-52-35/top_left/2026-01-13_15-52-35.top_left.jpg,2026-01-13_15-52-35.top_left.thumb.jpg,c96bd3e091dcefbdce757afd0a69dc15,top_left,"[22.0, 45.0, 110.0, 135.0]",jpg,3200,0,epsonscan2,esci2:usb:ES00FE:337,Epson Perfection V850,d3dbcf42e05429343a8e1a5966e3bcf0,epsonscan2:Epson Perfection V850::esci2:usb:ES00FE:337,/data,{},DROSO_03_SIM_19_F,crop_2026-01-13_15-52-35.top_left_CROPNUMBER_10_UUID_DROSO_03_SIM_19_F.png,"[3420, 7466, 3751, 7919]",0.9390102624893188,1.0,00_data/01_segmented/crops,00_data/01_segmented/crops/crop_2026-01-13_15-52-35.top_left_CROPNUMBER_10_UUID_DROSO_03_SIM_19_F.json,00_data/02_resized/crops/crop_2026-01-13_15-52-35.top_left_CROPNUMBER_10_UUID_DROSO_03_SIM_19_F.jpg,crops,,00_data/01_segmented/crops/crop_2026-01-13_15-52-35.top_left_CROPNUMBER_10_UUID_DROSO_03_SIM_19_F.png,0.49448123620309054,3.5956875,,80398,5.0653880546875
2026-01-13T16:22:42.229986,/data/d3dbcf42e05429343a8e1a5966e3bcf0/Epson Perfection V850/2026-01-13/2026-01-13_16-22-42/top_right,2026-01-13_16-22-42.top_right.jpg,/data/d3dbcf42e05429343a8e1a5966e3bcf0/Epson Perfection V850/2026-01-13/2026-01-13_16-22-42/top_right/2026-01-13_16-22-42.top_right.jpg,2026-01-13_16-22-42.top_right.thumb.jpg,a62b428f433471233371d44992128bb0,top_right,"[110.5, 45.0, 200.0, 135.0]",jpg,3200,0,epsonscan2,esci2:usb:ES00FE:337,Epson Perfection V850,d3dbcf42e05429343a8e1a5966e3bcf0,epsonscan2:Epson Perfection V850::esci2:usb:ES00FE:337,/data,{},DROSO_03_MEL_19_M,crop_2026-01-13_16-22-42.top_right_CROPNUMBER_27_UUID_DROSO_03_MEL_19_M.png,"[8543, 8115, 8857, 8574]",0.9284272193908693,0.6027106630904797,00_data/01_segmented/crops,00_data/01_segmented/crops/crop_2026-01-13_16-22-42.top_right_CROPNUMBER_27_UUID_DROSO_03_MEL_19_M.json,00_data/02_resized/crops/crop_2026-01-13_16-22-42.top_right_CROPNUMBER_27_UUID_DROSO_03_MEL_19_M.jpg,crops,,00_data/01_segmented/crops/crop_2026-01-13_16-22-42.top_right_CROPNUMBER_27_UUID_DROSO_03_MEL_19_M.png,0.4880174291938998,3.6433124999999995,,76750,4.8355498046875
2026-01-13T16:09:56.394761,/data/d3dbcf42e05429343a8e1a5966e3bcf0/Epson Perfection V850/2026-01-13/2026-01-13_16-09-56/top_right,2026-01-13_16-09-56.top_right.jpg,/data/d3dbcf42e05429343a8e1a5966e3bcf0/Epson Perfection V850/2026-01-13/2026-01-13_16-09-56/top_right/2026-01-13_16-09-56.top_right.jpg,2026-01-13_16-09-56.top_right.thumb.jpg,aee7ff74e98fd3cb0d78628f63d1119f,top_right,"[110.5, 45.0, 200.0, 135.0]",jpg,3200,0,epsonscan2,esci2:usb:ES00FE:337,Epson Perfection V850,d3dbcf42e05429343a8e1a5966e3bcf0,epsonscan2:Epson Perfection V850::esci2:usb:ES00FE:337,/data,{},DROSO_01_MEL_19_M,crop_2026-01-13_16-09-56.top_right_CROPNUMBER_1_UUID_DROSO_01_MEL_19_M.png,"[1564, 7288, 1952, 7750]",0.9554783701896667,1.0,00_data/01_segmented/crops,00_data/01_segmented/crops/crop_2026-01-13_16-09-56.top_right_CROPNUMBER_1_UUID_DROSO_01_MEL_19_M.json,00_data/02_resized/crops/crop_2026-01-13_16-09-56.top_right_CROPNUMBER_1_UUID_DROSO_01_MEL_19_M.jpg,crops,,00_data/01_segmented/crops/crop_2026-01-13_16-09-56.top_right_CROPNUMBER_1_UUID_DROSO_01_MEL_19_M.png,0.48484848484848486,3.667125,,78358,4.9368600859375
2026-01-13T16:22:42.229986,/data/d3dbcf42e05429343a8e1a5966e3bcf0/Epson Perfection V850/2026-01-13/2026-01-13_16-22-42/top_left,2026-01-13_16-22-42.top_left.jpg,/data/d3dbcf42e05429343a8e1a5966e3bcf0/Epson Perfection V850/2026-01-13/2026-01-13_16-22-42/top_left/2026-01-13_16-22-42.top_left.jpg,2026-01-13_16-22-42.top_left.thumb.jpg,f331f82ac6dcbf4a1318ddee5307a618,top_left,"[22.0, 45.0, 110.0, 135.0]",jpg,3200,0,epsonscan2,esci2:usb:ES00FE:337,Epson Perfection V850,d3dbcf42e05429343a8e1a5966e3bcf0,epsonscan2:Epson Perfection V850::esci2:usb:ES00FE:337,/data,{},DROSO_03_MEL_19_F,crop_2026-01-13_16-22-42.top_left_CROPNUMBER_17_UUID_DROSO_03_MEL_19_F.png,"[1958, 6251, 2415, 6755]",0.9363298416137696,0.6028218259357906,00_data/01_segmented/crops,00_data/01_segmented/crops/crop_2026-01-13_16-22-42.top_left_CROPNUMBER_17_UUID_DROSO_03_MEL_19_F.json,00_data/02_resized/crops/crop_2026-01-13_16-22-42.top_left_CROPNUMBER_17_UUID_DROSO_03_MEL_19_F.jpg,crops,,00_data/01_segmented/crops/crop_2026-01-13_16-22-42.top_left_CROPNUMBER_17_UUID_DROSO_03_MEL_19_F.png,0.4444444444444444,4.0005,,111652,7.034512140625001
2026-01-13T15:52:35.076944,/data/d3dbcf42e05429343a8e1a5966e3bcf0/Epson Perfection V850/2026-01-13/2026-01-13_15-52-35/top_left,2026-01-13_15-52-35.top_left.jpg,/data/d3dbcf42e05429343a8e1a5966e3bcf0/Epson Perfection V850/2026-01-13/2026-01-13_15-52-35/top_left/2026-01-13_15-52-35.top_left.jpg,2026-01-13_15-52-35.top_left.thumb.jpg,c96bd3e091dcefbdce757afd0a69dc15,top_left,"[22.0, 45.0, 110.0, 135.0]",jpg,3200,0,epsonscan2,esci2:usb:ES00FE:337,Epson Perfection V850,d3dbcf42e05429343a8e1a5966e3bcf0,epsonscan2:Epson Perfection V850::esci2:usb:ES00FE:337,/data,{},DROSO_03_SIM_19_F,crop_2026-01-13_15-52-35.top_left_CROPNUMBER_17_UUID_DROSO_03_SIM_19_F.png,"[4787, 2784, 6400, 4457]",0.3022361993789673,0.6028218259357906,00_data/01_segmented/crops,00_data/01_segmented/crops/crop_2026-01-13_15-52-35.top_left_CROPNUMBER_17_UUID_DROSO_03_SIM_19_F.json,00_data/02_resized/crops/crop_2026-01-13_15-52-35.top_left_CROPNUMBER_17_UUID_DROSO_03_SIM_19_F.jpg,crops,,00_data/01_segmented/crops/crop_2026-01-13_15-52-35.top_left_CROPNUMBER_17_UUID_DROSO_03_SIM_19_F.png,0.13389121338912133,13.279437500000002,,2028753,127.81936381640625
2026-01-13T15:40:38.651010,/data/d3dbcf42e05429343a8e1a5966e3bcf0/Epson Perfection V850/2026-01-13/2026-01-13_15-40-38/top_left,2026-01-13_15-40-38.top_left.jpg,/data/d3dbcf42e05429343a8e1a5966e3bcf0/Epson Perfection V850/2026-01-13/2026-01-13_15-40-38/top_left/2026-01-13_15-40-38.top_left.jpg,2026-01-13_15-40-38.top_left.thumb.jpg,16a144e86ca9c5e7bb9b16ddead6411f,top_left,"[22.0, 45.0, 110.0, 135.0]",jpg,3200,0,epsonscan2,esci2:usb:ES00FE:337,Epson Perfection V850,d3dbcf42e05429343a8e1a5966e3bcf0,epsonscan2:Epson Perfection V850::esci2:usb:ES00FE:337,/data,{},DROSO_01_SIM_19_F,crop_2026-01-13_15-40-38.top_left_CROPNUMBER_11_UUID_DROSO_01_SIM_19_F.png,"[4633, 9286, 5117, 9700]",0.9349366426467896,0.6028218259357906,00_data/01_segmented/crops,00_data/01_segmented/crops/crop_2026-01-13_15-40-38.top_left_CROPNUMBER_11_UUID_DROSO_01_SIM_19_F.json,00_data/02_resized/crops/crop_2026-01-13_15-40-38.top_left_CROPNUMBER_11_UUID_DROSO_01_SIM_19_F.jpg,crops,,00_data/01_segmented/crops/crop_2026-01-13_15-40-38.top_left_CROPNUMBER_11_UUID_DROSO_01_SIM_19_F.png,0.4628099173553719,3.8417499999999998,,101556,6.398424703125
2026-01-13T15:40:38.651010,/data/d3dbcf42e05429343a8e1a5966e3bcf0/Epson Perfection V850/2026-01-13/2026-01-13_15-40-38/top_left,2026-01-13_15-40-38.top_left.jpg,/data/d3dbcf42e05429343a8e1a5966e3bcf0/Epson Perfection V850/2026-01-13/2026-01-13_15-40-38/top_left/2026-01-13_15-40-38.top_left.jpg,2026-01-13_15-40-38.top_left.thumb.jpg,16a144e86ca9c5e7bb9b16ddead6411f,top_left,"[22.0, 45.0, 110.0, 135.0]",jpg,3200,0,epsonscan2,esci2:usb:ES00FE:337,Epson Perfection V850,d3dbcf42e05429343a8e1a5966e3bcf0,epsonscan2:Epson Perfection V850::esci2:usb:ES00FE:337,/data,{},DROSO_01_SIM_19_F,crop_2026-01-13_15-40-38.top_left_CROPNUMBER_9_UUID_DROSO_01_SIM_19_F.png,"[4106, 6701, 4494, 7051]",0.936576247215271,1.0,00_data/01_segmented/crops,00_data/01_segmented/crops/crop_2026-01-13_15-40-38.top_left_CROPNUMBER_9_UUID_DROSO_01_SIM_19_F.json,00_data/02_resized/crops/crop_2026-01-13_15-40-38.top_left_CROPNUMBER_9_UUID_DROSO_01_SIM_19_F.jpg,crops,,00_data/01_segmented/crops/crop_2026-01-13_15-40-38.top_left_CROPNUMBER_9_UUID_DROSO_01_SIM_19_F.png,0.5773195876288659,3.0797500000000007,,70425,4.43705009765625
2026-01-13T15:40:38.651010,/data/d3dbcf42e05429343a8e1a5966e3bcf0/Epson Perfection V850/2026-01-13/2026-01-13_15-40-38/top_left,2026-01-13_15-40-38.top_left.jpg,/data/d3dbcf42e05429343a8e1a5966e3bcf0/Epson Perfection V850/2026-01-13/2026-01-13_15-40-38/top_left/2026-01-13_15-40-38.top_left.jpg,2026-01-13_15-40-38.top_left.thumb.jpg,16a144e86ca9c5e7bb9b16ddead6411f,top_left,"[22.0, 45.0, 110.0, 135.0]",jpg,3200,0,epsonscan2,esci2:usb:ES00FE:337,Epson Perfection V850,d3dbcf42e05429343a8e1a5966e3bcf0,epsonscan2:Epson Perfection V850::esci2:usb:ES00FE:337,/data,{},DROSO_01_SIM_19_F,crop_2026-01-13_15-40-38.top_left_CROPNUMBER_3_UUID_DROSO_01_SIM_19_F.png,"[4716, 8288, 5170, 8748]",0.9461793899536132,0.6028218259357906,00_data/01_segmented/crops,00_data/01_segmented/crops/crop_2026-01-13_15-40-38.top_left_CROPNUMBER_3_UUID_DROSO_01_SIM_19_F.json,00_data/02_resized/crops/crop_2026-01-13_15-40-38.top_left_CROPNUMBER_3_UUID_DROSO_01_SIM_19_F.jpg,crops,,00_data/01_segmented/crops/crop_2026-01-13_15-40-38.top_left_CROPNUMBER_3_UUID_DROSO_01_SIM_19_F.png,0.48695652173913045,3.6512499999999997,,96055,6.05184021484375
2026-01-13T16:04:10.629205,/data/d3dbcf42e05429343a8e1a5966e3bcf0/Epson Perfection V850/2026-01-13/2026-01-13_16-04-10/top_left,2026-01-13_16-04-10.top_left.jpg,/data/d3dbcf42e05429343a8e1a5966e3bcf0/Epson Perfection V850/2026-01-13/2026-01-13_16-04-10/top_left/2026-01-13_16-04-10.top_left.jpg,2026-01-13_16-04-10.top_left.thumb.jpg,e5f859616a1ebf20cb8f61da5b2008c2,top_left,"[22.0, 45.0, 110.0, 135.0]",jpg,3200,0,epsonscan2,esci2:usb:ES00FE:337,Epson Perfection V850,d3dbcf42e05429343a8e1a5966e3bcf0,epsonscan2:Epson Perfection V850::esci2:usb:ES00FE:337,/data,{},DROSO_05_SIM_19_F,crop_2026-01-13_16-04-10.top_left_CROPNUMBER_11_UUID_DROSO_05_SIM_19_F.png,"[3983, 8670, 4430, 9014]",0.9353381991386414,1.0,00_data/01_segmented/crops,00_data/01_segmented/crops/crop_2026-01-13_16-04-10.top_left_CROPNUMBER_11_UUID_DROSO_05_SIM_19_F.json,00_data/02_resized/crops/crop_2026-01-13_16-04-10.top_left_CROPNUMBER_11_UUID_DROSO_05_SIM_19_F.jpg,crops,,00_data/01_segmented/crops/crop_2026-01-13_16-04-10.top_left_CROPNUMBER_11_UUID_DROSO_05_SIM_19_F.png,0.5011185682326622,3.5480624999999995,,74662,4.7039976484375
2026-01-13T15:52:35.076944,/data/d3dbcf42e05429343a8e1a5966e3bcf0/Epson Perfection V850/2026-01-13/2026-01-13_15-52-35/top_left,2026-01-13_15-52-35.top_left.jpg,/data/d3dbcf42e05429343a8e1a5966e3bcf0/Epson Perfection V850/2026-01-13/2026-01-13_15-52-35/top_left/2026-01-13_15-52-35.top_left.jpg,2026-01-13_15-52-35.top_left.thumb.jpg,c96bd3e091dcefbdce757afd0a69dc15,top_left,"[22.0, 45.0, 110.0, 135.0]",jpg,3200,0,epsonscan2,esci2:usb:ES00FE:337,Epson Perfection V850,d3dbcf42e05429343a8e1a5966e3bcf0,epsonscan2:Epson Perfection V850::esci2:usb:ES00FE:337,/data,{},DROSO_03_SIM_19_F,crop_2026-01-13_15-52-35.top_left_CROPNUMBER_7_UUID_DROSO_03_SIM_19_F.png,"[4552, 7094, 5000, 7413]",0.9417073130607604,1.0,00_data/01_segmented/crops,00_data/01_segmented/crops/crop_2026-01-13_15-52-35.top_left_CROPNUMBER_7_UUID_DROSO_03_SIM_19_F.json,00_data/02_resized/crops/crop_2026-01-13_15-52-35.top_left_CROPNUMBER_7_UUID_DROSO_03_SIM_19_F.jpg,crops,,00_data/01_segmented/crops/crop_2026-01-13_15-52-35.top_left_CROPNUMBER_7_UUID_DROSO_03_SIM_19_F.png,0.5,3.556,,72074,4.5409435390625
2026-01-13T16:04:10.629205,/data/d3dbcf42e05429343a8e1a5966e3bcf0/Epson Perfection V850/2026-01-13/2026-01-13_16-04-10/top_left,2026-01-13_16-04-10.top_left.jpg,/data/d3dbcf42e05429343a8e1a5966e3bcf0/Epson Perfection V850/2026-01-13/2026-01-13_16-04-10/top_left/2026-01-13_16-04-10.top_left.jpg,2026-01-13_16-04-10.top_left.thumb.jpg,e5f859616a1ebf20cb8f61da5b2008c2,top_left,"[22.0, 45.0, 110.0, 135.0]",jpg,3200,0,epsonscan2,esci2:usb:ES00FE:337,Epson Perfection V850,d3dbcf42e05429343a8e1a5966e3bcf0,epsonscan2:Epson Perfection V850::esci2:usb:ES00FE:337,/data,{},DROSO_05_SIM_19_F,crop_2026-01-13_16-04-10.top_left_CROPNUMBER_5_UUID_DROSO_05_SIM_19_F.png,"[4116, 6041, 4445, 6498]",0.9472190737724304,1.0,00_data/01_segmented/crops,00_data/01_segmented/crops/crop_2026-01-13_16-04-10.top_left_CROPNUMBER_5_UUID_DROSO_05_SIM_19_F.json,00_data/02_resized/crops/crop_2026-01-13_16-04-10.top_left_CROPNUMBER_5_UUID_DROSO_05_SIM_19_F.jpg,crops,,00_data/01_segmented/crops/crop_2026-01-13_16-04-10.top_left_CROPNUMBER_5_UUID_DROSO_05_SIM_19_F.png,0.49015317286652077,3.6274375,,85868,5.410019421875
2026-01-13T16:09:56.394761,/data/d3dbcf42e05429343a8e1a5966e3bcf0/Epson Perfection V850/2026-01-13/2026-01-13_16-09-56/top_left,2026-01-13_16-09-56.top_left.jpg,/data/d3dbcf42e05429343a8e1a5966e3bcf0/Epson Perfection V850/2026-01-13/2026-01-13_16-09-56/top_left/2026-01-13_16-09-56.top_left.jpg,2026-01-13_16-09-56.top_left.thumb.jpg,788d0971822fc839506e3180de7f3b36,top_left,"[22.0, 45.0, 110.0, 135.0]",jpg,3200,0,epsonscan2,esci2:usb:ES00FE:337,Epson Perfection V850,d3dbcf42e05429343a8e1a5966e3bcf0,epsonscan2:Epson Perfection V850::esci2:usb:ES00FE:337,/data,{},DROSO_01_MEL_19_F,crop_2026-01-13_16-09-56.top_left_CROPNUMBER_30_UUID_DROSO_01_MEL_19_F.png,"[4047, 7635, 4458, 8168]",0.9354854226112366,0.6028218259357906,00_data/01_segmented/crops,00_data/01_segmented/crops/crop_2026-01-13_16-09-56.top_left_CROPNUMBER_30_UUID_DROSO_01_MEL_19_F.json,00_data/02_resized/crops/crop_2026-01-13_16-09-56.top_left_CROPNUMBER_30_UUID_DROSO_01_MEL_19_F.jpg,crops,,00_data/01_segmented/crops/crop_2026-01-13_16-09-56.top_left_CROPNUMBER_30_UUID_DROSO_01_MEL_19_F.png,0.4202626641651032,4.2306875,,115285,7.26340533203125
2026-01-13T15:46:54.437940,/data/d3dbcf42e05429343a8e1a5966e3bcf0/Epson Perfection V850/2026-01-13/2026-01-13_15-46-54/top_right,2026-01-13_15-46-54.top_right.jpg,/data/d3dbcf42e05429343a8e1a5966e3bcf0/Epson Perfection V850/2026-01-13/2026-01-13_15-46-54/top_right/2026-01-13_15-46-54.top_right.jpg,2026-01-13_15-46-54.top_right.thumb.jpg,8cfcebfb20b3b3b2bc86ba50975b08d9,top_right,"[110.5, 45.0, 200.0, 135.0]",jpg,3200,0,epsonscan2,esci2:usb:ES00FE:337,Epson Perfection V850,d3dbcf42e05429343a8e1a5966e3bcf0,epsonscan2:Epson Perfection V850::esci2:usb:ES00FE:337,/data,{},DROSO_02_SIM_19_M,crop_2026-01-13_15-46-54.top_right_CROPNUMBER_6_UUID_DROSO_02_SIM_19_M.png,"[4997, 7756, 5439, 8170]",0.94342839717865,1.0,00_data/01_segmented/crops,00_data/01_segmented/crops/crop_2026-01-13_15-46-54.top_right_CROPNUMBER_6_UUID_DROSO_02_SIM_19_M.json,00_data/02_resized/crops/crop_2026-01-13_15-46-54.top_right_CROPNUMBER_6_UUID_DROSO_02_SIM_19_M.jpg,crops,,00_data/01_segmented/crops/crop_2026-01-13_15-46-54.top_right_CROPNUMBER_6_UUID_DROSO_02_SIM_19_M.png,0.5067873303167421,3.5083749999999996,,86989,5.48064680078125
2026-01-13T15:58:15.447485,/data/d3dbcf42e05429343a8e1a5966e3bcf0/Epson Perfection V850/2026-01-13/2026-01-13_15-58-15/top_left,2026-01-13_15-58-15.top_left.jpg,/data/d3dbcf42e05429343a8e1a5966e3bcf0/Epson Perfection V850/2026-01-13/2026-01-13_15-58-15/top_left/2026-01-13_15-58-15.top_left.jpg,2026-01-13_15-58-15.top_left.thumb.jpg,06b4b76a8baf9e9d6a949609e6c4b9d4,top_left,"[22.0, 45.0, 110.0, 135.0]",jpg,3200,0,epsonscan2,esci2:usb:ES00FE:337,Epson Perfection V850,d3dbcf42e05429343a8e1a5966e3bcf0,epsonscan2:Epson Perfection V850::esci2:usb:ES00FE:337,/data,{},DROSO_04_SIM_19_F,crop_2026-01-13_15-58-15.top_left_CROPNUMBER_19_UUID_DROSO_04_SIM_19_F.png,"[6246, 7365, 6599, 7726]",0.9300485253334044,1.0,00_data/01_segmented/crops,00_data/01_segmented/crops/crop_2026-01-13_15-58-15.top_left_CROPNUMBER_19_UUID_DROSO_04_SIM_19_F.json,00_data/02_resized/crops/crop_2026-01-13_15-58-15.top_left_CROPNUMBER_19_UUID_DROSO_04_SIM_19_F.jpg,crops,,00_data/01_segmented/crops/crop_2026-01-13_15-58-15.top_left_CROPNUMBER_19_UUID_DROSO_04_SIM_19_F.png,0.6204986149584487,2.8654374999999996,,67166,4.2317203671875
2026-01-13T16:22:42.229986,/data/d3dbcf42e05429343a8e1a5966e3bcf0/Epson Perfection V850/2026-01-13/2026-01-13_16-22-42/top_left,2026-01-13_16-22-42.top_left.jpg,/data/d3dbcf42e05429343a8e1a5966e3bcf0/Epson Perfection V850/2026-01-13/2026-01-13_16-22-42/top_left/2026-01-13_16-22-42.top_left.jpg,2026-01-13_16-22-42.top_left.thumb.jpg,f331f82ac6dcbf4a1318ddee5307a618,top_left,"[22.0, 45.0, 110.0, 135.0]",jpg,3200,0,epsonscan2,esci2:usb:ES00FE:337,Epson Perfection V850,d3dbcf42e05429343a8e1a5966e3bcf0,epsonscan2:Epson Perfection V850::esci2:usb:ES00FE:337,/data,{},DROSO_03_MEL_19_F,crop_2026-01-13_16-22-42.top_left_CROPNUMBER_18_UUID_DROSO_03_MEL_19_F.png,"[7637, 8419, 8063, 8921]",0.9360735416412354,0.6028218259357906,00_data/01_segmented/crops,00_data/01_segmented/crops/crop_2026-01-13_16-22-42.top_left_CROPNUMBER_18_UUID_DROSO_03_MEL_19_F.json,00_data/02_resized/crops/crop_2026-01-13_16-22-42.top_left_CROPNUMBER_18_UUID_DROSO_03_MEL_19_F.jpg,crops,,00_data/01_segmented/crops/crop_2026-01-13_16-22-42.top_left_CROPNUMBER_18_UUID_DROSO_03_MEL_19_F.png,0.44621513944223107,3.9846249999999994,,86080,5.4233762500000005
2026-01-13T16:09:56.394761,/data/d3dbcf42e05429343a8e1a5966e3bcf0/Epson Perfection V850/2026-01-13/2026-01-13_16-09-56/top_right,2026-01-13_16-09-56.top_right.jpg,/data/d3dbcf42e05429343a8e1a5966e3bcf0/Epson Perfection V850/2026-01-13/2026-01-13_16-09-56/top_right/2026-01-13_16-09-56.top_right.jpg,2026-01-13_16-09-56.top_right.thumb.jpg,aee7ff74e98fd3cb0d78628f63d1119f,top_right,"[110.5, 45.0, 200.0, 135.0]",jpg,3200,0,epsonscan2,esci2:usb:ES00FE:337,Epson Perfection V850,d3dbcf42e05429343a8e1a5966e3bcf0,epsonscan2:Epson Perfection V850::esci2:usb:ES00FE:337,/data,{},DROSO_01_MEL_19_M,crop_2026-01-13_16-09-56.top_right_CROPNUMBER_33_UUID_DROSO_01_MEL_19_M.png,"[7377, 5029, 7669, 5489]",0.9381389021873474,1.0,00_data/01_segmented/crops,00_data/01_segmented/crops/crop_2026-01-13_16-09-56.top_right_CROPNUMBER_33_UUID_DROSO_01_MEL_19_M.json,00_data/02_resized/crops/crop_2026-01-13_16-09-56.top_right_CROPNUMBER_33_UUID_DROSO_01_MEL_19_M.jpg,crops,,00_data/01_segmented/crops/crop_2026-01-13_16-09-56.top_right_CROPNUMBER_33_UUID_DROSO_01_MEL_19_M.png,0.48695652173913045,3.6512499999999997,,81446,5.1314161484375
2026-01-13T15:58:15.447485,/data/d3dbcf42e05429343a8e1a5966e3bcf0/Epson Perfection V850/2026-01-13/2026-01-13_15-58-15/top_left,2026-01-13_15-58-15.top_left.jpg,/data/d3dbcf42e05429343a8e1a5966e3bcf0/Epson Perfection V850/2026-01-13/2026-01-13_15-58-15/top_left/2026-01-13_15-58-15.top_left.jpg,2026-01-13_15-58-15.top_left.thumb.jpg,06b4b76a8baf9e9d6a949609e6c4b9d4,top_left,"[22.0, 45.0, 110.0, 135.0]",jpg,3200,0,epsonscan2,esci2:usb:ES00FE:337,Epson Perfection V850,d3dbcf42e05429343a8e1a5966e3bcf0,epsonscan2:Epson Perfection V850::esci2:usb:ES00FE:337,/data,{},DROSO_04_SIM_19_F,crop_2026-01-13_15-58-15.top_left_CROPNUMBER_16_UUID_DROSO_04_SIM_19_F.png,"[2692, 7855, 3124, 8303]",0.9336071014404296,0.6028218259357906,00_data/01_segmented/crops,00_data/01_segmented/crops/crop_2026-01-13_15-58-15.top_left_CROPNUMBER_16_UUID_DROSO_04_SIM_19_F.json,00_data/02_resized/crops/crop_2026-01-13_15-58-15.top_left_CROPNUMBER_16_UUID_DROSO_04_SIM_19_F.jpg,crops,,00_data/01_segmented/crops/crop_2026-01-13_15-58-15.top_left_CROPNUMBER_16_UUID_DROSO_04_SIM_19_F.png,0.5,3.556,,83833,5.281806472656251
2026-01-13T15:52:35.076944,/data/d3dbcf42e05429343a8e1a5966e3bcf0/Epson Perfection V850/2026-01-13/2026-01-13_15-52-35/top_left,2026-01-13_15-52-35.top_left.jpg,/data/d3dbcf42e05429343a8e1a5966e3bcf0/Epson Perfection V850/2026-01-13/2026-01-13_15-52-35/top_left/2026-01-13_15-52-35.top_left.jpg,2026-01-13_15-52-35.top_left.thumb.jpg,c96bd3e091dcefbdce757afd0a69dc15,top_left,"[22.0, 45.0, 110.0, 135.0]",jpg,3200,0,epsonscan2,esci2:usb:ES00FE:337,Epson Perfection V850,d3dbcf42e05429343a8e1a5966e3bcf0,epsonscan2:Epson Perfection V850::esci2:usb:ES00FE:337,/data,{},DROSO_03_SIM_19_F,crop_2026-01-13_15-52-35.top_left_CROPNUMBER_6_UUID_DROSO_03_SIM_19_F.png,"[5258, 9363, 5664, 9810]",0.9443351030349731,1.0,00_data/01_segmented/crops,00_data/01_segmented/crops/crop_2026-01-13_15-52-35.top_left_CROPNUMBER_6_UUID_DROSO_03_SIM_19_F.json,00_data/02_resized/crops/crop_2026-01-13_15-52-35.top_left_CROPNUMBER_6_UUID_DROSO_03_SIM_19_F.jpg,crops,,00_data/01_segmented/crops/crop_2026-01-13_15-52-35.top_left_CROPNUMBER_6_UUID_DROSO_03_SIM_19_F.png,0.5011185682326622,3.5480624999999995,,77389,4.87580930078125
2026-01-13T15:52:35.076944,/data/d3dbcf42e05429343a8e1a5966e3bcf0/Epson Perfection V850/2026-01-13/2026-01-13_15-52-35/top_left,2026-01-13_15-52-35.top_left.jpg,/data/d3dbcf42e05429343a8e1a5966e3bcf0/Epson Perfection V850/2026-01-13/2026-01-13_15-52-35/top_left/2026-01-13_15-52-35.top_left.jpg,2026-01-13_15-52-35.top_left.thumb.jpg,c96bd3e091dcefbdce757afd0a69dc15,top_left,"[22.0, 45.0, 110.0, 135.0]",jpg,3200,0,epsonscan2,esci2:usb:ES00FE:337,Epson Perfection V850,d3dbcf42e05429343a8e1a5966e3bcf0,epsonscan2:Epson Perfection V850::esci2:usb:ES00FE:337,/data,{},DROSO_03_SIM_19_F,crop_2026-01-13_15-52-35.top_left_CROPNUMBER_1_UUID_DROSO_03_SIM_19_F.png,"[7759, 8015, 8230, 8307]",0.9514007568359376,1.0,00_data/01_segmented/crops,00_data/01_segmented/crops/crop_2026-01-13_15-52-35.top_left_CROPNUMBER_1_UUID_DROSO_03_SIM_19_F.json,00_data/02_resized/crops/crop_2026-01-13_15-52-35.top_left_CROPNUMBER_1_UUID_DROSO_03_SIM_19_F.jpg,crops,,00_data/01_segmented/crops/crop_2026-01-13_15-52-35.top_left_CROPNUMBER_1_UUID_DROSO_03_SIM_19_F.png,0.47558386411889597,3.7385624999999996,,84339,5.31368644921875
2026-01-13T16:09:56.394761,/data/d3dbcf42e05429343a8e1a5966e3bcf0/Epson Perfection V850/2026-01-13/2026-01-13_16-09-56/top_left,2026-01-13_16-09-56.top_left.jpg,/data/d3dbcf42e05429343a8e1a5966e3bcf0/Epson Perfection V850/2026-01-13/2026-01-13_16-09-56/top_left/2026-01-13_16-09-56.top_left.jpg,2026-01-13_16-09-56.top_left.thumb.jpg,788d0971822fc839506e3180de7f3b36,top_left,"[22.0, 45.0, 110.0, 135.0]",jpg,3200,0,epsonscan2,esci2:usb:ES00FE:337,Epson Perfection V850,d3dbcf42e05429343a8e1a5966e3bcf0,epsonscan2:Epson Perfection V850::esci2:usb:ES00FE:337,/data,{},DROSO_01_MEL_19_F,crop_2026-01-13_16-09-56.top_left_CROPNUMBER_18_UUID_DROSO_01_MEL_19_F.png,"[3638, 8150, 4155, 8512]",0.9403289556503296,0.6028218259357906,00_data/01_segmented/crops,00_data/01_segmented/crops/crop_2026-01-13_16-09-56.top_left_CROPNUMBER_18_UUID_DROSO_01_MEL_19_F.json,00_data/02_resized/crops/crop_2026-01-13_16-09-56.top_left_CROPNUMBER_18_UUID_DROSO_01_MEL_19_F.jpg,crops,,00_data/01_segmented/crops/crop_2026-01-13_16-09-56.top_left_CROPNUMBER_18_UUID_DROSO_01_MEL_19_F.png,0.4332688588007737,4.1036874999999995,,90870,5.725164960937501
2026-01-13T16:09:56.394761,/data/d3dbcf42e05429343a8e1a5966e3bcf0/Epson Perfection V850/2026-01-13/2026-01-13_16-09-56/top_right,2026-01-13_16-09-56.top_right.jpg,/data/d3dbcf42e05429343a8e1a5966e3bcf0/Epson Perfection V850/2026-01-13/2026-01-13_16-09-56/top_right/2026-01-13_16-09-56.top_right.jpg,2026-01-13_16-09-56.top_right.thumb.jpg,aee7ff74e98fd3cb0d78628f63d1119f,top_right,"[110.5, 45.0, 200.0, 135.0]",jpg,3200,0,epsonscan2,esci2:usb:ES00FE:337,Epson Perfection V850,d3dbcf42e05429343a8e1a5966e3bcf0,epsonscan2:Epson Perfection V850::esci2:usb:ES00FE:337,/data,{},DROSO_01_MEL_19_M,crop_2026-01-13_16-09-56.top_right_CROPNUMBER_34_UUID_DROSO_01_MEL_19_M.png,"[2763, 8446, 3138, 8920]",0.937399923801422,1.0,00_data/01_segmented/crops,00_data/01_segmented/crops/crop_2026-01-13_16-09-56.top_right_CROPNUMBER_34_UUID_DROSO_01_MEL_19_M.json,00_data/02_resized/crops/crop_2026-01-13_16-09-56.top_right_CROPNUMBER_34_UUID_DROSO_01_MEL_19_M.jpg,crops,,00_data/01_segmented/crops/crop_2026-01-13_16-09-56.top_right_CROPNUMBER_34_UUID_DROSO_01_MEL_19_M.png,0.47257383966244726,3.762375,,89668,5.6494342656250005
2026-01-13T16:09:56.394761,/data/d3dbcf42e05429343a8e1a5966e3bcf0/Epson Perfection V850/2026-01-13/2026-01-13_16-09-56/top_right,2026-01-13_16-09-56.top_right.jpg,/data/d3dbcf42e05429343a8e1a5966e3bcf0/Epson Perfection V850/2026-01-13/2026-01-13_16-09-56/top_right/2026-01-13_16-09-56.top_right.jpg,2026-01-13_16-09-56.top_right.thumb.jpg,aee7ff74e98fd3cb0d78628f63d1119f,top_right,"[110.5, 45.0, 200.0, 135.0]",jpg,3200,0,epsonscan2,esci2:usb:ES00FE:337,Epson Perfection V850,d3dbcf42e05429343a8e1a5966e3bcf0,epsonscan2:Epson Perfection V850::esci2:usb:ES00FE:337,/data,{},DROSO_01_MEL_19_M,crop_2026-01-13_16-09-56.top_right_CROPNUMBER_4_UUID_DROSO_01_MEL_19_M.png,"[9928, 7068, 10381, 7401]",0.952376902103424,1.0,00_data/01_segmented/crops,00_data/01_segmented/crops/crop_2026-01-13_16-09-56.top_right_CROPNUMBER_4_UUID_DROSO_01_MEL_19_M.json,00_data/02_resized/crops/crop_2026-01-13_16-09-56.top_right_CROPNUMBER_4_UUID_DROSO_01_MEL_19_M.jpg,crops,,00_data/01_segmented/crops/crop_2026-01-13_16-09-56.top_right_CROPNUMBER_4_UUID_DROSO_01_MEL_19_M.png,0.49448123620309054,3.5956875,,76829,4.84052711328125
2026-01-13T16:04:10.629205,/data/d3dbcf42e05429343a8e1a5966e3bcf0/Epson Perfection V850/2026-01-13/2026-01-13_16-04-10/top_left,2026-01-13_16-04-10.top_left.jpg,/data/d3dbcf42e05429343a8e1a5966e3bcf0/Epson Perfection V850/2026-01-13/2026-01-13_16-04-10/top_left/2026-01-13_16-04-10.top_left.jpg,2026-01-13_16-04-10.top_left.thumb.jpg,e5f859616a1ebf20cb8f61da5b2008c2,top_left,"[22.0, 45.0, 110.0, 135.0]",jpg,3200,0,epsonscan2,esci2:usb:ES00FE:337,Epson Perfection V850,d3dbcf42e05429343a8e1a5966e3bcf0,epsonscan2:Epson Perfection V850::esci2:usb:ES00FE:337,/data,{},DROSO_05_SIM_19_F,crop_2026-01-13_16-04-10.top_left_CROPNUMBER_4_UUID_DROSO_05_SIM_19_F.png,"[4540, 9924, 5016, 10245]",0.9473336338996888,1.0,00_data/01_segmented/crops,00_data/01_segmented/crops/crop_2026-01-13_16-04-10.top_left_CROPNUMBER_4_UUID_DROSO_05_SIM_19_F.json,00_data/02_resized/crops/crop_2026-01-13_16-04-10.top_left_CROPNUMBER_4_UUID_DROSO_05_SIM_19_F.jpg,crops,,00_data/01_segmented/crops/crop_2026-01-13_16-04-10.top_left_CROPNUMBER_4_UUID_DROSO_05_SIM_19_F.png,0.47058823529411764,3.7782499999999994,,78082,4.919471007812501
2026-01-13T16:04:10.629205,/data/d3dbcf42e05429343a8e1a5966e3bcf0/Epson Perfection V850/2026-01-13/2026-01-13_16-04-10/top_right,2026-01-13_16-04-10.top_right.jpg,/data/d3dbcf42e05429343a8e1a5966e3bcf0/Epson Perfection V850/2026-01-13/2026-01-13_16-04-10/top_right/2026-01-13_16-04-10.top_right.jpg,2026-01-13_16-04-10.top_right.thumb.jpg,3126fa75aee2fe2913a08ebebfa0ed4f,top_right,"[110.5, 45.0, 200.0, 135.0]",jpg,3200,0,epsonscan2,esci2:usb:ES00FE:337,Epson Perfection V850,d3dbcf42e05429343a8e1a5966e3bcf0,epsonscan2:Epson Perfection V850::esci2:usb:ES00FE:337,/data,{},DROSO_05_SIM_19_M,crop_2026-01-13_16-04-10.top_right_CROPNUMBER_10_UUID_DROSO_05_SIM_19_M.png,"[8175, 9104, 8443, 9478]",0.9358967542648317,1.0,00_data/01_segmented/crops,00_data/01_segmented/crops/crop_2026-01-13_16-04-10.top_right_CROPNUMBER_10_UUID_DROSO_05_SIM_19_M.json,00_data/02_resized/crops/crop_2026-01-13_16-04-10.top_right_CROPNUMBER_10_UUID_DROSO_05_SIM_19_M.jpg,crops,,00_data/01_segmented/crops/crop_2026-01-13_16-04-10.top_right_CROPNUMBER_10_UUID_DROSO_05_SIM_19_M.png,0.5989304812834224,2.9686250000000003,,58893,3.7104890507812502
2026-01-13T16:09:56.394761,/data/d3dbcf42e05429343a8e1a5966e3bcf0/Epson Perfection V850/2026-01-13/2026-01-13_16-09-56/top_left,2026-01-13_16-09-56.top_left.jpg,/data/d3dbcf42e05429343a8e1a5966e3bcf0/Epson Perfection V850/2026-01-13/2026-01-13_16-09-56/top_left/2026-01-13_16-09-56.top_left.jpg,2026-01-13_16-09-56.top_left.thumb.jpg,788d0971822fc839506e3180de7f3b36,top_left,"[22.0, 45.0, 110.0, 135.0]",jpg,3200,0,epsonscan2,esci2:usb:ES00FE:337,Epson Perfection V850,d3dbcf42e05429343a8e1a5966e3bcf0,epsonscan2:Epson Perfection V850::esci2:usb:ES00FE:337,/data,{},DROSO_01_MEL_19_F,crop_2026-01-13_16-09-56.top_left_CROPNUMBER_39_UUID_DROSO_01_MEL_19_F.png,"[3482, 9595, 3997, 9928]",0.9299572706222534,0.6028218259357906,00_data/01_segmented/crops,00_data/01_segmented/crops/crop_2026-01-13_16-09-56.top_left_CROPNUMBER_39_UUID_DROSO_01_MEL_19_F.json,00_data/02_resized/crops/crop_2026-01-13_16-09-56.top_left_CROPNUMBER_39_UUID_DROSO_01_MEL_19_F.jpg,crops,,00_data/01_segmented/crops/crop_2026-01-13_16-09-56.top_left_CROPNUMBER_39_UUID_DROSO_01_MEL_19_F.png,0.4349514563106796,4.0878125,,88884,5.600039203125
2026-01-13T16:17:02.422812,/data/d3dbcf42e05429343a8e1a5966e3bcf0/Epson Perfection V850/2026-01-13/2026-01-13_16-17-02/top_right,2026-01-13_16-17-02.top_right.jpg,/data/d3dbcf42e05429343a8e1a5966e3bcf0/Epson Perfection V850/2026-01-13/2026-01-13_16-17-02/top_right/2026-01-13_16-17-02.top_right.jpg,2026-01-13_16-17-02.top_right.thumb.jpg,dba0ed76fe036a6b6c2f125e044f31c3,top_right,"[110.5, 45.0, 200.0, 135.0]",jpg,3200,0,epsonscan2,esci2:usb:ES00FE:337,Epson Perfection V850,d3dbcf42e05429343a8e1a5966e3bcf0,epsonscan2:Epson Perfection V850::esci2:usb:ES00FE:337,/data,{},DROSO_02_MEL_19_M,crop_2026-01-13_16-17-02.top_right_CROPNUMBER_19_UUID_DROSO_02_MEL_19_M.png,"[4400, 7598, 4880, 8000]",0.9349051117897034,0.6027106630904797,00_data/01_segmented/crops,00_data/01_segmented/crops/crop_2026-01-13_16-17-02.top_right_CROPNUMBER_19_UUID_DROSO_02_MEL_19_M.json,00_data/02_resized/crops/crop_2026-01-13_16-17-02.top_right_CROPNUMBER_19_UUID_DROSO_02_MEL_19_M.jpg,crops,,00_data/01_segmented/crops/crop_2026-01-13_16-17-02.top_right_CROPNUMBER_19_UUID_DROSO_02_MEL_19_M.png,0.4666666666666667,3.8099999999999996,,89518,5.6399836796875
2026-01-13T16:09:56.394761,/data/d3dbcf42e05429343a8e1a5966e3bcf0/Epson Perfection V850/2026-01-13/2026-01-13_16-09-56/top_left,2026-01-13_16-09-56.top_left.jpg,/data/d3dbcf42e05429343a8e1a5966e3bcf0/Epson Perfection V850/2026-01-13/2026-01-13_16-09-56/top_left/2026-01-13_16-09-56.top_left.jpg,2026-01-13_16-09-56.top_left.thumb.jpg,788d0971822fc839506e3180de7f3b36,top_left,"[22.0, 45.0, 110.0, 135.0]",jpg,3200,0,epsonscan2,esci2:usb:ES00FE:337,Epson Perfection V850,d3dbcf42e05429343a8e1a5966e3bcf0,epsonscan2:Epson Perfection V850::esci2:usb:ES00FE:337,/data,{},DROSO_01_MEL_19_F,crop_2026-01-13_16-09-56.top_left_CROPNUMBER_44_UUID_DROSO_01_MEL_19_F.png,"[8177, 7100, 8686, 7484]",0.9257893562316896,0.6028218259357906,00_data/01_segmented/crops,00_data/01_segmented/crops/crop_2026-01-13_16-09-56.top_left_CROPNUMBER_44_UUID_DROSO_01_MEL_19_F.json,00_data/02_resized/crops/crop_2026-01-13_16-09-56.top_left_CROPNUMBER_44_UUID_DROSO_01_MEL_19_F.jpg,crops,,00_data/01_segmented/crops/crop_2026-01-13_16-09-56.top_left_CROPNUMBER_44_UUID_DROSO_01_MEL_19_F.png,0.4400785854616896,4.0401875,,80274,5.0575755703125
2026-01-13T16:09:56.394761,/data/d3dbcf42e05429343a8e1a5966e3bcf0/Epson Perfection V850/2026-01-13/2026-01-13_16-09-56/top_left,2026-01-13_16-09-56.top_left.jpg,/data/d3dbcf42e05429343a8e1a5966e3bcf0/Epson Perfection V850/2026-01-13/2026-01-13_16-09-56/top_left/2026-01-13_16-09-56.top_left.jpg,2026-01-13_16-09-56.top_left.thumb.jpg,788d0971822fc839506e3180de7f3b36,top_left,"[22.0, 45.0, 110.0, 135.0]",jpg,3200,0,epsonscan2,esci2:usb:ES00FE:337,Epson Perfection V850,d3dbcf42e05429343a8e1a5966e3bcf0,epsonscan2:Epson Perfection V850::esci2:usb:ES00FE:337,/data,{},DROSO_01_MEL_19_F,crop_2026-01-13_16-09-56.top_left_CROPNUMBER_37_UUID_DROSO_01_MEL_19_F.png,"[5986, 7540, 6298, 8025]",0.9310711026191713,1.0,00_data/01_segmented/crops,00_data/01_segmented/crops/crop_2026-01-13_16-09-56.top_left_CROPNUMBER_37_UUID_DROSO_01_MEL_19_F.json,00_data/02_resized/crops/crop_2026-01-13_16-09-56.top_left_CROPNUMBER_37_UUID_DROSO_01_MEL_19_F.jpg,crops,,00_data/01_segmented/crops/crop_2026-01-13_16-09-56.top_left_CROPNUMBER_37_UUID_DROSO_01_MEL_19_F.png,0.4618556701030928,3.8496874999999995,,85174,5.366294710937501
2026-01-13T16:17:02.422812,/data/d3dbcf42e05429343a8e1a5966e3bcf0/Epson Perfection V850/2026-01-13/2026-01-13_16-17-02/top_right,2026-01-13_16-17-02.top_right.jpg,/data/d3dbcf42e05429343a8e1a5966e3bcf0/Epson Perfection V850/2026-01-13/2026-01-13_16-17-02/top_right/2026-01-13_16-17-02.top_right.jpg,2026-01-13_16-17-02.top_right.thumb.jpg,dba0ed76fe036a6b6c2f125e044f31c3,top_right,"[110.5, 45.0, 200.0, 135.0]",jpg,3200,0,epsonscan2,esci2:usb:ES00FE:337,Epson Perfection V850,d3dbcf42e05429343a8e1a5966e3bcf0,epsonscan2:Epson Perfection V850::esci2:usb:ES00FE:337,/data,{},DROSO_02_MEL_19_M,crop_2026-01-13_16-17-02.top_right_CROPNUMBER_13_UUID_DROSO_02_MEL_19_M.png,"[3793, 5681, 4211, 6294]",0.9385149478912354,1.0,00_data/01_segmented/crops,00_data/01_segmented/crops/crop_2026-01-13_16-17-02.top_right_CROPNUMBER_13_UUID_DROSO_02_MEL_19_M.json,00_data/02_resized/crops/crop_2026-01-13_16-17-02.top_right_CROPNUMBER_13_UUID_DROSO_02_MEL_19_M.jpg,crops,,00_data/01_segmented/crops/crop_2026-01-13_16-17-02.top_right_CROPNUMBER_13_UUID_DROSO_02_MEL_19_M.png,0.36541598694942906,4.8656875,,90787,5.71993563671875
