custom_label,conf,IMAGE_FILENAME,SCALE,ROI_SIZE_MM,NON_TRANSPARENT_PIXELS,AREA_MM2,species,temp,sex,replicate,split
DROSO_01_SIM_19_F,0.906556963920593,00_data/02_resized/crops/crop_2026-01-13_15-40-38.top_left_CROPNUMBER_17_UUID_DROSO_01_SIM_19_F.jpg,0.408014571948998,4.3576875,96909,6.10564555078125,SIM,19,F,1,train
DROSO_01_VIR_19_M,0.910649478435516,00_data/02_resized/crops/crop_2026-01-14_10-08-42.top_right_CROPNUMBER_11_UUID_DROSO_01_VIR_19_M.jpg,0.352755905511811,5.0403125,110286,6.9484488046875,VIR,19,M,1,train
DROSO_01_MEL_19_M,0.912912130355835,00_data/02_resized/crops/crop_2026-01-13_16-09-56.top_right_CROPNUMBER_64_UUID_DROSO_01_MEL_19_M.jpg,0.4796573875803,3.7068125,71975,4.53470615234375,MEL,19,M,1,train
DROSO_01_MEL_19_M,0.919069886207581,00_data/02_resized/crops/crop_2026-01-13_16-09-56.top_right_CROPNUMBER_63_UUID_DROSO_01_MEL_19_M.jpg,0.474576271186441,3.7465,70116,4.417581890625,MEL,19,M,1,train
DROSO_01_MEL_19_M,0.921635270118713,00_data/02_resized/crops/crop_2026-01-13_16-09-56.top_right_CROPNUMBER_62_UUID_DROSO_01_MEL_19_M.jpg,0.335329341317365,5.30225,98922,6.2324724140625,MEL,19,M,1,train
DROSO_01_LUT_19_M,0.922652125358582,00_data/02_resized/crops/crop_2026-01-14_09-09-20.top_right_CROPNUMBER_20_UUID_DROSO_01_LUT_19_M.jpg,0.572890025575448,3.1035625,57643,3.63173416796875,LUT,19,M,1,train
DROSO_01_MEL_19_M,0.923354685306549,00_data/02_resized/crops/crop_2026-01-13_16-09-56.top_right_CROPNUMBER_61_UUID_DROSO_01_MEL_19_M.jpg,0.41635687732342,4.270375,94077,5.92721848828125,MEL,19,M,1,train
DROSO_01_VIR_19_M,0.92351633310318,00_data/02_resized/crops/crop_2026-01-14_10-08-42.top_right_CROPNUMBER_10_UUID_DROSO_01_VIR_19_M.jpg,0.350547730829421,5.0720625,127529,8.03482516015625,VIR,19,M,1,train
DROSO_01_SIM_19_M,0.923586547374725,00_data/02_resized/crops/crop_2026-01-13_15-40-38.top_right_CROPNUMBER_17_UUID_DROSO_01_SIM_19_M.jpg,0.5,3.556,69914,4.4048551015625,SIM,19,M,1,train
DROSO_01_MEL_19_F,0.923946380615234,00_data/02_resized/crops/crop_2026-01-13_16-09-56.top_left_CROPNUMBER_46_UUID_DROSO_01_MEL_19_F.jpg,0.350547730829421,5.0720625,101593,6.40075584765625,MEL,19,F,1,train
DROSO_01_EQU_19_M,0.92443197965622,00_data/02_resized/crops/crop_2026-01-14_09-38-42.top_right_CROPNUMBER_8_UUID_DROSO_01_EQU_19_M.jpg,0.542372881355932,3.2781875,61146,3.8524368515625,EQU,19,M,1,train
DROSO_01_LUT_19_F,0.924984753131867,00_data/02_resized/crops/crop_2026-01-14_09-09-20.top_left_CROPNUMBER_14_UUID_DROSO_01_LUT_19_F.jpg,0.400715563506261,4.4370625,96980,6.110118828125,LUT,19,F,1,train
DROSO_01_MEL_19_F,0.925286769866943,00_data/02_resized/crops/crop_2026-01-13_16-09-56.top_left_CROPNUMBER_45_UUID_DROSO_01_MEL_19_F.jpg,0.4375,4.064,84191,5.30436187109375,MEL,19,F,1,train
DROSO_01_MEL_19_M,0.925640821456909,00_data/02_resized/crops/crop_2026-01-13_16-09-56.top_right_CROPNUMBER_60_UUID_DROSO_01_MEL_19_M.jpg,0.510250569476082,3.4845625,76419,4.81469551171875,MEL,19,M,1,train
DROSO_01_MEL_19_F,0.92578935623169,00_data/02_resized/crops/crop_2026-01-13_16-09-56.top_left_CROPNUMBER_44_UUID_DROSO_01_MEL_19_F.jpg,0.44007858546169,4.0401875,80274,5.0575755703125,MEL,19,F,1,train
DROSO_01_MEL_19_M,0.925799608230591,00_data/02_resized/crops/crop_2026-01-13_16-09-56.top_right_CROPNUMBER_59_UUID_DROSO_01_MEL_19_M.jpg,0.501118568232662,3.5480625,69036,4.349537671875,MEL,19,M,1,train
DROSO_01_MEL_19_F,0.925946533679962,00_data/02_resized/crops/crop_2026-01-13_16-09-56.top_left_CROPNUMBER_43_UUID_DROSO_01_MEL_19_F.jpg,0.414814814814815,4.28625,91109,5.74022289453125,MEL,19,F,1,train
DROSO_01_SIM_19_M,0.926217436790466,00_data/02_resized/crops/crop_2026-01-13_15-40-38.top_right_CROPNUMBER_16_UUID_DROSO_01_SIM_19_M.jpg,0.507936507936508,3.5004375,81003,5.10350541796875,SIM,19,M,1,train
DROSO_01_MEL_19_F,0.92626142501831,00_data/02_resized/crops/crop_2026-01-13_16-09-56.top_left_CROPNUMBER_42_UUID_DROSO_01_MEL_19_F.jpg,0.355555555555556,5.000625,122531,7.71993163671875,MEL,19,F,1,train
DROSO_01_MEL_19_F,0.926309406757355,00_data/02_resized/crops/crop_2026-01-13_16-09-56.top_left_CROPNUMBER_41_UUID_DROSO_01_MEL_19_F.jpg,0.447105788423154,3.9766875,80970,5.1014262890625,MEL,19,F,1,train
DROSO_01_VIR_19_F,0.926451802253723,00_data/02_resized/crops/crop_2026-01-14_10-08-42.top_left_CROPNUMBER_13_UUID_DROSO_01_VIR_19_F.jpg,0.379661016949153,4.683125,101796,6.413545640625,VIR,19,F,1,train
DROSO_01_LUT_19_M,0.926472067832947,00_data/02_resized/crops/crop_2026-01-14_09-09-20.top_right_CROPNUMBER_19_UUID_DROSO_01_LUT_19_M.jpg,0.5,3.556,87906,5.5384213828125,LUT,19,M,1,train
DROSO_01_MEL_19_F,0.926883697509766,00_data/02_resized/crops/crop_2026-01-13_16-09-56.top_left_CROPNUMBER_40_UUID_DROSO_01_MEL_19_F.jpg,0.418691588785047,4.2465625,114447,7.21060805859375,MEL,19,F,1,train
DROSO_01_MEL_19_M,0.927430093288422,00_data/02_resized/crops/crop_2026-01-13_16-09-56.top_right_CROPNUMBER_58_UUID_DROSO_01_MEL_19_M.jpg,0.527058823529412,3.3734375,77723,4.89685260546875,MEL,19,M,1,train
DROSO_01_SIM_19_F,0.928285837173462,00_data/02_resized/crops/crop_2026-01-13_15-40-38.top_left_CROPNUMBER_16_UUID_DROSO_01_SIM_19_F.jpg,0.607046070460705,2.9289375,66460,4.187239609375,SIM,19,F,1,train
DROSO_01_MEL_19_M,0.928396046161652,00_data/02_resized/crops/crop_2026-01-13_16-09-56.top_right_CROPNUMBER_57_UUID_DROSO_01_MEL_19_M.jpg,0.357827476038339,4.968875,92382,5.8204268671875,MEL,19,M,1,train
DROSO_01_VIR_19_M,0.928950726985931,00_data/02_resized/crops/crop_2026-01-14_10-08-42.top_right_CROPNUMBER_9_UUID_DROSO_01_VIR_19_M.jpg,0.359550561797753,4.9450625,117053,7.37479623828125,VIR,19,M,1,train
DROSO_01_VIR_19_M,0.929075598716736,00_data/02_resized/crops/crop_2026-01-14_10-08-42.top_right_CROPNUMBER_8_UUID_DROSO_01_VIR_19_M.jpg,0.377740303541315,4.7069375,110473,6.96023053515625,VIR,19,M,1,train
DROSO_01_MEL_19_M,0.929079115390778,00_data/02_resized/crops/crop_2026-01-13_16-09-56.top_right_CROPNUMBER_56_UUID_DROSO_01_MEL_19_M.jpg,0.484848484848485,3.667125,69913,4.40479209765625,MEL,19,M,1,train
DROSO_01_SIM_19_F,0.929250359535217,00_data/02_resized/crops/crop_2026-01-13_15-40-38.top_left_CROPNUMBER_15_UUID_DROSO_01_SIM_19_F.jpg,0.608695652173913,2.921,67872,4.276201125,SIM,19,F,1,train
DROSO_01_MEL_19_M,0.929477214813232,00_data/02_resized/crops/crop_2026-01-13_16-09-56.top_right_CROPNUMBER_55_UUID_DROSO_01_MEL_19_M.jpg,0.469601677148847,3.7861875,83722,5.2748130390625,MEL,19,M,1,train
DROSO_01_MEL_19_M,0.929738581180572,00_data/02_resized/crops/crop_2026-01-13_16-09-56.top_right_CROPNUMBER_54_UUID_DROSO_01_MEL_19_M.jpg,0.391608391608392,4.54025,86683,5.46136760546875,MEL,19,M,1,train
DROSO_01_MEL_19_F,0.929957270622253,00_data/02_resized/crops/crop_2026-01-13_16-09-56.top_left_CROPNUMBER_39_UUID_DROSO_01_MEL_19_F.jpg,0.43495145631068,4.0878125,88884,5.600039203125,MEL,19,F,1,train
DROSO_01_EQU_19_F,0.93025529384613,00_data/02_resized/crops/crop_2026-01-14_09-38-42.top_left_CROPNUMBER_11_UUID_DROSO_01_EQU_19_F.jpg,0.670658682634731,2.651125,47009,2.96175062890625,EQU,19,F,1,train
DROSO_01_MEL_19_F,0.930489838123322,00_data/02_resized/crops/crop_2026-01-13_16-09-56.top_left_CROPNUMBER_38_UUID_DROSO_01_MEL_19_F.jpg,0.427480916030534,4.15925,105235,6.63021607421875,MEL,19,F,1,train
DROSO_01_VIR_19_F,0.930583596229553,00_data/02_resized/crops/crop_2026-01-14_10-08-42.top_left_CROPNUMBER_12_UUID_DROSO_01_VIR_19_F.jpg,0.346213292117465,5.1355625,121713,7.66839444140625,VIR,19,F,1,train
DROSO_01_LUT_19_M,0.930610239505768,00_data/02_resized/crops/crop_2026-01-14_09-09-20.top_right_CROPNUMBER_18_UUID_DROSO_01_LUT_19_M.jpg,0.459958932238193,3.8655625,81678,5.1460330546875,LUT,19,M,1,train
DROSO_01_MEL_19_F,0.931071102619171,00_data/02_resized/crops/crop_2026-01-13_16-09-56.top_left_CROPNUMBER_37_UUID_DROSO_01_MEL_19_F.jpg,0.461855670103093,3.8496875,85174,5.3662947109375,MEL,19,F,1,train
DROSO_01_MEL_19_F,0.931094348430634,00_data/02_resized/crops/crop_2026-01-13_16-09-56.top_left_CROPNUMBER_36_UUID_DROSO_01_MEL_19_F.jpg,0.471578947368421,3.7703125,88434,5.5716874453125,MEL,19,F,1,train
DROSO_01_MEL_19_M,0.931149780750275,00_data/02_resized/crops/crop_2026-01-13_16-09-56.top_right_CROPNUMBER_53_UUID_DROSO_01_MEL_19_M.jpg,0.490153172866521,3.6274375,76735,4.83460474609375,MEL,19,M,1,train
DROSO_01_MEL_19_M,0.931337893009186,00_data/02_resized/crops/crop_2026-01-13_16-09-56.top_right_CROPNUMBER_52_UUID_DROSO_01_MEL_19_M.jpg,0.420262664165103,4.2306875,97895,6.16776740234375,MEL,19,M,1,train
DROSO_01_EQU_19_M,0.931463837623596,00_data/02_resized/crops/crop_2026-01-14_09-38-42.top_right_CROPNUMBER_7_UUID_DROSO_01_EQU_19_M.jpg,0.598930481283422,2.968625,58028,3.655990671875,EQU,19,M,1,train
DROSO_01_EQU_19_F,0.931478440761566,00_data/02_resized/crops/crop_2026-01-14_09-38-42.top_left_CROPNUMBER_10_UUID_DROSO_01_EQU_19_F.jpg,0.406533575317604,4.3735625,84633,5.33220959765625,EQU,19,F,1,train
DROSO_01_LUT_19_M,0.931515276432037,00_data/02_resized/crops/crop_2026-01-14_09-09-20.top_right_CROPNUMBER_17_UUID_DROSO_01_LUT_19_M.jpg,0.440944881889764,4.03225,78014,4.9151867421875,LUT,19,M,1,train
DROSO_01_MEL_19_M,0.931755125522614,00_data/02_resized/crops/crop_2026-01-13_16-09-56.top_right_CROPNUMBER_51_UUID_DROSO_01_MEL_19_M.jpg,0.528301886792453,3.3655,70251,4.42608741796875,MEL,19,M,1,train
DROSO_01_MEL_19_F,0.931966364383698,00_data/02_resized/crops/crop_2026-01-13_16-09-56.top_left_CROPNUMBER_35_UUID_DROSO_01_MEL_19_F.jpg,0.463768115942029,3.8338125,89353,5.62958803515625,MEL,19,F,1,train
DROSO_01_VIR_19_F,0.932037532329559,00_data/02_resized/crops/crop_2026-01-14_10-08-42.top_left_CROPNUMBER_11_UUID_DROSO_01_VIR_19_F.jpg,0.345146379044684,5.1514375,116493,7.33951405078125,VIR,19,F,1,train
DROSO_01_SIM_19_M,0.932225942611694,00_data/02_resized/crops/crop_2026-01-13_15-40-38.top_right_CROPNUMBER_15_UUID_DROSO_01_SIM_19_M.jpg,0.489082969432314,3.635375,88369,5.56759219140625,SIM,19,M,1,train
DROSO_01_MEL_19_M,0.932264983654022,00_data/02_resized/crops/crop_2026-01-13_16-09-56.top_right_CROPNUMBER_50_UUID_DROSO_01_MEL_19_M.jpg,0.567088607594937,3.1353125,76153,4.79793647265625,MEL,19,M,1,train
DROSO_01_SIM_19_F,0.932274341583252,00_data/02_resized/crops/crop_2026-01-13_15-40-38.top_left_CROPNUMBER_14_UUID_DROSO_01_SIM_19_F.jpg,0.461855670103093,3.8496875,86816,5.469747125,SIM,19,F,1,train
DROSO_01_SIM_19_F,0.932373881340027,00_data/02_resized/crops/crop_2026-01-13_15-40-38.top_left_CROPNUMBER_13_UUID_DROSO_01_SIM_19_F.jpg,0.564231738035265,3.1511875,81714,5.1483011953125,SIM,19,F,1,train
DROSO_01_MEL_19_F,0.93238353729248,00_data/02_resized/crops/crop_2026-01-13_16-09-56.top_left_CROPNUMBER_34_UUID_DROSO_01_MEL_19_F.jpg,0.418691588785047,4.2465625,91788,5.783002546875,MEL,19,F,1,train
DROSO_01_VIR_19_M,0.932402074337006,00_data/02_resized/crops/crop_2026-01-14_10-08-42.top_right_CROPNUMBER_7_UUID_DROSO_01_VIR_19_M.jpg,0.367816091954023,4.8339375,129924,8.185719515625,VIR,19,M,1,train
DROSO_01_LUT_19_M,0.932999610900879,00_data/02_resized/crops/crop_2026-01-14_09-09-20.top_right_CROPNUMBER_16_UUID_DROSO_01_LUT_19_M.jpg,0.592592592592593,3.000375,61114,3.8504207265625,LUT,19,M,1,train
DROSO_01_MEL_19_M,0.933050036430359,00_data/02_resized/crops/crop_2026-01-13_16-09-56.top_right_CROPNUMBER_49_UUID_DROSO_01_MEL_19_M.jpg,0.512585812356979,3.4686875,68504,4.31601959375,MEL,19,M,1,train
DROSO_01_LUT_19_F,0.933066666126251,00_data/02_resized/crops/crop_2026-01-14_09-09-20.top_left_CROPNUMBER_13_UUID_DROSO_01_LUT_19_F.jpg,0.32796486090776,5.4213125,139960,8.81802671875,LUT,19,F,1,train
DROSO_01_SIM_19_M,0.933088064193726,00_data/02_resized/crops/crop_2026-01-13_15-40-38.top_right_CROPNUMBER_14_UUID_DROSO_01_SIM_19_M.jpg,0.48695652173913,3.65125,79757,5.02500255078125,SIM,19,M,1,train
DROSO_01_MEL_19_F,0.933105170726776,00_data/02_resized/crops/crop_2026-01-13_16-09-56.top_left_CROPNUMBER_33_UUID_DROSO_01_MEL_19_F.jpg,0.450704225352113,3.9449375,88016,5.5453518125,MEL,19,F,1,train
DROSO_01_SIM_19_M,0.933139324188232,00_data/02_resized/crops/crop_2026-01-13_15-40-38.top_right_CROPNUMBER_13_UUID_DROSO_01_SIM_19_M.jpg,0.495575221238938,3.58775,78220,4.928165546875,SIM,19,M,1,train
DROSO_01_MEL_19_M,0.93363618850708,00_data/02_resized/crops/crop_2026-01-13_16-09-56.top_right_CROPNUMBER_48_UUID_DROSO_01_MEL_19_M.jpg,0.492307692307692,3.6115625,74239,4.67734699609375,MEL,19,M,1,train
DROSO_01_MEL_19_M,0.933784484863281,00_data/02_resized/crops/crop_2026-01-13_16-09-56.top_right_CROPNUMBER_47_UUID_DROSO_01_MEL_19_M.jpg,0.470588235294118,3.77825,78261,4.93074870703125,MEL,19,M,1,train
DROSO_01_SIM_19_M,0.934037148952484,00_data/02_resized/crops/crop_2026-01-13_15-40-38.top_right_CROPNUMBER_12_UUID_DROSO_01_SIM_19_M.jpg,0.645533141210375,2.7543125,62377,3.92999466015625,SIM,19,M,1,train
DROSO_01_EQU_19_F,0.934192538261414,00_data/02_resized/crops/crop_2026-01-14_09-38-42.top_left_CROPNUMBER_9_UUID_DROSO_01_EQU_19_F.jpg,0.395759717314488,4.492625,96501,6.07993995703125,EQU,19,F,1,train
DROSO_01_MEL_19_F,0.934262335300446,00_data/02_resized/crops/crop_2026-01-13_16-09-56.top_left_CROPNUMBER_32_UUID_DROSO_01_MEL_19_F.jpg,0.32,5.55625,132628,8.356082078125,MEL,19,F,1,train
DROSO_01_MEL_19_F,0.934431791305542,00_data/02_resized/crops/crop_2026-01-13_16-09-56.top_left_CROPNUMBER_31_UUID_DROSO_01_MEL_19_F.jpg,0.357827476038339,4.968875,119309,7.51693305078125,MEL,19,F,1,train
DROSO_01_VIR_19_F,0.934659659862518,00_data/02_resized/crops/crop_2026-01-14_10-08-42.top_left_CROPNUMBER_10_UUID_DROSO_01_VIR_19_F.jpg,0.360708534621578,4.9291875,115699,7.28948894921875,VIR,19,F,1,train
DROSO_01_MEL_19_M,0.934669077396393,00_data/02_resized/crops/crop_2026-01-13_16-09-56.top_right_CROPNUMBER_46_UUID_DROSO_01_MEL_19_M.jpg,0.380952380952381,4.66725,108162,6.8146285078125,MEL,19,M,1,train
DROSO_01_SIM_19_F,0.93470048904419,00_data/02_resized/crops/crop_2026-01-13_15-40-38.top_left_CROPNUMBER_12_UUID_DROSO_01_SIM_19_F.jpg,0.4880174291939,3.6433125,87245,5.49677580078125,SIM,19,F,1,train
DROSO_01_SIM_19_F,0.93493664264679,00_data/02_resized/crops/crop_2026-01-13_15-40-38.top_left_CROPNUMBER_11_UUID_DROSO_01_SIM_19_F.jpg,0.462809917355372,3.84175,101556,6.398424703125,SIM,19,F,1,train
DROSO_01_EQU_19_F,0.934959709644318,00_data/02_resized/crops/crop_2026-01-14_09-38-42.top_left_CROPNUMBER_8_UUID_DROSO_01_EQU_19_F.jpg,0.568527918781726,3.127375,62011,3.90693523046875,EQU,19,F,1,train
DROSO_01_MEL_19_M,0.935048818588257,00_data/02_resized/crops/crop_2026-01-13_16-09-56.top_right_CROPNUMBER_45_UUID_DROSO_01_MEL_19_M.jpg,0.384879725085911,4.619625,94179,5.93364488671875,MEL,19,M,1,train
DROSO_01_SIM_19_M,0.935096561908722,00_data/02_resized/crops/crop_2026-01-13_15-40-38.top_right_CROPNUMBER_11_UUID_DROSO_01_SIM_19_M.jpg,0.545012165450122,3.2623125,74151,4.67180265234375,SIM,19,M,1,train
DROSO_01_SIM_19_F,0.935230910778046,00_data/02_resized/crops/crop_2026-01-13_15-40-38.top_left_CROPNUMBER_10_UUID_DROSO_01_SIM_19_F.jpg,0.466666666666667,3.81,93129,5.86749078515625,SIM,19,F,1,train
DROSO_01_MEL_19_M,0.935427486896515,00_data/02_resized/crops/crop_2026-01-13_16-09-56.top_right_CROPNUMBER_44_UUID_DROSO_01_MEL_19_M.jpg,0.459958932238193,3.8655625,87858,5.5353971953125,MEL,19,M,1,train
DROSO_01_MEL_19_F,0.935485422611237,00_data/02_resized/crops/crop_2026-01-13_16-09-56.top_left_CROPNUMBER_30_UUID_DROSO_01_MEL_19_F.jpg,0.420262664165103,4.2306875,115285,7.26340533203125,MEL,19,F,1,train
DROSO_01_SIM_19_M,0.935713589191437,00_data/02_resized/crops/crop_2026-01-13_15-40-38.top_right_CROPNUMBER_10_UUID_DROSO_01_SIM_19_M.jpg,0.457142857142857,3.889375,102961,6.48694519140625,SIM,19,M,1,train
DROSO_01_MEL_19_M,0.935737609863281,00_data/02_resized/crops/crop_2026-01-13_16-09-56.top_right_CROPNUMBER_43_UUID_DROSO_01_MEL_19_M.jpg,0.478632478632479,3.71475,81039,5.10577355859375,MEL,19,M,1,train
DROSO_01_MEL_19_M,0.935894131660461,00_data/02_resized/crops/crop_2026-01-13_16-09-56.top_right_CROPNUMBER_42_UUID_DROSO_01_MEL_19_M.jpg,0.458077709611452,3.8814375,98218,6.1881176640625,MEL,19,M,1,train
DROSO_01_MEL_19_F,0.935928344726562,00_data/02_resized/crops/crop_2026-01-13_16-09-56.top_left_CROPNUMBER_29_UUID_DROSO_01_MEL_19_F.jpg,0.4234404536862,4.1989375,92501,5.82792433203125,MEL,19,F,1,train
DROSO_01_MEL_19_M,0.936043560504913,00_data/02_resized/crops/crop_2026-01-13_16-09-56.top_right_CROPNUMBER_41_UUID_DROSO_01_MEL_19_M.jpg,0.466666666666667,3.81,78148,4.923629265625,MEL,19,M,1,train
DROSO_01_MEL_19_M,0.936044692993164,00_data/02_resized/crops/crop_2026-01-13_16-09-56.top_right_CROPNUMBER_40_UUID_DROSO_01_MEL_19_M.jpg,0.483801295896328,3.6750625,78863,4.96867705859375,MEL,19,M,1,train
DROSO_01_MEL_19_M,0.936050891876221,00_data/02_resized/crops/crop_2026-01-13_16-09-56.top_right_CROPNUMBER_39_UUID_DROSO_01_MEL_19_M.jpg,0.553086419753086,3.2146875,77520,4.8840628125,MEL,19,M,1,train
DROSO_01_MEL_19_M,0.93610280752182,00_data/02_resized/crops/crop_2026-01-13_16-09-56.top_right_CROPNUMBER_38_UUID_DROSO_01_MEL_19_M.jpg,0.4880174291939,3.6433125,96551,6.08309015234375,MEL,19,M,1,train
DROSO_01_MEL_19_F,0.936290621757507,00_data/02_resized/crops/crop_2026-01-13_16-09-56.top_left_CROPNUMBER_28_UUID_DROSO_01_MEL_19_F.jpg,0.43495145631068,4.0878125,88871,5.59922015234375,MEL,19,F,1,train
DROSO_01_MEL_19_M,0.936351895332336,00_data/02_resized/crops/crop_2026-01-13_16-09-56.top_right_CROPNUMBER_37_UUID_DROSO_01_MEL_19_M.jpg,0.530805687203792,3.349625,64267,4.04907204296875,MEL,19,M,1,train
DROSO_01_LUT_19_M,0.936359524726868,00_data/02_resized/crops/crop_2026-01-14_09-09-20.top_right_CROPNUMBER_15_UUID_DROSO_01_LUT_19_M.jpg,0.399286987522282,4.4529375,99085,6.24274205078125,LUT,19,M,1,train
DROSO_01_LUT_19_M,0.936401963233948,00_data/02_resized/crops/crop_2026-01-14_09-09-20.top_right_CROPNUMBER_14_UUID_DROSO_01_LUT_19_M.jpg,0.465696465696466,3.8179375,90050,5.6735017578125,LUT,19,M,1,train
DROSO_01_EQU_19_F,0.936404585838318,00_data/02_resized/crops/crop_2026-01-14_09-38-42.top_left_CROPNUMBER_7_UUID_DROSO_01_EQU_19_F.jpg,0.496674057649667,3.5798125,63102,3.9756724921875,EQU,19,F,1,train
DROSO_01_LUT_19_M,0.9364333152771,00_data/02_resized/crops/crop_2026-01-14_09-09-20.top_right_CROPNUMBER_13_UUID_DROSO_01_LUT_19_M.jpg,0.4375,4.064,93733,5.90554514453125,LUT,19,M,1,train
DROSO_01_MEL_19_M,0.936524391174316,00_data/02_resized/crops/crop_2026-01-13_16-09-56.top_right_CROPNUMBER_36_UUID_DROSO_01_MEL_19_M.jpg,0.518518518518519,3.429,81544,5.13759053125,MEL,19,M,1,train
DROSO_01_EQU_19_M,0.936528742313385,00_data/02_resized/crops/crop_2026-01-14_09-38-42.top_right_CROPNUMBER_6_UUID_DROSO_01_EQU_19_M.jpg,0.5,3.556,73670,4.6414977734375,EQU,19,M,1,train
DROSO_01_SIM_19_F,0.936576247215271,00_data/02_resized/crops/crop_2026-01-13_15-40-38.top_left_CROPNUMBER_9_UUID_DROSO_01_SIM_19_F.jpg,0.577319587628866,3.07975,70425,4.43705009765625,SIM,19,F,1,train
DROSO_01_LUT_19_F,0.93661892414093,00_data/02_resized/crops/crop_2026-01-14_09-09-20.top_left_CROPNUMBER_12_UUID_DROSO_01_LUT_19_F.jpg,0.327007299270073,5.4371875,124283,7.83031448046875,LUT,19,F,1,train
DROSO_01_LUT_19_F,0.936678946018219,00_data/02_resized/crops/crop_2026-01-14_09-09-20.top_left_CROPNUMBER_11_UUID_DROSO_01_LUT_19_F.jpg,0.397868561278863,4.4688125,125255,7.89155427734375,LUT,19,F,1,train
DROSO_01_SIM_19_M,0.936703503131867,00_data/02_resized/crops/crop_2026-01-13_15-40-38.top_right_CROPNUMBER_9_UUID_DROSO_01_SIM_19_M.jpg,0.589473684210526,3.01625,64306,4.0515291953125,SIM,19,M,1,train
DROSO_01_MEL_19_M,0.93671178817749,00_data/02_resized/crops/crop_2026-01-13_16-09-56.top_right_CROPNUMBER_35_UUID_DROSO_01_MEL_19_M.jpg,0.388214904679376,4.5799375,89822,5.6591368671875,MEL,19,M,1,train
DROSO_01_VIR_19_M,0.936728179454804,00_data/02_resized/crops/crop_2026-01-14_10-08-42.top_right_CROPNUMBER_6_UUID_DROSO_01_VIR_19_M.jpg,0.456211812627291,3.8973125,102340,6.447819765625,VIR,19,M,1,train
DROSO_01_LUT_19_M,0.936752259731293,00_data/02_resized/crops/crop_2026-01-14_09-09-20.top_right_CROPNUMBER_12_UUID_DROSO_01_LUT_19_M.jpg,0.465696465696466,3.8179375,87845,5.53457814453125,LUT,19,M,1,train
DROSO_01_VIR_19_F,0.936777174472809,00_data/02_resized/crops/crop_2026-01-14_10-08-42.top_left_CROPNUMBER_9_UUID_DROSO_01_VIR_19_F.jpg,0.356687898089172,4.98475,105909,6.67268070703125,VIR,19,F,1,train
DROSO_01_SIM_19_M,0.93687641620636,00_data/02_resized/crops/crop_2026-01-13_15-40-38.top_right_CROPNUMBER_8_UUID_DROSO_01_SIM_19_M.jpg,0.555831265508685,3.1988125,62743,3.95305408984375,SIM,19,M,1,train
DROSO_01_MEL_19_F,0.936934530735016,00_data/02_resized/crops/crop_2026-01-13_16-09-56.top_left_CROPNUMBER_27_UUID_DROSO_01_MEL_19_F.jpg,0.43495145631068,4.0878125,90666,5.7123121640625,MEL,19,F,1,train
DROSO_01_EQU_19_M,0.936948120594025,00_data/02_resized/crops/crop_2026-01-14_09-38-42.top_right_CROPNUMBER_5_UUID_DROSO_01_EQU_19_M.jpg,0.629213483146067,2.82575,58953,3.71426928515625,EQU,19,M,1,train
DROSO_01_MEL_19_M,0.937399923801422,00_data/02_resized/crops/crop_2026-01-13_16-09-56.top_right_CROPNUMBER_34_UUID_DROSO_01_MEL_19_M.jpg,0.472573839662447,3.762375,89668,5.649434265625,MEL,19,M,1,train
DROSO_01_EQU_19_F,0.937405586242676,00_data/02_resized/crops/crop_2026-01-14_09-38-42.top_left_CROPNUMBER_6_UUID_DROSO_01_EQU_19_F.jpg,0.474576271186441,3.7465,87003,5.48152885546875,EQU,19,F,1,train
DROSO_01_VIR_19_F,0.937620460987091,00_data/02_resized/crops/crop_2026-01-14_10-08-42.top_left_CROPNUMBER_8_UUID_DROSO_01_VIR_19_F.jpg,0.350547730829421,5.0720625,134436,8.469993140625,VIR,19,F,1,train
DROSO_01_MEL_19_F,0.937633335590362,00_data/02_resized/crops/crop_2026-01-13_16-09-56.top_left_CROPNUMBER_26_UUID_DROSO_01_MEL_19_F.jpg,0.436647173489279,4.0719375,88430,5.5714354296875,MEL,19,F,1,train
DROSO_01_MEL_19_F,0.93780118227005,00_data/02_resized/crops/crop_2026-01-13_16-09-56.top_left_CROPNUMBER_25_UUID_DROSO_01_MEL_19_F.jpg,0.490153172866521,3.6274375,89659,5.64886723046875,MEL,19,F,1,train
DROSO_01_MEL_19_F,0.937826871871948,00_data/02_resized/crops/crop_2026-01-13_16-09-56.top_left_CROPNUMBER_24_UUID_DROSO_01_MEL_19_F.jpg,0.426666666666667,4.1671875,91367,5.75647790234375,MEL,19,F,1,train
DROSO_01_MEL_19_F,0.937840163707733,00_data/02_resized/crops/crop_2026-01-13_16-09-56.top_left_CROPNUMBER_23_UUID_DROSO_01_MEL_19_F.jpg,0.353312302839117,5.032375,123369,7.77272891015625,MEL,19,F,1,train
DROSO_01_VIR_19_F,0.937867641448975,00_data/02_resized/crops/crop_2026-01-14_10-08-42.top_left_CROPNUMBER_7_UUID_DROSO_01_VIR_19_F.jpg,0.421052631578947,4.22275,95593,6.02273241015625,VIR,19,F,1,train
DROSO_01_MEL_19_F,0.937957406044006,00_data/02_resized/crops/crop_2026-01-13_16-09-56.top_left_CROPNUMBER_22_UUID_DROSO_01_MEL_19_F.jpg,0.417910447761194,4.2545,99148,6.246711296875,MEL,19,F,1,train
DROSO_01_VIR_19_F,0.938115775585175,00_data/02_resized/crops/crop_2026-01-14_10-08-42.top_left_CROPNUMBER_6_UUID_DROSO_01_VIR_19_F.jpg,0.35,5.08,129969,8.18855469140625,VIR,19,F,1,train
DROSO_01_MEL_19_M,0.938138902187347,00_data/02_resized/crops/crop_2026-01-13_16-09-56.top_right_CROPNUMBER_33_UUID_DROSO_01_MEL_19_M.jpg,0.48695652173913,3.65125,81446,5.1314161484375,MEL,19,M,1,train
DROSO_01_EQU_19_M,0.938460648059845,00_data/02_resized/crops/crop_2026-01-14_09-38-42.top_right_CROPNUMBER_4_UUID_DROSO_01_EQU_19_M.jpg,0.555831265508685,3.1988125,70496,4.441523375,EQU,19,M,1,train
DROSO_01_MEL_19_M,0.93853110074997,00_data/02_resized/crops/crop_2026-01-13_16-09-56.top_right_CROPNUMBER_32_UUID_DROSO_01_MEL_19_M.jpg,0.489082969432314,3.635375,76213,4.80171670703125,MEL,19,M,1,train
DROSO_01_LUT_19_F,0.938613474369049,00_data/02_resized/crops/crop_2026-01-14_09-09-20.top_left_CROPNUMBER_10_UUID_DROSO_01_LUT_19_F.jpg,0.341463414634146,5.207,121146,7.6326712265625,LUT,19,F,1,train
DROSO_01_VIR_19_M,0.938693284988403,00_data/02_resized/crops/crop_2026-01-14_10-08-42.top_right_CROPNUMBER_5_UUID_DROSO_01_VIR_19_M.jpg,0.404332129963899,4.397375,114847,7.23580962109375,VIR,19,M,1,train
DROSO_01_MEL_19_M,0.938751041889191,00_data/02_resized/crops/crop_2026-01-13_16-09-56.top_right_CROPNUMBER_31_UUID_DROSO_01_MEL_19_M.jpg,0.464730290456432,3.825875,74635,4.70229654296875,MEL,19,M,1,train
DROSO_01_VIR_19_M,0.93878048658371,00_data/02_resized/crops/crop_2026-01-14_10-08-42.top_right_CROPNUMBER_4_UUID_DROSO_01_VIR_19_M.jpg,0.366013071895425,4.85775,128018,8.0656340703125,VIR,19,M,1,train
DROSO_01_LUT_19_M,0.938838362693787,00_data/02_resized/crops/crop_2026-01-14_09-09-20.top_right_CROPNUMBER_11_UUID_DROSO_01_LUT_19_M.jpg,0.36963696369637,4.810125,99294,6.2559098671875,LUT,19,M,1,train
DROSO_01_LUT_19_M,0.938881099224091,00_data/02_resized/crops/crop_2026-01-14_09-09-20.top_right_CROPNUMBER_10_UUID_DROSO_01_LUT_19_M.jpg,0.460905349794239,3.857625,97084,6.116671234375,LUT,19,M,1,train
DROSO_01_MEL_19_F,0.93888121843338,00_data/02_resized/crops/crop_2026-01-13_16-09-56.top_left_CROPNUMBER_21_UUID_DROSO_01_MEL_19_F.jpg,0.421052631578947,4.22275,110852,6.984109015625,MEL,19,F,1,train
DROSO_01_MEL_19_F,0.938946723937988,00_data/02_resized/crops/crop_2026-01-13_16-09-56.top_left_CROPNUMBER_20_UUID_DROSO_01_MEL_19_F.jpg,0.426666666666667,4.1671875,89831,5.65970390234375,MEL,19,F,1,train
DROSO_01_MEL_19_M,0.938965082168579,00_data/02_resized/crops/crop_2026-01-13_16-09-56.top_right_CROPNUMBER_30_UUID_DROSO_01_MEL_19_M.jpg,0.539759036144578,3.2940625,80870,5.0951258984375,MEL,19,M,1,train
DROSO_01_SIM_19_F,0.938992440700531,00_data/02_resized/crops/crop_2026-01-13_15-40-38.top_left_CROPNUMBER_8_UUID_DROSO_01_SIM_19_F.jpg,0.452525252525253,3.9290625,76542,4.8224449921875,SIM,19,F,1,train
DROSO_01_MEL_19_M,0.939002394676208,00_data/02_resized/crops/crop_2026-01-13_16-09-56.top_right_CROPNUMBER_29_UUID_DROSO_01_MEL_19_M.jpg,0.412523020257827,4.3100625,102035,6.42860357421875,MEL,19,M,1,train
DROSO_01_EQU_19_M,0.939028143882752,00_data/02_resized/crops/crop_2026-01-14_09-38-42.top_right_CROPNUMBER_3_UUID_DROSO_01_EQU_19_M.jpg,0.529550827423168,3.3575625,72568,4.57206746875,EQU,19,M,1,train
DROSO_01_MEL_19_M,0.939057350158691,00_data/02_resized/crops/crop_2026-01-13_16-09-56.top_right_CROPNUMBER_28_UUID_DROSO_01_MEL_19_M.jpg,0.533333333333333,3.33375,80042,5.0429586640625,MEL,19,M,1,train
DROSO_01_VIR_19_F,0.939109444618225,00_data/02_resized/crops/crop_2026-01-14_10-08-42.top_left_CROPNUMBER_5_UUID_DROSO_01_VIR_19_F.jpg,0.413284132841328,4.302125,109220,6.881286640625,VIR,19,F,1,train
DROSO_01_EQU_19_M,0.939251601696014,00_data/02_resized/crops/crop_2026-01-14_09-38-42.top_right_CROPNUMBER_2_UUID_DROSO_01_EQU_19_M.jpg,0.547677261613692,3.2464375,73281,4.61698925390625,EQU,19,M,1,train
DROSO_01_LUT_19_M,0.939252734184265,00_data/02_resized/crops/crop_2026-01-14_09-09-20.top_right_CROPNUMBER_9_UUID_DROSO_01_LUT_19_M.jpg,0.398576512455516,4.460875,116984,7.37044896875,LUT,19,M,1,train
DROSO_01_EQU_19_F,0.939453959465027,00_data/02_resized/crops/crop_2026-01-14_09-38-42.top_left_CROPNUMBER_5_UUID_DROSO_01_EQU_19_F.jpg,0.522144522144522,3.4051875,81562,5.1387246015625,EQU,19,F,1,train
DROSO_01_SIM_19_F,0.939489126205444,00_data/02_resized/crops/crop_2026-01-13_15-40-38.top_left_CROPNUMBER_7_UUID_DROSO_01_SIM_19_F.jpg,0.466666666666667,3.81,94348,5.944292546875,SIM,19,F,1,train
DROSO_01_MEL_19_M,0.939550340175629,00_data/02_resized/crops/crop_2026-01-13_16-09-56.top_right_CROPNUMBER_27_UUID_DROSO_01_MEL_19_M.jpg,0.491228070175439,3.6195,72916,4.593992828125,MEL,19,M,1,train
DROSO_01_MEL_19_M,0.939583837985992,00_data/02_resized/crops/crop_2026-01-13_16-09-56.top_right_CROPNUMBER_26_UUID_DROSO_01_MEL_19_M.jpg,0.492307692307692,3.6115625,98080,6.179423125,MEL,19,M,1,train
DROSO_01_VIR_19_M,0.939604461193085,00_data/02_resized/crops/crop_2026-01-14_10-08-42.top_right_CROPNUMBER_3_UUID_DROSO_01_VIR_19_M.jpg,0.397163120567376,4.47675,118072,7.43899721875,VIR,19,M,1,train
DROSO_01_MEL_19_M,0.939696550369263,00_data/02_resized/crops/crop_2026-01-13_16-09-56.top_right_CROPNUMBER_25_UUID_DROSO_01_MEL_19_M.jpg,0.541062801932367,3.286125,79710,5.0220413671875,MEL,19,M,1,train
DROSO_01_MEL_19_M,0.939718663692474,00_data/02_resized/crops/crop_2026-01-13_16-09-56.top_right_CROPNUMBER_24_UUID_DROSO_01_MEL_19_M.jpg,0.551724137931035,3.222625,75623,4.76454440234375,MEL,19,M,1,train
DROSO_01_MEL_19_M,0.939760327339172,00_data/02_resized/crops/crop_2026-01-13_16-09-56.top_right_CROPNUMBER_23_UUID_DROSO_01_MEL_19_M.jpg,0.498886414253898,3.5639375,72494,4.5674051796875,MEL,19,M,1,train
DROSO_01_EQU_19_M,0.939779698848724,00_data/02_resized/crops/crop_2026-01-14_09-38-42.top_right_CROPNUMBER_1_UUID_DROSO_01_EQU_19_M.jpg,0.505643340857788,3.5163125,71120,4.4808378125,EQU,19,M,1,train
DROSO_01_MEL_19_M,0.939957320690155,00_data/02_resized/crops/crop_2026-01-13_16-09-56.top_right_CROPNUMBER_22_UUID_DROSO_01_MEL_19_M.jpg,0.4880174291939,3.6433125,75948,4.785020671875,MEL,19,M,1,train
DROSO_01_MEL_19_M,0.940003454685211,00_data/02_resized/crops/crop_2026-01-13_16-09-56.top_right_CROPNUMBER_21_UUID_DROSO_01_MEL_19_M.jpg,0.492307692307692,3.6115625,86270,5.4353469921875,MEL,19,M,1,train
DROSO_01_LUT_19_F,0.940130412578583,00_data/02_resized/crops/crop_2026-01-14_09-09-20.top_left_CROPNUMBER_9_UUID_DROSO_01_LUT_19_F.jpg,0.454361054766734,3.9131875,93542,5.8935113984375,LUT,19,F,1,train
DROSO_01_LUT_19_F,0.940169751644134,00_data/02_resized/crops/crop_2026-01-14_09-09-20.top_left_CROPNUMBER_8_UUID_DROSO_01_LUT_19_F.jpg,0.448,3.96875,77228,4.865665671875,LUT,19,F,1,train
DROSO_01_MEL_19_F,0.940323829650879,00_data/02_resized/crops/crop_2026-01-13_16-09-56.top_left_CROPNUMBER_19_UUID_DROSO_01_MEL_19_F.jpg,0.448897795591182,3.9608125,82504,5.19807428125,MEL,19,F,1,train
DROSO_01_MEL_19_F,0.94032895565033,00_data/02_resized/crops/crop_2026-01-13_16-09-56.top_left_CROPNUMBER_18_UUID_DROSO_01_MEL_19_F.jpg,0.433268858800774,4.1036875,90870,5.7251649609375,MEL,19,F,1,train
DROSO_01_VIR_19_F,0.940386652946472,00_data/02_resized/crops/crop_2026-01-14_10-08-42.top_left_CROPNUMBER_4_UUID_DROSO_01_VIR_19_F.jpg,0.374581939799331,4.746625,100489,6.33119953515625,VIR,19,F,1,train
DROSO_01_EQU_19_M,0.940485835075378,00_data/02_resized/crops/crop_2026-01-14_09-38-42.top_right_CROPNUMBER_0_UUID_DROSO_01_EQU_19_M.jpg,0.660766961651917,2.6908125,62034,3.9083843203125,EQU,19,M,1,train
DROSO_01_LUT_19_F,0.940505862236023,00_data/02_resized/crops/crop_2026-01-14_09-09-20.top_left_CROPNUMBER_7_UUID_DROSO_01_LUT_19_F.jpg,0.362459546925566,4.905375,120584,7.59726303125,LUT,19,F,1,train
DROSO_01_MEL_19_F,0.940510809421539,00_data/02_resized/crops/crop_2026-01-13_16-09-56.top_left_CROPNUMBER_17_UUID_DROSO_01_MEL_19_F.jpg,0.541062801932367,3.286125,81272,5.12045346875,MEL,19,F,1,train
DROSO_01_LUT_19_F,0.940697908401489,00_data/02_resized/crops/crop_2026-01-14_09-09-20.top_left_CROPNUMBER_6_UUID_DROSO_01_LUT_19_F.jpg,0.414814814814815,4.28625,109285,6.88538189453125,LUT,19,F,1,train
DROSO_01_SIM_19_M,0.94071626663208,00_data/02_resized/crops/crop_2026-01-13_15-40-38.top_right_CROPNUMBER_7_UUID_DROSO_01_SIM_19_M.jpg,0.496674057649667,3.5798125,77571,4.88727601171875,SIM,19,M,1,train
DROSO_01_MEL_19_F,0.940848052501678,00_data/02_resized/crops/crop_2026-01-13_16-09-56.top_left_CROPNUMBER_16_UUID_DROSO_01_MEL_19_F.jpg,0.389565217391304,4.5640625,106350,6.7004654296875,MEL,19,F,1,train
DROSO_01_MEL_19_M,0.940885305404663,00_data/02_resized/crops/crop_2026-01-13_16-09-56.top_right_CROPNUMBER_20_UUID_DROSO_01_MEL_19_M.jpg,0.473572938689218,3.7544375,76864,4.84273225,MEL,19,M,1,train
DROSO_01_VIR_19_M,0.940967559814453,00_data/02_resized/crops/crop_2026-01-14_10-08-42.top_right_CROPNUMBER_2_UUID_DROSO_01_VIR_19_M.jpg,0.422641509433962,4.206875,117660,7.413039609375,VIR,19,M,1,train
DROSO_01_LUT_19_M,0.941044092178345,00_data/02_resized/crops/crop_2026-01-14_09-09-20.top_right_CROPNUMBER_8_UUID_DROSO_01_LUT_19_M.jpg,0.442687747035573,4.016375,88064,5.548376,LUT,19,M,1,train
DROSO_01_MEL_19_F,0.941148042678833,00_data/02_resized/crops/crop_2026-01-13_16-09-56.top_left_CROPNUMBER_15_UUID_DROSO_01_MEL_19_F.jpg,0.547677261613692,3.2464375,90508,5.702357546875,MEL,19,F,1,train
DROSO_01_SIM_19_F,0.941215217113495,00_data/02_resized/crops/crop_2026-01-13_15-40-38.top_left_CROPNUMBER_6_UUID_DROSO_01_SIM_19_F.jpg,0.502242152466368,3.540125,92801,5.84682550390625,SIM,19,F,1,train
DROSO_01_VIR_19_F,0.941228747367859,00_data/02_resized/crops/crop_2026-01-14_10-08-42.top_left_CROPNUMBER_3_UUID_DROSO_01_VIR_19_F.jpg,0.401433691756272,4.429125,113276,7.136830484375,VIR,19,F,1,train
DROSO_01_MEL_19_F,0.941229462623596,00_data/02_resized/crops/crop_2026-01-13_16-09-56.top_left_CROPNUMBER_14_UUID_DROSO_01_MEL_19_F.jpg,0.422641509433962,4.206875,98944,6.2338585,MEL,19,F,1,train
DROSO_01_MEL_19_F,0.941712498664856,00_data/02_resized/crops/crop_2026-01-13_16-09-56.top_left_CROPNUMBER_13_UUID_DROSO_01_MEL_19_F.jpg,0.455284552845528,3.90525,92783,5.84569143359375,MEL,19,F,1,train
DROSO_01_VIR_19_F,0.941778659820557,00_data/02_resized/crops/crop_2026-01-14_10-08-42.top_left_CROPNUMBER_2_UUID_DROSO_01_VIR_19_F.jpg,0.354430379746835,5.0165,133058,8.3831737578125,VIR,19,F,1,train
DROSO_01_EQU_19_F,0.942006886005402,00_data/02_resized/crops/crop_2026-01-14_09-38-42.top_left_CROPNUMBER_4_UUID_DROSO_01_EQU_19_F.jpg,0.373333333333333,4.7625,95273,6.00257116015625,EQU,19,F,1,train
DROSO_01_VIR_19_F,0.942020833492279,00_data/02_resized/crops/crop_2026-01-14_10-08-42.top_left_CROPNUMBER_1_UUID_DROSO_01_VIR_19_F.jpg,0.375209380234506,4.7386875,134409,8.46829203515625,VIR,19,F,1,train
DROSO_01_SIM_19_M,0.942064940929413,00_data/02_resized/crops/crop_2026-01-13_15-40-38.top_right_CROPNUMBER_6_UUID_DROSO_01_SIM_19_M.jpg,0.55036855036855,3.2305625,80597,5.07792583203125,SIM,19,M,1,train
DROSO_01_MEL_19_M,0.942229628562927,00_data/02_resized/crops/crop_2026-01-13_16-09-56.top_right_CROPNUMBER_19_UUID_DROSO_01_MEL_19_M.jpg,0.518518518518519,3.429,70020,4.411533515625,MEL,19,M,1,train
DROSO_01_LUT_19_M,0.942248523235321,00_data/02_resized/crops/crop_2026-01-14_09-09-20.top_right_CROPNUMBER_7_UUID_DROSO_01_LUT_19_M.jpg,0.513761467889908,3.46075,74968,4.72327684375,LUT,19,M,1,train
DROSO_01_VIR_19_M,0.942263662815094,00_data/02_resized/crops/crop_2026-01-14_10-08-42.top_right_CROPNUMBER_1_UUID_DROSO_01_VIR_19_M.jpg,0.369028006589786,4.8180625,140383,8.84467737109375,VIR,19,M,1,train
DROSO_01_MEL_19_M,0.942424178123474,00_data/02_resized/crops/crop_2026-01-13_16-09-56.top_right_CROPNUMBER_18_UUID_DROSO_01_MEL_19_M.jpg,0.495575221238938,3.58775,69589,4.38437883203125,MEL,19,M,1,train
DROSO_01_SIM_19_M,0.942448019981384,00_data/02_resized/crops/crop_2026-01-13_15-40-38.top_right_CROPNUMBER_5_UUID_DROSO_01_SIM_19_M.jpg,0.538461538461538,3.302,67532,4.254779796875,SIM,19,M,1,train
DROSO_01_SIM_19_F,0.942481219768524,00_data/02_resized/crops/crop_2026-01-13_15-40-38.top_left_CROPNUMBER_5_UUID_DROSO_01_SIM_19_F.jpg,0.472573839662447,3.762375,100382,6.3244581171875,SIM,19,F,1,train
DROSO_01_MEL_19_M,0.94260185956955,00_data/02_resized/crops/crop_2026-01-13_16-09-56.top_right_CROPNUMBER_17_UUID_DROSO_01_MEL_19_M.jpg,0.522144522144522,3.4051875,73077,4.60413645703125,MEL,19,M,1,train
DROSO_01_SIM_19_F,0.94262433052063,00_data/02_resized/crops/crop_2026-01-13_15-40-38.top_left_CROPNUMBER_4_UUID_DROSO_01_SIM_19_F.jpg,0.460905349794239,3.857625,80725,5.08599033203125,SIM,19,F,1,train
DROSO_01_VIR_19_F,0.942631125450134,00_data/02_resized/crops/crop_2026-01-14_10-08-42.top_left_CROPNUMBER_0_UUID_DROSO_01_VIR_19_F.jpg,0.368421052631579,4.826,122865,7.74097494140625,VIR,19,F,1,train
DROSO_01_LUT_19_M,0.942813754081726,00_data/02_resized/crops/crop_2026-01-14_09-09-20.top_right_CROPNUMBER_6_UUID_DROSO_01_LUT_19_M.jpg,0.466666666666667,3.81,92105,5.80297478515625,LUT,19,M,1,train
DROSO_01_MEL_19_M,0.942950367927551,00_data/02_resized/crops/crop_2026-01-13_16-09-56.top_right_CROPNUMBER_16_UUID_DROSO_01_MEL_19_M.jpg,0.513761467889908,3.46075,77997,4.91411567578125,MEL,19,M,1,train
DROSO_01_LUT_19_F,0.942955672740936,00_data/02_resized/crops/crop_2026-01-14_09-09-20.top_left_CROPNUMBER_5_UUID_DROSO_01_LUT_19_F.jpg,0.429942418426104,4.1354375,114283,7.20027541796875,LUT,19,F,1,train
DROSO_01_MEL_19_M,0.943097710609436,00_data/02_resized/crops/crop_2026-01-13_16-09-56.top_right_CROPNUMBER_15_UUID_DROSO_01_MEL_19_M.jpg,0.482758620689655,3.683,80423,5.06696315234375,MEL,19,M,1,train
DROSO_01_MEL_19_F,0.943127632141113,00_data/02_resized/crops/crop_2026-01-13_16-09-56.top_left_CROPNUMBER_12_UUID_DROSO_01_MEL_19_F.jpg,0.444444444444444,4.0005,98528,6.207648875,MEL,19,F,1,train
DROSO_01_LUT_19_M,0.943236708641052,00_data/02_resized/crops/crop_2026-01-14_09-09-20.top_right_CROPNUMBER_5_UUID_DROSO_01_LUT_19_M.jpg,0.443564356435644,4.0084375,103806,6.5401834921875,LUT,19,M,1,train
DROSO_01_MEL_19_M,0.943334341049194,00_data/02_resized/crops/crop_2026-01-13_16-09-56.top_right_CROPNUMBER_14_UUID_DROSO_01_MEL_19_M.jpg,0.482758620689655,3.683,66242,4.1735047578125,MEL,19,M,1,train
DROSO_01_MEL_19_F,0.943408250808716,00_data/02_resized/crops/crop_2026-01-13_16-09-56.top_left_CROPNUMBER_11_UUID_DROSO_01_MEL_19_F.jpg,0.42911877394636,4.143375,105441,6.64319487890625,MEL,19,F,1,train
DROSO_01_MEL_19_M,0.943842113018036,00_data/02_resized/crops/crop_2026-01-13_16-09-56.top_right_CROPNUMBER_13_UUID_DROSO_01_MEL_19_M.jpg,0.455284552845528,3.90525,81493,5.13437733203125,MEL,19,M,1,train
DROSO_01_MEL_19_F,0.943958938121796,00_data/02_resized/crops/crop_2026-01-13_16-09-56.top_left_CROPNUMBER_10_UUID_DROSO_01_MEL_19_F.jpg,0.450704225352113,3.9449375,96941,6.10766167578125,MEL,19,F,1,train
DROSO_01_MEL_19_M,0.944038152694702,00_data/02_resized/crops/crop_2026-01-13_16-09-56.top_right_CROPNUMBER_12_UUID_DROSO_01_MEL_19_M.jpg,0.4880174291939,3.6433125,71412,4.499234953125,MEL,19,M,1,train
DROSO_01_MEL_19_F,0.944168090820312,00_data/02_resized/crops/crop_2026-01-13_16-09-56.top_left_CROPNUMBER_9_UUID_DROSO_01_MEL_19_F.jpg,0.481720430107527,3.6909375,79239,4.99236652734375,MEL,19,F,1,train
DROSO_01_EQU_19_F,0.94434255361557,00_data/02_resized/crops/crop_2026-01-14_09-38-42.top_left_CROPNUMBER_3_UUID_DROSO_01_EQU_19_F.jpg,0.527058823529412,3.3734375,75414,4.7513765859375,EQU,19,F,1,train
DROSO_01_MEL_19_M,0.944358825683594,00_data/02_resized/crops/crop_2026-01-13_16-09-56.top_right_CROPNUMBER_11_UUID_DROSO_01_MEL_19_M.jpg,0.442687747035573,4.016375,86485,5.44889283203125,MEL,19,M,1,train
DROSO_01_MEL_19_M,0.944592118263245,00_data/02_resized/crops/crop_2026-01-13_16-09-56.top_right_CROPNUMBER_10_UUID_DROSO_01_MEL_19_M.jpg,0.519721577726218,3.4210625,79872,5.032248,MEL,19,M,1,train
DROSO_01_MEL_19_M,0.94473934173584,00_data/02_resized/crops/crop_2026-01-13_16-09-56.top_right_CROPNUMBER_9_UUID_DROSO_01_MEL_19_M.jpg,0.48590021691974,3.6591875,85999,5.41827293359375,MEL,19,M,1,train
DROSO_01_MEL_19_M,0.944801270961762,00_data/02_resized/crops/crop_2026-01-13_16-09-56.top_right_CROPNUMBER_8_UUID_DROSO_01_MEL_19_M.jpg,0.492307692307692,3.6115625,63763,4.01731807421875,MEL,19,M,1,train
DROSO_01_EQU_19_F,0.944920122623444,00_data/02_resized/crops/crop_2026-01-14_09-38-42.top_left_CROPNUMBER_2_UUID_DROSO_01_EQU_19_F.jpg,0.524590163934426,3.3893125,76601,4.82616222265625,EQU,19,F,1,train
DROSO_01_MEL_19_F,0.945050120353699,00_data/02_resized/crops/crop_2026-01-13_16-09-56.top_left_CROPNUMBER_8_UUID_DROSO_01_MEL_19_F.jpg,0.415584415584416,4.2783125,112119,7.06393496484375,MEL,19,F,1,train
DROSO_01_MEL_19_M,0.945074200630188,00_data/02_resized/crops/crop_2026-01-13_16-09-56.top_right_CROPNUMBER_7_UUID_DROSO_01_MEL_19_M.jpg,0.542372881355932,3.2781875,79982,5.0391784296875,MEL,19,M,1,train
DROSO_01_LUT_19_F,0.945857107639313,00_data/02_resized/crops/crop_2026-01-14_09-09-20.top_left_CROPNUMBER_4_UUID_DROSO_01_LUT_19_F.jpg,0.386206896551724,4.60375,120979,7.62214957421875,LUT,19,F,1,train
DROSO_01_LUT_19_M,0.946166157722473,00_data/02_resized/crops/crop_2026-01-14_09-09-20.top_right_CROPNUMBER_4_UUID_DROSO_01_LUT_19_M.jpg,0.41635687732342,4.270375,122901,7.74324308203125,LUT,19,M,1,train
DROSO_01_SIM_19_F,0.946179389953613,00_data/02_resized/crops/crop_2026-01-13_15-40-38.top_left_CROPNUMBER_3_UUID_DROSO_01_SIM_19_F.jpg,0.48695652173913,3.65125,96055,6.05184021484375,SIM,19,F,1,train
DROSO_01_SIM_19_F,0.946438789367676,00_data/02_resized/crops/crop_2026-01-13_15-40-38.top_left_CROPNUMBER_2_UUID_DROSO_01_SIM_19_F.jpg,0.497777777777778,3.571875,76849,4.84178719140625,SIM,19,F,1,train
DROSO_01_MEL_19_F,0.946441292762756,00_data/02_resized/crops/crop_2026-01-13_16-09-56.top_left_CROPNUMBER_7_UUID_DROSO_01_MEL_19_F.jpg,0.473572938689218,3.7544375,100952,6.36037034375,MEL,19,F,1,train
DROSO_01_MEL_19_F,0.946562707424164,00_data/02_resized/crops/crop_2026-01-13_16-09-56.top_left_CROPNUMBER_6_UUID_DROSO_01_MEL_19_F.jpg,0.498886414253898,3.5639375,94644,5.962941703125,MEL,19,F,1,train
DROSO_01_SIM_19_M,0.946593582630158,00_data/02_resized/crops/crop_2026-01-13_15-40-38.top_right_CROPNUMBER_4_UUID_DROSO_01_SIM_19_M.jpg,0.502242152466368,3.540125,72134,4.5447237734375,SIM,19,M,1,train
DROSO_01_VIR_19_M,0.946652710437775,00_data/02_resized/crops/crop_2026-01-14_10-08-42.top_right_CROPNUMBER_0_UUID_DROSO_01_VIR_19_M.jpg,0.429942418426104,4.1354375,123444,7.777454203125,VIR,19,M,1,train
DROSO_01_LUT_19_F,0.946698129177094,00_data/02_resized/crops/crop_2026-01-14_09-09-20.top_left_CROPNUMBER_3_UUID_DROSO_01_LUT_19_F.jpg,0.400715563506261,4.4370625,111047,6.99639477734375,LUT,19,F,1,train
DROSO_01_LUT_19_M,0.947003364562988,00_data/02_resized/crops/crop_2026-01-14_09-09-20.top_right_CROPNUMBER_3_UUID_DROSO_01_LUT_19_M.jpg,0.438356164383562,4.0560625,109122,6.8751122578125,LUT,19,M,1,train
DROSO_01_SIM_19_M,0.947108924388886,00_data/02_resized/crops/crop_2026-01-13_15-40-38.top_right_CROPNUMBER_3_UUID_DROSO_01_SIM_19_M.jpg,0.494481236203091,3.5956875,79451,5.00572335546875,SIM,19,M,1,train
DROSO_01_LUT_19_F,0.947272956371307,00_data/02_resized/crops/crop_2026-01-14_09-09-20.top_left_CROPNUMBER_2_UUID_DROSO_01_LUT_19_F.jpg,0.380952380952381,4.66725,135716,8.550638140625,LUT,19,F,1,train
DROSO_01_SIM_19_M,0.947469115257263,00_data/02_resized/crops/crop_2026-01-13_15-40-38.top_right_CROPNUMBER_2_UUID_DROSO_01_SIM_19_M.jpg,0.519721577726218,3.4210625,68823,4.33611783984375,SIM,19,M,1,train
DROSO_01_LUT_19_F,0.948018610477448,00_data/02_resized/crops/crop_2026-01-14_09-09-20.top_left_CROPNUMBER_1_UUID_DROSO_01_LUT_19_F.jpg,0.397868561278863,4.4688125,133340,8.400940859375,LUT,19,F,1,train
DROSO_01_LUT_19_F,0.948062419891357,00_data/02_resized/crops/crop_2026-01-14_09-09-20.top_left_CROPNUMBER_0_UUID_DROSO_01_LUT_19_F.jpg,0.405063291139241,4.3894375,122843,7.73958885546875,LUT,19,F,1,train
DROSO_01_MEL_19_M,0.948077082633972,00_data/02_resized/crops/crop_2026-01-13_16-09-56.top_right_CROPNUMBER_6_UUID_DROSO_01_MEL_19_M.jpg,0.528301886792453,3.3655,84106,5.2990065390625,MEL,19,M,1,train
DROSO_01_EQU_19_F,0.948092103004456,00_data/02_resized/crops/crop_2026-01-14_09-38-42.top_left_CROPNUMBER_1_UUID_DROSO_01_EQU_19_F.jpg,0.460905349794239,3.857625,84592,5.3296264375,EQU,19,F,1,train
DROSO_01_MEL_19_F,0.948368310928345,00_data/02_resized/crops/crop_2026-01-13_16-09-56.top_left_CROPNUMBER_5_UUID_DROSO_01_MEL_19_F.jpg,0.457142857142857,3.889375,110251,6.94624366796875,MEL,19,F,1,train
DROSO_01_MEL_19_F,0.948433637619019,00_data/02_resized/crops/crop_2026-01-13_16-09-56.top_left_CROPNUMBER_4_UUID_DROSO_01_MEL_19_F.jpg,0.484848484848485,3.667125,81653,5.14445795703125,MEL,19,F,1,train
DROSO_01_SIM_19_M,0.948888063430786,00_data/02_resized/crops/crop_2026-01-13_15-40-38.top_right_CROPNUMBER_1_UUID_DROSO_01_SIM_19_M.jpg,0.510250569476082,3.4845625,75700,4.769395703125,SIM,19,M,1,train
DROSO_01_SIM_19_F,0.949266791343689,00_data/02_resized/crops/crop_2026-01-13_15-40-38.top_left_CROPNUMBER_1_UUID_DROSO_01_SIM_19_F.jpg,0.528301886792453,3.3655,91692,5.776954171875,SIM,19,F,1,train
DROSO_01_MEL_19_F,0.950070559978485,00_data/02_resized/crops/crop_2026-01-13_16-09-56.top_left_CROPNUMBER_3_UUID_DROSO_01_MEL_19_F.jpg,0.406533575317604,4.3735625,130590,8.2276801171875,MEL,19,F,1,train
DROSO_01_MEL_19_F,0.950196027755737,00_data/02_resized/crops/crop_2026-01-13_16-09-56.top_left_CROPNUMBER_2_UUID_DROSO_01_MEL_19_F.jpg,0.490153172866521,3.6274375,88328,5.56500903125,MEL,19,F,1,train
DROSO_01_MEL_19_M,0.950197756290436,00_data/02_resized/crops/crop_2026-01-13_16-09-56.top_right_CROPNUMBER_5_UUID_DROSO_01_MEL_19_M.jpg,0.493392070484582,3.603625,73482,4.6296530390625,MEL,19,M,1,train
DROSO_01_MEL_19_F,0.95029205083847,00_data/02_resized/crops/crop_2026-01-13_16-09-56.top_left_CROPNUMBER_1_UUID_DROSO_01_MEL_19_F.jpg,0.527058823529412,3.3734375,88898,5.6009212578125,MEL,19,F,1,train
DROSO_01_LUT_19_M,0.952250182628632,00_data/02_resized/crops/crop_2026-01-14_09-09-20.top_right_CROPNUMBER_2_UUID_DROSO_01_LUT_19_M.jpg,0.469601677148847,3.7861875,90376,5.69404103125,LUT,19,M,1,train
DROSO_01_MEL_19_M,0.952376902103424,00_data/02_resized/crops/crop_2026-01-13_16-09-56.top_right_CROPNUMBER_4_UUID_DROSO_01_MEL_19_M.jpg,0.494481236203091,3.5956875,76829,4.84052711328125,MEL,19,M,1,train
DROSO_01_EQU_19_F,0.953356981277466,00_data/02_resized/crops/crop_2026-01-14_09-38-42.top_left_CROPNUMBER_0_UUID_DROSO_01_EQU_19_F.jpg,0.482758620689655,3.683,78523,4.94725573046875,EQU,19,F,1,train
DROSO_01_MEL_19_M,0.954238533973694,00_data/02_resized/crops/crop_2026-01-13_16-09-56.top_right_CROPNUMBER_3_UUID_DROSO_01_MEL_19_M.jpg,0.484848484848485,3.667125,82164,5.176652953125,MEL,19,M,1,train
DROSO_01_MEL_19_M,0.95476907491684,00_data/02_resized/crops/crop_2026-01-13_16-09-56.top_right_CROPNUMBER_2_UUID_DROSO_01_MEL_19_M.jpg,0.519721577726218,3.4210625,83435,5.25673091796875,MEL,19,M,1,train
DROSO_01_MEL_19_M,0.955478370189667,00_data/02_resized/crops/crop_2026-01-13_16-09-56.top_right_CROPNUMBER_1_UUID_DROSO_01_MEL_19_M.jpg,0.484848484848485,3.667125,78358,4.9368600859375,MEL,19,M,1,train
DROSO_01_MEL_19_M,0.956266105175018,00_data/02_resized/crops/crop_2026-01-13_16-09-56.top_right_CROPNUMBER_0_UUID_DROSO_01_MEL_19_M.jpg,0.495575221238938,3.58775,77438,4.8788964921875,MEL,19,M,1,train
DROSO_01_MEL_19_F,0.956531941890717,00_data/02_resized/crops/crop_2026-01-13_16-09-56.top_left_CROPNUMBER_0_UUID_DROSO_01_MEL_19_F.jpg,0.482758620689655,3.683,92461,5.82540417578125,MEL,19,F,1,train
DROSO_01_SIM_19_M,0.956535279750824,00_data/02_resized/crops/crop_2026-01-13_15-40-38.top_right_CROPNUMBER_0_UUID_DROSO_01_SIM_19_M.jpg,0.48068669527897,3.698875,85390,5.3799035546875,SIM,19,M,1,train
DROSO_01_LUT_19_M,0.958977997303009,00_data/02_resized/crops/crop_2026-01-14_09-09-20.top_right_CROPNUMBER_1_UUID_DROSO_01_LUT_19_M.jpg,0.452525252525253,3.9290625,96341,6.06985933203125,LUT,19,M,1,train
DROSO_01_LUT_19_M,0.961406171321869,00_data/02_resized/crops/crop_2026-01-14_09-09-20.top_right_CROPNUMBER_0_UUID_DROSO_01_LUT_19_M.jpg,0.492307692307692,3.6115625,93165,5.86975892578125,LUT,19,M,1,train
DROSO_01_SIM_19_F,0.963201224803925,00_data/02_resized/crops/crop_2026-01-13_15-40-38.top_left_CROPNUMBER_0_UUID_DROSO_01_SIM_19_F.jpg,0.484848484848485,3.667125,90785,5.71980962890625,SIM,19,F,1,train
DROSO_02_SIM_19_M,0.904961466789246,00_data/02_resized/crops/crop_2026-01-13_15-46-54.top_right_CROPNUMBER_23_UUID_DROSO_02_SIM_19_M.jpg,0.426666666666667,4.1671875,94415,5.94851380859375,SIM,19,M,2,train
DROSO_02_EQU_19_M,0.907374978065491,00_data/02_resized/crops/crop_2026-01-14_09-45-54.top_right_CROPNUMBER_14_UUID_DROSO_02_EQU_19_M.jpg,0.654970760233918,2.714625,55765,3.51341283203125,EQU,19,M,2,train
DROSO_02_VIR_19_F,0.907502889633179,00_data/02_resized/crops/crop_2026-01-14_10-14-34.top_left_CROPNUMBER_8_UUID_DROSO_02_VIR_19_F.jpg,0.332838038632987,5.3419375,127891,8.05763257421875,VIR,19,F,2,train
DROSO_02_VIR_19_F,0.914354860782623,00_data/02_resized/crops/crop_2026-01-14_10-14-34.top_left_CROPNUMBER_7_UUID_DROSO_02_VIR_19_F.jpg,0.367213114754098,4.841875,109868,6.922113171875,VIR,19,F,2,train
DROSO_02_SIM_19_M,0.914847612380981,00_data/02_resized/crops/crop_2026-01-13_15-46-54.top_right_CROPNUMBER_22_UUID_DROSO_02_SIM_19_M.jpg,0.433268858800774,4.1036875,91745,5.78029337890625,SIM,19,M,2,train
DROSO_02_VIR_19_M,0.917132437229156,00_data/02_resized/crops/crop_2026-01-14_10-14-34.top_right_CROPNUMBER_15_UUID_DROSO_02_VIR_19_M.jpg,0.367816091954023,4.8339375,97137,6.12001044140625,VIR,19,M,2,train
DROSO_02_EQU_19_M,0.918056309223175,00_data/02_resized/crops/crop_2026-01-14_09-45-54.top_right_CROPNUMBER_13_UUID_DROSO_02_EQU_19_M.jpg,0.541062801932367,3.286125,57895,3.64761115234375,EQU,19,M,2,train
DROSO_02_SIM_19_F,0.919025778770447,00_data/02_resized/crops/crop_2026-01-13_15-46-54.top_left_CROPNUMBER_16_UUID_DROSO_02_SIM_19_F.jpg,0.467640918580376,3.8020625,78278,4.9318197734375,SIM,19,F,2,train
DROSO_02_VIR_19_M,0.919587016105652,00_data/02_resized/crops/crop_2026-01-14_10-14-34.top_right_CROPNUMBER_14_UUID_DROSO_02_VIR_19_M.jpg,0.351097178683386,5.064125,113828,7.171608640625,VIR,19,M,2,train
DROSO_02_LUT_19_M,0.92014342546463,00_data/02_resized/crops/crop_2026-01-14_09-15-30.top_right_CROPNUMBER_18_UUID_DROSO_02_LUT_19_M.jpg,0.391608391608392,4.54025,93490,5.8902351953125,LUT,19,M,2,train
DROSO_02_SIM_19_F,0.922669649124146,00_data/02_resized/crops/crop_2026-01-13_15-46-54.top_left_CROPNUMBER_15_UUID_DROSO_02_SIM_19_F.jpg,0.491228070175439,3.6195,72290,4.5545523828125,SIM,19,F,2,train
DROSO_02_LUT_19_M,0.9248206615448,00_data/02_resized/crops/crop_2026-01-14_09-15-30.top_right_CROPNUMBER_17_UUID_DROSO_02_LUT_19_M.jpg,0.477611940298507,3.7226875,70344,4.43194678125,LUT,19,M,2,train
DROSO_02_MEL_19_M,0.925124287605286,00_data/02_resized/crops/crop_2026-01-13_16-17-02.top_right_CROPNUMBER_29_UUID_DROSO_02_MEL_19_M.jpg,0.420262664165103,4.2306875,93587,5.89634657421875,MEL,19,M,2,train
DROSO_02_MEL_19_M,0.925819277763367,00_data/02_resized/crops/crop_2026-01-13_16-17-02.top_right_CROPNUMBER_28_UUID_DROSO_02_MEL_19_M.jpg,0.495575221238938,3.58775,69522,4.3801575703125,MEL,19,M,2,train
DROSO_02_VIR_19_F,0.92686516046524,00_data/02_resized/crops/crop_2026-01-14_10-14-34.top_left_CROPNUMBER_6_UUID_DROSO_02_VIR_19_F.jpg,0.364227642276423,4.8815625,100365,6.32338705078125,VIR,19,F,2,train
DROSO_02_EQU_19_M,0.927434623241425,00_data/02_resized/crops/crop_2026-01-14_09-45-54.top_right_CROPNUMBER_12_UUID_DROSO_02_EQU_19_M.jpg,0.555831265508685,3.1988125,60737,3.82666825390625,EQU,19,M,2,train
DROSO_02_SIM_19_F,0.927805542945862,00_data/02_resized/crops/crop_2026-01-13_15-46-54.top_left_CROPNUMBER_14_UUID_DROSO_02_SIM_19_F.jpg,0.524590163934426,3.3893125,73659,4.64080473046875,SIM,19,F,2,train
DROSO_02_MEL_19_F,0.928333878517151,00_data/02_resized/crops/crop_2026-01-13_16-17-02.top_left_CROPNUMBER_29_UUID_DROSO_02_MEL_19_F.jpg,0.43579766536965,4.079875,87909,5.53861039453125,MEL,19,F,2,train
DROSO_02_EQU_19_M,0.928447961807251,00_data/02_resized/crops/crop_2026-01-14_09-45-54.top_right_CROPNUMBER_11_UUID_DROSO_02_EQU_19_M.jpg,0.549019607843137,3.2385,61374,3.8668017421875,EQU,19,M,2,train
DROSO_02_MEL_19_M,0.928484857082367,00_data/02_resized/crops/crop_2026-01-13_16-17-02.top_right_CROPNUMBER_27_UUID_DROSO_02_MEL_19_M.jpg,0.48695652173913,3.65125,67907,4.27840626171875,MEL,19,M,2,train
DROSO_02_MEL_19_F,0.928495347499847,00_data/02_resized/crops/crop_2026-01-13_16-17-02.top_left_CROPNUMBER_28_UUID_DROSO_02_MEL_19_F.jpg,0.421052631578947,4.22275,96003,6.04856401171875,MEL,19,F,2,train
DROSO_02_VIR_19_M,0.928757786750794,00_data/02_resized/crops/crop_2026-01-14_10-14-34.top_right_CROPNUMBER_13_UUID_DROSO_02_VIR_19_M.jpg,0.358974358974359,4.953,105862,6.6697195234375,VIR,19,M,2,train
DROSO_02_VIR_19_M,0.928759813308716,00_data/02_resized/crops/crop_2026-01-14_10-14-34.top_right_CROPNUMBER_12_UUID_DROSO_02_VIR_19_M.jpg,0.409506398537477,4.3418125,99592,6.27468503125,VIR,19,M,2,train
DROSO_02_SIM_19_F,0.928883016109467,00_data/02_resized/crops/crop_2026-01-13_15-46-54.top_left_CROPNUMBER_13_UUID_DROSO_02_SIM_19_F.jpg,0.496674057649667,3.5798125,86267,5.43515798046875,SIM,19,F,2,train
DROSO_02_LUT_19_F,0.929354667663574,00_data/02_resized/crops/crop_2026-01-14_09-15-30.top_left_CROPNUMBER_18_UUID_DROSO_02_LUT_19_F.jpg,0.457142857142857,3.889375,82495,5.19750724609375,LUT,19,F,2,train
DROSO_02_MEL_19_F,0.929356217384338,00_data/02_resized/crops/crop_2026-01-13_16-17-02.top_left_CROPNUMBER_27_UUID_DROSO_02_MEL_19_F.jpg,0.4796573875803,3.7068125,82622,5.2055087421875,MEL,19,F,2,train
DROSO_02_EQU_19_M,0.929358184337616,00_data/02_resized/crops/crop_2026-01-14_09-45-54.top_right_CROPNUMBER_10_UUID_DROSO_02_EQU_19_M.jpg,0.680851063829787,2.6114375,48430,3.0512791796875,EQU,19,M,2,train
DROSO_02_SIM_19_M,0.929432928562164,00_data/02_resized/crops/crop_2026-01-13_15-46-54.top_right_CROPNUMBER_21_UUID_DROSO_02_SIM_19_M.jpg,0.501118568232662,3.5480625,90494,5.7014754921875,SIM,19,M,2,train
DROSO_02_VIR_19_M,0.929676532745361,00_data/02_resized/crops/crop_2026-01-14_10-14-34.top_right_CROPNUMBER_11_UUID_DROSO_02_VIR_19_M.jpg,0.367816091954023,4.8339375,106275,6.69574013671875,VIR,19,M,2,train
DROSO_02_LUT_19_M,0.92973792552948,00_data/02_resized/crops/crop_2026-01-14_09-15-30.top_right_CROPNUMBER_16_UUID_DROSO_02_LUT_19_M.jpg,0.366013071895425,4.85775,106458,6.7072698515625,LUT,19,M,2,train
DROSO_02_VIR_19_F,0.929856240749359,00_data/02_resized/crops/crop_2026-01-14_10-14-34.top_left_CROPNUMBER_5_UUID_DROSO_02_VIR_19_F.jpg,0.38160136286201,4.6593125,99361,6.26013112890625,VIR,19,F,2,train
DROSO_02_VIR_19_F,0.93012410402298,00_data/02_resized/crops/crop_2026-01-14_10-14-34.top_left_CROPNUMBER_4_UUID_DROSO_02_VIR_19_F.jpg,0.352201257861635,5.04825,118757,7.48215489453125,VIR,19,F,2,train
DROSO_02_SIM_19_F,0.930212736129761,00_data/02_resized/crops/crop_2026-01-13_15-46-54.top_left_CROPNUMBER_12_UUID_DROSO_02_SIM_19_F.jpg,0.4880174291939,3.6433125,70455,4.43894021484375,SIM,19,F,2,train
DROSO_02_SIM_19_F,0.930306077003479,00_data/02_resized/crops/crop_2026-01-13_15-46-54.top_left_CROPNUMBER_11_UUID_DROSO_02_SIM_19_F.jpg,0.497777777777778,3.571875,96361,6.07111941015625,SIM,19,F,2,train
DROSO_02_SIM_19_F,0.930422067642212,00_data/02_resized/crops/crop_2026-01-13_15-46-54.top_left_CROPNUMBER_10_UUID_DROSO_02_SIM_19_F.jpg,0.476595744680851,3.730625,87874,5.5364052578125,SIM,19,F,2,train
DROSO_02_MEL_19_F,0.93042379617691,00_data/02_resized/crops/crop_2026-01-13_16-17-02.top_left_CROPNUMBER_26_UUID_DROSO_02_MEL_19_F.jpg,0.415584415584416,4.2783125,98963,6.23505557421875,MEL,19,F,2,train
DROSO_02_EQU_19_F,0.930590391159058,00_data/02_resized/crops/crop_2026-01-14_09-45-54.top_left_CROPNUMBER_6_UUID_DROSO_02_EQU_19_F.jpg,0.567088607594937,3.1353125,53066,3.3433652890625,EQU,19,F,2,train
DROSO_02_LUT_19_M,0.93089771270752,00_data/02_resized/crops/crop_2026-01-14_09-15-30.top_right_CROPNUMBER_15_UUID_DROSO_02_LUT_19_M.jpg,0.372093023255814,4.778375,85292,5.373729171875,LUT,19,M,2,train
DROSO_02_LUT_19_F,0.931384861469269,00_data/02_resized/crops/crop_2026-01-14_09-15-30.top_left_CROPNUMBER_17_UUID_DROSO_02_LUT_19_F.jpg,0.448897795591182,3.9608125,96363,6.07124541796875,LUT,19,F,2,train
DROSO_02_LUT_19_M,0.931425273418426,00_data/02_resized/crops/crop_2026-01-14_09-15-30.top_right_CROPNUMBER_14_UUID_DROSO_02_LUT_19_M.jpg,0.4880174291939,3.6433125,69956,4.407501265625,LUT,19,M,2,train
DROSO_02_MEL_19_F,0.931538343429565,00_data/02_resized/crops/crop_2026-01-13_16-17-02.top_left_CROPNUMBER_25_UUID_DROSO_02_MEL_19_F.jpg,0.460905349794239,3.857625,96184,6.05996771875,MEL,19,F,2,train
DROSO_02_LUT_19_M,0.931654512882233,00_data/02_resized/crops/crop_2026-01-14_09-15-30.top_right_CROPNUMBER_13_UUID_DROSO_02_LUT_19_M.jpg,0.517321016166282,3.4369375,68251,4.30007960546875,LUT,19,M,2,train
DROSO_02_EQU_19_F,0.931694447994232,00_data/02_resized/crops/crop_2026-01-14_09-45-54.top_left_CROPNUMBER_5_UUID_DROSO_02_EQU_19_F.jpg,0.517321016166282,3.4369375,72854,4.5900865859375,EQU,19,F,2,train
DROSO_02_VIR_19_M,0.932107329368591,00_data/02_resized/crops/crop_2026-01-14_10-14-34.top_right_CROPNUMBER_10_UUID_DROSO_02_VIR_19_M.jpg,0.411764705882353,4.318,111273,7.01063366015625,VIR,19,M,2,train
DROSO_02_EQU_19_M,0.93241423368454,00_data/02_resized/crops/crop_2026-01-14_09-45-54.top_right_CROPNUMBER_9_UUID_DROSO_02_EQU_19_M.jpg,0.557213930348259,3.190875,65626,4.1346943515625,EQU,19,M,2,train
DROSO_02_SIM_19_M,0.932540476322174,00_data/02_resized/crops/crop_2026-01-13_15-46-54.top_right_CROPNUMBER_20_UUID_DROSO_02_SIM_19_M.jpg,0.418691588785047,4.2465625,94708,5.966973953125,SIM,19,M,2,train
DROSO_02_MEL_19_M,0.932692050933838,00_data/02_resized/crops/crop_2026-01-13_16-17-02.top_right_CROPNUMBER_26_UUID_DROSO_02_MEL_19_M.jpg,0.475583864118896,3.7385625,76997,4.85111176953125,MEL,19,M,2,train
DROSO_02_LUT_19_M,0.932741284370422,00_data/02_resized/crops/crop_2026-01-14_09-15-30.top_right_CROPNUMBER_12_UUID_DROSO_02_LUT_19_M.jpg,0.469601677148847,3.7861875,78207,4.92734649609375,LUT,19,M,2,train
DROSO_02_VIR_19_M,0.932756006717682,00_data/02_resized/crops/crop_2026-01-14_10-14-34.top_right_CROPNUMBER_9_UUID_DROSO_02_VIR_19_M.jpg,0.402877697841727,4.41325,102105,6.43301384765625,VIR,19,M,2,train
DROSO_02_VIR_19_M,0.933103740215302,00_data/02_resized/crops/crop_2026-01-14_10-14-34.top_right_CROPNUMBER_8_UUID_DROSO_02_VIR_19_M.jpg,0.418691588785047,4.2465625,99095,6.24337208984375,VIR,19,M,2,train
DROSO_02_MEL_19_F,0.933304190635681,00_data/02_resized/crops/crop_2026-01-13_16-17-02.top_left_CROPNUMBER_24_UUID_DROSO_02_MEL_19_F.jpg,0.44181459566075,4.0243125,89452,5.635825421875,MEL,19,F,2,train
DROSO_02_SIM_19_F,0.933355093002319,00_data/02_resized/crops/crop_2026-01-13_15-46-54.top_left_CROPNUMBER_9_UUID_DROSO_02_SIM_19_F.jpg,0.470588235294118,3.77825,75856,4.7792243125,SIM,19,F,2,train
DROSO_02_SIM_19_M,0.933538377285004,00_data/02_resized/crops/crop_2026-01-13_15-46-54.top_right_CROPNUMBER_19_UUID_DROSO_02_SIM_19_M.jpg,0.477611940298507,3.7226875,94477,5.95242005078125,SIM,19,M,2,train
DROSO_02_SIM_19_M,0.933556795120239,00_data/02_resized/crops/crop_2026-01-13_15-46-54.top_right_CROPNUMBER_18_UUID_DROSO_02_SIM_19_M.jpg,0.461855670103093,3.8496875,79391,5.00194312109375,SIM,19,M,2,train
DROSO_02_SIM_19_F,0.933562159538269,00_data/02_resized/crops/crop_2026-01-13_15-46-54.top_left_CROPNUMBER_8_UUID_DROSO_02_SIM_19_F.jpg,0.494481236203091,3.5956875,73535,4.63299224609375,SIM,19,F,2,train
DROSO_02_SIM_19_M,0.933630883693695,00_data/02_resized/crops/crop_2026-01-13_15-46-54.top_right_CROPNUMBER_17_UUID_DROSO_02_SIM_19_M.jpg,0.468619246861925,3.794125,94613,5.96098858203125,SIM,19,M,2,train
DROSO_02_MEL_19_M,0.933943331241608,00_data/02_resized/crops/crop_2026-01-13_16-17-02.top_right_CROPNUMBER_25_UUID_DROSO_02_MEL_19_M.jpg,0.498886414253898,3.5639375,76194,4.8005196328125,MEL,19,M,2,train
DROSO_02_MEL_19_M,0.933988988399506,00_data/02_resized/crops/crop_2026-01-13_16-17-02.top_right_CROPNUMBER_24_UUID_DROSO_02_MEL_19_M.jpg,0.541062801932367,3.286125,73364,4.622218578125,MEL,19,M,2,train
DROSO_02_SIM_19_M,0.934153616428375,00_data/02_resized/crops/crop_2026-01-13_15-46-54.top_right_CROPNUMBER_16_UUID_DROSO_02_SIM_19_M.jpg,0.501118568232662,3.5480625,74627,4.70179251171875,SIM,19,M,2,train
DROSO_02_LUT_19_M,0.93424379825592,00_data/02_resized/crops/crop_2026-01-14_09-15-30.top_right_CROPNUMBER_11_UUID_DROSO_02_LUT_19_M.jpg,0.511415525114155,3.476625,76393,4.81305741015625,LUT,19,M,2,train
DROSO_02_LUT_19_M,0.934318542480469,00_data/02_resized/crops/crop_2026-01-14_09-15-30.top_right_CROPNUMBER_10_UUID_DROSO_02_LUT_19_M.jpg,0.496674057649667,3.5798125,74213,4.67570889453125,LUT,19,M,2,train
DROSO_02_MEL_19_M,0.934360086917877,00_data/02_resized/crops/crop_2026-01-13_16-17-02.top_right_CROPNUMBER_23_UUID_DROSO_02_MEL_19_M.jpg,0.467640918580376,3.8020625,80089,5.04591984765625,MEL,19,M,2,train
DROSO_02_MEL_19_M,0.934363067150116,00_data/02_resized/crops/crop_2026-01-13_16-17-02.top_right_CROPNUMBER_22_UUID_DROSO_02_MEL_19_M.jpg,0.501118568232662,3.5480625,70322,4.4305606953125,MEL,19,M,2,train
DROSO_02_EQU_19_M,0.934418678283691,00_data/02_resized/crops/crop_2026-01-14_09-45-54.top_right_CROPNUMBER_8_UUID_DROSO_02_EQU_19_M.jpg,0.401433691756272,4.429125,80221,5.05423636328125,EQU,19,M,2,train
DROSO_02_MEL_19_M,0.934519231319428,00_data/02_resized/crops/crop_2026-01-13_16-17-02.top_right_CROPNUMBER_21_UUID_DROSO_02_MEL_19_M.jpg,0.455284552845528,3.90525,86525,5.45141298828125,MEL,19,M,2,train
DROSO_02_MEL_19_F,0.934637188911438,00_data/02_resized/crops/crop_2026-01-13_16-17-02.top_left_CROPNUMBER_23_UUID_DROSO_02_MEL_19_F.jpg,0.355555555555556,5.000625,125941,7.93477495703125,MEL,19,F,2,train
DROSO_02_MEL_19_M,0.934792876243591,00_data/02_resized/crops/crop_2026-01-13_16-17-02.top_right_CROPNUMBER_20_UUID_DROSO_02_MEL_19_M.jpg,0.466666666666667,3.81,90248,5.68597653125,MEL,19,M,2,train
DROSO_02_MEL_19_M,0.934905111789703,00_data/02_resized/crops/crop_2026-01-13_16-17-02.top_right_CROPNUMBER_19_UUID_DROSO_02_MEL_19_M.jpg,0.466666666666667,3.81,89518,5.6399836796875,MEL,19,M,2,train
DROSO_02_MEL_19_M,0.935024082660675,00_data/02_resized/crops/crop_2026-01-13_16-17-02.top_right_CROPNUMBER_18_UUID_DROSO_02_MEL_19_M.jpg,0.471578947368421,3.7703125,90365,5.69334798828125,MEL,19,M,2,train
DROSO_02_MEL_19_M,0.935073733329773,00_data/02_resized/crops/crop_2026-01-13_16-17-02.top_right_CROPNUMBER_17_UUID_DROSO_02_MEL_19_M.jpg,0.4796573875803,3.7068125,76696,4.83214759375,MEL,19,M,2,train
DROSO_02_LUT_19_M,0.935219764709473,00_data/02_resized/crops/crop_2026-01-14_09-15-30.top_right_CROPNUMBER_9_UUID_DROSO_02_LUT_19_M.jpg,0.398576512455516,4.460875,98343,6.19599315234375,LUT,19,M,2,train
DROSO_02_MEL_19_F,0.935724914073944,00_data/02_resized/crops/crop_2026-01-13_16-17-02.top_left_CROPNUMBER_22_UUID_DROSO_02_MEL_19_F.jpg,0.538461538461538,3.302,83032,5.23134034375,MEL,19,F,2,train
DROSO_02_SIM_19_F,0.936036646366119,00_data/02_resized/crops/crop_2026-01-13_15-46-54.top_left_CROPNUMBER_7_UUID_DROSO_02_SIM_19_F.jpg,0.48590021691974,3.6591875,85182,5.3667987421875,SIM,19,F,2,train
DROSO_02_MEL_19_F,0.936068117618561,00_data/02_resized/crops/crop_2026-01-13_16-17-02.top_left_CROPNUMBER_21_UUID_DROSO_02_MEL_19_F.jpg,0.453441295546559,3.921125,88119,5.55184121484375,MEL,19,F,2,train
DROSO_02_LUT_19_F,0.936069965362549,00_data/02_resized/crops/crop_2026-01-14_09-15-30.top_left_CROPNUMBER_16_UUID_DROSO_02_LUT_19_F.jpg,0.365415986949429,4.8656875,112419,7.08283613671875,LUT,19,F,2,train
DROSO_02_SIM_19_M,0.936237335205078,00_data/02_resized/crops/crop_2026-01-13_15-46-54.top_right_CROPNUMBER_15_UUID_DROSO_02_SIM_19_M.jpg,0.538461538461538,3.302,78643,4.95481619921875,SIM,19,M,2,train
DROSO_02_MEL_19_F,0.936381340026856,00_data/02_resized/crops/crop_2026-01-13_16-17-02.top_left_CROPNUMBER_20_UUID_DROSO_02_MEL_19_F.jpg,0.43495145631068,4.0878125,91092,5.739151828125,MEL,19,F,2,train
DROSO_02_MEL_19_F,0.936615884304047,00_data/02_resized/crops/crop_2026-01-13_16-17-02.top_left_CROPNUMBER_19_UUID_DROSO_02_MEL_19_F.jpg,0.532066508313539,3.3416875,78469,4.94385351953125,MEL,19,F,2,train
DROSO_02_EQU_19_M,0.936855494976044,00_data/02_resized/crops/crop_2026-01-14_09-45-54.top_right_CROPNUMBER_7_UUID_DROSO_02_EQU_19_M.jpg,0.534606205250597,3.3258125,61996,3.905990171875,EQU,19,M,2,train
DROSO_02_VIR_19_F,0.936875581741333,00_data/02_resized/crops/crop_2026-01-14_10-14-34.top_left_CROPNUMBER_3_UUID_DROSO_02_VIR_19_F.jpg,0.36963696369637,4.810125,120776,7.60935978125,VIR,19,F,2,train
DROSO_02_SIM_19_M,0.937005579471588,00_data/02_resized/crops/crop_2026-01-13_15-46-54.top_right_CROPNUMBER_14_UUID_DROSO_02_SIM_19_M.jpg,0.427480916030534,4.15925,99775,6.28621474609375,SIM,19,M,2,train
DROSO_02_MEL_19_M,0.937007486820221,00_data/02_resized/crops/crop_2026-01-13_16-17-02.top_right_CROPNUMBER_16_UUID_DROSO_02_MEL_19_M.jpg,0.571428571428571,3.1115,76246,4.8037958359375,MEL,19,M,2,train
DROSO_02_EQU_19_M,0.937092661857605,00_data/02_resized/crops/crop_2026-01-14_09-45-54.top_right_CROPNUMBER_6_UUID_DROSO_02_EQU_19_M.jpg,0.60377358490566,2.9448125,56715,3.57326654296875,EQU,19,M,2,train
DROSO_02_SIM_19_F,0.937267184257507,00_data/02_resized/crops/crop_2026-01-13_15-46-54.top_left_CROPNUMBER_6_UUID_DROSO_02_SIM_19_F.jpg,0.484848484848485,3.667125,83518,5.2619602421875,SIM,19,F,2,train
DROSO_02_MEL_19_F,0.937308549880981,00_data/02_resized/crops/crop_2026-01-13_16-17-02.top_left_CROPNUMBER_18_UUID_DROSO_02_MEL_19_F.jpg,0.417910447761194,4.2545,113213,7.13286123828125,MEL,19,F,2,train
DROSO_02_SIM_19_M,0.937426388263702,00_data/02_resized/crops/crop_2026-01-13_15-46-54.top_right_CROPNUMBER_13_UUID_DROSO_02_SIM_19_M.jpg,0.670658682634731,2.651125,64224,4.046362875,SIM,19,M,2,train
DROSO_02_SIM_19_M,0.93756103515625,00_data/02_resized/crops/crop_2026-01-13_15-46-54.top_right_CROPNUMBER_12_UUID_DROSO_02_SIM_19_M.jpg,0.535885167464115,3.317875,76639,4.82855637109375,SIM,19,M,2,train
DROSO_02_MEL_19_M,0.937743306159973,00_data/02_resized/crops/crop_2026-01-13_16-17-02.top_right_CROPNUMBER_15_UUID_DROSO_02_MEL_19_M.jpg,0.525821596244132,3.381375,75897,4.78180747265625,MEL,19,M,2,train
DROSO_02_SIM_19_F,0.937789738178253,00_data/02_resized/crops/crop_2026-01-13_15-46-54.top_left_CROPNUMBER_5_UUID_DROSO_02_SIM_19_F.jpg,0.497777777777778,3.571875,83421,5.25584886328125,SIM,19,F,2,train
DROSO_02_MEL_19_M,0.937811315059662,00_data/02_resized/crops/crop_2026-01-13_16-17-02.top_right_CROPNUMBER_14_UUID_DROSO_02_MEL_19_M.jpg,0.574358974358974,3.095625,74052,4.665565265625,MEL,19,M,2,train
DROSO_02_SIM_19_F,0.937860071659088,00_data/02_resized/crops/crop_2026-01-13_15-46-54.top_left_CROPNUMBER_4_UUID_DROSO_02_SIM_19_F.jpg,0.460905349794239,3.857625,87247,5.49690180859375,SIM,19,F,2,train
DROSO_02_EQU_19_M,0.937864363193512,00_data/02_resized/crops/crop_2026-01-14_09-45-54.top_right_CROPNUMBER_5_UUID_DROSO_02_EQU_19_M.jpg,0.532066508313539,3.3416875,65222,4.1092407734375,EQU,19,M,2,train
DROSO_02_SIM_19_F,0.937944710254669,00_data/02_resized/crops/crop_2026-01-13_15-46-54.top_left_CROPNUMBER_3_UUID_DROSO_02_SIM_19_F.jpg,0.535885167464115,3.317875,72738,4.5827781328125,SIM,19,F,2,train
DROSO_02_EQU_19_M,0.938032269477844,00_data/02_resized/crops/crop_2026-01-14_09-45-54.top_right_CROPNUMBER_4_UUID_DROSO_02_EQU_19_M.jpg,0.517321016166282,3.4369375,68040,4.28678578125,EQU,19,M,2,train
DROSO_02_LUT_19_M,0.938061237335205,00_data/02_resized/crops/crop_2026-01-14_09-15-30.top_right_CROPNUMBER_8_UUID_DROSO_02_LUT_19_M.jpg,0.383561643835616,4.6355,98600,6.21218515625,LUT,19,M,2,train
DROSO_02_SIM_19_F,0.938136041164398,00_data/02_resized/crops/crop_2026-01-13_15-46-54.top_left_CROPNUMBER_2_UUID_DROSO_02_SIM_19_F.jpg,0.468619246861925,3.794125,70272,4.4274105,SIM,19,F,2,train
DROSO_02_LUT_19_F,0.938319444656372,00_data/02_resized/crops/crop_2026-01-14_09-15-30.top_left_CROPNUMBER_15_UUID_DROSO_02_LUT_19_F.jpg,0.489082969432314,3.635375,90711,5.71514733984375,LUT,19,F,2,train
DROSO_02_VIR_19_M,0.938327848911285,00_data/02_resized/crops/crop_2026-01-14_10-14-34.top_right_CROPNUMBER_7_UUID_DROSO_02_VIR_19_M.jpg,0.370860927152318,4.79425,142805,8.99727283203125,VIR,19,M,2,train
DROSO_02_MEL_19_F,0.938368797302246,00_data/02_resized/crops/crop_2026-01-13_16-17-02.top_left_CROPNUMBER_17_UUID_DROSO_02_MEL_19_F.jpg,0.434108527131783,4.09575,96956,6.108606734375,MEL,19,F,2,train
DROSO_02_MEL_19_M,0.938514947891235,00_data/02_resized/crops/crop_2026-01-13_16-17-02.top_right_CROPNUMBER_13_UUID_DROSO_02_MEL_19_M.jpg,0.365415986949429,4.8656875,90787,5.71993563671875,MEL,19,M,2,train
DROSO_02_SIM_19_M,0.93858277797699,00_data/02_resized/crops/crop_2026-01-13_15-46-54.top_right_CROPNUMBER_11_UUID_DROSO_02_SIM_19_M.jpg,0.408759124087591,4.34975,94747,5.96943110546875,SIM,19,M,2,train
DROSO_02_SIM_19_M,0.938729822635651,00_data/02_resized/crops/crop_2026-01-13_15-46-54.top_right_CROPNUMBER_10_UUID_DROSO_02_SIM_19_M.jpg,0.519721577726218,3.4210625,78549,4.94889383203125,SIM,19,M,2,train
DROSO_02_EQU_19_M,0.938824474811554,00_data/02_resized/crops/crop_2026-01-14_09-45-54.top_right_CROPNUMBER_3_UUID_DROSO_02_EQU_19_M.jpg,0.672672672672673,2.6431875,55359,3.48783324609375,EQU,19,M,2,train
DROSO_02_MEL_19_M,0.938990831375122,00_data/02_resized/crops/crop_2026-01-13_16-17-02.top_right_CROPNUMBER_12_UUID_DROSO_02_MEL_19_M.jpg,0.482758620689655,3.683,88785,5.59380181640625,MEL,19,M,2,train
DROSO_02_MEL_19_F,0.939012825489044,00_data/02_resized/crops/crop_2026-01-13_16-17-02.top_left_CROPNUMBER_16_UUID_DROSO_02_MEL_19_F.jpg,0.459016393442623,3.8735,94431,5.94952187109375,MEL,19,F,2,train
DROSO_02_LUT_19_F,0.93904048204422,00_data/02_resized/crops/crop_2026-01-14_09-15-30.top_left_CROPNUMBER_14_UUID_DROSO_02_LUT_19_F.jpg,0.356687898089172,4.98475,115548,7.279975359375,LUT,19,F,2,train
DROSO_02_MEL_19_F,0.939137160778046,00_data/02_resized/crops/crop_2026-01-13_16-17-02.top_left_CROPNUMBER_15_UUID_DROSO_02_MEL_19_F.jpg,0.496674057649667,3.5798125,80285,5.05826861328125,MEL,19,F,2,train
DROSO_02_EQU_19_F,0.939920783042908,00_data/02_resized/crops/crop_2026-01-14_09-45-54.top_left_CROPNUMBER_4_UUID_DROSO_02_EQU_19_F.jpg,0.510250569476082,3.4845625,77271,4.86837483984375,EQU,19,F,2,train
DROSO_02_MEL_19_F,0.939924716949463,00_data/02_resized/crops/crop_2026-01-13_16-17-02.top_left_CROPNUMBER_14_UUID_DROSO_02_MEL_19_F.jpg,0.425855513307985,4.175125,103870,6.5442157421875,MEL,19,F,2,train
DROSO_02_LUT_19_F,0.940005362033844,00_data/02_resized/crops/crop_2026-01-14_09-15-30.top_left_CROPNUMBER_13_UUID_DROSO_02_LUT_19_F.jpg,0.353870458135861,5.0244375,127681,8.04440175390625,LUT,19,F,2,train
DROSO_02_LUT_19_M,0.940052807331085,00_data/02_resized/crops/crop_2026-01-14_09-15-30.top_right_CROPNUMBER_7_UUID_DROSO_02_LUT_19_M.jpg,0.452525252525253,3.9290625,86729,5.46426578515625,LUT,19,M,2,train
DROSO_02_VIR_19_M,0.940176367759705,00_data/02_resized/crops/crop_2026-01-14_10-14-34.top_right_CROPNUMBER_6_UUID_DROSO_02_VIR_19_M.jpg,0.344086021505376,5.1673125,123860,7.803663828125,VIR,19,M,2,train
DROSO_02_SIM_19_F,0.940200209617615,00_data/02_resized/crops/crop_2026-01-13_15-46-54.top_left_CROPNUMBER_1_UUID_DROSO_02_SIM_19_F.jpg,0.470588235294118,3.77825,88387,5.56872626171875,SIM,19,F,2,train
DROSO_02_MEL_19_F,0.940213978290558,00_data/02_resized/crops/crop_2026-01-13_16-17-02.top_left_CROPNUMBER_13_UUID_DROSO_02_MEL_19_F.jpg,0.455284552845528,3.90525,80860,5.094495859375,MEL,19,F,2,train
DROSO_02_LUT_19_M,0.940223693847656,00_data/02_resized/crops/crop_2026-01-14_09-15-30.top_right_CROPNUMBER_6_UUID_DROSO_02_LUT_19_M.jpg,0.48068669527897,3.698875,79844,5.030483890625,LUT,19,M,2,train
DROSO_02_MEL_19_F,0.940269231796265,00_data/02_resized/crops/crop_2026-01-13_16-17-02.top_left_CROPNUMBER_12_UUID_DROSO_02_MEL_19_F.jpg,0.421845574387947,4.2148125,99324,6.257799984375,MEL,19,F,2,train
DROSO_02_LUT_19_F,0.940317928791046,00_data/02_resized/crops/crop_2026-01-14_09-15-30.top_left_CROPNUMBER_12_UUID_DROSO_02_LUT_19_F.jpg,0.455284552845528,3.90525,97733,6.15756076953125,LUT,19,F,2,train
DROSO_02_SIM_19_M,0.94032633304596,00_data/02_resized/crops/crop_2026-01-13_15-46-54.top_right_CROPNUMBER_9_UUID_DROSO_02_SIM_19_M.jpg,0.405797101449275,4.3815,92265,5.81305541015625,SIM,19,M,2,train
DROSO_02_SIM_19_M,0.940330445766449,00_data/02_resized/crops/crop_2026-01-13_15-46-54.top_right_CROPNUMBER_8_UUID_DROSO_02_SIM_19_M.jpg,0.460905349794239,3.857625,86604,5.456390296875,SIM,19,M,2,train
DROSO_02_EQU_19_M,0.940899968147278,00_data/02_resized/crops/crop_2026-01-14_09-45-54.top_right_CROPNUMBER_2_UUID_DROSO_02_EQU_19_M.jpg,0.654970760233918,2.714625,63140,3.978066640625,EQU,19,M,2,train
DROSO_02_MEL_19_F,0.940965414047241,00_data/02_resized/crops/crop_2026-01-13_16-17-02.top_left_CROPNUMBER_11_UUID_DROSO_02_MEL_19_F.jpg,0.481720430107527,3.6909375,94956,5.982598921875,MEL,19,F,2,train
DROSO_02_VIR_19_M,0.94101220369339,00_data/02_resized/crops/crop_2026-01-14_10-14-34.top_right_CROPNUMBER_5_UUID_DROSO_02_VIR_19_M.jpg,0.376470588235294,4.7228125,144561,9.10790769140625,VIR,19,M,2,train
DROSO_02_MEL_19_M,0.941151320934296,00_data/02_resized/crops/crop_2026-01-13_16-17-02.top_right_CROPNUMBER_11_UUID_DROSO_02_MEL_19_M.jpg,0.474576271186441,3.7465,71532,4.506795421875,MEL,19,M,2,train
DROSO_02_LUT_19_F,0.94159072637558,00_data/02_resized/crops/crop_2026-01-14_09-15-30.top_left_CROPNUMBER_11_UUID_DROSO_02_LUT_19_F.jpg,0.403603603603604,4.4053125,118652,7.475539484375,LUT,19,F,2,train
DROSO_02_SIM_19_F,0.941641330718994,00_data/02_resized/crops/crop_2026-01-13_15-46-54.top_left_CROPNUMBER_0_UUID_DROSO_02_SIM_19_F.jpg,0.492307692307692,3.6115625,79334,4.9983518984375,SIM,19,F,2,train
DROSO_02_LUT_19_F,0.941879093647003,00_data/02_resized/crops/crop_2026-01-14_09-15-30.top_left_CROPNUMBER_10_UUID_DROSO_02_LUT_19_F.jpg,0.395061728395062,4.5005625,125753,7.92293022265625,LUT,19,F,2,train
DROSO_02_LUT_19_M,0.941879332065582,00_data/02_resized/crops/crop_2026-01-14_09-15-30.top_right_CROPNUMBER_5_UUID_DROSO_02_LUT_19_M.jpg,0.567088607594937,3.1353125,74912,4.719748625,LUT,19,M,2,train
DROSO_02_VIR_19_M,0.941880166530609,00_data/02_resized/crops/crop_2026-01-14_10-14-34.top_right_CROPNUMBER_4_UUID_DROSO_02_VIR_19_M.jpg,0.353312302839117,5.032375,153983,9.70153049609375,VIR,19,M,2,train
DROSO_02_EQU_19_M,0.942004263401032,00_data/02_resized/crops/crop_2026-01-14_09-45-54.top_right_CROPNUMBER_1_UUID_DROSO_02_EQU_19_M.jpg,0.518518518518519,3.429,56134,3.5366612734375,EQU,19,M,2,train
DROSO_02_MEL_19_F,0.942063689231873,00_data/02_resized/crops/crop_2026-01-13_16-17-02.top_left_CROPNUMBER_10_UUID_DROSO_02_MEL_19_F.jpg,0.476595744680851,3.730625,86837,5.47107020703125,MEL,19,F,2,train
DROSO_02_LUT_19_F,0.942124128341675,00_data/02_resized/crops/crop_2026-01-14_09-15-30.top_left_CROPNUMBER_9_UUID_DROSO_02_LUT_19_F.jpg,0.4375,4.064,108322,6.8247091328125,LUT,19,F,2,train
DROSO_02_EQU_19_M,0.942179143428802,00_data/02_resized/crops/crop_2026-01-14_09-45-54.top_right_CROPNUMBER_0_UUID_DROSO_02_EQU_19_M.jpg,0.689230769230769,2.5796875,59776,3.7661215,EQU,19,M,2,train
DROSO_02_SIM_19_M,0.942241966724396,00_data/02_resized/crops/crop_2026-01-13_15-46-54.top_right_CROPNUMBER_7_UUID_DROSO_02_SIM_19_M.jpg,0.490153172866521,3.6274375,96658,6.0898315703125,SIM,19,M,2,train
DROSO_02_VIR_19_M,0.942289173603058,00_data/02_resized/crops/crop_2026-01-14_10-14-34.top_right_CROPNUMBER_3_UUID_DROSO_02_VIR_19_M.jpg,0.384879725085911,4.619625,110027,6.93213079296875,VIR,19,M,2,train
DROSO_02_MEL_19_F,0.942323923110962,00_data/02_resized/crops/crop_2026-01-13_16-17-02.top_left_CROPNUMBER_9_UUID_DROSO_02_MEL_19_F.jpg,0.4,4.445,125046,7.8783864609375,MEL,19,F,2,train
DROSO_02_LUT_19_F,0.942335903644562,00_data/02_resized/crops/crop_2026-01-14_09-15-30.top_left_CROPNUMBER_8_UUID_DROSO_02_LUT_19_F.jpg,0.39646017699115,4.4846875,120969,7.62151953515625,LUT,19,F,2,train
DROSO_02_LUT_19_M,0.942389249801636,00_data/02_resized/crops/crop_2026-01-14_09-15-30.top_right_CROPNUMBER_4_UUID_DROSO_02_LUT_19_M.jpg,0.498886414253898,3.5639375,73853,4.65302748828125,LUT,19,M,2,train
DROSO_02_MEL_19_M,0.94239091873169,00_data/02_resized/crops/crop_2026-01-13_16-17-02.top_right_CROPNUMBER_10_UUID_DROSO_02_MEL_19_M.jpg,0.494481236203091,3.5956875,72390,4.5608527734375,MEL,19,M,2,train
DROSO_02_VIR_19_F,0.94320672750473,00_data/02_resized/crops/crop_2026-01-14_10-14-34.top_left_CROPNUMBER_2_UUID_DROSO_02_VIR_19_F.jpg,0.369028006589786,4.8180625,133228,8.393884421875,VIR,19,F,2,train
DROSO_02_SIM_19_M,0.94342839717865,00_data/02_resized/crops/crop_2026-01-13_15-46-54.top_right_CROPNUMBER_6_UUID_DROSO_02_SIM_19_M.jpg,0.506787330316742,3.508375,86989,5.48064680078125,SIM,19,M,2,train
DROSO_02_EQU_19_F,0.943478405475617,00_data/02_resized/crops/crop_2026-01-14_09-45-54.top_left_CROPNUMBER_3_UUID_DROSO_02_EQU_19_F.jpg,0.477611940298507,3.7226875,70693,4.45393514453125,EQU,19,F,2,train
DROSO_02_MEL_19_M,0.943510472774506,00_data/02_resized/crops/crop_2026-01-13_16-17-02.top_right_CROPNUMBER_9_UUID_DROSO_02_MEL_19_M.jpg,0.48590021691974,3.6591875,90213,5.68377139453125,MEL,19,M,2,train
DROSO_02_LUT_19_F,0.943698763847351,00_data/02_resized/crops/crop_2026-01-14_09-15-30.top_left_CROPNUMBER_7_UUID_DROSO_02_LUT_19_F.jpg,0.377740303541315,4.7069375,109783,6.91675783984375,LUT,19,F,2,train
DROSO_02_MEL_19_M,0.943724036216736,00_data/02_resized/crops/crop_2026-01-13_16-17-02.top_right_CROPNUMBER_8_UUID_DROSO_02_MEL_19_M.jpg,0.506787330316742,3.508375,83690,5.2727969140625,MEL,19,M,2,train
DROSO_02_MEL_19_M,0.943734228610992,00_data/02_resized/crops/crop_2026-01-13_16-17-02.top_right_CROPNUMBER_7_UUID_DROSO_02_MEL_19_M.jpg,0.48590021691974,3.6591875,73662,4.6409937421875,MEL,19,M,2,train
DROSO_02_MEL_19_M,0.94378674030304,00_data/02_resized/crops/crop_2026-01-13_16-17-02.top_right_CROPNUMBER_6_UUID_DROSO_02_MEL_19_M.jpg,0.506787330316742,3.508375,76277,4.80574895703125,MEL,19,M,2,train
DROSO_02_LUT_19_F,0.943816721439362,00_data/02_resized/crops/crop_2026-01-14_09-15-30.top_left_CROPNUMBER_6_UUID_DROSO_02_LUT_19_F.jpg,0.459958932238193,3.8655625,102958,6.4867561796875,LUT,19,F,2,train
DROSO_02_MEL_19_F,0.944515645503998,00_data/02_resized/crops/crop_2026-01-13_16-17-02.top_left_CROPNUMBER_8_UUID_DROSO_02_MEL_19_F.jpg,0.456211812627291,3.8973125,87050,5.4844900390625,MEL,19,F,2,train
DROSO_02_MEL_19_F,0.944735646247864,00_data/02_resized/crops/crop_2026-01-13_16-17-02.top_left_CROPNUMBER_7_UUID_DROSO_02_MEL_19_F.jpg,0.533333333333333,3.33375,84639,5.33258762109375,MEL,19,F,2,train
DROSO_02_LUT_19_F,0.944923460483551,00_data/02_resized/crops/crop_2026-01-14_09-15-30.top_left_CROPNUMBER_5_UUID_DROSO_02_LUT_19_F.jpg,0.418691588785047,4.2465625,110871,6.98530608984375,LUT,19,F,2,train
DROSO_02_MEL_19_M,0.944971442222595,00_data/02_resized/crops/crop_2026-01-13_16-17-02.top_right_CROPNUMBER_5_UUID_DROSO_02_MEL_19_M.jpg,0.455284552845528,3.90525,90145,5.67948712890625,MEL,19,M,2,train
DROSO_02_MEL_19_M,0.94509357213974,00_data/02_resized/crops/crop_2026-01-13_16-17-02.top_right_CROPNUMBER_4_UUID_DROSO_02_MEL_19_M.jpg,0.466666666666667,3.81,71282,4.4910444453125,MEL,19,M,2,train
DROSO_02_MEL_19_F,0.945110082626343,00_data/02_resized/crops/crop_2026-01-13_16-17-02.top_left_CROPNUMBER_6_UUID_DROSO_02_MEL_19_F.jpg,0.494481236203091,3.5956875,85024,5.356844125,MEL,19,F,2,train
DROSO_02_LUT_19_F,0.945436537265778,00_data/02_resized/crops/crop_2026-01-14_09-15-30.top_left_CROPNUMBER_4_UUID_DROSO_02_LUT_19_F.jpg,0.379018612521151,4.6910625,141104,8.8901031875,LUT,19,F,2,train
DROSO_02_VIR_19_F,0.94567745923996,00_data/02_resized/crops/crop_2026-01-14_10-14-34.top_left_CROPNUMBER_1_UUID_DROSO_02_VIR_19_F.jpg,0.379661016949153,4.683125,127823,8.05334830859375,VIR,19,F,2,train
DROSO_02_VIR_19_M,0.945691585540772,00_data/02_resized/crops/crop_2026-01-14_10-14-34.top_right_CROPNUMBER_2_UUID_DROSO_02_VIR_19_M.jpg,0.355555555555556,5.000625,124051,7.81569757421875,VIR,19,M,2,train
DROSO_02_LUT_19_M,0.94580739736557,00_data/02_resized/crops/crop_2026-01-14_09-15-30.top_right_CROPNUMBER_3_UUID_DROSO_02_LUT_19_M.jpg,0.421052631578947,4.22275,104980,6.614150078125,LUT,19,M,2,train
DROSO_02_EQU_19_F,0.945839941501617,00_data/02_resized/crops/crop_2026-01-14_09-45-54.top_left_CROPNUMBER_2_UUID_DROSO_02_EQU_19_F.jpg,0.494481236203091,3.5956875,90737,5.71678544140625,EQU,19,F,2,train
DROSO_02_EQU_19_F,0.94585371017456,00_data/02_resized/crops/crop_2026-01-14_09-45-54.top_left_CROPNUMBER_1_UUID_DROSO_02_EQU_19_F.jpg,0.498886414253898,3.5639375,82153,5.17595991015625,EQU,19,F,2,train
DROSO_02_VIR_19_F,0.945860385894775,00_data/02_resized/crops/crop_2026-01-14_10-14-34.top_left_CROPNUMBER_0_UUID_DROSO_02_VIR_19_F.jpg,0.368421052631579,4.826,147454,9.2901779921875,VIR,19,F,2,train
DROSO_02_MEL_19_F,0.94591873884201,00_data/02_resized/crops/crop_2026-01-13_16-17-02.top_left_CROPNUMBER_5_UUID_DROSO_02_MEL_19_F.jpg,0.4796573875803,3.7068125,87511,5.51353483984375,MEL,19,F,2,train
DROSO_02_LUT_19_F,0.94591873884201,00_data/02_resized/crops/crop_2026-01-14_09-15-30.top_left_CROPNUMBER_3_UUID_DROSO_02_LUT_19_F.jpg,0.456211812627291,3.8973125,107044,6.744190140625,LUT,19,F,2,train
DROSO_02_MEL_19_F,0.94601446390152,00_data/02_resized/crops/crop_2026-01-13_16-17-02.top_left_CROPNUMBER_4_UUID_DROSO_02_MEL_19_F.jpg,0.489082969432314,3.635375,95317,6.00534333203125,MEL,19,F,2,train
DROSO_02_LUT_19_F,0.946055591106415,00_data/02_resized/crops/crop_2026-01-14_09-15-30.top_left_CROPNUMBER_2_UUID_DROSO_02_LUT_19_F.jpg,0.42911877394636,4.143375,113965,7.18024017578125,LUT,19,F,2,train
DROSO_02_VIR_19_M,0.946095407009125,00_data/02_resized/crops/crop_2026-01-14_10-14-34.top_right_CROPNUMBER_1_UUID_DROSO_02_VIR_19_M.jpg,0.394366197183099,4.5085,133894,8.4358450234375,VIR,19,M,2,train
DROSO_02_LUT_19_F,0.946278989315033,00_data/02_resized/crops/crop_2026-01-14_09-15-30.top_left_CROPNUMBER_1_UUID_DROSO_02_LUT_19_F.jpg,0.475583864118896,3.7385625,91989,5.79566633203125,LUT,19,F,2,train
DROSO_02_SIM_19_M,0.946541547775269,00_data/02_resized/crops/crop_2026-01-13_15-46-54.top_right_CROPNUMBER_5_UUID_DROSO_02_SIM_19_M.jpg,0.507936507936508,3.5004375,82337,5.18755262890625,SIM,19,M,2,train
DROSO_02_SIM_19_M,0.946766316890717,00_data/02_resized/crops/crop_2026-01-13_15-46-54.top_right_CROPNUMBER_4_UUID_DROSO_02_SIM_19_M.jpg,0.496674057649667,3.5798125,83414,5.2554078359375,SIM,19,M,2,train
DROSO_02_MEL_19_M,0.947283864021301,00_data/02_resized/crops/crop_2026-01-13_16-17-02.top_right_CROPNUMBER_3_UUID_DROSO_02_MEL_19_M.jpg,0.510250569476082,3.4845625,72621,4.57540667578125,MEL,19,M,2,train
DROSO_02_LUT_19_M,0.947716355323792,00_data/02_resized/crops/crop_2026-01-14_09-15-30.top_right_CROPNUMBER_2_UUID_DROSO_02_LUT_19_M.jpg,0.497777777777778,3.571875,78613,4.95292608203125,LUT,19,M,2,train
DROSO_02_SIM_19_M,0.948049545288086,00_data/02_resized/crops/crop_2026-01-13_15-46-54.top_right_CROPNUMBER_3_UUID_DROSO_02_SIM_19_M.jpg,0.525821596244132,3.381375,76631,4.82805233984375,SIM,19,M,2,train
DROSO_02_LUT_19_M,0.948202788829804,00_data/02_resized/crops/crop_2026-01-14_09-15-30.top_right_CROPNUMBER_1_UUID_DROSO_02_LUT_19_M.jpg,0.438356164383562,4.0560625,120047,7.56342993359375,LUT,19,M,2,train
DROSO_02_SIM_19_M,0.948727607727051,00_data/02_resized/crops/crop_2026-01-13_15-46-54.top_right_CROPNUMBER_2_UUID_DROSO_02_SIM_19_M.jpg,0.497777777777778,3.571875,72253,4.55222123828125,SIM,19,M,2,train
DROSO_02_MEL_19_M,0.948789536952972,00_data/02_resized/crops/crop_2026-01-13_16-17-02.top_right_CROPNUMBER_2_UUID_DROSO_02_MEL_19_M.jpg,0.475583864118896,3.7385625,76555,4.82326404296875,MEL,19,M,2,train
DROSO_02_MEL_19_F,0.949407398700714,00_data/02_resized/crops/crop_2026-01-13_16-17-02.top_left_CROPNUMBER_3_UUID_DROSO_02_MEL_19_F.jpg,0.446215139442231,3.984625,97326,6.1319181796875,MEL,19,F,2,train
DROSO_02_VIR_19_M,0.949435770511627,00_data/02_resized/crops/crop_2026-01-14_10-14-34.top_right_CROPNUMBER_0_UUID_DROSO_02_VIR_19_M.jpg,0.502242152466368,3.540125,79444,5.005282328125,VIR,19,M,2,train
DROSO_02_MEL_19_F,0.949964225292206,00_data/02_resized/crops/crop_2026-01-13_16-17-02.top_left_CROPNUMBER_2_UUID_DROSO_02_MEL_19_F.jpg,0.490153172866521,3.6274375,90018,5.6714856328125,MEL,19,F,2,train
DROSO_02_SIM_19_M,0.950002431869507,00_data/02_resized/crops/crop_2026-01-13_15-46-54.top_right_CROPNUMBER_1_UUID_DROSO_02_SIM_19_M.jpg,0.490153172866521,3.6274375,78976,4.9757965,SIM,19,M,2,train
DROSO_02_MEL_19_M,0.951026022434235,00_data/02_resized/crops/crop_2026-01-13_16-17-02.top_right_CROPNUMBER_1_UUID_DROSO_02_MEL_19_M.jpg,0.475583864118896,3.7385625,77605,4.88941814453125,MEL,19,M,2,train
DROSO_02_SIM_19_M,0.951156556606293,00_data/02_resized/crops/crop_2026-01-13_15-46-54.top_right_CROPNUMBER_0_UUID_DROSO_02_SIM_19_M.jpg,0.511415525114155,3.476625,76430,4.8153885546875,SIM,19,M,2,train
DROSO_02_MEL_19_F,0.951361358165741,00_data/02_resized/crops/crop_2026-01-13_16-17-02.top_left_CROPNUMBER_1_UUID_DROSO_02_MEL_19_F.jpg,0.5,3.556,80169,5.05096016015625,MEL,19,F,2,train
DROSO_02_MEL_19_F,0.95236074924469,00_data/02_resized/crops/crop_2026-01-13_16-17-02.top_left_CROPNUMBER_0_UUID_DROSO_02_MEL_19_F.jpg,0.532066508313539,3.3416875,87921,5.53936644140625,MEL,19,F,2,train
DROSO_02_LUT_19_M,0.953521490097046,00_data/02_resized/crops/crop_2026-01-14_09-15-30.top_right_CROPNUMBER_0_UUID_DROSO_02_LUT_19_M.jpg,0.48695652173913,3.65125,69628,4.386835984375,LUT,19,M,2,train
DROSO_02_EQU_19_F,0.953566431999206,00_data/02_resized/crops/crop_2026-01-14_09-45-54.top_left_CROPNUMBER_0_UUID_DROSO_02_EQU_19_F.jpg,0.511415525114155,3.476625,74680,4.70513171875,EQU,19,F,2,train
DROSO_02_LUT_19_F,0.953566908836365,00_data/02_resized/crops/crop_2026-01-14_09-15-30.top_left_CROPNUMBER_0_UUID_DROSO_02_LUT_19_F.jpg,0.519721577726218,3.4210625,89992,5.66984753125,LUT,19,F,2,train
DROSO_02_MEL_19_M,0.955712616443634,00_data/02_resized/crops/crop_2026-01-13_16-17-02.top_right_CROPNUMBER_0_UUID_DROSO_02_MEL_19_M.jpg,0.5,3.556,82144,5.175392875,MEL,19,M,2,train
DROSO_03_LUT_19_M,0.916736662387848,00_data/02_resized/crops/crop_2026-01-14_09-21-13.top_right_CROPNUMBER_19_UUID_DROSO_03_LUT_19_M.jpg,0.491228070175439,3.6195,67647,4.26202524609375,LUT,19,M,3,train
DROSO_03_VIR_19_F,0.916882455348968,00_data/02_resized/crops/crop_2026-01-14_10-20-10.top_left_CROPNUMBER_14_UUID_DROSO_03_VIR_19_F.jpg,0.349453978159126,5.0879375,101881,6.41890097265625,VIR,19,F,3,train
DROSO_03_VIR_19_F,0.91881912946701,00_data/02_resized/crops/crop_2026-01-14_10-20-10.top_left_CROPNUMBER_13_UUID_DROSO_03_VIR_19_F.jpg,0.377740303541315,4.7069375,91798,5.7836325859375,VIR,19,F,3,train
DROSO_03_SIM_19_F,0.919681668281555,00_data/02_resized/crops/crop_2026-01-13_15-52-35.top_left_CROPNUMBER_15_UUID_DROSO_03_SIM_19_F.jpg,0.452525252525253,3.9290625,76636,4.828367359375,SIM,19,F,3,train
DROSO_03_VIR_19_F,0.920219838619232,00_data/02_resized/crops/crop_2026-01-14_10-20-10.top_left_CROPNUMBER_12_UUID_DROSO_03_VIR_19_F.jpg,0.358974358974359,4.953,101486,6.3940144296875,VIR,19,F,3,train
DROSO_03_LUT_19_M,0.922112822532654,00_data/02_resized/crops/crop_2026-01-14_09-21-13.top_right_CROPNUMBER_18_UUID_DROSO_03_LUT_19_M.jpg,0.501118568232662,3.5480625,74536,4.69605915625,LUT,19,M,3,train
DROSO_03_MEL_19_M,0.922559976577759,00_data/02_resized/crops/crop_2026-01-13_16-22-42.top_right_CROPNUMBER_33_UUID_DROSO_03_MEL_19_M.jpg,0.491228070175439,3.6195,71121,4.48090081640625,MEL,19,M,3,train
DROSO_03_LUT_19_M,0.923235654830933,00_data/02_resized/crops/crop_2026-01-14_09-21-13.top_right_CROPNUMBER_17_UUID_DROSO_03_LUT_19_M.jpg,0.449799196787149,3.952875,75721,4.77071878515625,LUT,19,M,3,train
DROSO_03_MEL_19_F,0.923640668392181,00_data/02_resized/crops/crop_2026-01-13_16-22-42.top_left_CROPNUMBER_33_UUID_DROSO_03_MEL_19_F.jpg,0.43579766536965,4.079875,92398,5.8214349296875,MEL,19,F,3,train
DROSO_03_LUT_19_M,0.923967063426971,00_data/02_resized/crops/crop_2026-01-14_09-21-13.top_right_CROPNUMBER_16_UUID_DROSO_03_LUT_19_M.jpg,0.469601677148847,3.7861875,68169,4.29491328515625,LUT,19,M,3,train
DROSO_03_SIM_19_M,0.924332022666931,00_data/02_resized/crops/crop_2026-01-13_15-52-35.top_right_CROPNUMBER_24_UUID_DROSO_03_SIM_19_M.jpg,0.538461538461538,3.302,56056,3.53174696875,SIM,19,M,3,train
DROSO_03_SIM_19_M,0.924570739269257,00_data/02_resized/crops/crop_2026-01-13_15-52-35.top_right_CROPNUMBER_23_UUID_DROSO_03_SIM_19_M.jpg,0.541062801932367,3.286125,59131,3.72548398046875,SIM,19,M,3,train
DROSO_03_SIM_19_M,0.924645245075226,00_data/02_resized/crops/crop_2026-01-13_15-52-35.top_right_CROPNUMBER_22_UUID_DROSO_03_SIM_19_M.jpg,0.510250569476082,3.4845625,64419,4.05864863671875,SIM,19,M,3,train
DROSO_03_MEL_19_M,0.925005555152893,00_data/02_resized/crops/crop_2026-01-13_16-22-42.top_right_CROPNUMBER_32_UUID_DROSO_03_MEL_19_M.jpg,0.459016393442623,3.8735,77730,4.8972936328125,MEL,19,M,3,train
DROSO_03_EQU_19_M,0.925361692905426,00_data/02_resized/crops/crop_2026-01-14_09-51-39.top_right_CROPNUMBER_11_UUID_DROSO_03_EQU_19_M.jpg,0.533333333333333,3.33375,59159,3.72724808984375,EQU,19,M,3,train
DROSO_03_LUT_19_F,0.926091194152832,00_data/02_resized/crops/crop_2026-01-14_09-21-13.top_left_CROPNUMBER_23_UUID_DROSO_03_LUT_19_F.jpg,0.379661016949153,4.683125,93063,5.86333252734375,LUT,19,F,3,train
DROSO_03_EQU_19_F,0.92633056640625,00_data/02_resized/crops/crop_2026-01-14_09-51-39.top_left_CROPNUMBER_6_UUID_DROSO_03_EQU_19_F.jpg,0.553086419753086,3.2146875,58287,3.67230868359375,EQU,19,F,3,train
DROSO_03_MEL_19_F,0.926338791847229,00_data/02_resized/crops/crop_2026-01-13_16-22-42.top_left_CROPNUMBER_32_UUID_DROSO_03_MEL_19_F.jpg,0.459016393442623,3.8735,86459,5.44725473046875,MEL,19,F,3,train
DROSO_03_MEL_19_M,0.926387369632721,00_data/02_resized/crops/crop_2026-01-13_16-22-42.top_right_CROPNUMBER_31_UUID_DROSO_03_MEL_19_M.jpg,0.523364485981308,3.39725,68549,4.31885476953125,MEL,19,M,3,train
DROSO_03_MEL_19_M,0.926848471164703,00_data/02_resized/crops/crop_2026-01-13_16-22-42.top_right_CROPNUMBER_30_UUID_DROSO_03_MEL_19_M.jpg,0.468619246861925,3.794125,76247,4.80385883984375,MEL,19,M,3,train
DROSO_03_VIR_19_M,0.92722100019455,00_data/02_resized/crops/crop_2026-01-14_10-20-10.top_right_CROPNUMBER_7_UUID_DROSO_03_VIR_19_M.jpg,0.378378378378378,4.699,129033,8.12958303515625,VIR,19,M,3,train
DROSO_03_MEL_19_F,0.927276611328125,00_data/02_resized/crops/crop_2026-01-13_16-22-42.top_left_CROPNUMBER_31_UUID_DROSO_03_MEL_19_F.jpg,0.438356164383562,4.0560625,84540,5.326350234375,MEL,19,F,3,train
DROSO_03_MEL_19_M,0.92792809009552,00_data/02_resized/crops/crop_2026-01-13_16-22-42.top_right_CROPNUMBER_29_UUID_DROSO_03_MEL_19_M.jpg,0.567088607594937,3.1353125,73461,4.62832995703125,MEL,19,M,3,train
DROSO_03_MEL_19_M,0.92814838886261,00_data/02_resized/crops/crop_2026-01-13_16-22-42.top_right_CROPNUMBER_28_UUID_DROSO_03_MEL_19_M.jpg,0.468619246861925,3.794125,73182,4.6107518671875,MEL,19,M,3,train
DROSO_03_VIR_19_M,0.928179740905762,00_data/02_resized/crops/crop_2026-01-14_10-20-10.top_right_CROPNUMBER_6_UUID_DROSO_03_VIR_19_M.jpg,0.347286821705426,5.1196875,131355,8.27587810546875,VIR,19,M,3,train
DROSO_03_MEL_19_M,0.928427219390869,00_data/02_resized/crops/crop_2026-01-13_16-22-42.top_right_CROPNUMBER_27_UUID_DROSO_03_MEL_19_M.jpg,0.4880174291939,3.6433125,76750,4.8355498046875,MEL,19,M,3,train
DROSO_03_SIM_19_M,0.928632020950317,00_data/02_resized/crops/crop_2026-01-13_15-52-35.top_right_CROPNUMBER_21_UUID_DROSO_03_SIM_19_M.jpg,0.524590163934426,3.3893125,63295,3.98783224609375,SIM,19,M,3,train
DROSO_03_LUT_19_M,0.928757548332214,00_data/02_resized/crops/crop_2026-01-14_09-21-13.top_right_CROPNUMBER_15_UUID_DROSO_03_LUT_19_M.jpg,0.484848484848485,3.667125,67346,4.2430610703125,LUT,19,M,3,train
DROSO_03_MEL_19_M,0.928951740264893,00_data/02_resized/crops/crop_2026-01-13_16-22-42.top_right_CROPNUMBER_26_UUID_DROSO_03_MEL_19_M.jpg,0.568527918781726,3.127375,71197,4.48568911328125,MEL,19,M,3,train
DROSO_03_SIM_19_M,0.928954005241394,00_data/02_resized/crops/crop_2026-01-13_15-52-35.top_right_CROPNUMBER_20_UUID_DROSO_03_SIM_19_M.jpg,0.372093023255814,4.778375,98511,6.20657780859375,SIM,19,M,3,train
DROSO_03_LUT_19_M,0.929023146629334,00_data/02_resized/crops/crop_2026-01-14_09-21-13.top_right_CROPNUMBER_14_UUID_DROSO_03_LUT_19_M.jpg,0.455284552845528,3.90525,77020,4.852560859375,LUT,19,M,3,train
DROSO_03_MEL_19_M,0.929055154323578,00_data/02_resized/crops/crop_2026-01-13_16-22-42.top_right_CROPNUMBER_25_UUID_DROSO_03_MEL_19_M.jpg,0.459016393442623,3.8735,77952,4.9112805,MEL,19,M,3,train
DROSO_03_VIR_19_F,0.929147660732269,00_data/02_resized/crops/crop_2026-01-14_10-20-10.top_left_CROPNUMBER_11_UUID_DROSO_03_VIR_19_F.jpg,0.361290322580645,4.92125,116472,7.33819096875,VIR,19,F,3,train
DROSO_03_VIR_19_M,0.929276704788208,00_data/02_resized/crops/crop_2026-01-14_10-20-10.top_right_CROPNUMBER_5_UUID_DROSO_03_VIR_19_M.jpg,0.367213114754098,4.841875,107931,6.80007460546875,VIR,19,M,3,train
DROSO_03_MEL_19_M,0.92933189868927,00_data/02_resized/crops/crop_2026-01-13_16-22-42.top_right_CROPNUMBER_24_UUID_DROSO_03_MEL_19_M.jpg,0.491228070175439,3.6195,75544,4.75956709375,MEL,19,M,3,train
DROSO_03_LUT_19_M,0.92971920967102,00_data/02_resized/crops/crop_2026-01-14_09-21-13.top_right_CROPNUMBER_13_UUID_DROSO_03_LUT_19_M.jpg,0.440944881889764,4.03225,85904,5.4122875625,LUT,19,M,3,train
DROSO_03_EQU_19_M,0.929977774620056,00_data/02_resized/crops/crop_2026-01-14_09-51-39.top_right_CROPNUMBER_10_UUID_DROSO_03_EQU_19_M.jpg,0.505643340857788,3.5163125,67615,4.26000912109375,EQU,19,M,3,train
DROSO_03_SIM_19_M,0.930383145809174,00_data/02_resized/crops/crop_2026-01-13_15-52-35.top_right_CROPNUMBER_19_UUID_DROSO_03_SIM_19_M.jpg,0.538461538461538,3.302,68964,4.345001390625,SIM,19,M,3,train
DROSO_03_LUT_19_M,0.930386960506439,00_data/02_resized/crops/crop_2026-01-14_09-21-13.top_right_CROPNUMBER_12_UUID_DROSO_03_LUT_19_M.jpg,0.442687747035573,4.016375,102626,6.4658388828125,LUT,19,M,3,train
DROSO_03_MEL_19_M,0.930740118026733,00_data/02_resized/crops/crop_2026-01-13_16-22-42.top_right_CROPNUMBER_23_UUID_DROSO_03_MEL_19_M.jpg,0.504504504504505,3.52425,75576,4.76158321875,MEL,19,M,3,train
DROSO_03_VIR_19_M,0.930997610092163,00_data/02_resized/crops/crop_2026-01-14_10-20-10.top_right_CROPNUMBER_4_UUID_DROSO_03_VIR_19_M.jpg,0.357827476038339,4.968875,111054,6.9968358046875,VIR,19,M,3,train
DROSO_03_MEL_19_F,0.931324362754822,00_data/02_resized/crops/crop_2026-01-13_16-22-42.top_left_CROPNUMBER_30_UUID_DROSO_03_MEL_19_F.jpg,0.4375,4.064,89153,5.61698725390625,MEL,19,F,3,train
DROSO_03_MEL_19_M,0.931626796722412,00_data/02_resized/crops/crop_2026-01-13_16-22-42.top_right_CROPNUMBER_22_UUID_DROSO_03_MEL_19_M.jpg,0.587926509186352,3.0241875,73688,4.64263184375,MEL,19,M,3,train
DROSO_03_LUT_19_F,0.931859254837036,00_data/02_resized/crops/crop_2026-01-14_09-21-13.top_left_CROPNUMBER_22_UUID_DROSO_03_LUT_19_F.jpg,0.440944881889764,4.03225,100193,6.31255037890625,LUT,19,F,3,train
DROSO_03_SIM_19_M,0.931924343109131,00_data/02_resized/crops/crop_2026-01-13_15-52-35.top_right_CROPNUMBER_18_UUID_DROSO_03_SIM_19_M.jpg,0.605405405405405,2.936875,64101,4.03861339453125,SIM,19,M,3,train
DROSO_03_MEL_19_M,0.931975483894348,00_data/02_resized/crops/crop_2026-01-13_16-22-42.top_right_CROPNUMBER_21_UUID_DROSO_03_MEL_19_M.jpg,0.420262664165103,4.2306875,83082,5.2344905390625,MEL,19,M,3,train
DROSO_03_LUT_19_F,0.932117998600006,00_data/02_resized/crops/crop_2026-01-14_09-21-13.top_left_CROPNUMBER_21_UUID_DROSO_03_LUT_19_F.jpg,0.471578947368421,3.7703125,81378,5.1271318828125,LUT,19,F,3,train
DROSO_03_SIM_19_F,0.932171046733856,00_data/02_resized/crops/crop_2026-01-13_15-52-35.top_left_CROPNUMBER_14_UUID_DROSO_03_SIM_19_F.jpg,0.470588235294118,3.77825,68142,4.2932121796875,SIM,19,F,3,train
DROSO_03_MEL_19_M,0.932214140892029,00_data/02_resized/crops/crop_2026-01-13_16-22-42.top_right_CROPNUMBER_20_UUID_DROSO_03_MEL_19_M.jpg,0.398576512455516,4.460875,104713,6.59732803515625,MEL,19,M,3,train
DROSO_03_SIM_19_M,0.932325422763824,00_data/02_resized/crops/crop_2026-01-13_15-52-35.top_right_CROPNUMBER_17_UUID_DROSO_03_SIM_19_M.jpg,0.542372881355932,3.2781875,70037,4.41260458203125,SIM,19,M,3,train
DROSO_03_MEL_19_F,0.932588636875153,00_data/02_resized/crops/crop_2026-01-13_16-22-42.top_left_CROPNUMBER_29_UUID_DROSO_03_MEL_19_F.jpg,0.4282982791587,4.1513125,91097,5.73946684765625,MEL,19,F,3,train
DROSO_03_LUT_19_M,0.932637929916382,00_data/02_resized/crops/crop_2026-01-14_09-21-13.top_right_CROPNUMBER_11_UUID_DROSO_03_LUT_19_M.jpg,0.469601677148847,3.7861875,63279,3.98682418359375,LUT,19,M,3,train
DROSO_03_MEL_19_F,0.932742416858673,00_data/02_resized/crops/crop_2026-01-13_16-22-42.top_left_CROPNUMBER_28_UUID_DROSO_03_MEL_19_F.jpg,0.476595744680851,3.730625,95119,5.99286855859375,MEL,19,F,3,train
DROSO_03_MEL_19_F,0.932801246643066,00_data/02_resized/crops/crop_2026-01-13_16-22-42.top_left_CROPNUMBER_27_UUID_DROSO_03_MEL_19_F.jpg,0.453441295546559,3.921125,92542,5.8305074921875,MEL,19,F,3,train
DROSO_03_MEL_19_F,0.932824790477753,00_data/02_resized/crops/crop_2026-01-13_16-22-42.top_left_CROPNUMBER_26_UUID_DROSO_03_MEL_19_F.jpg,0.451612903225806,3.937,99204,6.250239515625,MEL,19,F,3,train
DROSO_03_LUT_19_F,0.933029592037201,00_data/02_resized/crops/crop_2026-01-14_09-21-13.top_left_CROPNUMBER_20_UUID_DROSO_03_LUT_19_F.jpg,0.405063291139241,4.3894375,103425,6.51617900390625,LUT,19,F,3,train
DROSO_03_MEL_19_F,0.933044791221619,00_data/02_resized/crops/crop_2026-01-13_16-22-42.top_left_CROPNUMBER_25_UUID_DROSO_03_MEL_19_F.jpg,0.44181459566075,4.0243125,85053,5.35867123828125,MEL,19,F,3,train
DROSO_03_MEL_19_M,0.933117210865021,00_data/02_resized/crops/crop_2026-01-13_16-22-42.top_right_CROPNUMBER_19_UUID_DROSO_03_MEL_19_M.jpg,0.565656565656566,3.14325,73742,4.6460340546875,MEL,19,M,3,train
DROSO_03_SIM_19_M,0.933294713497162,00_data/02_resized/crops/crop_2026-01-13_15-52-35.top_right_CROPNUMBER_16_UUID_DROSO_03_SIM_19_M.jpg,0.545012165450122,3.2623125,62330,3.9270334765625,SIM,19,M,3,train
DROSO_03_SIM_19_M,0.933346569538117,00_data/02_resized/crops/crop_2026-01-13_15-52-35.top_right_CROPNUMBER_15_UUID_DROSO_03_SIM_19_M.jpg,0.514942528735632,3.4528125,67867,4.27588610546875,SIM,19,M,3,train
DROSO_03_EQU_19_M,0.933394432067871,00_data/02_resized/crops/crop_2026-01-14_09-51-39.top_right_CROPNUMBER_9_UUID_DROSO_03_EQU_19_M.jpg,0.529550827423168,3.3575625,65788,4.144900984375,EQU,19,M,3,train
DROSO_03_MEL_19_F,0.933513045310974,00_data/02_resized/crops/crop_2026-01-13_16-22-42.top_left_CROPNUMBER_24_UUID_DROSO_03_MEL_19_F.jpg,0.471578947368421,3.7703125,81125,5.11119189453125,MEL,19,F,3,train
DROSO_03_EQU_19_M,0.933621406555176,00_data/02_resized/crops/crop_2026-01-14_09-51-39.top_right_CROPNUMBER_8_UUID_DROSO_03_EQU_19_M.jpg,0.538461538461538,3.302,64518,4.0648860234375,EQU,19,M,3,train
DROSO_03_SIM_19_M,0.933626890182495,00_data/02_resized/crops/crop_2026-01-13_15-52-35.top_right_CROPNUMBER_14_UUID_DROSO_03_SIM_19_M.jpg,0.511415525114155,3.476625,88311,5.56393796484375,SIM,19,M,3,train
DROSO_03_MEL_19_M,0.933630168437958,00_data/02_resized/crops/crop_2026-01-13_16-22-42.top_right_CROPNUMBER_18_UUID_DROSO_03_MEL_19_M.jpg,0.513761467889908,3.46075,76175,4.79932255859375,MEL,19,M,3,train
DROSO_03_SIM_19_M,0.933688104152679,00_data/02_resized/crops/crop_2026-01-13_15-52-35.top_right_CROPNUMBER_13_UUID_DROSO_03_SIM_19_M.jpg,0.557213930348259,3.190875,65319,4.11535215234375,SIM,19,M,3,train
DROSO_03_VIR_19_F,0.933723449707031,00_data/02_resized/crops/crop_2026-01-14_10-20-10.top_left_CROPNUMBER_10_UUID_DROSO_03_VIR_19_F.jpg,0.356120826709062,4.9926875,111497,7.02474653515625,VIR,19,F,3,train
DROSO_03_MEL_19_M,0.933756947517395,00_data/02_resized/crops/crop_2026-01-13_16-22-42.top_right_CROPNUMBER_17_UUID_DROSO_03_MEL_19_M.jpg,0.495575221238938,3.58775,74143,4.67129862109375,MEL,19,M,3,train
DROSO_03_SIM_19_M,0.933790624141693,00_data/02_resized/crops/crop_2026-01-13_15-52-35.top_right_CROPNUMBER_12_UUID_DROSO_03_SIM_19_M.jpg,0.511415525114155,3.476625,68170,4.2949762890625,SIM,19,M,3,train
DROSO_03_SIM_19_M,0.933827698230743,00_data/02_resized/crops/crop_2026-01-13_15-52-35.top_right_CROPNUMBER_11_UUID_DROSO_03_SIM_19_M.jpg,0.41635687732342,4.270375,88469,5.57389258203125,SIM,19,M,3,train
DROSO_03_MEL_19_F,0.934069871902466,00_data/02_resized/crops/crop_2026-01-13_16-22-42.top_left_CROPNUMBER_23_UUID_DROSO_03_MEL_19_F.jpg,0.372093023255814,4.778375,106109,6.68528148828125,MEL,19,F,3,train
DROSO_03_SIM_19_F,0.934122622013092,00_data/02_resized/crops/crop_2026-01-13_15-52-35.top_left_CROPNUMBER_13_UUID_DROSO_03_SIM_19_F.jpg,0.463768115942029,3.8338125,87584,5.518134125,SIM,19,F,3,train
DROSO_03_MEL_19_F,0.934235692024231,00_data/02_resized/crops/crop_2026-01-13_16-22-42.top_left_CROPNUMBER_22_UUID_DROSO_03_MEL_19_F.jpg,0.436647173489279,4.0719375,91210,5.7465862890625,MEL,19,F,3,train
DROSO_03_MEL_19_F,0.934395432472229,00_data/02_resized/crops/crop_2026-01-13_16-22-42.top_left_CROPNUMBER_21_UUID_DROSO_03_MEL_19_F.jpg,0.429942418426104,4.1354375,106622,6.7176024921875,MEL,19,F,3,train
DROSO_03_MEL_19_F,0.934446454048157,00_data/02_resized/crops/crop_2026-01-13_16-22-42.top_left_CROPNUMBER_20_UUID_DROSO_03_MEL_19_F.jpg,0.454361054766734,3.9131875,85861,5.40957839453125,MEL,19,F,3,train
DROSO_03_VIR_19_F,0.934471309185028,00_data/02_resized/crops/crop_2026-01-14_10-20-10.top_left_CROPNUMBER_9_UUID_DROSO_03_VIR_19_F.jpg,0.400715563506261,4.4370625,89866,5.6619090390625,VIR,19,F,3,train
DROSO_03_VIR_19_F,0.934498071670532,00_data/02_resized/crops/crop_2026-01-14_10-20-10.top_left_CROPNUMBER_8_UUID_DROSO_03_VIR_19_F.jpg,0.367816091954023,4.8339375,113179,7.13071910546875,VIR,19,F,3,train
DROSO_03_SIM_19_M,0.934597194194794,00_data/02_resized/crops/crop_2026-01-13_15-52-35.top_right_CROPNUMBER_10_UUID_DROSO_03_SIM_19_M.jpg,0.572890025575448,3.1035625,65986,4.1573757578125,SIM,19,M,3,train
DROSO_03_VIR_19_F,0.934786140918732,00_data/02_resized/crops/crop_2026-01-14_10-20-10.top_left_CROPNUMBER_7_UUID_DROSO_03_VIR_19_F.jpg,0.351097178683386,5.064125,137681,8.67444081640625,VIR,19,F,3,train
DROSO_03_SIM_19_M,0.934796631336212,00_data/02_resized/crops/crop_2026-01-13_15-52-35.top_right_CROPNUMBER_9_UUID_DROSO_03_SIM_19_M.jpg,0.469601677148847,3.7861875,76950,4.8481505859375,SIM,19,M,3,train
DROSO_03_LUT_19_M,0.934812068939209,00_data/02_resized/crops/crop_2026-01-14_09-21-13.top_right_CROPNUMBER_10_UUID_DROSO_03_LUT_19_M.jpg,0.44181459566075,4.0243125,86534,5.4519800234375,LUT,19,M,3,train
DROSO_03_LUT_19_F,0.934913873672485,00_data/02_resized/crops/crop_2026-01-14_09-21-13.top_left_CROPNUMBER_19_UUID_DROSO_03_LUT_19_F.jpg,0.392982456140351,4.524375,120381,7.58447323828125,LUT,19,F,3,train
DROSO_03_LUT_19_F,0.935070812702179,00_data/02_resized/crops/crop_2026-01-14_09-21-13.top_left_CROPNUMBER_18_UUID_DROSO_03_LUT_19_F.jpg,0.48068669527897,3.698875,103096,6.49545071875,LUT,19,F,3,train
DROSO_03_MEL_19_M,0.935098528862,00_data/02_resized/crops/crop_2026-01-13_16-22-42.top_right_CROPNUMBER_16_UUID_DROSO_03_MEL_19_M.jpg,0.48695652173913,3.65125,76440,4.81601859375,MEL,19,M,3,train
DROSO_03_MEL_19_M,0.935213387012482,00_data/02_resized/crops/crop_2026-01-13_16-22-42.top_right_CROPNUMBER_15_UUID_DROSO_03_MEL_19_M.jpg,0.613698630136986,2.8971875,66554,4.1931619765625,MEL,19,M,3,train
DROSO_03_MEL_19_M,0.93523895740509,00_data/02_resized/crops/crop_2026-01-13_16-22-42.top_right_CROPNUMBER_14_UUID_DROSO_03_MEL_19_M.jpg,0.517321016166282,3.4369375,78723,4.95985651171875,MEL,19,M,3,train
DROSO_03_MEL_19_F,0.935323536396027,00_data/02_resized/crops/crop_2026-01-13_16-22-42.top_left_CROPNUMBER_19_UUID_DROSO_03_MEL_19_F.jpg,0.4796573875803,3.7068125,93193,5.87152303515625,MEL,19,F,3,train
DROSO_03_VIR_19_F,0.93536376953125,00_data/02_resized/crops/crop_2026-01-14_10-20-10.top_left_CROPNUMBER_6_UUID_DROSO_03_VIR_19_F.jpg,0.432432432432432,4.111625,105390,6.6399816796875,VIR,19,F,3,train
DROSO_03_LUT_19_M,0.935541450977325,00_data/02_resized/crops/crop_2026-01-14_09-21-13.top_right_CROPNUMBER_9_UUID_DROSO_03_LUT_19_M.jpg,0.391608391608392,4.54025,76935,4.84720552734375,LUT,19,M,3,train
DROSO_03_EQU_19_F,0.935649633407593,00_data/02_resized/crops/crop_2026-01-14_09-51-39.top_left_CROPNUMBER_5_UUID_DROSO_03_EQU_19_F.jpg,0.493392070484582,3.603625,88523,5.57729479296875,EQU,19,F,3,train
DROSO_03_SIM_19_F,0.935694396495819,00_data/02_resized/crops/crop_2026-01-13_15-52-35.top_left_CROPNUMBER_12_UUID_DROSO_03_SIM_19_F.jpg,0.502242152466368,3.540125,81367,5.12643883984375,SIM,19,F,3,train
DROSO_03_EQU_19_M,0.935717701911926,00_data/02_resized/crops/crop_2026-01-14_09-51-39.top_right_CROPNUMBER_7_UUID_DROSO_03_EQU_19_M.jpg,0.549019607843137,3.2385,66939,4.21741848046875,EQU,19,M,3,train
DROSO_03_LUT_19_M,0.935826539993286,00_data/02_resized/crops/crop_2026-01-14_09-21-13.top_right_CROPNUMBER_8_UUID_DROSO_03_LUT_19_M.jpg,0.463768115942029,3.8338125,81828,5.155483640625,LUT,19,M,3,train
DROSO_03_LUT_19_M,0.935867071151733,00_data/02_resized/crops/crop_2026-01-14_09-21-13.top_right_CROPNUMBER_7_UUID_DROSO_03_LUT_19_M.jpg,0.442687747035573,4.016375,96838,6.1011722734375,LUT,19,M,3,train
DROSO_03_SIM_19_F,0.936026871204376,00_data/02_resized/crops/crop_2026-01-13_15-52-35.top_left_CROPNUMBER_11_UUID_DROSO_03_SIM_19_F.jpg,0.495575221238938,3.58775,75138,4.7339875078125,SIM,19,F,3,train
DROSO_03_MEL_19_F,0.936073541641235,00_data/02_resized/crops/crop_2026-01-13_16-22-42.top_left_CROPNUMBER_18_UUID_DROSO_03_MEL_19_F.jpg,0.446215139442231,3.984625,86080,5.42337625,MEL,19,F,3,train
DROSO_03_LUT_19_M,0.936138212680817,00_data/02_resized/crops/crop_2026-01-14_09-21-13.top_right_CROPNUMBER_6_UUID_DROSO_03_LUT_19_M.jpg,0.467640918580376,3.8020625,92624,5.8356738125,LUT,19,M,3,train
DROSO_03_VIR_19_F,0.936149299144745,00_data/02_resized/crops/crop_2026-01-14_10-20-10.top_left_CROPNUMBER_5_UUID_DROSO_03_VIR_19_F.jpg,0.369028006589786,4.8180625,132795,8.36660373046875,VIR,19,F,3,train
DROSO_03_MEL_19_F,0.93632984161377,00_data/02_resized/crops/crop_2026-01-13_16-22-42.top_left_CROPNUMBER_17_UUID_DROSO_03_MEL_19_F.jpg,0.444444444444444,4.0005,111652,7.034512140625,MEL,19,F,3,train
DROSO_03_MEL_19_F,0.936427116394043,00_data/02_resized/crops/crop_2026-01-13_16-22-42.top_left_CROPNUMBER_16_UUID_DROSO_03_MEL_19_F.jpg,0.426666666666667,4.1671875,77777,4.90025481640625,MEL,19,F,3,train
DROSO_03_LUT_19_F,0.936534643173218,00_data/02_resized/crops/crop_2026-01-14_09-21-13.top_left_CROPNUMBER_17_UUID_DROSO_03_LUT_19_F.jpg,0.338880484114977,5.2466875,125920,7.933451875,LUT,19,F,3,train
DROSO_03_MEL_19_M,0.936538815498352,00_data/02_resized/crops/crop_2026-01-13_16-22-42.top_right_CROPNUMBER_13_UUID_DROSO_03_MEL_19_M.jpg,0.575835475578406,3.0876875,72467,4.56570407421875,MEL,19,M,3,train
DROSO_03_MEL_19_F,0.936586141586304,00_data/02_resized/crops/crop_2026-01-13_16-22-42.top_left_CROPNUMBER_15_UUID_DROSO_03_MEL_19_F.jpg,0.405063291139241,4.3894375,106507,6.71035704296875,MEL,19,F,3,train
DROSO_03_MEL_19_M,0.936611354351044,00_data/02_resized/crops/crop_2026-01-13_16-22-42.top_right_CROPNUMBER_12_UUID_DROSO_03_MEL_19_M.jpg,0.574358974358974,3.095625,70253,4.42621342578125,MEL,19,M,3,train
DROSO_03_VIR_19_F,0.936712384223938,00_data/02_resized/crops/crop_2026-01-14_10-20-10.top_left_CROPNUMBER_4_UUID_DROSO_03_VIR_19_F.jpg,0.402154398563734,4.4211875,117608,7.40976340625,VIR,19,F,3,train
DROSO_03_MEL_19_F,0.936854660511017,00_data/02_resized/crops/crop_2026-01-13_16-22-42.top_left_CROPNUMBER_14_UUID_DROSO_03_MEL_19_F.jpg,0.451612903225806,3.937,85798,5.4056091484375,MEL,19,F,3,train
DROSO_03_MEL_19_F,0.936936616897583,00_data/02_resized/crops/crop_2026-01-13_16-22-42.top_left_CROPNUMBER_13_UUID_DROSO_03_MEL_19_F.jpg,0.467640918580376,3.8020625,94490,5.9532391015625,MEL,19,F,3,train
DROSO_03_MEL_19_M,0.937020838260651,00_data/02_resized/crops/crop_2026-01-13_16-22-42.top_right_CROPNUMBER_11_UUID_DROSO_03_MEL_19_M.jpg,0.527058823529412,3.3734375,72137,4.54491278515625,MEL,19,M,3,train
DROSO_03_MEL_19_F,0.937123000621796,00_data/02_resized/crops/crop_2026-01-13_16-22-42.top_left_CROPNUMBER_12_UUID_DROSO_03_MEL_19_F.jpg,0.459016393442623,3.8735,101346,6.3851938828125,MEL,19,F,3,train
DROSO_03_SIM_19_M,0.937479019165039,00_data/02_resized/crops/crop_2026-01-13_15-52-35.top_right_CROPNUMBER_8_UUID_DROSO_03_SIM_19_M.jpg,0.55860349127182,3.1829375,70539,4.44423254296875,SIM,19,M,3,train
DROSO_03_MEL_19_F,0.937496066093445,00_data/02_resized/crops/crop_2026-01-13_16-22-42.top_left_CROPNUMBER_11_UUID_DROSO_03_MEL_19_F.jpg,0.440944881889764,4.03225,94653,5.96350873828125,MEL,19,F,3,train
DROSO_03_LUT_19_F,0.937514960765839,00_data/02_resized/crops/crop_2026-01-14_09-21-13.top_left_CROPNUMBER_16_UUID_DROSO_03_LUT_19_F.jpg,0.389565217391304,4.5640625,135189,8.51743508203125,LUT,19,F,3,train
DROSO_03_LUT_19_M,0.937516391277313,00_data/02_resized/crops/crop_2026-01-14_09-21-13.top_right_CROPNUMBER_5_UUID_DROSO_03_LUT_19_M.jpg,0.448897795591182,3.9608125,73333,4.62026545703125,LUT,19,M,3,train
DROSO_03_LUT_19_F,0.937539339065552,00_data/02_resized/crops/crop_2026-01-14_09-21-13.top_left_CROPNUMBER_15_UUID_DROSO_03_LUT_19_F.jpg,0.375838926174497,4.73075,116398,7.3335286796875,LUT,19,F,3,train
DROSO_03_MEL_19_F,0.937557399272919,00_data/02_resized/crops/crop_2026-01-13_16-22-42.top_left_CROPNUMBER_10_UUID_DROSO_03_MEL_19_F.jpg,0.48695652173913,3.65125,89308,5.626752859375,MEL,19,F,3,train
DROSO_03_MEL_19_F,0.937874138355255,00_data/02_resized/crops/crop_2026-01-13_16-22-42.top_left_CROPNUMBER_9_UUID_DROSO_03_MEL_19_F.jpg,0.448,3.96875,90541,5.70443667578125,MEL,19,F,3,train
DROSO_03_VIR_19_F,0.937892079353332,00_data/02_resized/crops/crop_2026-01-14_10-20-10.top_left_CROPNUMBER_3_UUID_DROSO_03_VIR_19_F.jpg,0.372712146422629,4.7704375,106269,6.69536211328125,VIR,19,F,3,train
DROSO_03_EQU_19_M,0.938108682632446,00_data/02_resized/crops/crop_2026-01-14_09-51-39.top_right_CROPNUMBER_6_UUID_DROSO_03_EQU_19_M.jpg,0.517321016166282,3.4369375,72618,4.5752176640625,EQU,19,M,3,train
DROSO_03_MEL_19_F,0.938162088394165,00_data/02_resized/crops/crop_2026-01-13_16-22-42.top_left_CROPNUMBER_8_UUID_DROSO_03_MEL_19_F.jpg,0.449799196787149,3.952875,92865,5.85085775390625,MEL,19,F,3,train
DROSO_03_SIM_19_M,0.938270747661591,00_data/02_resized/crops/crop_2026-01-13_15-52-35.top_right_CROPNUMBER_7_UUID_DROSO_03_SIM_19_M.jpg,0.511415525114155,3.476625,83862,5.2836335859375,SIM,19,M,3,train
DROSO_03_MEL_19_F,0.938382267951965,00_data/02_resized/crops/crop_2026-01-13_16-22-42.top_left_CROPNUMBER_7_UUID_DROSO_03_MEL_19_F.jpg,0.43921568627451,4.048125,92191,5.80839312109375,MEL,19,F,3,train
DROSO_03_MEL_19_M,0.938393592834473,00_data/02_resized/crops/crop_2026-01-13_16-22-42.top_right_CROPNUMBER_10_UUID_DROSO_03_MEL_19_M.jpg,0.538461538461538,3.302,75051,4.72850616796875,MEL,19,M,3,train
DROSO_03_LUT_19_F,0.93842476606369,00_data/02_resized/crops/crop_2026-01-14_09-21-13.top_left_CROPNUMBER_14_UUID_DROSO_03_LUT_19_F.jpg,0.451612903225806,3.937,103872,6.54434175,LUT,19,F,3,train
DROSO_03_EQU_19_M,0.938608825206757,00_data/02_resized/crops/crop_2026-01-14_09-51-39.top_right_CROPNUMBER_5_UUID_DROSO_03_EQU_19_M.jpg,0.504504504504505,3.52425,64938,4.0913476640625,EQU,19,M,3,train
DROSO_03_EQU_19_F,0.938702285289764,00_data/02_resized/crops/crop_2026-01-14_09-51-39.top_left_CROPNUMBER_4_UUID_DROSO_03_EQU_19_F.jpg,0.52093023255814,3.413125,77832,4.90372003125,EQU,19,F,3,train
DROSO_03_LUT_19_F,0.938819766044617,00_data/02_resized/crops/crop_2026-01-14_09-21-13.top_left_CROPNUMBER_13_UUID_DROSO_03_LUT_19_F.jpg,0.393673110720562,4.5164375,108301,6.82338605078125,LUT,19,F,3,train
DROSO_03_SIM_19_M,0.938824772834778,00_data/02_resized/crops/crop_2026-01-13_15-52-35.top_right_CROPNUMBER_6_UUID_DROSO_03_SIM_19_M.jpg,0.537170263788969,3.3099375,63104,3.9757985,SIM,19,M,3,train
DROSO_03_LUT_19_F,0.938922226428986,00_data/02_resized/crops/crop_2026-01-14_09-21-13.top_left_CROPNUMBER_12_UUID_DROSO_03_LUT_19_F.jpg,0.405797101449275,4.3815,113061,7.12328464453125,LUT,19,F,3,train
DROSO_03_SIM_19_F,0.939010262489319,00_data/02_resized/crops/crop_2026-01-13_15-52-35.top_left_CROPNUMBER_10_UUID_DROSO_03_SIM_19_F.jpg,0.494481236203091,3.5956875,80398,5.0653880546875,SIM,19,F,3,train
DROSO_03_EQU_19_F,0.939232409000397,00_data/02_resized/crops/crop_2026-01-14_09-51-39.top_left_CROPNUMBER_3_UUID_DROSO_03_EQU_19_F.jpg,0.638176638176638,2.7860625,64376,4.05593946875,EQU,19,F,3,train
DROSO_03_LUT_19_M,0.939411222934723,00_data/02_resized/crops/crop_2026-01-14_09-21-13.top_right_CROPNUMBER_4_UUID_DROSO_03_LUT_19_M.jpg,0.395759717314488,4.492625,102560,6.461680625,LUT,19,M,3,train
DROSO_03_LUT_19_F,0.939638733863831,00_data/02_resized/crops/crop_2026-01-14_09-21-13.top_left_CROPNUMBER_11_UUID_DROSO_03_LUT_19_F.jpg,0.446215139442231,3.984625,113453,7.14798217578125,LUT,19,F,3,train
DROSO_03_LUT_19_M,0.9398313164711,00_data/02_resized/crops/crop_2026-01-14_09-21-13.top_right_CROPNUMBER_3_UUID_DROSO_03_LUT_19_M.jpg,0.431599229287091,4.1195625,93662,5.9010718671875,LUT,19,M,3,train
DROSO_03_EQU_19_M,0.939857184886932,00_data/02_resized/crops/crop_2026-01-14_09-51-39.top_right_CROPNUMBER_4_UUID_DROSO_03_EQU_19_M.jpg,0.571428571428571,3.1115,67847,4.27462602734375,EQU,19,M,3,train
DROSO_03_LUT_19_M,0.939868986606598,00_data/02_resized/crops/crop_2026-01-14_09-21-13.top_right_CROPNUMBER_2_UUID_DROSO_03_LUT_19_M.jpg,0.455284552845528,3.90525,92954,5.8564651015625,LUT,19,M,3,train
DROSO_03_MEL_19_F,0.939955353736877,00_data/02_resized/crops/crop_2026-01-13_16-22-42.top_left_CROPNUMBER_6_UUID_DROSO_03_MEL_19_F.jpg,0.529550827423168,3.3575625,86264,5.43496896875,MEL,19,F,3,train
DROSO_03_MEL_19_F,0.940047204494476,00_data/02_resized/crops/crop_2026-01-13_16-22-42.top_left_CROPNUMBER_5_UUID_DROSO_03_MEL_19_F.jpg,0.461855670103093,3.8496875,93732,5.905482140625,MEL,19,F,3,train
DROSO_03_MEL_19_F,0.940052807331085,00_data/02_resized/crops/crop_2026-01-13_16-22-42.top_left_CROPNUMBER_4_UUID_DROSO_03_MEL_19_F.jpg,0.450704225352113,3.9449375,81844,5.156491703125,MEL,19,F,3,train
DROSO_03_VIR_19_F,0.940058887004852,00_data/02_resized/crops/crop_2026-01-14_10-20-10.top_left_CROPNUMBER_2_UUID_DROSO_03_VIR_19_F.jpg,0.349453978159126,5.0879375,162662,10.2483413984375,VIR,19,F,3,train
DROSO_03_EQU_19_F,0.940155208110809,00_data/02_resized/crops/crop_2026-01-14_09-51-39.top_left_CROPNUMBER_2_UUID_DROSO_03_EQU_19_F.jpg,0.525821596244132,3.381375,76494,4.8194208046875,EQU,19,F,3,train
DROSO_03_VIR_19_M,0.940186560153961,00_data/02_resized/crops/crop_2026-01-14_10-20-10.top_right_CROPNUMBER_3_UUID_DROSO_03_VIR_19_M.jpg,0.388888888888889,4.572,117013,7.37227608203125,VIR,19,M,3,train
DROSO_03_LUT_19_M,0.940290689468384,00_data/02_resized/crops/crop_2026-01-14_09-21-13.top_right_CROPNUMBER_1_UUID_DROSO_03_LUT_19_M.jpg,0.42911877394636,4.143375,86781,5.46754198828125,LUT,19,M,3,train
DROSO_03_LUT_19_F,0.940422356128693,00_data/02_resized/crops/crop_2026-01-14_09-21-13.top_left_CROPNUMBER_10_UUID_DROSO_03_LUT_19_F.jpg,0.397163120567376,4.47675,115662,7.2871578046875,LUT,19,F,3,train
DROSO_03_EQU_19_M,0.940466642379761,00_data/02_resized/crops/crop_2026-01-14_09-51-39.top_right_CROPNUMBER_3_UUID_DROSO_03_EQU_19_M.jpg,0.525821596244132,3.381375,62817,3.95771637890625,EQU,19,M,3,train
DROSO_03_MEL_19_M,0.940531611442566,00_data/02_resized/crops/crop_2026-01-13_16-22-42.top_right_CROPNUMBER_9_UUID_DROSO_03_MEL_19_M.jpg,0.56,3.175,75414,4.7513765859375,MEL,19,M,3,train
DROSO_03_SIM_19_M,0.940577507019043,00_data/02_resized/crops/crop_2026-01-13_15-52-35.top_right_CROPNUMBER_5_UUID_DROSO_03_SIM_19_M.jpg,0.503370786516854,3.5321875,75255,4.74135896484375,SIM,19,M,3,train
DROSO_03_SIM_19_F,0.940657556056976,00_data/02_resized/crops/crop_2026-01-13_15-52-35.top_left_CROPNUMBER_9_UUID_DROSO_03_SIM_19_F.jpg,0.533333333333333,3.33375,78178,4.9255193828125,SIM,19,F,3,train
DROSO_03_MEL_19_M,0.940816521644592,00_data/02_resized/crops/crop_2026-01-13_16-22-42.top_right_CROPNUMBER_8_UUID_DROSO_03_MEL_19_M.jpg,0.4880174291939,3.6433125,70944,4.469749125,MEL,19,M,3,train
DROSO_03_LUT_19_F,0.940834641456604,00_data/02_resized/crops/crop_2026-01-14_09-21-13.top_left_CROPNUMBER_9_UUID_DROSO_03_LUT_19_F.jpg,0.378378378378378,4.699,114850,7.2359986328125,LUT,19,F,3,train
DROSO_03_LUT_19_F,0.940875589847565,00_data/02_resized/crops/crop_2026-01-14_09-21-13.top_left_CROPNUMBER_8_UUID_DROSO_03_LUT_19_F.jpg,0.412523020257827,4.3100625,111674,7.0358982265625,LUT,19,F,3,train
DROSO_03_SIM_19_F,0.940995812416077,00_data/02_resized/crops/crop_2026-01-13_15-52-35.top_left_CROPNUMBER_8_UUID_DROSO_03_SIM_19_F.jpg,0.481720430107527,3.6909375,78515,4.94675169921875,SIM,19,F,3,train
DROSO_03_MEL_19_M,0.941218793392181,00_data/02_resized/crops/crop_2026-01-13_16-22-42.top_right_CROPNUMBER_7_UUID_DROSO_03_MEL_19_M.jpg,0.497777777777778,3.571875,83598,5.2670005546875,MEL,19,M,3,train
DROSO_03_SIM_19_F,0.94170731306076,00_data/02_resized/crops/crop_2026-01-13_15-52-35.top_left_CROPNUMBER_7_UUID_DROSO_03_SIM_19_F.jpg,0.5,3.556,72074,4.5409435390625,SIM,19,F,3,train
DROSO_03_EQU_19_M,0.941913187503815,00_data/02_resized/crops/crop_2026-01-14_09-51-39.top_right_CROPNUMBER_2_UUID_DROSO_03_EQU_19_M.jpg,0.503370786516854,3.5321875,63210,3.9824769140625,EQU,19,M,3,train
DROSO_03_LUT_19_F,0.941921293735504,00_data/02_resized/crops/crop_2026-01-14_09-21-13.top_left_CROPNUMBER_7_UUID_DROSO_03_LUT_19_F.jpg,0.4282982791587,4.1513125,114403,7.20783588671875,LUT,19,F,3,train
DROSO_03_EQU_19_M,0.942014098167419,00_data/02_resized/crops/crop_2026-01-14_09-51-39.top_right_CROPNUMBER_1_UUID_DROSO_03_EQU_19_M.jpg,0.598930481283422,2.968625,62134,3.9146847109375,EQU,19,M,3,train
DROSO_03_VIR_19_M,0.942232012748718,00_data/02_resized/crops/crop_2026-01-14_10-20-10.top_right_CROPNUMBER_2_UUID_DROSO_03_VIR_19_M.jpg,0.372093023255814,4.778375,129444,8.155477640625,VIR,19,M,3,train
DROSO_03_SIM_19_M,0.942283451557159,00_data/02_resized/crops/crop_2026-01-13_15-52-35.top_right_CROPNUMBER_4_UUID_DROSO_03_SIM_19_M.jpg,0.530805687203792,3.349625,69745,4.39420744140625,SIM,19,M,3,train
DROSO_03_MEL_19_M,0.94233512878418,00_data/02_resized/crops/crop_2026-01-13_16-22-42.top_right_CROPNUMBER_6_UUID_DROSO_03_MEL_19_M.jpg,0.507936507936508,3.5004375,74073,4.66688834765625,MEL,19,M,3,train
DROSO_03_EQU_19_F,0.942427754402161,00_data/02_resized/crops/crop_2026-01-14_09-51-39.top_left_CROPNUMBER_1_UUID_DROSO_03_EQU_19_F.jpg,0.584856396866841,3.0400625,60340,3.801655703125,EQU,19,F,3,train
DROSO_03_MEL_19_F,0.942517220973968,00_data/02_resized/crops/crop_2026-01-13_16-22-42.top_left_CROPNUMBER_3_UUID_DROSO_03_MEL_19_F.jpg,0.4880174291939,3.6433125,90861,5.72459792578125,MEL,19,F,3,train
DROSO_03_VIR_19_F,0.942600905895233,00_data/02_resized/crops/crop_2026-01-14_10-20-10.top_left_CROPNUMBER_1_UUID_DROSO_03_VIR_19_F.jpg,0.384879725085911,4.619625,117834,7.4240022890625,VIR,19,F,3,train
DROSO_03_VIR_19_M,0.942621350288391,00_data/02_resized/crops/crop_2026-01-14_10-20-10.top_right_CROPNUMBER_1_UUID_DROSO_03_VIR_19_M.jpg,0.384219554030875,4.6275625,94594,5.9597915078125,VIR,19,M,3,train
DROSO_03_MEL_19_M,0.942631006240845,00_data/02_resized/crops/crop_2026-01-13_16-22-42.top_right_CROPNUMBER_5_UUID_DROSO_03_MEL_19_M.jpg,0.406533575317604,4.3735625,92793,5.84632147265625,MEL,19,M,3,train
DROSO_03_VIR_19_M,0.942783236503601,00_data/02_resized/crops/crop_2026-01-14_10-20-10.top_right_CROPNUMBER_0_UUID_DROSO_03_VIR_19_M.jpg,0.370860927152318,4.79425,104645,6.59304376953125,VIR,19,M,3,train
DROSO_03_LUT_19_M,0.942986488342285,00_data/02_resized/crops/crop_2026-01-14_09-21-13.top_right_CROPNUMBER_0_UUID_DROSO_03_LUT_19_M.jpg,0.386873920552677,4.5958125,109545,6.90176291015625,LUT,19,M,3,train
DROSO_03_EQU_19_M,0.943550884723663,00_data/02_resized/crops/crop_2026-01-14_09-51-39.top_right_CROPNUMBER_0_UUID_DROSO_03_EQU_19_M.jpg,0.513761467889908,3.46075,60637,3.82036786328125,EQU,19,M,3,train
DROSO_03_MEL_19_F,0.944076657295227,00_data/02_resized/crops/crop_2026-01-13_16-22-42.top_left_CROPNUMBER_2_UUID_DROSO_03_MEL_19_F.jpg,0.361873990306947,4.9133125,115311,7.26504343359375,MEL,19,F,3,train
DROSO_03_LUT_19_F,0.944187164306641,00_data/02_resized/crops/crop_2026-01-14_09-21-13.top_left_CROPNUMBER_6_UUID_DROSO_03_LUT_19_F.jpg,0.413284132841328,4.302125,97693,6.15504061328125,LUT,19,F,3,train
DROSO_03_MEL_19_F,0.944244861602783,00_data/02_resized/crops/crop_2026-01-13_16-22-42.top_left_CROPNUMBER_1_UUID_DROSO_03_MEL_19_F.jpg,0.48068669527897,3.698875,86614,5.4570203359375,MEL,19,F,3,train
DROSO_03_LUT_19_F,0.944254636764526,00_data/02_resized/crops/crop_2026-01-14_09-21-13.top_left_CROPNUMBER_5_UUID_DROSO_03_LUT_19_F.jpg,0.361290322580645,4.92125,123602,7.7874088203125,LUT,19,F,3,train
DROSO_03_LUT_19_F,0.944284796714783,00_data/02_resized/crops/crop_2026-01-14_09-21-13.top_left_CROPNUMBER_4_UUID_DROSO_03_LUT_19_F.jpg,0.402154398563734,4.4211875,119555,7.53243201171875,LUT,19,F,3,train
DROSO_03_SIM_19_F,0.944335103034973,00_data/02_resized/crops/crop_2026-01-13_15-52-35.top_left_CROPNUMBER_6_UUID_DROSO_03_SIM_19_F.jpg,0.501118568232662,3.5480625,77389,4.87580930078125,SIM,19,F,3,train
DROSO_03_VIR_19_F,0.944339156150818,00_data/02_resized/crops/crop_2026-01-14_10-20-10.top_left_CROPNUMBER_0_UUID_DROSO_03_VIR_19_F.jpg,0.361873990306947,4.9133125,133483,8.40995041796875,VIR,19,F,3,train
DROSO_03_SIM_19_F,0.94436377286911,00_data/02_resized/crops/crop_2026-01-13_15-52-35.top_left_CROPNUMBER_5_UUID_DROSO_03_SIM_19_F.jpg,0.534606205250597,3.3258125,75200,4.73789375,SIM,19,F,3,train
DROSO_03_MEL_19_F,0.945163667201996,00_data/02_resized/crops/crop_2026-01-13_16-22-42.top_left_CROPNUMBER_0_UUID_DROSO_03_MEL_19_F.jpg,0.473572938689218,3.7544375,81893,5.15957889453125,MEL,19,F,3,train
DROSO_03_LUT_19_F,0.945428967475891,00_data/02_resized/crops/crop_2026-01-14_09-21-13.top_left_CROPNUMBER_3_UUID_DROSO_03_LUT_19_F.jpg,0.449799196787149,3.952875,112921,7.11446409765625,LUT,19,F,3,train
DROSO_03_LUT_19_F,0.945464253425598,00_data/02_resized/crops/crop_2026-01-14_09-21-13.top_left_CROPNUMBER_2_UUID_DROSO_03_LUT_19_F.jpg,0.431599229287091,4.1195625,93928,5.91783090625,LUT,19,F,3,train
DROSO_03_SIM_19_M,0.945491433143616,00_data/02_resized/crops/crop_2026-01-13_15-52-35.top_right_CROPNUMBER_3_UUID_DROSO_03_SIM_19_M.jpg,0.539759036144578,3.2940625,76075,4.79302216796875,SIM,19,M,3,train
DROSO_03_LUT_19_F,0.945543885231018,00_data/02_resized/crops/crop_2026-01-14_09-21-13.top_left_CROPNUMBER_1_UUID_DROSO_03_LUT_19_F.jpg,0.359550561797753,4.9450625,119530,7.5308569140625,LUT,19,F,3,train
DROSO_03_SIM_19_F,0.945606350898743,00_data/02_resized/crops/crop_2026-01-13_15-52-35.top_left_CROPNUMBER_4_UUID_DROSO_03_SIM_19_F.jpg,0.477611940298507,3.7226875,85286,5.3733511484375,SIM,19,F,3,train
DROSO_03_MEL_19_M,0.94570791721344,00_data/02_resized/crops/crop_2026-01-13_16-22-42.top_right_CROPNUMBER_4_UUID_DROSO_03_MEL_19_M.jpg,0.518518518518519,3.429,75384,4.74948646875,MEL,19,M,3,train
DROSO_03_SIM_19_M,0.945840656757355,00_data/02_resized/crops/crop_2026-01-13_15-52-35.top_right_CROPNUMBER_2_UUID_DROSO_03_SIM_19_M.jpg,0.589473684210526,3.01625,69381,4.37127401953125,SIM,19,M,3,train
DROSO_03_SIM_19_M,0.946006238460541,00_data/02_resized/crops/crop_2026-01-13_15-52-35.top_right_CROPNUMBER_1_UUID_DROSO_03_SIM_19_M.jpg,0.507936507936508,3.5004375,70301,4.42923761328125,SIM,19,M,3,train
DROSO_03_SIM_19_F,0.946402370929718,00_data/02_resized/crops/crop_2026-01-13_15-52-35.top_left_CROPNUMBER_3_UUID_DROSO_03_SIM_19_F.jpg,0.507936507936508,3.5004375,86530,5.4517280078125,SIM,19,F,3,train
DROSO_03_SIM_19_M,0.948095858097076,00_data/02_resized/crops/crop_2026-01-13_15-52-35.top_right_CROPNUMBER_0_UUID_DROSO_03_SIM_19_M.jpg,0.464730290456432,3.825875,97327,6.13198118359375,SIM,19,M,3,train
DROSO_03_MEL_19_M,0.949323534965515,00_data/02_resized/crops/crop_2026-01-13_16-22-42.top_right_CROPNUMBER_3_UUID_DROSO_03_MEL_19_M.jpg,0.484848484848485,3.667125,76346,4.8100962265625,MEL,19,M,3,train
DROSO_03_LUT_19_F,0.950014591217041,00_data/02_resized/crops/crop_2026-01-14_09-21-13.top_left_CROPNUMBER_0_UUID_DROSO_03_LUT_19_F.jpg,0.421052631578947,4.22275,117795,7.42154513671875,LUT,19,F,3,train
DROSO_03_MEL_19_M,0.950148582458496,00_data/02_resized/crops/crop_2026-01-13_16-22-42.top_right_CROPNUMBER_2_UUID_DROSO_03_MEL_19_M.jpg,0.489082969432314,3.635375,76878,4.8436143046875,MEL,19,M,3,train
DROSO_03_SIM_19_F,0.950528919696808,00_data/02_resized/crops/crop_2026-01-13_15-52-35.top_left_CROPNUMBER_2_UUID_DROSO_03_SIM_19_F.jpg,0.471578947368421,3.7703125,79756,5.024939546875,SIM,19,F,3,train
DROSO_03_SIM_19_F,0.951400756835938,00_data/02_resized/crops/crop_2026-01-13_15-52-35.top_left_CROPNUMBER_1_UUID_DROSO_03_SIM_19_F.jpg,0.475583864118896,3.7385625,84339,5.31368644921875,SIM,19,F,3,train
DROSO_03_MEL_19_M,0.952128887176514,00_data/02_resized/crops/crop_2026-01-13_16-22-42.top_right_CROPNUMBER_1_UUID_DROSO_03_MEL_19_M.jpg,0.493392070484582,3.603625,74748,4.709415984375,MEL,19,M,3,train
DROSO_03_MEL_19_M,0.953359246253967,00_data/02_resized/crops/crop_2026-01-13_16-22-42.top_right_CROPNUMBER_0_UUID_DROSO_03_MEL_19_M.jpg,0.498886414253898,3.5639375,84803,5.34292026171875,MEL,19,M,3,train
DROSO_03_EQU_19_F,0.95369017124176,00_data/02_resized/crops/crop_2026-01-14_09-51-39.top_left_CROPNUMBER_0_UUID_DROSO_03_EQU_19_F.jpg,0.484848484848485,3.667125,74168,4.67287371875,EQU,19,F,3,train
DROSO_03_SIM_19_F,0.955957472324371,00_data/02_resized/crops/crop_2026-01-13_15-52-35.top_left_CROPNUMBER_0_UUID_DROSO_03_SIM_19_F.jpg,0.525821596244132,3.381375,83054,5.2327264296875,SIM,19,F,3,train
DROSO_04_LUT_19_F,0.909620523452759,00_data/02_resized/crops/crop_2026-01-14_09-27-06.top_left_CROPNUMBER_24_UUID_DROSO_04_LUT_19_F.jpg,0.424242424242424,4.191,100818,6.3519278203125,LUT,19,F,4,val
DROSO_04_LUT_19_M,0.912197291851044,00_data/02_resized/crops/crop_2026-01-14_09-27-06.top_right_CROPNUMBER_26_UUID_DROSO_04_LUT_19_M.jpg,0.537170263788969,3.3099375,56895,3.58460724609375,LUT,19,M,4,val
DROSO_04_MEL_19_M,0.915842294692993,00_data/02_resized/crops/crop_2026-01-13_16-28-21.top_right_CROPNUMBER_33_UUID_DROSO_04_MEL_19_M.jpg,0.545012165450122,3.2623125,55650,3.5061673828125,MEL,19,M,4,val
DROSO_04_SIM_19_M,0.916113555431366,00_data/02_resized/crops/crop_2026-01-13_15-58-15.top_right_CROPNUMBER_20_UUID_DROSO_04_SIM_19_M.jpg,0.454361054766734,3.9131875,74136,4.67085759375,SIM,19,M,4,val
DROSO_04_MEL_19_M,0.916581690311432,00_data/02_resized/crops/crop_2026-01-13_16-28-21.top_right_CROPNUMBER_32_UUID_DROSO_04_MEL_19_M.jpg,0.459016393442623,3.8735,105548,6.649936296875,MEL,19,M,4,val
DROSO_04_MEL_19_F,0.917736887931824,00_data/02_resized/crops/crop_2026-01-13_16-28-21.top_left_CROPNUMBER_28_UUID_DROSO_04_MEL_19_F.jpg,0.436647173489279,4.0719375,86354,5.4406393203125,MEL,19,F,4,val
DROSO_04_LUT_19_M,0.918176889419556,00_data/02_resized/crops/crop_2026-01-14_09-27-06.top_right_CROPNUMBER_25_UUID_DROSO_04_LUT_19_M.jpg,0.402154398563734,4.4211875,81142,5.1122629609375,LUT,19,M,4,val
DROSO_04_MEL_19_F,0.918245494365692,00_data/02_resized/crops/crop_2026-01-13_16-28-21.top_left_CROPNUMBER_27_UUID_DROSO_04_MEL_19_F.jpg,0.41635687732342,4.270375,91607,5.77159883984375,MEL,19,F,4,val
DROSO_04_EQU_19_F,0.919069290161133,00_data/02_resized/crops/crop_2026-01-14_09-57-32.top_left_CROPNUMBER_11_UUID_DROSO_04_EQU_19_F.jpg,0.476595744680851,3.730625,79333,4.99828889453125,EQU,19,F,4,val
DROSO_04_LUT_19_M,0.91968846321106,00_data/02_resized/crops/crop_2026-01-14_09-27-06.top_right_CROPNUMBER_24_UUID_DROSO_04_LUT_19_M.jpg,0.530805687203792,3.349625,58201,3.66689034765625,LUT,19,M,4,val
DROSO_04_LUT_19_F,0.920115649700165,00_data/02_resized/crops/crop_2026-01-14_09-27-06.top_left_CROPNUMBER_23_UUID_DROSO_04_LUT_19_F.jpg,0.473572938689218,3.7544375,76428,4.815262546875,LUT,19,F,4,val
DROSO_04_SIM_19_F,0.920954883098602,00_data/02_resized/crops/crop_2026-01-13_15-58-15.top_left_CROPNUMBER_26_UUID_DROSO_04_SIM_19_F.jpg,0.494481236203091,3.5956875,68560,4.3195478125,SIM,19,F,4,val
DROSO_04_LUT_19_M,0.921184360980988,00_data/02_resized/crops/crop_2026-01-14_09-27-06.top_right_CROPNUMBER_23_UUID_DROSO_04_LUT_19_M.jpg,0.503370786516854,3.5321875,70641,4.45065894140625,LUT,19,M,4,val
DROSO_04_LUT_19_M,0.922656774520874,00_data/02_resized/crops/crop_2026-01-14_09-27-06.top_right_CROPNUMBER_22_UUID_DROSO_04_LUT_19_M.jpg,0.455284552845528,3.90525,79111,4.98430202734375,LUT,19,M,4,val
DROSO_04_SIM_19_F,0.922715723514557,00_data/02_resized/crops/crop_2026-01-13_15-58-15.top_left_CROPNUMBER_25_UUID_DROSO_04_SIM_19_F.jpg,0.562814070351759,3.159125,71825,4.52525556640625,SIM,19,F,4,val
DROSO_04_VIR_19_M,0.922831118106842,00_data/02_resized/crops/crop_2026-01-14_10-25-55.top_right_CROPNUMBER_6_UUID_DROSO_04_VIR_19_M.jpg,0.405063291139241,4.3894375,93804,5.910018421875,VIR,19,M,4,val
DROSO_04_VIR_19_M,0.923061549663544,00_data/02_resized/crops/crop_2026-01-14_10-25-55.top_right_CROPNUMBER_5_UUID_DROSO_04_VIR_19_M.jpg,0.368421052631579,4.826,113565,7.15503861328125,VIR,19,M,4,val
DROSO_04_VIR_19_F,0.92323648929596,00_data/02_resized/crops/crop_2026-01-14_10-25-55.top_left_CROPNUMBER_11_UUID_DROSO_04_VIR_19_F.jpg,0.389565217391304,4.5640625,83144,5.23839678125,VIR,19,F,4,val
DROSO_04_SIM_19_F,0.923808991909027,00_data/02_resized/crops/crop_2026-01-13_15-58-15.top_left_CROPNUMBER_24_UUID_DROSO_04_SIM_19_F.jpg,0.467640918580376,3.8020625,79773,5.02601061328125,SIM,19,F,4,val
DROSO_04_SIM_19_F,0.92469710111618,00_data/02_resized/crops/crop_2026-01-13_15-58-15.top_left_CROPNUMBER_23_UUID_DROSO_04_SIM_19_F.jpg,0.568527918781726,3.127375,71539,4.50723644921875,SIM,19,F,4,val
DROSO_04_MEL_19_M,0.925313413143158,00_data/02_resized/crops/crop_2026-01-13_16-28-21.top_right_CROPNUMBER_31_UUID_DROSO_04_MEL_19_M.jpg,0.425047438330171,4.1830625,91593,5.77071678515625,MEL,19,M,4,val
DROSO_04_MEL_19_M,0.925427913665772,00_data/02_resized/crops/crop_2026-01-13_16-28-21.top_right_CROPNUMBER_30_UUID_DROSO_04_MEL_19_M.jpg,0.539759036144578,3.2940625,69333,4.36824983203125,MEL,19,M,4,val
DROSO_04_VIR_19_F,0.925437927246094,00_data/02_resized/crops/crop_2026-01-14_10-25-55.top_left_CROPNUMBER_10_UUID_DROSO_04_VIR_19_F.jpg,0.36963696369637,4.810125,124178,7.8236990703125,VIR,19,F,4,val
DROSO_04_MEL_19_F,0.92550265789032,00_data/02_resized/crops/crop_2026-01-13_16-28-21.top_left_CROPNUMBER_26_UUID_DROSO_04_MEL_19_F.jpg,0.459958932238193,3.8655625,84971,5.35350491796875,MEL,19,F,4,val
DROSO_04_LUT_19_M,0.925683498382568,00_data/02_resized/crops/crop_2026-01-14_09-27-06.top_right_CROPNUMBER_21_UUID_DROSO_04_LUT_19_M.jpg,0.438356164383562,4.0560625,88965,5.60514251953125,LUT,19,M,4,val
DROSO_04_VIR_19_M,0.925937831401825,00_data/02_resized/crops/crop_2026-01-14_10-25-55.top_right_CROPNUMBER_4_UUID_DROSO_04_VIR_19_M.jpg,0.39646017699115,4.4846875,99066,6.2415449765625,VIR,19,M,4,val
DROSO_04_EQU_19_M,0.92614483833313,00_data/02_resized/crops/crop_2026-01-14_09-57-32.top_right_CROPNUMBER_9_UUID_DROSO_04_EQU_19_M.jpg,0.519721577726218,3.4210625,61214,3.8567211171875,EQU,19,M,4,val
DROSO_04_LUT_19_F,0.926403820514679,00_data/02_resized/crops/crop_2026-01-14_09-27-06.top_left_CROPNUMBER_22_UUID_DROSO_04_LUT_19_F.jpg,0.392294220665499,4.5323125,115118,7.2528836796875,LUT,19,F,4,val
DROSO_04_LUT_19_M,0.926509737968445,00_data/02_resized/crops/crop_2026-01-14_09-27-06.top_right_CROPNUMBER_20_UUID_DROSO_04_LUT_19_M.jpg,0.545012165450122,3.2623125,68711,4.32906140234375,LUT,19,M,4,val
DROSO_04_MEL_19_F,0.926601111888886,00_data/02_resized/crops/crop_2026-01-13_16-28-21.top_left_CROPNUMBER_25_UUID_DROSO_04_MEL_19_F.jpg,0.450704225352113,3.9449375,86494,5.4494598671875,MEL,19,F,4,val
DROSO_04_MEL_19_F,0.927121341228485,00_data/02_resized/crops/crop_2026-01-13_16-28-21.top_left_CROPNUMBER_24_UUID_DROSO_04_MEL_19_F.jpg,0.43579766536965,4.079875,84295,5.31091427734375,MEL,19,F,4,val
DROSO_04_LUT_19_F,0.927641749382019,00_data/02_resized/crops/crop_2026-01-14_09-27-06.top_left_CROPNUMBER_21_UUID_DROSO_04_LUT_19_F.jpg,0.522144522144522,3.4051875,76538,4.8221929765625,LUT,19,F,4,val
DROSO_04_VIR_19_F,0.927797138690948,00_data/02_resized/crops/crop_2026-01-14_10-25-55.top_left_CROPNUMBER_9_UUID_DROSO_04_VIR_19_F.jpg,0.387543252595156,4.587875,101296,6.3820436875,VIR,19,F,4,val
DROSO_04_SIM_19_F,0.928281486034393,00_data/02_resized/crops/crop_2026-01-13_15-58-15.top_left_CROPNUMBER_22_UUID_DROSO_04_SIM_19_F.jpg,0.471578947368421,3.7703125,69346,4.3690688828125,SIM,19,F,4,val
DROSO_04_LUT_19_M,0.92828631401062,00_data/02_resized/crops/crop_2026-01-14_09-27-06.top_right_CROPNUMBER_19_UUID_DROSO_04_LUT_19_M.jpg,0.513761467889908,3.46075,82161,5.17646394140625,LUT,19,M,4,val
DROSO_04_MEL_19_M,0.928711295127869,00_data/02_resized/crops/crop_2026-01-13_16-28-21.top_right_CROPNUMBER_29_UUID_DROSO_04_MEL_19_M.jpg,0.457142857142857,3.889375,90273,5.68755162890625,MEL,19,M,4,val
DROSO_04_LUT_19_F,0.929071426391602,00_data/02_resized/crops/crop_2026-01-14_09-27-06.top_left_CROPNUMBER_20_UUID_DROSO_04_LUT_19_F.jpg,0.457142857142857,3.889375,94973,5.98366998828125,LUT,19,F,4,val
DROSO_04_VIR_19_M,0.929207980632782,00_data/02_resized/crops/crop_2026-01-14_10-25-55.top_right_CROPNUMBER_3_UUID_DROSO_04_VIR_19_M.jpg,0.379661016949153,4.683125,108725,6.85009970703125,VIR,19,M,4,val
DROSO_04_VIR_19_F,0.929354250431061,00_data/02_resized/crops/crop_2026-01-14_10-25-55.top_left_CROPNUMBER_8_UUID_DROSO_04_VIR_19_F.jpg,0.366612111292962,4.8498125,101719,6.40869433984375,VIR,19,F,4,val
DROSO_04_MEL_19_F,0.929400682449341,00_data/02_resized/crops/crop_2026-01-13_16-28-21.top_left_CROPNUMBER_23_UUID_DROSO_04_MEL_19_F.jpg,0.454361054766734,3.9131875,86517,5.45090895703125,MEL,19,F,4,val
DROSO_04_MEL_19_F,0.929661691188812,00_data/02_resized/crops/crop_2026-01-13_16-28-21.top_left_CROPNUMBER_22_UUID_DROSO_04_MEL_19_F.jpg,0.447105788423154,3.9766875,91117,5.74072692578125,MEL,19,F,4,val
DROSO_04_EQU_19_M,0.929824709892273,00_data/02_resized/crops/crop_2026-01-14_09-57-32.top_right_CROPNUMBER_8_UUID_DROSO_04_EQU_19_M.jpg,0.524590163934426,3.3893125,68177,4.29541731640625,EQU,19,M,4,val
DROSO_04_SIM_19_F,0.92987871170044,00_data/02_resized/crops/crop_2026-01-13_15-58-15.top_left_CROPNUMBER_21_UUID_DROSO_04_SIM_19_F.jpg,0.519721577726218,3.4210625,75473,4.75509381640625,SIM,19,F,4,val
DROSO_04_SIM_19_F,0.929943680763245,00_data/02_resized/crops/crop_2026-01-13_15-58-15.top_left_CROPNUMBER_20_UUID_DROSO_04_SIM_19_F.jpg,0.494481236203091,3.5956875,73679,4.64206480859375,SIM,19,F,4,val
DROSO_04_SIM_19_F,0.930048525333404,00_data/02_resized/crops/crop_2026-01-13_15-58-15.top_left_CROPNUMBER_19_UUID_DROSO_04_SIM_19_F.jpg,0.620498614958449,2.8654375,67166,4.2317203671875,SIM,19,F,4,val
DROSO_04_VIR_19_F,0.930264472961426,00_data/02_resized/crops/crop_2026-01-14_10-25-55.top_left_CROPNUMBER_7_UUID_DROSO_04_VIR_19_F.jpg,0.341984732824428,5.1990625,137849,8.68502547265625,VIR,19,F,4,val
DROSO_04_LUT_19_F,0.930306196212769,00_data/02_resized/crops/crop_2026-01-14_09-27-06.top_left_CROPNUMBER_19_UUID_DROSO_04_LUT_19_F.jpg,0.44181459566075,4.0243125,105827,6.66751438671875,LUT,19,F,4,val
DROSO_04_VIR_19_M,0.930314421653748,00_data/02_resized/crops/crop_2026-01-14_10-25-55.top_right_CROPNUMBER_2_UUID_DROSO_04_VIR_19_M.jpg,0.481720430107527,3.6909375,88963,5.60501651171875,VIR,19,M,4,val
DROSO_04_MEL_19_M,0.930349946022034,00_data/02_resized/crops/crop_2026-01-13_16-28-21.top_right_CROPNUMBER_28_UUID_DROSO_04_MEL_19_M.jpg,0.458077709611452,3.8814375,82690,5.2097930078125,MEL,19,M,4,val
DROSO_04_LUT_19_M,0.930627584457398,00_data/02_resized/crops/crop_2026-01-14_09-27-06.top_right_CROPNUMBER_18_UUID_DROSO_04_LUT_19_M.jpg,0.425047438330171,4.1830625,87250,5.4970908203125,LUT,19,M,4,val
DROSO_04_SIM_19_M,0.930756211280823,00_data/02_resized/crops/crop_2026-01-13_15-58-15.top_right_CROPNUMBER_19_UUID_DROSO_04_SIM_19_M.jpg,0.511415525114155,3.476625,62798,3.9565193046875,SIM,19,M,4,val
DROSO_04_LUT_19_F,0.930941939353943,00_data/02_resized/crops/crop_2026-01-14_09-27-06.top_left_CROPNUMBER_18_UUID_DROSO_04_LUT_19_F.jpg,0.362459546925566,4.905375,110674,6.9728943203125,LUT,19,F,4,val
DROSO_04_MEL_19_M,0.930945992469788,00_data/02_resized/crops/crop_2026-01-13_16-28-21.top_right_CROPNUMBER_27_UUID_DROSO_04_MEL_19_M.jpg,0.481720430107527,3.6909375,79959,5.03772933984375,MEL,19,M,4,val
DROSO_04_SIM_19_F,0.931014657020569,00_data/02_resized/crops/crop_2026-01-13_15-58-15.top_left_CROPNUMBER_18_UUID_DROSO_04_SIM_19_F.jpg,0.497777777777778,3.571875,78291,4.93263882421875,SIM,19,F,4,val
DROSO_04_MEL_19_M,0.931314766407013,00_data/02_resized/crops/crop_2026-01-13_16-28-21.top_right_CROPNUMBER_26_UUID_DROSO_04_MEL_19_M.jpg,0.419475655430712,4.238625,92960,5.856843125,MEL,19,M,4,val
DROSO_04_LUT_19_M,0.931896388530731,00_data/02_resized/crops/crop_2026-01-14_09-27-06.top_right_CROPNUMBER_17_UUID_DROSO_04_LUT_19_M.jpg,0.489082969432314,3.635375,76788,4.837943953125,LUT,19,M,4,val
DROSO_04_LUT_19_F,0.932047784328461,00_data/02_resized/crops/crop_2026-01-14_09-27-06.top_left_CROPNUMBER_17_UUID_DROSO_04_LUT_19_F.jpg,0.407272727272727,4.365625,102099,6.43263582421875,LUT,19,F,4,val
DROSO_04_EQU_19_F,0.932069838047028,00_data/02_resized/crops/crop_2026-01-14_09-57-32.top_left_CROPNUMBER_10_UUID_DROSO_04_EQU_19_F.jpg,0.542372881355932,3.2781875,73450,4.6276369140625,EQU,19,F,4,val
DROSO_04_EQU_19_M,0.932713627815247,00_data/02_resized/crops/crop_2026-01-14_09-57-32.top_right_CROPNUMBER_7_UUID_DROSO_04_EQU_19_M.jpg,0.567088607594937,3.1353125,56184,3.53981146875,EQU,19,M,4,val
DROSO_04_LUT_19_F,0.932773053646088,00_data/02_resized/crops/crop_2026-01-14_09-27-06.top_left_CROPNUMBER_16_UUID_DROSO_04_LUT_19_F.jpg,0.412523020257827,4.3100625,102163,6.43666807421875,LUT,19,F,4,val
DROSO_04_VIR_19_M,0.933052659034729,00_data/02_resized/crops/crop_2026-01-14_10-25-55.top_right_CROPNUMBER_1_UUID_DROSO_04_VIR_19_M.jpg,0.353312302839117,5.032375,105740,6.662033046875,VIR,19,M,4,val
DROSO_04_SIM_19_F,0.933057546615601,00_data/02_resized/crops/crop_2026-01-13_15-58-15.top_left_CROPNUMBER_17_UUID_DROSO_04_SIM_19_F.jpg,0.456211812627291,3.8973125,86628,5.457902390625,SIM,19,F,4,val
DROSO_04_VIR_19_F,0.933138787746429,00_data/02_resized/crops/crop_2026-01-14_10-25-55.top_left_CROPNUMBER_6_UUID_DROSO_04_VIR_19_F.jpg,0.373333333333333,4.7625,110592,6.967728,VIR,19,F,4,val
DROSO_04_EQU_19_F,0.933326900005341,00_data/02_resized/crops/crop_2026-01-14_09-57-32.top_left_CROPNUMBER_9_UUID_DROSO_04_EQU_19_F.jpg,0.523364485981308,3.39725,68721,4.32969144140625,EQU,19,F,4,val
DROSO_04_MEL_19_M,0.93341851234436,00_data/02_resized/crops/crop_2026-01-13_16-28-21.top_right_CROPNUMBER_25_UUID_DROSO_04_MEL_19_M.jpg,0.541062801932367,3.286125,77252,4.867177765625,MEL,19,M,4,val
DROSO_04_LUT_19_F,0.933564782142639,00_data/02_resized/crops/crop_2026-01-14_09-27-06.top_left_CROPNUMBER_15_UUID_DROSO_04_LUT_19_F.jpg,0.432432432432432,4.111625,109181,6.87882948828125,LUT,19,F,4,val
DROSO_04_SIM_19_F,0.93360710144043,00_data/02_resized/crops/crop_2026-01-13_15-58-15.top_left_CROPNUMBER_16_UUID_DROSO_04_SIM_19_F.jpg,0.5,3.556,83833,5.28180647265625,SIM,19,F,4,val
DROSO_04_MEL_19_F,0.933663904666901,00_data/02_resized/crops/crop_2026-01-13_16-28-21.top_left_CROPNUMBER_21_UUID_DROSO_04_MEL_19_F.jpg,0.452525252525253,3.9290625,86680,5.46117859375,MEL,19,F,4,val
DROSO_04_MEL_19_F,0.933741211891174,00_data/02_resized/crops/crop_2026-01-13_16-28-21.top_left_CROPNUMBER_20_UUID_DROSO_04_MEL_19_F.jpg,0.48068669527897,3.698875,86412,5.444293546875,MEL,19,F,4,val
DROSO_04_SIM_19_M,0.933832287788391,00_data/02_resized/crops/crop_2026-01-13_15-58-15.top_right_CROPNUMBER_18_UUID_DROSO_04_SIM_19_M.jpg,0.411764705882353,4.318,86340,5.439757265625,SIM,19,M,4,val
DROSO_04_VIR_19_F,0.934061348438263,00_data/02_resized/crops/crop_2026-01-14_10-25-55.top_left_CROPNUMBER_5_UUID_DROSO_04_VIR_19_F.jpg,0.380305602716469,4.6751875,105868,6.670097546875,VIR,19,F,4,val
DROSO_04_MEL_19_M,0.934126079082489,00_data/02_resized/crops/crop_2026-01-13_16-28-21.top_right_CROPNUMBER_24_UUID_DROSO_04_MEL_19_M.jpg,0.472573839662447,3.762375,90820,5.722014765625,MEL,19,M,4,val
DROSO_04_EQU_19_M,0.93421345949173,00_data/02_resized/crops/crop_2026-01-14_09-57-32.top_right_CROPNUMBER_6_UUID_DROSO_04_EQU_19_M.jpg,0.417910447761194,4.2545,83371,5.25269866796875,EQU,19,M,4,val
DROSO_04_LUT_19_F,0.934223234653473,00_data/02_resized/crops/crop_2026-01-14_09-27-06.top_left_CROPNUMBER_14_UUID_DROSO_04_LUT_19_F.jpg,0.440944881889764,4.03225,91801,5.78382159765625,LUT,19,F,4,val
DROSO_04_MEL_19_F,0.934306800365448,00_data/02_resized/crops/crop_2026-01-13_16-28-21.top_left_CROPNUMBER_19_UUID_DROSO_04_MEL_19_F.jpg,0.452525252525253,3.9290625,82596,5.203870640625,MEL,19,F,4,val
DROSO_04_MEL_19_M,0.934660732746124,00_data/02_resized/crops/crop_2026-01-13_16-28-21.top_right_CROPNUMBER_23_UUID_DROSO_04_MEL_19_M.jpg,0.568527918781726,3.127375,65105,4.10186931640625,MEL,19,M,4,val
DROSO_04_MEL_19_M,0.934683620929718,00_data/02_resized/crops/crop_2026-01-13_16-28-21.top_right_CROPNUMBER_22_UUID_DROSO_04_MEL_19_M.jpg,0.4282982791587,4.1513125,92652,5.837437921875,MEL,19,M,4,val
DROSO_04_VIR_19_F,0.934801042079926,00_data/02_resized/crops/crop_2026-01-14_10-25-55.top_left_CROPNUMBER_4_UUID_DROSO_04_VIR_19_F.jpg,0.369028006589786,4.8180625,107273,6.75861803515625,VIR,19,F,4,val
DROSO_04_MEL_19_F,0.934823930263519,00_data/02_resized/crops/crop_2026-01-13_16-28-21.top_left_CROPNUMBER_18_UUID_DROSO_04_MEL_19_F.jpg,0.452525252525253,3.9290625,85217,5.36900387890625,MEL,19,F,4,val
DROSO_04_SIM_19_F,0.934859275817871,00_data/02_resized/crops/crop_2026-01-13_15-58-15.top_left_CROPNUMBER_15_UUID_DROSO_04_SIM_19_F.jpg,0.478632478632479,3.71475,80516,5.072822515625,SIM,19,F,4,val
DROSO_04_MEL_19_F,0.934953987598419,00_data/02_resized/crops/crop_2026-01-13_16-28-21.top_left_CROPNUMBER_17_UUID_DROSO_04_MEL_19_F.jpg,0.470588235294118,3.77825,87875,5.53646826171875,MEL,19,F,4,val
DROSO_04_SIM_19_F,0.93533730506897,00_data/02_resized/crops/crop_2026-01-13_15-58-15.top_left_CROPNUMBER_14_UUID_DROSO_04_SIM_19_F.jpg,0.476595744680851,3.730625,85567,5.39105524609375,SIM,19,F,4,val
DROSO_04_LUT_19_F,0.935374021530151,00_data/02_resized/crops/crop_2026-01-14_09-27-06.top_left_CROPNUMBER_13_UUID_DROSO_04_LUT_19_F.jpg,0.386873920552677,4.5958125,106936,6.73738571875,LUT,19,F,4,val
DROSO_04_MEL_19_M,0.935404777526856,00_data/02_resized/crops/crop_2026-01-13_16-28-21.top_right_CROPNUMBER_21_UUID_DROSO_04_MEL_19_M.jpg,0.497777777777778,3.571875,72405,4.56179783203125,MEL,19,M,4,val
DROSO_04_MEL_19_M,0.935423672199249,00_data/02_resized/crops/crop_2026-01-13_16-28-21.top_right_CROPNUMBER_20_UUID_DROSO_04_MEL_19_M.jpg,0.557213930348259,3.190875,65996,4.158005796875,MEL,19,M,4,val
DROSO_04_SIM_19_F,0.935424089431763,00_data/02_resized/crops/crop_2026-01-13_15-58-15.top_left_CROPNUMBER_13_UUID_DROSO_04_SIM_19_F.jpg,0.477611940298507,3.7226875,96574,6.0845392421875,SIM,19,F,4,val
DROSO_04_EQU_19_F,0.935469150543213,00_data/02_resized/crops/crop_2026-01-14_09-57-32.top_left_CROPNUMBER_8_UUID_DROSO_04_EQU_19_F.jpg,0.478632478632479,3.71475,84669,5.33447773828125,EQU,19,F,4,val
DROSO_04_SIM_19_F,0.935580790042877,00_data/02_resized/crops/crop_2026-01-13_15-58-15.top_left_CROPNUMBER_12_UUID_DROSO_04_SIM_19_F.jpg,0.564231738035265,3.1511875,81085,5.10867173828125,SIM,19,F,4,val
DROSO_04_SIM_19_M,0.93560916185379,00_data/02_resized/crops/crop_2026-01-13_15-58-15.top_right_CROPNUMBER_17_UUID_DROSO_04_SIM_19_M.jpg,0.472573839662447,3.762375,94055,5.92583240234375,SIM,19,M,4,val
DROSO_04_LUT_19_M,0.935641705989838,00_data/02_resized/crops/crop_2026-01-14_09-27-06.top_right_CROPNUMBER_16_UUID_DROSO_04_LUT_19_M.jpg,0.461855670103093,3.8496875,89225,5.62152353515625,LUT,19,M,4,val
DROSO_04_MEL_19_M,0.9357790350914,00_data/02_resized/crops/crop_2026-01-13_16-28-21.top_right_CROPNUMBER_19_UUID_DROSO_04_MEL_19_M.jpg,0.470588235294118,3.77825,84660,5.333910703125,MEL,19,M,4,val
DROSO_04_SIM_19_M,0.93593966960907,00_data/02_resized/crops/crop_2026-01-13_15-58-15.top_right_CROPNUMBER_16_UUID_DROSO_04_SIM_19_M.jpg,0.415584415584416,4.2783125,91798,5.7836325859375,SIM,19,M,4,val
DROSO_04_MEL_19_F,0.935976922512054,00_data/02_resized/crops/crop_2026-01-13_16-28-21.top_left_CROPNUMBER_16_UUID_DROSO_04_MEL_19_F.jpg,0.42911877394636,4.143375,107183,6.75294768359375,MEL,19,F,4,val
DROSO_04_MEL_19_M,0.936026036739349,00_data/02_resized/crops/crop_2026-01-13_16-28-21.top_right_CROPNUMBER_18_UUID_DROSO_04_MEL_19_M.jpg,0.612021857923497,2.905125,64831,4.08460624609375,MEL,19,M,4,val
DROSO_04_EQU_19_F,0.936188161373138,00_data/02_resized/crops/crop_2026-01-14_09-57-32.top_left_CROPNUMBER_7_UUID_DROSO_04_EQU_19_F.jpg,0.565656565656566,3.14325,70073,4.41487272265625,EQU,19,F,4,val
DROSO_04_EQU_19_F,0.936352729797363,00_data/02_resized/crops/crop_2026-01-14_09-57-32.top_left_CROPNUMBER_6_UUID_DROSO_04_EQU_19_F.jpg,0.514942528735632,3.4528125,67736,4.26763259375,EQU,19,F,4,val
DROSO_04_SIM_19_F,0.93639075756073,00_data/02_resized/crops/crop_2026-01-13_15-58-15.top_left_CROPNUMBER_11_UUID_DROSO_04_SIM_19_F.jpg,0.537170263788969,3.3099375,72490,4.5671531640625,SIM,19,F,4,val
DROSO_04_MEL_19_F,0.936461210250854,00_data/02_resized/crops/crop_2026-01-13_16-28-21.top_left_CROPNUMBER_15_UUID_DROSO_04_MEL_19_F.jpg,0.489082969432314,3.635375,90113,5.67747100390625,MEL,19,F,4,val
DROSO_04_SIM_19_F,0.936502814292908,00_data/02_resized/crops/crop_2026-01-13_15-58-15.top_left_CROPNUMBER_10_UUID_DROSO_04_SIM_19_F.jpg,0.471578947368421,3.7703125,81320,5.12347765625,SIM,19,F,4,val
DROSO_04_MEL_19_F,0.936586260795593,00_data/02_resized/crops/crop_2026-01-13_16-28-21.top_left_CROPNUMBER_14_UUID_DROSO_04_MEL_19_F.jpg,0.463768115942029,3.8338125,87493,5.51240076953125,MEL,19,F,4,val
DROSO_04_SIM_19_M,0.936644315719604,00_data/02_resized/crops/crop_2026-01-13_15-58-15.top_right_CROPNUMBER_15_UUID_DROSO_04_SIM_19_M.jpg,0.446215139442231,3.984625,94248,5.93799215625,SIM,19,M,4,val
DROSO_04_MEL_19_M,0.936658024787903,00_data/02_resized/crops/crop_2026-01-13_16-28-21.top_right_CROPNUMBER_17_UUID_DROSO_04_MEL_19_M.jpg,0.482758620689655,3.683,74120,4.66984953125,MEL,19,M,4,val
DROSO_04_SIM_19_F,0.936748564243317,00_data/02_resized/crops/crop_2026-01-13_15-58-15.top_left_CROPNUMBER_9_UUID_DROSO_04_SIM_19_F.jpg,0.463768115942029,3.8338125,77310,4.8708319921875,SIM,19,F,4,val
DROSO_04_MEL_19_F,0.936770141124725,00_data/02_resized/crops/crop_2026-01-13_16-28-21.top_left_CROPNUMBER_13_UUID_DROSO_04_MEL_19_F.jpg,0.438356164383562,4.0560625,97632,6.151197375,MEL,19,F,4,val
DROSO_04_MEL_19_M,0.936789393424988,00_data/02_resized/crops/crop_2026-01-13_16-28-21.top_right_CROPNUMBER_16_UUID_DROSO_04_MEL_19_M.jpg,0.418691588785047,4.2465625,90138,5.6790461015625,MEL,19,M,4,val
DROSO_04_LUT_19_F,0.936821639537811,00_data/02_resized/crops/crop_2026-01-14_09-27-06.top_left_CROPNUMBER_12_UUID_DROSO_04_LUT_19_F.jpg,0.430769230769231,4.1275,93122,5.8670497578125,LUT,19,F,4,val
DROSO_04_LUT_19_M,0.936866521835327,00_data/02_resized/crops/crop_2026-01-14_09-27-06.top_right_CROPNUMBER_15_UUID_DROSO_04_LUT_19_M.jpg,0.444444444444444,4.0005,86722,5.4638247578125,LUT,19,M,4,val
DROSO_04_LUT_19_M,0.937074661254883,00_data/02_resized/crops/crop_2026-01-14_09-27-06.top_right_CROPNUMBER_14_UUID_DROSO_04_LUT_19_M.jpg,0.491228070175439,3.6195,72087,4.54176258984375,LUT,19,M,4,val
DROSO_04_LUT_19_M,0.937093913555145,00_data/02_resized/crops/crop_2026-01-14_09-27-06.top_right_CROPNUMBER_13_UUID_DROSO_04_LUT_19_M.jpg,0.365415986949429,4.8656875,106853,6.73215639453125,LUT,19,M,4,val
DROSO_04_LUT_19_F,0.9372718334198,00_data/02_resized/crops/crop_2026-01-14_09-27-06.top_left_CROPNUMBER_11_UUID_DROSO_04_LUT_19_F.jpg,0.411009174311927,4.3259375,109816,6.91883696875,LUT,19,F,4,val
DROSO_04_MEL_19_F,0.937306761741638,00_data/02_resized/crops/crop_2026-01-13_16-28-21.top_left_CROPNUMBER_12_UUID_DROSO_04_MEL_19_F.jpg,0.477611940298507,3.7226875,84145,5.30146369140625,MEL,19,F,4,val
DROSO_04_EQU_19_M,0.937619388103485,00_data/02_resized/crops/crop_2026-01-14_09-57-32.top_right_CROPNUMBER_5_UUID_DROSO_04_EQU_19_M.jpg,0.578811369509044,3.0718125,64851,4.08586632421875,EQU,19,M,4,val
DROSO_04_MEL_19_F,0.9376460313797,00_data/02_resized/crops/crop_2026-01-13_16-28-21.top_left_CROPNUMBER_11_UUID_DROSO_04_MEL_19_F.jpg,0.457142857142857,3.889375,86331,5.43919023046875,MEL,19,F,4,val
DROSO_04_MEL_19_M,0.937712788581848,00_data/02_resized/crops/crop_2026-01-13_16-28-21.top_right_CROPNUMBER_15_UUID_DROSO_04_MEL_19_M.jpg,0.595744680851064,2.9845,72036,4.538549390625,MEL,19,M,4,val
DROSO_04_SIM_19_F,0.937739193439484,00_data/02_resized/crops/crop_2026-01-13_15-58-15.top_left_CROPNUMBER_8_UUID_DROSO_04_SIM_19_F.jpg,0.470588235294118,3.77825,70788,4.459920515625,SIM,19,F,4,val
DROSO_04_LUT_19_F,0.937782824039459,00_data/02_resized/crops/crop_2026-01-14_09-27-06.top_left_CROPNUMBER_10_UUID_DROSO_04_LUT_19_F.jpg,0.424242424242424,4.191,101869,6.41814492578125,LUT,19,F,4,val
DROSO_04_LUT_19_F,0.937792360782623,00_data/02_resized/crops/crop_2026-01-14_09-27-06.top_left_CROPNUMBER_9_UUID_DROSO_04_LUT_19_F.jpg,0.398576512455516,4.460875,108624,6.8437363125,LUT,19,F,4,val
DROSO_04_EQU_19_M,0.937925398349762,00_data/02_resized/crops/crop_2026-01-14_09-57-32.top_right_CROPNUMBER_4_UUID_DROSO_04_EQU_19_M.jpg,0.564231738035265,3.1511875,68109,4.29113305078125,EQU,19,M,4,val
DROSO_04_MEL_19_M,0.937941551208496,00_data/02_resized/crops/crop_2026-01-13_16-28-21.top_right_CROPNUMBER_14_UUID_DROSO_04_MEL_19_M.jpg,0.597333333333333,2.9765625,74172,4.673125734375,MEL,19,M,4,val
DROSO_04_MEL_19_M,0.937985956668854,00_data/02_resized/crops/crop_2026-01-13_16-28-21.top_right_CROPNUMBER_13_UUID_DROSO_04_MEL_19_M.jpg,0.547677261613692,3.2464375,76821,4.84002308203125,MEL,19,M,4,val
DROSO_04_MEL_19_M,0.938100159168243,00_data/02_resized/crops/crop_2026-01-13_16-28-21.top_right_CROPNUMBER_12_UUID_DROSO_04_MEL_19_M.jpg,0.513761467889908,3.46075,72652,4.577359796875,MEL,19,M,4,val
DROSO_04_LUT_19_M,0.938124060630799,00_data/02_resized/crops/crop_2026-01-14_09-27-06.top_right_CROPNUMBER_12_UUID_DROSO_04_LUT_19_M.jpg,0.436647173489279,4.0719375,94617,5.96124059765625,LUT,19,M,4,val
DROSO_04_VIR_19_F,0.93881767988205,00_data/02_resized/crops/crop_2026-01-14_10-25-55.top_left_CROPNUMBER_3_UUID_DROSO_04_VIR_19_F.jpg,0.353312302839117,5.032375,125536,7.909258375,VIR,19,F,4,val
DROSO_04_MEL_19_M,0.93893426656723,00_data/02_resized/crops/crop_2026-01-13_16-28-21.top_right_CROPNUMBER_11_UUID_DROSO_04_MEL_19_M.jpg,0.527058823529412,3.3734375,78838,4.9671019609375,MEL,19,M,4,val
DROSO_04_LUT_19_M,0.939071893692017,00_data/02_resized/crops/crop_2026-01-14_09-27-06.top_right_CROPNUMBER_11_UUID_DROSO_04_LUT_19_M.jpg,0.454361054766734,3.9131875,93714,5.9043480703125,LUT,19,M,4,val
DROSO_04_VIR_19_F,0.939163327217102,00_data/02_resized/crops/crop_2026-01-14_10-25-55.top_left_CROPNUMBER_2_UUID_DROSO_04_VIR_19_F.jpg,0.405063291139241,4.3894375,109056,6.870954,VIR,19,F,4,val
DROSO_04_MEL_19_F,0.939165532588959,00_data/02_resized/crops/crop_2026-01-13_16-28-21.top_left_CROPNUMBER_10_UUID_DROSO_04_MEL_19_F.jpg,0.464730290456432,3.825875,97666,6.1533395078125,MEL,19,F,4,val
DROSO_04_LUT_19_M,0.939521610736847,00_data/02_resized/crops/crop_2026-01-14_09-27-06.top_right_CROPNUMBER_10_UUID_DROSO_04_LUT_19_M.jpg,0.464730290456432,3.825875,101104,6.3699469375,LUT,19,M,4,val
DROSO_04_LUT_19_M,0.939634561538696,00_data/02_resized/crops/crop_2026-01-14_09-27-06.top_right_CROPNUMBER_9_UUID_DROSO_04_LUT_19_M.jpg,0.466666666666667,3.81,76018,4.7894309453125,LUT,19,M,4,val
DROSO_04_LUT_19_M,0.939716219902039,00_data/02_resized/crops/crop_2026-01-14_09-27-06.top_right_CROPNUMBER_8_UUID_DROSO_04_LUT_19_M.jpg,0.501118568232662,3.5480625,77168,4.8618854375,LUT,19,M,4,val
DROSO_04_LUT_19_M,0.939755618572235,00_data/02_resized/crops/crop_2026-01-14_09-27-06.top_right_CROPNUMBER_7_UUID_DROSO_04_LUT_19_M.jpg,0.425047438330171,4.1830625,105422,6.6419978046875,LUT,19,M,4,val
DROSO_04_SIM_19_F,0.939789593219757,00_data/02_resized/crops/crop_2026-01-13_15-58-15.top_left_CROPNUMBER_7_UUID_DROSO_04_SIM_19_F.jpg,0.491228070175439,3.6195,97679,6.15415855859375,SIM,19,F,4,val
DROSO_04_LUT_19_M,0.939931988716126,00_data/02_resized/crops/crop_2026-01-14_09-27-06.top_right_CROPNUMBER_6_UUID_DROSO_04_LUT_19_M.jpg,0.4796573875803,3.7068125,74591,4.69952437109375,LUT,19,M,4,val
DROSO_04_LUT_19_F,0.940022110939026,00_data/02_resized/crops/crop_2026-01-14_09-27-06.top_left_CROPNUMBER_8_UUID_DROSO_04_LUT_19_F.jpg,0.463768115942029,3.8338125,101179,6.37467223046875,LUT,19,F,4,val
DROSO_04_LUT_19_M,0.940057754516602,00_data/02_resized/crops/crop_2026-01-14_09-27-06.top_right_CROPNUMBER_5_UUID_DROSO_04_LUT_19_M.jpg,0.457142857142857,3.889375,89154,5.6170502578125,LUT,19,M,4,val
DROSO_04_LUT_19_F,0.940129041671753,00_data/02_resized/crops/crop_2026-01-14_09-27-06.top_left_CROPNUMBER_7_UUID_DROSO_04_LUT_19_F.jpg,0.411764705882353,4.318,105779,6.66449019921875,LUT,19,F,4,val
DROSO_04_MEL_19_M,0.940241992473602,00_data/02_resized/crops/crop_2026-01-13_16-28-21.top_right_CROPNUMBER_10_UUID_DROSO_04_MEL_19_M.jpg,0.594164456233422,2.9924375,73567,4.63500837109375,MEL,19,M,4,val
DROSO_04_LUT_19_M,0.940271556377411,00_data/02_resized/crops/crop_2026-01-14_09-27-06.top_right_CROPNUMBER_4_UUID_DROSO_04_LUT_19_M.jpg,0.471578947368421,3.7703125,90133,5.67873108203125,LUT,19,M,4,val
DROSO_04_VIR_19_M,0.940280079841614,00_data/02_resized/crops/crop_2026-01-14_10-25-55.top_right_CROPNUMBER_0_UUID_DROSO_04_VIR_19_M.jpg,0.421052631578947,4.22275,108427,6.83132454296875,VIR,19,M,4,val
DROSO_04_LUT_19_M,0.940348386764526,00_data/02_resized/crops/crop_2026-01-14_09-27-06.top_right_CROPNUMBER_3_UUID_DROSO_04_LUT_19_M.jpg,0.44181459566075,4.0243125,95028,5.987135203125,LUT,19,M,4,val
DROSO_04_LUT_19_F,0.940495133399963,00_data/02_resized/crops/crop_2026-01-14_09-27-06.top_left_CROPNUMBER_6_UUID_DROSO_04_LUT_19_F.jpg,0.44007858546169,4.0401875,104219,6.56620410546875,LUT,19,F,4,val
DROSO_04_MEL_19_M,0.940654277801514,00_data/02_resized/crops/crop_2026-01-13_16-28-21.top_right_CROPNUMBER_9_UUID_DROSO_04_MEL_19_M.jpg,0.456211812627291,3.8973125,94401,5.94763175390625,MEL,19,M,4,val
DROSO_04_MEL_19_M,0.940849363803864,00_data/02_resized/crops/crop_2026-01-13_16-28-21.top_right_CROPNUMBER_8_UUID_DROSO_04_MEL_19_M.jpg,0.467640918580376,3.8020625,74833,4.71477131640625,MEL,19,M,4,val
DROSO_04_MEL_19_M,0.94085419178009,00_data/02_resized/crops/crop_2026-01-13_16-28-21.top_right_CROPNUMBER_7_UUID_DROSO_04_MEL_19_M.jpg,0.516129032258065,3.444875,71626,4.5127177890625,MEL,19,M,4,val
DROSO_04_MEL_19_M,0.940988779067993,00_data/02_resized/crops/crop_2026-01-13_16-28-21.top_right_CROPNUMBER_6_UUID_DROSO_04_MEL_19_M.jpg,0.481720430107527,3.6909375,77299,4.87013894921875,MEL,19,M,4,val
DROSO_04_LUT_19_F,0.941226005554199,00_data/02_resized/crops/crop_2026-01-14_09-27-06.top_left_CROPNUMBER_5_UUID_DROSO_04_LUT_19_F.jpg,0.401433691756272,4.429125,118935,7.49336958984375,LUT,19,F,4,val
DROSO_04_SIM_19_F,0.941364347934723,00_data/02_resized/crops/crop_2026-01-13_15-58-15.top_left_CROPNUMBER_6_UUID_DROSO_04_SIM_19_F.jpg,0.516129032258065,3.444875,86343,5.43994627734375,SIM,19,F,4,val
DROSO_04_MEL_19_F,0.941495478153229,00_data/02_resized/crops/crop_2026-01-13_16-28-21.top_left_CROPNUMBER_9_UUID_DROSO_04_MEL_19_F.jpg,0.438356164383562,4.0560625,95009,5.98593812890625,MEL,19,F,4,val
DROSO_04_EQU_19_F,0.941591322422028,00_data/02_resized/crops/crop_2026-01-14_09-57-32.top_left_CROPNUMBER_5_UUID_DROSO_04_EQU_19_F.jpg,0.452525252525253,3.9290625,84127,5.30032962109375,EQU,19,F,4,val
DROSO_04_VIR_19_F,0.941643357276916,00_data/02_resized/crops/crop_2026-01-14_10-25-55.top_left_CROPNUMBER_1_UUID_DROSO_04_VIR_19_F.jpg,0.36963696369637,4.810125,122655,7.72774412109375,VIR,19,F,4,val
DROSO_04_MEL_19_M,0.941694498062134,00_data/02_resized/crops/crop_2026-01-13_16-28-21.top_right_CROPNUMBER_5_UUID_DROSO_04_MEL_19_M.jpg,0.5,3.556,79379,5.00118707421875,MEL,19,M,4,val
DROSO_04_SIM_19_M,0.941807329654694,00_data/02_resized/crops/crop_2026-01-13_15-58-15.top_right_CROPNUMBER_14_UUID_DROSO_04_SIM_19_M.jpg,0.525821596244132,3.381375,69998,4.4101474296875,SIM,19,M,4,val
DROSO_04_SIM_19_M,0.941956102848053,00_data/02_resized/crops/crop_2026-01-13_15-58-15.top_right_CROPNUMBER_13_UUID_DROSO_04_SIM_19_M.jpg,0.545012165450122,3.2623125,76979,4.84997769921875,SIM,19,M,4,val
DROSO_04_SIM_19_F,0.942201256752014,00_data/02_resized/crops/crop_2026-01-13_15-58-15.top_left_CROPNUMBER_5_UUID_DROSO_04_SIM_19_F.jpg,0.503370786516854,3.5321875,84348,5.314253484375,SIM,19,F,4,val
DROSO_04_LUT_19_F,0.942239582538605,00_data/02_resized/crops/crop_2026-01-14_09-27-06.top_left_CROPNUMBER_4_UUID_DROSO_04_LUT_19_F.jpg,0.417132216014898,4.2624375,112502,7.0880654609375,LUT,19,F,4,val
DROSO_04_LUT_19_M,0.942622542381287,00_data/02_resized/crops/crop_2026-01-14_09-27-06.top_right_CROPNUMBER_2_UUID_DROSO_04_LUT_19_M.jpg,0.424242424242424,4.191,100435,6.32779732421875,LUT,19,M,4,val
DROSO_04_EQU_19_F,0.942763328552246,00_data/02_resized/crops/crop_2026-01-14_09-57-32.top_left_CROPNUMBER_4_UUID_DROSO_04_EQU_19_F.jpg,0.475583864118896,3.7385625,89236,5.622216578125,EQU,19,F,4,val
DROSO_04_VIR_19_F,0.94282454252243,00_data/02_resized/crops/crop_2026-01-14_10-25-55.top_left_CROPNUMBER_0_UUID_DROSO_04_VIR_19_F.jpg,0.390924956369983,4.5481875,118048,7.437485125,VIR,19,F,4,val
DROSO_04_SIM_19_M,0.942936658859253,00_data/02_resized/crops/crop_2026-01-13_15-58-15.top_right_CROPNUMBER_12_UUID_DROSO_04_SIM_19_M.jpg,0.5,3.556,68048,4.2872898125,SIM,19,M,4,val
DROSO_04_MEL_19_M,0.943068444728851,00_data/02_resized/crops/crop_2026-01-13_16-28-21.top_right_CROPNUMBER_4_UUID_DROSO_04_MEL_19_M.jpg,0.519721577726218,3.4210625,79940,5.036532265625,MEL,19,M,4,val
DROSO_04_MEL_19_F,0.943309903144836,00_data/02_resized/crops/crop_2026-01-13_16-28-21.top_left_CROPNUMBER_8_UUID_DROSO_04_MEL_19_F.jpg,0.551724137931035,3.222625,84730,5.3383209765625,MEL,19,F,4,val
DROSO_04_MEL_19_F,0.944042921066284,00_data/02_resized/crops/crop_2026-01-13_16-28-21.top_left_CROPNUMBER_7_UUID_DROSO_04_MEL_19_F.jpg,0.464730290456432,3.825875,99539,6.27134582421875,MEL,19,F,4,val
DROSO_04_MEL_19_M,0.944114863872528,00_data/02_resized/crops/crop_2026-01-13_16-28-21.top_right_CROPNUMBER_3_UUID_DROSO_04_MEL_19_M.jpg,0.474576271186441,3.7465,77022,4.8526868671875,MEL,19,M,4,val
DROSO_04_MEL_19_F,0.944237649440765,00_data/02_resized/crops/crop_2026-01-13_16-28-21.top_left_CROPNUMBER_6_UUID_DROSO_04_MEL_19_F.jpg,0.452525252525253,3.9290625,87064,5.48537209375,MEL,19,F,4,val
DROSO_04_MEL_19_F,0.944275379180908,00_data/02_resized/crops/crop_2026-01-13_16-28-21.top_left_CROPNUMBER_5_UUID_DROSO_04_MEL_19_F.jpg,0.496674057649667,3.5798125,89397,5.63236020703125,MEL,19,F,4,val
DROSO_04_SIM_19_M,0.944343388080597,00_data/02_resized/crops/crop_2026-01-13_15-58-15.top_right_CROPNUMBER_11_UUID_DROSO_04_SIM_19_M.jpg,0.554455445544555,3.20675,77643,4.89181229296875,SIM,19,M,4,val
DROSO_04_LUT_19_F,0.944563388824463,00_data/02_resized/crops/crop_2026-01-14_09-27-06.top_left_CROPNUMBER_3_UUID_DROSO_04_LUT_19_F.jpg,0.389565217391304,4.5640625,110643,6.97094119921875,LUT,19,F,4,val
DROSO_04_SIM_19_F,0.944591879844666,00_data/02_resized/crops/crop_2026-01-13_15-58-15.top_left_CROPNUMBER_4_UUID_DROSO_04_SIM_19_F.jpg,0.501118568232662,3.5480625,84696,5.33617884375,SIM,19,F,4,val
DROSO_04_MEL_19_M,0.944762349128723,00_data/02_resized/crops/crop_2026-01-13_16-28-21.top_right_CROPNUMBER_2_UUID_DROSO_04_MEL_19_M.jpg,0.459958932238193,3.8655625,79457,5.00610137890625,MEL,19,M,4,val
DROSO_04_LUT_19_F,0.944814562797546,00_data/02_resized/crops/crop_2026-01-14_09-27-06.top_left_CROPNUMBER_2_UUID_DROSO_04_LUT_19_F.jpg,0.377104377104377,4.714875,137229,8.64596305078125,LUT,19,F,4,val
DROSO_04_SIM_19_M,0.945051729679108,00_data/02_resized/crops/crop_2026-01-13_15-58-15.top_right_CROPNUMBER_10_UUID_DROSO_04_SIM_19_M.jpg,0.524590163934426,3.3893125,75889,4.78130344140625,SIM,19,M,4,val
DROSO_04_MEL_19_F,0.945463418960571,00_data/02_resized/crops/crop_2026-01-13_16-28-21.top_left_CROPNUMBER_4_UUID_DROSO_04_MEL_19_F.jpg,0.472573839662447,3.762375,84573,5.32842936328125,MEL,19,F,4,val
DROSO_04_MEL_19_M,0.945585250854492,00_data/02_resized/crops/crop_2026-01-13_16-28-21.top_right_CROPNUMBER_1_UUID_DROSO_04_MEL_19_M.jpg,0.518518518518519,3.429,69738,4.3937664140625,MEL,19,M,4,val
DROSO_04_LUT_19_M,0.945586085319519,00_data/02_resized/crops/crop_2026-01-14_09-27-06.top_right_CROPNUMBER_1_UUID_DROSO_04_LUT_19_M.jpg,0.412523020257827,4.3100625,97770,6.1598919140625,LUT,19,M,4,val
DROSO_04_EQU_19_M,0.945587754249573,00_data/02_resized/crops/crop_2026-01-14_09-57-32.top_right_CROPNUMBER_3_UUID_DROSO_04_EQU_19_M.jpg,0.516129032258065,3.444875,69077,4.35212083203125,EQU,19,M,4,val
DROSO_04_SIM_19_M,0.945777654647827,00_data/02_resized/crops/crop_2026-01-13_15-58-15.top_right_CROPNUMBER_9_UUID_DROSO_04_SIM_19_M.jpg,0.506787330316742,3.508375,81290,5.1215875390625,SIM,19,M,4,val
DROSO_04_MEL_19_F,0.946523308753967,00_data/02_resized/crops/crop_2026-01-13_16-28-21.top_left_CROPNUMBER_3_UUID_DROSO_04_MEL_19_F.jpg,0.421845574387947,4.2148125,105672,6.65774878125,MEL,19,F,4,val
DROSO_04_SIM_19_M,0.946574747562408,00_data/02_resized/crops/crop_2026-01-13_15-58-15.top_right_CROPNUMBER_8_UUID_DROSO_04_SIM_19_M.jpg,0.54368932038835,3.27025,82635,5.20632779296875,SIM,19,M,4,val
DROSO_04_SIM_19_M,0.94693797826767,00_data/02_resized/crops/crop_2026-01-13_15-58-15.top_right_CROPNUMBER_7_UUID_DROSO_04_SIM_19_M.jpg,0.498886414253898,3.5639375,79826,5.0293498203125,SIM,19,M,4,val
DROSO_04_EQU_19_F,0.946939527988434,00_data/02_resized/crops/crop_2026-01-14_09-57-32.top_left_CROPNUMBER_3_UUID_DROSO_04_EQU_19_F.jpg,0.505643340857788,3.5163125,67719,4.26656152734375,EQU,19,F,4,val
DROSO_04_LUT_19_F,0.947078764438629,00_data/02_resized/crops/crop_2026-01-14_09-27-06.top_left_CROPNUMBER_1_UUID_DROSO_04_LUT_19_F.jpg,0.405063291139241,4.3894375,110992,6.9929295625,LUT,19,F,4,val
DROSO_04_EQU_19_M,0.947109341621399,00_data/02_resized/crops/crop_2026-01-14_09-57-32.top_right_CROPNUMBER_2_UUID_DROSO_04_EQU_19_M.jpg,0.490153172866521,3.6274375,86544,5.4526100625,EQU,19,M,4,val
DROSO_04_SIM_19_F,0.947122931480408,00_data/02_resized/crops/crop_2026-01-13_15-58-15.top_left_CROPNUMBER_3_UUID_DROSO_04_SIM_19_F.jpg,0.482758620689655,3.683,79211,4.99060241796875,SIM,19,F,4,val
DROSO_04_MEL_19_F,0.947314918041229,00_data/02_resized/crops/crop_2026-01-13_16-28-21.top_left_CROPNUMBER_2_UUID_DROSO_04_MEL_19_F.jpg,0.518518518518519,3.429,93519,5.89206230859375,MEL,19,F,4,val
DROSO_04_LUT_19_F,0.947659194469452,00_data/02_resized/crops/crop_2026-01-14_09-27-06.top_left_CROPNUMBER_0_UUID_DROSO_04_LUT_19_F.jpg,0.384879725085911,4.619625,119208,7.51056965625,LUT,19,F,4,val
DROSO_04_SIM_19_M,0.947885036468506,00_data/02_resized/crops/crop_2026-01-13_15-58-15.top_right_CROPNUMBER_6_UUID_DROSO_04_SIM_19_M.jpg,0.539759036144578,3.2940625,77296,4.8699499375,SIM,19,M,4,val
DROSO_04_SIM_19_F,0.94852477312088,00_data/02_resized/crops/crop_2026-01-13_15-58-15.top_left_CROPNUMBER_2_UUID_DROSO_04_SIM_19_F.jpg,0.472573839662447,3.762375,85626,5.3947724765625,SIM,19,F,4,val
DROSO_04_SIM_19_M,0.948657989501953,00_data/02_resized/crops/crop_2026-01-13_15-58-15.top_right_CROPNUMBER_5_UUID_DROSO_04_SIM_19_M.jpg,0.503370786516854,3.5321875,92013,5.79717842578125,SIM,19,M,4,val
DROSO_04_SIM_19_M,0.949322640895844,00_data/02_resized/crops/crop_2026-01-13_15-58-15.top_right_CROPNUMBER_4_UUID_DROSO_04_SIM_19_M.jpg,0.48068669527897,3.698875,73970,4.6603989453125,SIM,19,M,4,val
DROSO_04_EQU_19_F,0.949798941612244,00_data/02_resized/crops/crop_2026-01-14_09-57-32.top_left_CROPNUMBER_2_UUID_DROSO_04_EQU_19_F.jpg,0.5,3.556,74440,4.69001078125,EQU,19,F,4,val
DROSO_04_SIM_19_M,0.949844002723694,00_data/02_resized/crops/crop_2026-01-13_15-58-15.top_right_CROPNUMBER_3_UUID_DROSO_04_SIM_19_M.jpg,0.510250569476082,3.4845625,83790,5.2790973046875,SIM,19,M,4,val
DROSO_04_MEL_19_F,0.94986355304718,00_data/02_resized/crops/crop_2026-01-13_16-28-21.top_left_CROPNUMBER_1_UUID_DROSO_04_MEL_19_F.jpg,0.523364485981308,3.39725,86758,5.4660928984375,MEL,19,F,4,val
DROSO_04_SIM_19_M,0.950713396072388,00_data/02_resized/crops/crop_2026-01-13_15-58-15.top_right_CROPNUMBER_2_UUID_DROSO_04_SIM_19_M.jpg,0.514942528735632,3.4528125,86820,5.469999140625,SIM,19,M,4,val
DROSO_04_LUT_19_M,0.951081275939941,00_data/02_resized/crops/crop_2026-01-14_09-27-06.top_right_CROPNUMBER_0_UUID_DROSO_04_LUT_19_M.jpg,0.527058823529412,3.3734375,73555,4.63425232421875,LUT,19,M,4,val
DROSO_04_EQU_19_F,0.951310753822327,00_data/02_resized/crops/crop_2026-01-14_09-57-32.top_left_CROPNUMBER_1_UUID_DROSO_04_EQU_19_F.jpg,0.482758620689655,3.683,71570,4.5091895703125,EQU,19,F,4,val
DROSO_04_MEL_19_M,0.95137345790863,00_data/02_resized/crops/crop_2026-01-13_16-28-21.top_right_CROPNUMBER_0_UUID_DROSO_04_MEL_19_M.jpg,0.4880174291939,3.6433125,85006,5.3557100546875,MEL,19,M,4,val
DROSO_04_EQU_19_M,0.951693177223206,00_data/02_resized/crops/crop_2026-01-14_09-57-32.top_right_CROPNUMBER_1_UUID_DROSO_04_EQU_19_M.jpg,0.597333333333333,2.9765625,67328,4.241927,EQU,19,M,4,val
DROSO_04_SIM_19_F,0.951957106590271,00_data/02_resized/crops/crop_2026-01-13_15-58-15.top_left_CROPNUMBER_1_UUID_DROSO_04_SIM_19_F.jpg,0.5,3.556,80611,5.07880788671875,SIM,19,F,4,val
DROSO_04_SIM_19_F,0.951992213726044,00_data/02_resized/crops/crop_2026-01-13_15-58-15.top_left_CROPNUMBER_0_UUID_DROSO_04_SIM_19_F.jpg,0.497777777777778,3.571875,85075,5.36005732421875,SIM,19,F,4,val
DROSO_04_EQU_19_F,0.952053904533386,00_data/02_resized/crops/crop_2026-01-14_09-57-32.top_left_CROPNUMBER_0_UUID_DROSO_04_EQU_19_F.jpg,0.506787330316742,3.508375,76207,4.80133868359375,EQU,19,F,4,val
DROSO_04_EQU_19_M,0.952102661132812,00_data/02_resized/crops/crop_2026-01-14_09-57-32.top_right_CROPNUMBER_0_UUID_DROSO_04_EQU_19_M.jpg,0.55036855036855,3.2305625,69236,4.362138453125,EQU,19,M,4,val
DROSO_04_SIM_19_M,0.952173352241516,00_data/02_resized/crops/crop_2026-01-13_15-58-15.top_right_CROPNUMBER_1_UUID_DROSO_04_SIM_19_M.jpg,0.507936507936508,3.5004375,80677,5.08296614453125,SIM,19,M,4,val
DROSO_04_SIM_19_M,0.952352643013,00_data/02_resized/crops/crop_2026-01-13_15-58-15.top_right_CROPNUMBER_0_UUID_DROSO_04_SIM_19_M.jpg,0.501118568232662,3.5480625,83328,5.2499895,SIM,19,M,4,val
DROSO_04_MEL_19_F,0.955277383327484,00_data/02_resized/crops/crop_2026-01-13_16-28-21.top_left_CROPNUMBER_0_UUID_DROSO_04_MEL_19_F.jpg,0.472573839662447,3.762375,83702,5.2735529609375,MEL,19,F,4,val
DROSO_05_LUT_19_M,0.911824226379394,00_data/02_resized/crops/crop_2026-01-14_09-32-46.top_right_CROPNUMBER_46_UUID_DROSO_05_LUT_19_M.jpg,0.651162790697675,2.7305,42916,2.703875640625,LUT,19,M,5,test
DROSO_05_MEL_19_F,0.916504502296448,00_data/02_resized/crops/crop_2026-01-13_16-33-57.top_left_CROPNUMBER_16_UUID_DROSO_05_MEL_19_F.jpg,0.473572938689218,3.7544375,81129,5.11144391015625,MEL,19,F,5,test
DROSO_05_MEL_19_F,0.91804039478302,00_data/02_resized/crops/crop_2026-01-13_16-33-57.top_left_CROPNUMBER_15_UUID_DROSO_05_MEL_19_F.jpg,0.422641509433962,4.206875,90843,5.72346385546875,MEL,19,F,5,test
DROSO_05_MEL_19_M,0.919378817081451,00_data/02_resized/crops/crop_2026-01-13_16-33-57.top_right_CROPNUMBER_25_UUID_DROSO_05_MEL_19_M.jpg,0.484848484848485,3.667125,65980,4.156997734375,MEL,19,M,5,test
DROSO_05_LUT_19_M,0.921085774898529,00_data/02_resized/crops/crop_2026-01-14_09-32-46.top_right_CROPNUMBER_45_UUID_DROSO_05_LUT_19_M.jpg,0.475583864118896,3.7385625,89195,5.61963341796875,LUT,19,M,5,test
DROSO_05_EQU_19_M,0.922953009605408,00_data/02_resized/crops/crop_2026-01-14_10-03-10.top_right_CROPNUMBER_9_UUID_DROSO_05_EQU_19_M.jpg,0.534606205250597,3.3258125,56963,3.58889151171875,EQU,19,M,5,test
DROSO_05_MEL_19_F,0.923399806022644,00_data/02_resized/crops/crop_2026-01-13_16-33-57.top_left_CROPNUMBER_14_UUID_DROSO_05_MEL_19_F.jpg,0.427480916030534,4.15925,84405,5.31784470703125,MEL,19,F,5,test
DROSO_05_VIR_19_F,0.923428177833557,00_data/02_resized/crops/crop_2026-01-14_10-31-46.top_left_CROPNUMBER_9_UUID_DROSO_05_VIR_19_F.jpg,0.346213292117465,5.1355625,124001,7.81254737890625,VIR,19,F,5,test
DROSO_05_SIM_19_M,0.923440277576446,00_data/02_resized/crops/crop_2026-01-13_16-04-10.top_right_CROPNUMBER_18_UUID_DROSO_05_SIM_19_M.jpg,0.519721577726218,3.4210625,73329,4.62001344140625,SIM,19,M,5,test
DROSO_05_VIR_19_M,0.923657774925232,00_data/02_resized/crops/crop_2026-01-14_10-31-46.top_right_CROPNUMBER_13_UUID_DROSO_05_VIR_19_M.jpg,0.454361054766734,3.9131875,95887,6.04125555859375,VIR,19,M,5,test
DROSO_05_SIM_19_F,0.92370992898941,00_data/02_resized/crops/crop_2026-01-13_16-04-10.top_left_CROPNUMBER_23_UUID_DROSO_05_SIM_19_F.jpg,0.482758620689655,3.683,71791,4.52311343359375,SIM,19,F,5,test
DROSO_05_MEL_19_M,0.923714637756348,00_data/02_resized/crops/crop_2026-01-13_16-33-57.top_right_CROPNUMBER_24_UUID_DROSO_05_MEL_19_M.jpg,0.382905982905983,4.6434375,89139,5.61610519921875,MEL,19,M,5,test
DROSO_05_MEL_19_F,0.924754798412323,00_data/02_resized/crops/crop_2026-01-13_16-33-57.top_left_CROPNUMBER_13_UUID_DROSO_05_MEL_19_F.jpg,0.445328031809145,3.9925625,80399,5.06545105859375,MEL,19,F,5,test
DROSO_05_EQU_19_M,0.924817204475403,00_data/02_resized/crops/crop_2026-01-14_10-03-10.top_right_CROPNUMBER_8_UUID_DROSO_05_EQU_19_M.jpg,0.502242152466368,3.540125,60224,3.79434725,EQU,19,M,5,test
DROSO_05_MEL_19_M,0.925545752048492,00_data/02_resized/crops/crop_2026-01-13_16-33-57.top_right_CROPNUMBER_23_UUID_DROSO_05_MEL_19_M.jpg,0.41025641025641,4.333875,78982,4.9761745234375,MEL,19,M,5,test
DROSO_05_LUT_19_M,0.92587161064148,00_data/02_resized/crops/crop_2026-01-14_09-32-46.top_right_CROPNUMBER_44_UUID_DROSO_05_LUT_19_M.jpg,0.459016393442623,3.8735,66669,4.20040742578125,LUT,19,M,5,test
DROSO_05_VIR_19_F,0.92609179019928,00_data/02_resized/crops/crop_2026-01-14_10-31-46.top_left_CROPNUMBER_8_UUID_DROSO_05_VIR_19_F.jpg,0.370247933884298,4.8021875,111952,7.0534133125,VIR,19,F,5,test
DROSO_05_LUT_19_M,0.926313400268555,00_data/02_resized/crops/crop_2026-01-14_09-32-46.top_right_CROPNUMBER_43_UUID_DROSO_05_LUT_19_M.jpg,0.481720430107527,3.6909375,63723,4.01479791796875,LUT,19,M,5,test
DROSO_05_LUT_19_M,0.926440536975861,00_data/02_resized/crops/crop_2026-01-14_09-32-46.top_right_CROPNUMBER_42_UUID_DROSO_05_LUT_19_M.jpg,0.356687898089172,4.98475,96681,6.09128066015625,LUT,19,M,5,test
DROSO_05_LUT_19_M,0.926600992679596,00_data/02_resized/crops/crop_2026-01-14_09-32-46.top_right_CROPNUMBER_41_UUID_DROSO_05_LUT_19_M.jpg,0.578811369509044,3.0718125,65250,4.1110048828125,LUT,19,M,5,test
DROSO_05_VIR_19_F,0.926635205745697,00_data/02_resized/crops/crop_2026-01-14_10-31-46.top_left_CROPNUMBER_7_UUID_DROSO_05_VIR_19_F.jpg,0.376470588235294,4.7228125,99485,6.26794361328125,VIR,19,F,5,test
DROSO_05_SIM_19_M,0.926998734474182,00_data/02_resized/crops/crop_2026-01-13_16-04-10.top_right_CROPNUMBER_17_UUID_DROSO_05_SIM_19_M.jpg,0.620498614958449,2.8654375,63881,4.02475253515625,SIM,19,M,5,test
DROSO_05_SIM_19_M,0.927144646644592,00_data/02_resized/crops/crop_2026-01-13_16-04-10.top_right_CROPNUMBER_16_UUID_DROSO_05_SIM_19_M.jpg,0.532066508313539,3.3416875,68501,4.31583058203125,SIM,19,M,5,test
DROSO_05_MEL_19_M,0.927155196666718,00_data/02_resized/crops/crop_2026-01-13_16-33-57.top_right_CROPNUMBER_22_UUID_DROSO_05_MEL_19_M.jpg,0.468619246861925,3.794125,80070,5.0447227734375,MEL,19,M,5,test
DROSO_05_LUT_19_M,0.927250683307648,00_data/02_resized/crops/crop_2026-01-14_09-32-46.top_right_CROPNUMBER_40_UUID_DROSO_05_LUT_19_M.jpg,0.516129032258065,3.444875,73652,4.640363703125,LUT,19,M,5,test
DROSO_05_EQU_19_M,0.927387535572052,00_data/02_resized/crops/crop_2026-01-14_10-03-10.top_right_CROPNUMBER_7_UUID_DROSO_05_EQU_19_M.jpg,0.507936507936508,3.5004375,60351,3.80234874609375,EQU,19,M,5,test
DROSO_05_LUT_19_M,0.927914798259735,00_data/02_resized/crops/crop_2026-01-14_09-32-46.top_right_CROPNUMBER_39_UUID_DROSO_05_LUT_19_M.jpg,0.641833810888252,2.7701875,61480,3.87348015625,LUT,19,M,5,test
DROSO_05_LUT_19_M,0.928116798400879,00_data/02_resized/crops/crop_2026-01-14_09-32-46.top_right_CROPNUMBER_38_UUID_DROSO_05_LUT_19_M.jpg,0.459016393442623,3.8735,78113,4.92142412890625,LUT,19,M,5,test
DROSO_05_LUT_19_M,0.928189277648926,00_data/02_resized/crops/crop_2026-01-14_09-32-46.top_right_CROPNUMBER_37_UUID_DROSO_05_LUT_19_M.jpg,0.514942528735632,3.4528125,69406,4.3728491171875,LUT,19,M,5,test
DROSO_05_SIM_19_M,0.928678691387176,00_data/02_resized/crops/crop_2026-01-13_16-04-10.top_right_CROPNUMBER_15_UUID_DROSO_05_SIM_19_M.jpg,0.524590163934426,3.3893125,63715,4.01429388671875,SIM,19,M,5,test
DROSO_05_MEL_19_F,0.928700685501099,00_data/02_resized/crops/crop_2026-01-13_16-33-57.top_left_CROPNUMBER_12_UUID_DROSO_05_MEL_19_F.jpg,0.402877697841727,4.41325,105019,6.61660723046875,MEL,19,F,5,test
DROSO_05_LUT_19_M,0.9288689494133,00_data/02_resized/crops/crop_2026-01-14_09-32-46.top_right_CROPNUMBER_36_UUID_DROSO_05_LUT_19_M.jpg,0.464730290456432,3.825875,79117,4.98468005078125,LUT,19,M,5,test
DROSO_05_MEL_19_M,0.929072201251984,00_data/02_resized/crops/crop_2026-01-13_16-33-57.top_right_CROPNUMBER_21_UUID_DROSO_05_MEL_19_M.jpg,0.473572938689218,3.7544375,64242,4.0474969453125,MEL,19,M,5,test
DROSO_05_EQU_19_F,0.929090976715088,00_data/02_resized/crops/crop_2026-01-14_10-03-10.top_left_CROPNUMBER_12_UUID_DROSO_05_EQU_19_F.jpg,0.449799196787149,3.952875,98183,6.18591252734375,EQU,19,F,5,test
DROSO_05_EQU_19_M,0.929099202156067,00_data/02_resized/crops/crop_2026-01-14_10-03-10.top_right_CROPNUMBER_6_UUID_DROSO_05_EQU_19_M.jpg,0.525821596244132,3.381375,68098,4.2904400078125,EQU,19,M,5,test
DROSO_05_VIR_19_M,0.929125547409058,00_data/02_resized/crops/crop_2026-01-14_10-31-46.top_right_CROPNUMBER_12_UUID_DROSO_05_VIR_19_M.jpg,0.389565217391304,4.5640625,99739,6.28394660546875,VIR,19,M,5,test
DROSO_05_EQU_19_F,0.929138898849487,00_data/02_resized/crops/crop_2026-01-14_10-03-10.top_left_CROPNUMBER_11_UUID_DROSO_05_EQU_19_F.jpg,0.533333333333333,3.33375,69505,4.37908650390625,EQU,19,F,5,test
DROSO_05_SIM_19_F,0.929155349731445,00_data/02_resized/crops/crop_2026-01-13_16-04-10.top_left_CROPNUMBER_22_UUID_DROSO_05_SIM_19_F.jpg,0.482758620689655,3.683,72078,4.5411955546875,SIM,19,F,5,test
DROSO_05_LUT_19_M,0.929618954658508,00_data/02_resized/crops/crop_2026-01-14_09-32-46.top_right_CROPNUMBER_35_UUID_DROSO_05_LUT_19_M.jpg,0.514942528735632,3.4528125,60931,3.83889101171875,LUT,19,M,5,test
DROSO_05_LUT_19_M,0.929717242717743,00_data/02_resized/crops/crop_2026-01-14_09-32-46.top_right_CROPNUMBER_34_UUID_DROSO_05_LUT_19_M.jpg,0.4880174291939,3.6433125,75386,4.7496124765625,LUT,19,M,5,test
DROSO_05_LUT_19_M,0.929839849472046,00_data/02_resized/crops/crop_2026-01-14_09-32-46.top_right_CROPNUMBER_33_UUID_DROSO_05_LUT_19_M.jpg,0.584856396866841,3.0400625,65473,4.12505475390625,LUT,19,M,5,test
DROSO_05_LUT_19_M,0.929893493652344,00_data/02_resized/crops/crop_2026-01-14_09-32-46.top_right_CROPNUMBER_32_UUID_DROSO_05_LUT_19_M.jpg,0.506787330316742,3.508375,73417,4.62555778515625,LUT,19,M,5,test
DROSO_05_LUT_19_M,0.930204033851624,00_data/02_resized/crops/crop_2026-01-14_09-32-46.top_right_CROPNUMBER_31_UUID_DROSO_05_LUT_19_M.jpg,0.537170263788969,3.3099375,71559,4.50849652734375,LUT,19,M,5,test
DROSO_05_VIR_19_M,0.930424332618713,00_data/02_resized/crops/crop_2026-01-14_10-31-46.top_right_CROPNUMBER_11_UUID_DROSO_05_VIR_19_M.jpg,0.404332129963899,4.397375,96107,6.05511641796875,VIR,19,M,5,test
DROSO_05_LUT_19_F,0.930447041988373,00_data/02_resized/crops/crop_2026-01-14_09-32-46.top_left_CROPNUMBER_44_UUID_DROSO_05_LUT_19_F.jpg,0.459958932238193,3.8655625,92670,5.8385719921875,LUT,19,F,5,test
DROSO_05_LUT_19_F,0.930820226669312,00_data/02_resized/crops/crop_2026-01-14_09-32-46.top_left_CROPNUMBER_43_UUID_DROSO_05_LUT_19_F.jpg,0.442687747035573,4.016375,101939,6.42255519921875,LUT,19,F,5,test
DROSO_05_VIR_19_M,0.930898010730743,00_data/02_resized/crops/crop_2026-01-14_10-31-46.top_right_CROPNUMBER_10_UUID_DROSO_05_VIR_19_M.jpg,0.408014571948998,4.3576875,112342,7.0779848359375,VIR,19,M,5,test
DROSO_05_MEL_19_M,0.93108731508255,00_data/02_resized/crops/crop_2026-01-13_16-33-57.top_right_CROPNUMBER_20_UUID_DROSO_05_MEL_19_M.jpg,0.56,3.175,75289,4.74350109765625,MEL,19,M,5,test
DROSO_05_LUT_19_F,0.93111914396286,00_data/02_resized/crops/crop_2026-01-14_09-32-46.top_left_CROPNUMBER_42_UUID_DROSO_05_LUT_19_F.jpg,0.539759036144578,3.2940625,79947,5.03697329296875,LUT,19,F,5,test
DROSO_05_MEL_19_M,0.931422889232636,00_data/02_resized/crops/crop_2026-01-13_16-33-57.top_right_CROPNUMBER_19_UUID_DROSO_05_MEL_19_M.jpg,0.461855670103093,3.8496875,77476,4.881290640625,MEL,19,M,5,test
DROSO_05_SIM_19_M,0.931423425674438,00_data/02_resized/crops/crop_2026-01-13_16-04-10.top_right_CROPNUMBER_14_UUID_DROSO_05_SIM_19_M.jpg,0.505643340857788,3.5163125,67474,4.2511255703125,SIM,19,M,5,test
DROSO_05_VIR_19_M,0.931757152080536,00_data/02_resized/crops/crop_2026-01-14_10-31-46.top_right_CROPNUMBER_9_UUID_DROSO_05_VIR_19_M.jpg,0.38160136286201,4.6593125,107710,6.7861507421875,VIR,19,M,5,test
DROSO_05_VIR_19_F,0.931804597377777,00_data/02_resized/crops/crop_2026-01-14_10-31-46.top_left_CROPNUMBER_6_UUID_DROSO_05_VIR_19_F.jpg,0.356687898089172,4.98475,125896,7.93193978125,VIR,19,F,5,test
DROSO_05_MEL_19_F,0.931974232196808,00_data/02_resized/crops/crop_2026-01-13_16-33-57.top_left_CROPNUMBER_11_UUID_DROSO_05_MEL_19_F.jpg,0.431599229287091,4.1195625,92786,5.8458804453125,MEL,19,F,5,test
DROSO_05_LUT_19_M,0.931978166103363,00_data/02_resized/crops/crop_2026-01-14_09-32-46.top_right_CROPNUMBER_30_UUID_DROSO_05_LUT_19_M.jpg,0.594164456233422,2.9924375,68202,4.2969924140625,LUT,19,M,5,test
DROSO_05_LUT_19_M,0.932085156440735,00_data/02_resized/crops/crop_2026-01-14_09-32-46.top_right_CROPNUMBER_29_UUID_DROSO_05_LUT_19_M.jpg,0.483801295896328,3.6750625,71881,4.52878378515625,LUT,19,M,5,test
DROSO_05_MEL_19_M,0.932091176509857,00_data/02_resized/crops/crop_2026-01-13_16-33-57.top_right_CROPNUMBER_18_UUID_DROSO_05_MEL_19_M.jpg,0.483801295896328,3.6750625,75074,4.7299552578125,MEL,19,M,5,test
DROSO_05_LUT_19_M,0.932136833667755,00_data/02_resized/crops/crop_2026-01-14_09-32-46.top_right_CROPNUMBER_28_UUID_DROSO_05_LUT_19_M.jpg,0.466666666666667,3.81,88371,5.56771819921875,LUT,19,M,5,test
DROSO_05_SIM_19_F,0.932368695735931,00_data/02_resized/crops/crop_2026-01-13_16-04-10.top_left_CROPNUMBER_21_UUID_DROSO_05_SIM_19_F.jpg,0.469601677148847,3.7861875,80272,5.0574495625,SIM,19,F,5,test
DROSO_05_EQU_19_M,0.932372570037842,00_data/02_resized/crops/crop_2026-01-14_10-03-10.top_right_CROPNUMBER_5_UUID_DROSO_05_EQU_19_M.jpg,0.528301886792453,3.3655,68376,4.30795509375,EQU,19,M,5,test
DROSO_05_SIM_19_M,0.932393372058868,00_data/02_resized/crops/crop_2026-01-13_16-04-10.top_right_CROPNUMBER_13_UUID_DROSO_05_SIM_19_M.jpg,0.554455445544555,3.20675,79430,5.0044002734375,SIM,19,M,5,test
DROSO_05_SIM_19_M,0.932760894298554,00_data/02_resized/crops/crop_2026-01-13_16-04-10.top_right_CROPNUMBER_12_UUID_DROSO_05_SIM_19_M.jpg,0.565656565656566,3.14325,64721,4.07767581640625,SIM,19,M,5,test
DROSO_05_SIM_19_F,0.933136105537415,00_data/02_resized/crops/crop_2026-01-13_16-04-10.top_left_CROPNUMBER_20_UUID_DROSO_05_SIM_19_F.jpg,0.474576271186441,3.7465,92499,5.82779832421875,SIM,19,F,5,test
DROSO_05_SIM_19_F,0.933220207691193,00_data/02_resized/crops/crop_2026-01-13_16-04-10.top_left_CROPNUMBER_19_UUID_DROSO_05_SIM_19_F.jpg,0.468619246861925,3.794125,85126,5.3632705234375,SIM,19,F,5,test
DROSO_05_EQU_19_M,0.933241248130799,00_data/02_resized/crops/crop_2026-01-14_10-03-10.top_right_CROPNUMBER_4_UUID_DROSO_05_EQU_19_M.jpg,0.553086419753086,3.2146875,62386,3.9305616953125,EQU,19,M,5,test
DROSO_05_SIM_19_F,0.933248400688171,00_data/02_resized/crops/crop_2026-01-13_16-04-10.top_left_CROPNUMBER_18_UUID_DROSO_05_SIM_19_F.jpg,0.514942528735632,3.4528125,72156,4.546109859375,SIM,19,F,5,test
DROSO_05_MEL_19_M,0.933329701423645,00_data/02_resized/crops/crop_2026-01-13_16-33-57.top_right_CROPNUMBER_17_UUID_DROSO_05_MEL_19_M.jpg,0.492307692307692,3.6115625,68254,4.3002686171875,MEL,19,M,5,test
DROSO_05_MEL_19_M,0.933342218399048,00_data/02_resized/crops/crop_2026-01-13_16-33-57.top_right_CROPNUMBER_16_UUID_DROSO_05_MEL_19_M.jpg,0.468619246861925,3.794125,74498,4.6936650078125,MEL,19,M,5,test
DROSO_05_LUT_19_M,0.933382093906403,00_data/02_resized/crops/crop_2026-01-14_09-32-46.top_right_CROPNUMBER_27_UUID_DROSO_05_LUT_19_M.jpg,0.514942528735632,3.4528125,73255,4.61535115234375,LUT,19,M,5,test
DROSO_05_SIM_19_F,0.933720231056213,00_data/02_resized/crops/crop_2026-01-13_16-04-10.top_left_CROPNUMBER_17_UUID_DROSO_05_SIM_19_F.jpg,0.461855670103093,3.8496875,98920,6.23234640625,SIM,19,F,5,test
DROSO_05_LUT_19_F,0.933850824832916,00_data/02_resized/crops/crop_2026-01-14_09-32-46.top_left_CROPNUMBER_41_UUID_DROSO_05_LUT_19_F.jpg,0.364820846905537,4.873625,114459,7.21136410546875,LUT,19,F,5,test
DROSO_05_SIM_19_F,0.933920979499817,00_data/02_resized/crops/crop_2026-01-13_16-04-10.top_left_CROPNUMBER_16_UUID_DROSO_05_SIM_19_F.jpg,0.461855670103093,3.8496875,95377,6.00912356640625,SIM,19,F,5,test
DROSO_05_LUT_19_M,0.933928072452545,00_data/02_resized/crops/crop_2026-01-14_09-32-46.top_right_CROPNUMBER_26_UUID_DROSO_05_LUT_19_M.jpg,0.549019607843137,3.2385,65481,4.12555878515625,LUT,19,M,5,test
DROSO_05_VIR_19_M,0.934313356876373,00_data/02_resized/crops/crop_2026-01-14_10-31-46.top_right_CROPNUMBER_8_UUID_DROSO_05_VIR_19_M.jpg,0.339393939393939,5.23875,99942,6.2967363984375,VIR,19,M,5,test
DROSO_05_MEL_19_M,0.934323966503143,00_data/02_resized/crops/crop_2026-01-13_16-33-57.top_right_CROPNUMBER_15_UUID_DROSO_05_MEL_19_M.jpg,0.395061728395062,4.5005625,99445,6.26542345703125,MEL,19,M,5,test
DROSO_05_SIM_19_M,0.934386909008026,00_data/02_resized/crops/crop_2026-01-13_16-04-10.top_right_CROPNUMBER_11_UUID_DROSO_05_SIM_19_M.jpg,0.632768361581921,2.809875,71299,4.49211551171875,SIM,19,M,5,test
DROSO_05_LUT_19_F,0.934413373470306,00_data/02_resized/crops/crop_2026-01-14_09-32-46.top_left_CROPNUMBER_40_UUID_DROSO_05_LUT_19_F.jpg,0.527058823529412,3.3734375,73959,4.65970590234375,LUT,19,F,5,test
DROSO_05_SIM_19_F,0.93454647064209,00_data/02_resized/crops/crop_2026-01-13_16-04-10.top_left_CROPNUMBER_15_UUID_DROSO_05_SIM_19_F.jpg,0.461855670103093,3.8496875,83681,5.27222987890625,SIM,19,F,5,test
DROSO_05_LUT_19_M,0.934562087059021,00_data/02_resized/crops/crop_2026-01-14_09-32-46.top_right_CROPNUMBER_25_UUID_DROSO_05_LUT_19_M.jpg,0.454361054766734,3.9131875,87501,5.51290480078125,LUT,19,M,5,test
DROSO_05_VIR_19_M,0.934651792049408,00_data/02_resized/crops/crop_2026-01-14_10-31-46.top_right_CROPNUMBER_7_UUID_DROSO_05_VIR_19_M.jpg,0.386873920552677,4.5958125,106940,6.737637734375,VIR,19,M,5,test
DROSO_05_SIM_19_F,0.93475466966629,00_data/02_resized/crops/crop_2026-01-13_16-04-10.top_left_CROPNUMBER_14_UUID_DROSO_05_SIM_19_F.jpg,0.551724137931035,3.222625,72997,4.59909614453125,SIM,19,F,5,test
DROSO_05_SIM_19_F,0.934762895107269,00_data/02_resized/crops/crop_2026-01-13_16-04-10.top_left_CROPNUMBER_13_UUID_DROSO_05_SIM_19_F.jpg,0.503370786516854,3.5321875,69582,4.3839378046875,SIM,19,F,5,test
DROSO_05_SIM_19_F,0.935005366802216,00_data/02_resized/crops/crop_2026-01-13_16-04-10.top_left_CROPNUMBER_12_UUID_DROSO_05_SIM_19_F.jpg,0.470588235294118,3.77825,78945,4.97384337890625,SIM,19,F,5,test
DROSO_05_MEL_19_M,0.935066759586334,00_data/02_resized/crops/crop_2026-01-13_16-33-57.top_right_CROPNUMBER_14_UUID_DROSO_05_MEL_19_M.jpg,0.43579766536965,4.079875,90562,5.7057597578125,MEL,19,M,5,test
DROSO_05_LUT_19_M,0.935085713863373,00_data/02_resized/crops/crop_2026-01-14_09-32-46.top_right_CROPNUMBER_24_UUID_DROSO_05_LUT_19_M.jpg,0.55860349127182,3.1829375,71632,4.5130958125,LUT,19,M,5,test
DROSO_05_MEL_19_M,0.935119807720184,00_data/02_resized/crops/crop_2026-01-13_16-33-57.top_right_CROPNUMBER_13_UUID_DROSO_05_MEL_19_M.jpg,0.455284552845528,3.90525,88316,5.564252984375,MEL,19,M,5,test
DROSO_05_SIM_19_F,0.935338199138641,00_data/02_resized/crops/crop_2026-01-13_16-04-10.top_left_CROPNUMBER_11_UUID_DROSO_05_SIM_19_F.jpg,0.501118568232662,3.5480625,74662,4.7039976484375,SIM,19,F,5,test
DROSO_05_EQU_19_M,0.935434997081757,00_data/02_resized/crops/crop_2026-01-14_10-03-10.top_right_CROPNUMBER_3_UUID_DROSO_05_EQU_19_M.jpg,0.553086419753086,3.2146875,65944,4.15472959375,EQU,19,M,5,test
DROSO_05_MEL_19_M,0.935499787330627,00_data/02_resized/crops/crop_2026-01-13_16-33-57.top_right_CROPNUMBER_12_UUID_DROSO_05_MEL_19_M.jpg,0.498886414253898,3.5639375,76506,4.8201768515625,MEL,19,M,5,test
DROSO_05_MEL_19_F,0.935683369636536,00_data/02_resized/crops/crop_2026-01-13_16-33-57.top_left_CROPNUMBER_10_UUID_DROSO_05_MEL_19_F.jpg,0.477611940298507,3.7226875,92161,5.80650300390625,MEL,19,F,5,test
DROSO_05_LUT_19_F,0.935732483863831,00_data/02_resized/crops/crop_2026-01-14_09-32-46.top_left_CROPNUMBER_39_UUID_DROSO_05_LUT_19_F.jpg,0.314165497896213,5.6594375,116940,7.367676796875,LUT,19,F,5,test
DROSO_05_MEL_19_F,0.935757339000702,00_data/02_resized/crops/crop_2026-01-13_16-33-57.top_left_CROPNUMBER_9_UUID_DROSO_05_MEL_19_F.jpg,0.453441295546559,3.921125,84932,5.351047765625,MEL,19,F,5,test
DROSO_05_SIM_19_M,0.935896754264832,00_data/02_resized/crops/crop_2026-01-13_16-04-10.top_right_CROPNUMBER_10_UUID_DROSO_05_SIM_19_M.jpg,0.598930481283422,2.968625,58893,3.71048905078125,SIM,19,M,5,test
DROSO_05_VIR_19_M,0.936183094978332,00_data/02_resized/crops/crop_2026-01-14_10-31-46.top_right_CROPNUMBER_6_UUID_DROSO_05_VIR_19_M.jpg,0.366612111292962,4.8498125,146926,9.2569119296875,VIR,19,M,5,test
DROSO_05_EQU_19_F,0.9361851811409,00_data/02_resized/crops/crop_2026-01-14_10-03-10.top_left_CROPNUMBER_10_UUID_DROSO_05_EQU_19_F.jpg,0.567088607594937,3.1353125,58751,3.70154249609375,EQU,19,F,5,test
DROSO_05_SIM_19_M,0.936217904090881,00_data/02_resized/crops/crop_2026-01-13_16-04-10.top_right_CROPNUMBER_9_UUID_DROSO_05_SIM_19_M.jpg,0.574358974358974,3.095625,63491,4.00018101171875,SIM,19,M,5,test
DROSO_05_LUT_19_M,0.936374068260193,00_data/02_resized/crops/crop_2026-01-14_09-32-46.top_right_CROPNUMBER_23_UUID_DROSO_05_LUT_19_M.jpg,0.528301886792453,3.3655,77564,4.886834984375,LUT,19,M,5,test
DROSO_05_EQU_19_M,0.936471998691559,00_data/02_resized/crops/crop_2026-01-14_10-03-10.top_right_CROPNUMBER_2_UUID_DROSO_05_EQU_19_M.jpg,0.662721893491124,2.682875,52009,3.27677016015625,EQU,19,M,5,test
DROSO_05_MEL_19_M,0.936635196208954,00_data/02_resized/crops/crop_2026-01-13_16-33-57.top_right_CROPNUMBER_11_UUID_DROSO_05_MEL_19_M.jpg,0.484848484848485,3.667125,79573,5.01340983203125,MEL,19,M,5,test
DROSO_05_LUT_19_M,0.936731219291687,00_data/02_resized/crops/crop_2026-01-14_09-32-46.top_right_CROPNUMBER_22_UUID_DROSO_05_LUT_19_M.jpg,0.505643340857788,3.5163125,80538,5.0742086015625,LUT,19,M,5,test
DROSO_05_LUT_19_F,0.936812102794647,00_data/02_resized/crops/crop_2026-01-14_09-32-46.top_left_CROPNUMBER_38_UUID_DROSO_05_LUT_19_F.jpg,0.380952380952381,4.66725,107410,6.7672495703125,LUT,19,F,5,test
DROSO_05_LUT_19_F,0.936992824077606,00_data/02_resized/crops/crop_2026-01-14_09-32-46.top_left_CROPNUMBER_37_UUID_DROSO_05_LUT_19_F.jpg,0.48068669527897,3.698875,89863,5.66172002734375,LUT,19,F,5,test
DROSO_05_LUT_19_F,0.937012255191803,00_data/02_resized/crops/crop_2026-01-14_09-32-46.top_left_CROPNUMBER_36_UUID_DROSO_05_LUT_19_F.jpg,0.380305602716469,4.6751875,120973,7.62177155078125,LUT,19,F,5,test
DROSO_05_SIM_19_M,0.937239110469818,00_data/02_resized/crops/crop_2026-01-13_16-04-10.top_right_CROPNUMBER_8_UUID_DROSO_05_SIM_19_M.jpg,0.525821596244132,3.381375,71943,4.53269002734375,SIM,19,M,5,test
DROSO_05_SIM_19_F,0.937483310699463,00_data/02_resized/crops/crop_2026-01-13_16-04-10.top_left_CROPNUMBER_10_UUID_DROSO_05_SIM_19_F.jpg,0.529550827423168,3.3575625,80556,5.075342671875,SIM,19,F,5,test
DROSO_05_MEL_19_F,0.937533795833588,00_data/02_resized/crops/crop_2026-01-13_16-33-57.top_left_CROPNUMBER_8_UUID_DROSO_05_MEL_19_F.jpg,0.469601677148847,3.7861875,94042,5.9250133515625,MEL,19,F,5,test
DROSO_05_MEL_19_F,0.937567353248596,00_data/02_resized/crops/crop_2026-01-13_16-33-57.top_left_CROPNUMBER_7_UUID_DROSO_05_MEL_19_F.jpg,0.454361054766734,3.9131875,91739,5.77991535546875,MEL,19,F,5,test
DROSO_05_VIR_19_F,0.937581241130829,00_data/02_resized/crops/crop_2026-01-14_10-31-46.top_left_CROPNUMBER_5_UUID_DROSO_05_VIR_19_F.jpg,0.388214904679376,4.5799375,93503,5.89105424609375,VIR,19,F,5,test
DROSO_05_SIM_19_M,0.937605023384094,00_data/02_resized/crops/crop_2026-01-13_16-04-10.top_right_CROPNUMBER_7_UUID_DROSO_05_SIM_19_M.jpg,0.577319587628866,3.07975,77353,4.87354116015625,SIM,19,M,5,test
DROSO_05_MEL_19_M,0.937639951705933,00_data/02_resized/crops/crop_2026-01-13_16-33-57.top_right_CROPNUMBER_10_UUID_DROSO_05_MEL_19_M.jpg,0.498886414253898,3.5639375,69826,4.3993107578125,MEL,19,M,5,test
DROSO_05_VIR_19_M,0.937819421291351,00_data/02_resized/crops/crop_2026-01-14_10-31-46.top_right_CROPNUMBER_5_UUID_DROSO_05_VIR_19_M.jpg,0.362459546925566,4.905375,126440,7.96621390625,VIR,19,M,5,test
DROSO_05_LUT_19_M,0.93789792060852,00_data/02_resized/crops/crop_2026-01-14_09-32-46.top_right_CROPNUMBER_21_UUID_DROSO_05_LUT_19_M.jpg,0.451612903225806,3.937,76671,4.83057249609375,LUT,19,M,5,test
DROSO_05_LUT_19_F,0.937913656234741,00_data/02_resized/crops/crop_2026-01-14_09-32-46.top_left_CROPNUMBER_35_UUID_DROSO_05_LUT_19_F.jpg,0.340425531914894,5.222875,116393,7.33321366015625,LUT,19,F,5,test
DROSO_05_SIM_19_F,0.937970399856567,00_data/02_resized/crops/crop_2026-01-13_16-04-10.top_left_CROPNUMBER_9_UUID_DROSO_05_SIM_19_F.jpg,0.484848484848485,3.667125,88720,5.5897065625,SIM,19,F,5,test
DROSO_05_LUT_19_M,0.938084125518799,00_data/02_resized/crops/crop_2026-01-14_09-32-46.top_right_CROPNUMBER_20_UUID_DROSO_05_LUT_19_M.jpg,0.493392070484582,3.603625,76643,4.82880838671875,LUT,19,M,5,test
DROSO_05_SIM_19_M,0.938183665275574,00_data/02_resized/crops/crop_2026-01-13_16-04-10.top_right_CROPNUMBER_6_UUID_DROSO_05_SIM_19_M.jpg,0.524590163934426,3.3893125,73576,4.63557540625,SIM,19,M,5,test
DROSO_05_LUT_19_F,0.938216745853424,00_data/02_resized/crops/crop_2026-01-14_09-32-46.top_left_CROPNUMBER_34_UUID_DROSO_05_LUT_19_F.jpg,0.359550561797753,4.9450625,108639,6.84468137109375,LUT,19,F,5,test
DROSO_05_LUT_19_M,0.938443243503571,00_data/02_resized/crops/crop_2026-01-14_09-32-46.top_right_CROPNUMBER_19_UUID_DROSO_05_LUT_19_M.jpg,0.496674057649667,3.5798125,74806,4.7130702109375,LUT,19,M,5,test
DROSO_05_LUT_19_M,0.938605666160584,00_data/02_resized/crops/crop_2026-01-14_09-32-46.top_right_CROPNUMBER_18_UUID_DROSO_05_LUT_19_M.jpg,0.524590163934426,3.3893125,70375,4.43389990234375,LUT,19,M,5,test
DROSO_05_LUT_19_M,0.938701570034027,00_data/02_resized/crops/crop_2026-01-14_09-32-46.top_right_CROPNUMBER_17_UUID_DROSO_05_LUT_19_M.jpg,0.43579766536965,4.079875,102811,6.47749460546875,LUT,19,M,5,test
DROSO_05_LUT_19_F,0.938798129558563,00_data/02_resized/crops/crop_2026-01-14_09-32-46.top_left_CROPNUMBER_33_UUID_DROSO_05_LUT_19_F.jpg,0.466666666666667,3.81,128633,8.10438147265625,LUT,19,F,5,test
DROSO_05_VIR_19_F,0.938815355300903,00_data/02_resized/crops/crop_2026-01-14_10-31-46.top_left_CROPNUMBER_4_UUID_DROSO_05_VIR_19_F.jpg,0.413284132841328,4.302125,123233,7.76416037890625,VIR,19,F,5,test
DROSO_05_MEL_19_F,0.93884801864624,00_data/02_resized/crops/crop_2026-01-13_16-33-57.top_left_CROPNUMBER_6_UUID_DROSO_05_MEL_19_F.jpg,0.519721577726218,3.4210625,76201,4.80096066015625,MEL,19,F,5,test
DROSO_05_MEL_19_F,0.938880264759064,00_data/02_resized/crops/crop_2026-01-13_16-33-57.top_left_CROPNUMBER_5_UUID_DROSO_05_MEL_19_F.jpg,0.426666666666667,4.1671875,106232,6.69303096875,MEL,19,F,5,test
DROSO_05_VIR_19_F,0.938904047012329,00_data/02_resized/crops/crop_2026-01-14_10-31-46.top_left_CROPNUMBER_3_UUID_DROSO_05_VIR_19_F.jpg,0.448897795591182,3.9608125,102154,6.4361010390625,VIR,19,F,5,test
DROSO_05_LUT_19_M,0.938949346542358,00_data/02_resized/crops/crop_2026-01-14_09-32-46.top_right_CROPNUMBER_16_UUID_DROSO_05_LUT_19_M.jpg,0.477611940298507,3.7226875,76064,4.792329125,LUT,19,M,5,test
DROSO_05_LUT_19_M,0.939020156860352,00_data/02_resized/crops/crop_2026-01-14_09-32-46.top_right_CROPNUMBER_15_UUID_DROSO_05_LUT_19_M.jpg,0.546341463414634,3.254375,82073,5.17091959765625,LUT,19,M,5,test
DROSO_05_EQU_19_F,0.939036905765533,00_data/02_resized/crops/crop_2026-01-14_10-03-10.top_left_CROPNUMBER_9_UUID_DROSO_05_EQU_19_F.jpg,0.4234404536862,4.1989375,92645,5.83699689453125,EQU,19,F,5,test
DROSO_05_LUT_19_F,0.939070403575897,00_data/02_resized/crops/crop_2026-01-14_09-32-46.top_left_CROPNUMBER_32_UUID_DROSO_05_LUT_19_F.jpg,0.432432432432432,4.111625,111271,7.01050765234375,LUT,19,F,5,test
DROSO_05_SIM_19_M,0.939080834388733,00_data/02_resized/crops/crop_2026-01-13_16-04-10.top_right_CROPNUMBER_5_UUID_DROSO_05_SIM_19_M.jpg,0.594164456233422,2.9924375,73078,4.6041994609375,SIM,19,M,5,test
DROSO_05_EQU_19_F,0.939109444618225,00_data/02_resized/crops/crop_2026-01-14_10-03-10.top_left_CROPNUMBER_8_UUID_DROSO_05_EQU_19_F.jpg,0.41635687732342,4.270375,91279,5.75093355859375,EQU,19,F,5,test
DROSO_05_LUT_19_F,0.939139366149903,00_data/02_resized/crops/crop_2026-01-14_09-32-46.top_left_CROPNUMBER_31_UUID_DROSO_05_LUT_19_F.jpg,0.414048059149723,4.2941875,107155,6.75118357421875,LUT,19,F,5,test
DROSO_05_LUT_19_M,0.939181327819824,00_data/02_resized/crops/crop_2026-01-14_09-32-46.top_right_CROPNUMBER_14_UUID_DROSO_05_LUT_19_M.jpg,0.493392070484582,3.603625,68848,4.3376929375,LUT,19,M,5,test
DROSO_05_VIR_19_M,0.939191818237305,00_data/02_resized/crops/crop_2026-01-14_10-31-46.top_right_CROPNUMBER_4_UUID_DROSO_05_VIR_19_M.jpg,0.380952380952381,4.66725,122700,7.730579296875,VIR,19,M,5,test
DROSO_05_LUT_19_F,0.939230024814606,00_data/02_resized/crops/crop_2026-01-14_09-32-46.top_left_CROPNUMBER_30_UUID_DROSO_05_LUT_19_F.jpg,0.403603603603604,4.4053125,102091,6.43213179296875,LUT,19,F,5,test
DROSO_05_MEL_19_F,0.939282834529877,00_data/02_resized/crops/crop_2026-01-13_16-33-57.top_left_CROPNUMBER_4_UUID_DROSO_05_MEL_19_F.jpg,0.448,3.96875,101755,6.41096248046875,MEL,19,F,5,test
DROSO_05_VIR_19_M,0.939379870891571,00_data/02_resized/crops/crop_2026-01-14_10-31-46.top_right_CROPNUMBER_3_UUID_DROSO_05_VIR_19_M.jpg,0.403603603603604,4.4053125,114125,7.19032080078125,VIR,19,M,5,test
DROSO_05_EQU_19_F,0.939446568489075,00_data/02_resized/crops/crop_2026-01-14_10-03-10.top_left_CROPNUMBER_7_UUID_DROSO_05_EQU_19_F.jpg,0.510250569476082,3.4845625,98950,6.2342365234375,EQU,19,F,5,test
DROSO_05_SIM_19_M,0.939666211605072,00_data/02_resized/crops/crop_2026-01-13_16-04-10.top_right_CROPNUMBER_4_UUID_DROSO_05_SIM_19_M.jpg,0.541062801932367,3.286125,76332,4.809214171875,SIM,19,M,5,test
DROSO_05_EQU_19_M,0.939773797988892,00_data/02_resized/crops/crop_2026-01-14_10-03-10.top_right_CROPNUMBER_1_UUID_DROSO_05_EQU_19_M.jpg,0.533333333333333,3.33375,63995,4.03193498046875,EQU,19,M,5,test
DROSO_05_EQU_19_F,0.939804971218109,00_data/02_resized/crops/crop_2026-01-14_10-03-10.top_left_CROPNUMBER_6_UUID_DROSO_05_EQU_19_F.jpg,0.4234404536862,4.1989375,101221,6.37731839453125,EQU,19,F,5,test
DROSO_05_LUT_19_F,0.939877092838287,00_data/02_resized/crops/crop_2026-01-14_09-32-46.top_left_CROPNUMBER_29_UUID_DROSO_05_LUT_19_F.jpg,0.417910447761194,4.2545,106820,6.730077265625,LUT,19,F,5,test
DROSO_05_LUT_19_F,0.93993204832077,00_data/02_resized/crops/crop_2026-01-14_09-32-46.top_left_CROPNUMBER_28_UUID_DROSO_05_LUT_19_F.jpg,0.460905349794239,3.857625,85571,5.39130726171875,LUT,19,F,5,test
DROSO_05_LUT_19_M,0.939949333667755,00_data/02_resized/crops/crop_2026-01-14_09-32-46.top_right_CROPNUMBER_13_UUID_DROSO_05_LUT_19_M.jpg,0.471578947368421,3.7703125,92072,5.80089565625,LUT,19,M,5,test
DROSO_05_LUT_19_F,0.940008103847504,00_data/02_resized/crops/crop_2026-01-14_09-32-46.top_left_CROPNUMBER_27_UUID_DROSO_05_LUT_19_F.jpg,0.354430379746835,5.0165,124764,7.860619359375,LUT,19,F,5,test
DROSO_05_LUT_19_F,0.940134108066559,00_data/02_resized/crops/crop_2026-01-14_09-32-46.top_left_CROPNUMBER_26_UUID_DROSO_05_LUT_19_F.jpg,0.405797101449275,4.3815,119641,7.53785034765625,LUT,19,F,5,test
DROSO_05_LUT_19_M,0.940229773521423,00_data/02_resized/crops/crop_2026-01-14_09-32-46.top_right_CROPNUMBER_12_UUID_DROSO_05_LUT_19_M.jpg,0.507936507936508,3.5004375,76894,4.8446223671875,LUT,19,M,5,test
DROSO_05_LUT_19_M,0.940323293209076,00_data/02_resized/crops/crop_2026-01-14_09-32-46.top_right_CROPNUMBER_11_UUID_DROSO_05_LUT_19_M.jpg,0.554455445544555,3.20675,79326,4.9978478671875,LUT,19,M,5,test
DROSO_05_VIR_19_M,0.940407395362854,00_data/02_resized/crops/crop_2026-01-14_10-31-46.top_right_CROPNUMBER_2_UUID_DROSO_05_VIR_19_M.jpg,0.420262664165103,4.2306875,116411,7.33434773046875,VIR,19,M,5,test
DROSO_05_LUT_19_F,0.940508604049683,00_data/02_resized/crops/crop_2026-01-14_09-32-46.top_left_CROPNUMBER_25_UUID_DROSO_05_LUT_19_F.jpg,0.367213114754098,4.841875,115497,7.27676216015625,LUT,19,F,5,test
DROSO_05_LUT_19_F,0.940580308437347,00_data/02_resized/crops/crop_2026-01-14_09-32-46.top_left_CROPNUMBER_24_UUID_DROSO_05_LUT_19_F.jpg,0.367213114754098,4.841875,118366,7.4575203671875,LUT,19,F,5,test
DROSO_05_LUT_19_F,0.940657734870911,00_data/02_resized/crops/crop_2026-01-14_09-32-46.top_left_CROPNUMBER_23_UUID_DROSO_05_LUT_19_F.jpg,0.425047438330171,4.1830625,113268,7.136326453125,LUT,19,F,5,test
DROSO_05_VIR_19_F,0.940658569335938,00_data/02_resized/crops/crop_2026-01-14_10-31-46.top_left_CROPNUMBER_2_UUID_DROSO_05_VIR_19_F.jpg,0.361873990306947,4.9133125,119361,7.52020925390625,VIR,19,F,5,test
DROSO_05_SIM_19_M,0.940729260444641,00_data/02_resized/crops/crop_2026-01-13_16-04-10.top_right_CROPNUMBER_3_UUID_DROSO_05_SIM_19_M.jpg,0.574358974358974,3.095625,63208,3.98235090625,SIM,19,M,5,test
DROSO_05_LUT_19_M,0.940819561481476,00_data/02_resized/crops/crop_2026-01-14_09-32-46.top_right_CROPNUMBER_10_UUID_DROSO_05_LUT_19_M.jpg,0.562814070351759,3.159125,76554,4.8232010390625,LUT,19,M,5,test
DROSO_05_LUT_19_F,0.940963506698608,00_data/02_resized/crops/crop_2026-01-14_09-32-46.top_left_CROPNUMBER_22_UUID_DROSO_05_LUT_19_F.jpg,0.4,4.445,109236,6.882294703125,LUT,19,F,5,test
DROSO_05_LUT_19_M,0.941062152385712,00_data/02_resized/crops/crop_2026-01-14_09-32-46.top_right_CROPNUMBER_9_UUID_DROSO_05_LUT_19_M.jpg,0.476595744680851,3.730625,83594,5.2667485390625,LUT,19,M,5,test
DROSO_05_LUT_19_F,0.941147744655609,00_data/02_resized/crops/crop_2026-01-14_09-32-46.top_left_CROPNUMBER_21_UUID_DROSO_05_LUT_19_F.jpg,0.394366197183099,4.5085,111879,7.04881402734375,LUT,19,F,5,test
DROSO_05_MEL_19_M,0.941205322742462,00_data/02_resized/crops/crop_2026-01-13_16-33-57.top_right_CROPNUMBER_9_UUID_DROSO_05_MEL_19_M.jpg,0.492307692307692,3.6115625,72019,4.53747832421875,MEL,19,M,5,test
DROSO_05_LUT_19_F,0.941270351409912,00_data/02_resized/crops/crop_2026-01-14_09-32-46.top_left_CROPNUMBER_20_UUID_DROSO_05_LUT_19_F.jpg,0.445328031809145,3.9925625,96254,6.0643779921875,LUT,19,F,5,test
DROSO_05_LUT_19_F,0.941621005535126,00_data/02_resized/crops/crop_2026-01-14_09-32-46.top_left_CROPNUMBER_19_UUID_DROSO_05_LUT_19_F.jpg,0.373956594323873,4.7545625,113841,7.17242769140625,LUT,19,F,5,test
DROSO_05_LUT_19_F,0.941621661186218,00_data/02_resized/crops/crop_2026-01-14_09-32-46.top_left_CROPNUMBER_18_UUID_DROSO_05_LUT_19_F.jpg,0.395759717314488,4.492625,125436,7.902957984375,LUT,19,F,5,test
DROSO_05_MEL_19_F,0.941751897335052,00_data/02_resized/crops/crop_2026-01-13_16-33-57.top_left_CROPNUMBER_3_UUID_DROSO_05_MEL_19_F.jpg,0.42911877394636,4.143375,128342,8.0860473359375,MEL,19,F,5,test
DROSO_05_SIM_19_M,0.941791236400604,00_data/02_resized/crops/crop_2026-01-13_16-04-10.top_right_CROPNUMBER_2_UUID_DROSO_05_SIM_19_M.jpg,0.529550827423168,3.3575625,67789,4.27097180078125,SIM,19,M,5,test
DROSO_05_LUT_19_F,0.941855728626251,00_data/02_resized/crops/crop_2026-01-14_09-32-46.top_left_CROPNUMBER_17_UUID_DROSO_05_LUT_19_F.jpg,0.434108527131783,4.09575,105658,6.6568667265625,LUT,19,F,5,test
DROSO_05_LUT_19_M,0.94186133146286,00_data/02_resized/crops/crop_2026-01-14_09-32-46.top_right_CROPNUMBER_8_UUID_DROSO_05_LUT_19_M.jpg,0.529550827423168,3.3575625,82735,5.21262818359375,LUT,19,M,5,test
DROSO_05_LUT_19_F,0.94196754693985,00_data/02_resized/crops/crop_2026-01-14_09-32-46.top_left_CROPNUMBER_16_UUID_DROSO_05_LUT_19_F.jpg,0.402154398563734,4.4211875,127471,8.03117093359375,LUT,19,F,5,test
DROSO_05_LUT_19_M,0.942100286483765,00_data/02_resized/crops/crop_2026-01-14_09-32-46.top_right_CROPNUMBER_7_UUID_DROSO_05_LUT_19_M.jpg,0.454361054766734,3.9131875,76649,4.82918641015625,LUT,19,M,5,test
DROSO_05_LUT_19_M,0.94212156534195,00_data/02_resized/crops/crop_2026-01-14_09-32-46.top_right_CROPNUMBER_6_UUID_DROSO_05_LUT_19_M.jpg,0.494481236203091,3.5956875,68230,4.2987565234375,LUT,19,M,5,test
DROSO_05_LUT_19_F,0.942197978496552,00_data/02_resized/crops/crop_2026-01-14_09-32-46.top_left_CROPNUMBER_15_UUID_DROSO_05_LUT_19_F.jpg,0.440944881889764,4.03225,97464,6.14061271875,LUT,19,F,5,test
DROSO_05_LUT_19_F,0.942525625228882,00_data/02_resized/crops/crop_2026-01-14_09-32-46.top_left_CROPNUMBER_14_UUID_DROSO_05_LUT_19_F.jpg,0.42911877394636,4.143375,98833,6.22686506640625,LUT,19,F,5,test
DROSO_05_SIM_19_F,0.942766070365906,00_data/02_resized/crops/crop_2026-01-13_16-04-10.top_left_CROPNUMBER_8_UUID_DROSO_05_SIM_19_F.jpg,0.474576271186441,3.7465,97087,6.11686024609375,SIM,19,F,5,test
DROSO_05_EQU_19_F,0.942893445491791,00_data/02_resized/crops/crop_2026-01-14_10-03-10.top_left_CROPNUMBER_5_UUID_DROSO_05_EQU_19_F.jpg,0.448897795591182,3.9608125,90238,5.6853464921875,EQU,19,F,5,test
DROSO_05_VIR_19_M,0.942931175231934,00_data/02_resized/crops/crop_2026-01-14_10-31-46.top_right_CROPNUMBER_1_UUID_DROSO_05_VIR_19_M.jpg,0.358974358974359,4.953,115051,7.24866241796875,VIR,19,M,5,test
DROSO_05_LUT_19_F,0.942995190620422,00_data/02_resized/crops/crop_2026-01-14_09-32-46.top_left_CROPNUMBER_13_UUID_DROSO_05_LUT_19_F.jpg,0.3584,4.9609375,115120,7.2530096875,LUT,19,F,5,test
DROSO_05_LUT_19_M,0.943026483058929,00_data/02_resized/crops/crop_2026-01-14_09-32-46.top_right_CROPNUMBER_5_UUID_DROSO_05_LUT_19_M.jpg,0.491228070175439,3.6195,70348,4.432198796875,LUT,19,M,5,test
DROSO_05_LUT_19_F,0.943061351776123,00_data/02_resized/crops/crop_2026-01-14_09-32-46.top_left_CROPNUMBER_12_UUID_DROSO_05_LUT_19_F.jpg,0.405797101449275,4.3815,113506,7.1513213828125,LUT,19,F,5,test
DROSO_05_SIM_19_F,0.943146049976349,00_data/02_resized/crops/crop_2026-01-13_16-04-10.top_left_CROPNUMBER_7_UUID_DROSO_05_SIM_19_F.jpg,0.509090909090909,3.4925,82908,5.223527859375,SIM,19,F,5,test
DROSO_05_LUT_19_F,0.943199098110199,00_data/02_resized/crops/crop_2026-01-14_09-32-46.top_left_CROPNUMBER_11_UUID_DROSO_05_LUT_19_F.jpg,0.41025641025641,4.333875,117923,7.42960963671875,LUT,19,F,5,test
DROSO_05_LUT_19_F,0.943437218666077,00_data/02_resized/crops/crop_2026-01-14_09-32-46.top_left_CROPNUMBER_10_UUID_DROSO_05_LUT_19_F.jpg,0.477611940298507,3.7226875,86059,5.42205316796875,LUT,19,F,5,test
DROSO_05_VIR_19_F,0.943458676338196,00_data/02_resized/crops/crop_2026-01-14_10-31-46.top_left_CROPNUMBER_1_UUID_DROSO_05_VIR_19_F.jpg,0.375209380234506,4.7386875,145984,9.19756225,VIR,19,F,5,test
DROSO_05_LUT_19_F,0.943526804447174,00_data/02_resized/crops/crop_2026-01-14_09-32-46.top_left_CROPNUMBER_9_UUID_DROSO_05_LUT_19_F.jpg,0.459016393442623,3.8735,93209,5.87253109765625,LUT,19,F,5,test
DROSO_05_LUT_19_M,0.943697154521942,00_data/02_resized/crops/crop_2026-01-14_09-32-46.top_right_CROPNUMBER_4_UUID_DROSO_05_LUT_19_M.jpg,0.514942528735632,3.4528125,80660,5.081895078125,LUT,19,M,5,test
DROSO_05_EQU_19_F,0.94379198551178,00_data/02_resized/crops/crop_2026-01-14_10-03-10.top_left_CROPNUMBER_4_UUID_DROSO_05_EQU_19_F.jpg,0.397868561278863,4.4688125,111358,7.0159889921875,EQU,19,F,5,test
DROSO_05_MEL_19_M,0.944000482559204,00_data/02_resized/crops/crop_2026-01-13_16-33-57.top_right_CROPNUMBER_8_UUID_DROSO_05_MEL_19_M.jpg,0.481720430107527,3.6909375,76419,4.81469551171875,MEL,19,M,5,test
DROSO_05_LUT_19_F,0.944187045097351,00_data/02_resized/crops/crop_2026-01-14_09-32-46.top_left_CROPNUMBER_8_UUID_DROSO_05_LUT_19_F.jpg,0.430769230769231,4.1275,97405,6.13689548828125,LUT,19,F,5,test
DROSO_05_VIR_19_M,0.94429874420166,00_data/02_resized/crops/crop_2026-01-14_10-31-46.top_right_CROPNUMBER_0_UUID_DROSO_05_VIR_19_M.jpg,0.371475953565506,4.7863125,119256,7.51359384375,VIR,19,M,5,test
DROSO_05_LUT_19_F,0.944538414478302,00_data/02_resized/crops/crop_2026-01-14_09-32-46.top_left_CROPNUMBER_7_UUID_DROSO_05_LUT_19_F.jpg,0.372712146422629,4.7704375,128567,8.10022321484375,LUT,19,F,5,test
DROSO_05_MEL_19_F,0.944663465023041,00_data/02_resized/crops/crop_2026-01-13_16-33-57.top_left_CROPNUMBER_2_UUID_DROSO_05_MEL_19_F.jpg,0.475583864118896,3.7385625,84046,5.2952263046875,MEL,19,F,5,test
DROSO_05_LUT_19_M,0.945181846618653,00_data/02_resized/crops/crop_2026-01-14_09-32-46.top_right_CROPNUMBER_3_UUID_DROSO_05_LUT_19_M.jpg,0.459958932238193,3.8655625,98118,6.1818172734375,LUT,19,M,5,test
DROSO_05_MEL_19_M,0.945256531238556,00_data/02_resized/crops/crop_2026-01-13_16-33-57.top_right_CROPNUMBER_7_UUID_DROSO_05_MEL_19_M.jpg,0.484848484848485,3.667125,71286,4.4912964609375,MEL,19,M,5,test
DROSO_05_MEL_19_F,0.94539225101471,00_data/02_resized/crops/crop_2026-01-13_16-33-57.top_left_CROPNUMBER_1_UUID_DROSO_05_MEL_19_F.jpg,0.491228070175439,3.6195,84980,5.354071953125,MEL,19,F,5,test
DROSO_05_LUT_19_F,0.945596635341644,00_data/02_resized/crops/crop_2026-01-14_09-32-46.top_left_CROPNUMBER_6_UUID_DROSO_05_LUT_19_F.jpg,0.353870458135861,5.0244375,91988,5.795603328125,LUT,19,F,5,test
DROSO_05_EQU_19_M,0.945693731307983,00_data/02_resized/crops/crop_2026-01-14_10-03-10.top_right_CROPNUMBER_0_UUID_DROSO_05_EQU_19_M.jpg,0.654970760233918,2.714625,62633,3.94612366015625,EQU,19,M,5,test
DROSO_05_MEL_19_M,0.945981919765472,00_data/02_resized/crops/crop_2026-01-13_16-33-57.top_right_CROPNUMBER_6_UUID_DROSO_05_MEL_19_M.jpg,0.464730290456432,3.825875,81351,5.12543077734375,MEL,19,M,5,test
DROSO_05_LUT_19_F,0.946142554283142,00_data/02_resized/crops/crop_2026-01-14_09-32-46.top_left_CROPNUMBER_5_UUID_DROSO_05_LUT_19_F.jpg,0.475583864118896,3.7385625,94094,5.9282895546875,LUT,19,F,5,test
DROSO_05_LUT_19_F,0.946255266666412,00_data/02_resized/crops/crop_2026-01-14_09-32-46.top_left_CROPNUMBER_4_UUID_DROSO_05_LUT_19_F.jpg,0.43921568627451,4.048125,110834,6.9829749453125,LUT,19,F,5,test
DROSO_05_SIM_19_F,0.946438729763031,00_data/02_resized/crops/crop_2026-01-13_16-04-10.top_left_CROPNUMBER_6_UUID_DROSO_05_SIM_19_F.jpg,0.48068669527897,3.698875,87053,5.48467905078125,SIM,19,F,5,test
DROSO_05_LUT_19_F,0.94662219285965,00_data/02_resized/crops/crop_2026-01-14_09-32-46.top_left_CROPNUMBER_3_UUID_DROSO_05_LUT_19_F.jpg,0.41635687732342,4.270375,110915,6.98807826171875,LUT,19,F,5,test
DROSO_05_LUT_19_F,0.946655333042145,00_data/02_resized/crops/crop_2026-01-14_09-32-46.top_left_CROPNUMBER_2_UUID_DROSO_05_LUT_19_F.jpg,0.398576512455516,4.460875,122454,7.7150803359375,LUT,19,F,5,test
DROSO_05_MEL_19_M,0.946791112422943,00_data/02_resized/crops/crop_2026-01-13_16-33-57.top_right_CROPNUMBER_5_UUID_DROSO_05_MEL_19_M.jpg,0.470588235294118,3.77825,88563,5.57981494921875,MEL,19,M,5,test
DROSO_05_SIM_19_F,0.94721907377243,00_data/02_resized/crops/crop_2026-01-13_16-04-10.top_left_CROPNUMBER_5_UUID_DROSO_05_SIM_19_F.jpg,0.490153172866521,3.6274375,85868,5.410019421875,SIM,19,F,5,test
DROSO_05_SIM_19_F,0.947333633899689,00_data/02_resized/crops/crop_2026-01-13_16-04-10.top_left_CROPNUMBER_4_UUID_DROSO_05_SIM_19_F.jpg,0.470588235294118,3.77825,78082,4.9194710078125,SIM,19,F,5,test
DROSO_05_EQU_19_F,0.947499930858612,00_data/02_resized/crops/crop_2026-01-14_10-03-10.top_left_CROPNUMBER_3_UUID_DROSO_05_EQU_19_F.jpg,0.436647173489279,4.0719375,85021,5.35665511328125,EQU,19,F,5,test
DROSO_05_MEL_19_M,0.947793126106262,00_data/02_resized/crops/crop_2026-01-13_16-33-57.top_right_CROPNUMBER_4_UUID_DROSO_05_MEL_19_M.jpg,0.495575221238938,3.58775,70392,4.43497096875,MEL,19,M,5,test
DROSO_05_MEL_19_M,0.947850227355957,00_data/02_resized/crops/crop_2026-01-13_16-33-57.top_right_CROPNUMBER_3_UUID_DROSO_05_MEL_19_M.jpg,0.48695652173913,3.65125,76356,4.810726265625,MEL,19,M,5,test
DROSO_05_VIR_19_F,0.948080539703369,00_data/02_resized/crops/crop_2026-01-14_10-31-46.top_left_CROPNUMBER_0_UUID_DROSO_05_VIR_19_F.jpg,0.38160136286201,4.6593125,143520,9.042320625,VIR,19,F,5,test
DROSO_05_LUT_19_F,0.948218882083893,00_data/02_resized/crops/crop_2026-01-14_09-32-46.top_left_CROPNUMBER_1_UUID_DROSO_05_LUT_19_F.jpg,0.417910447761194,4.2545,123997,7.81229536328125,LUT,19,F,5,test
DROSO_05_LUT_19_F,0.948318064212799,00_data/02_resized/crops/crop_2026-01-14_09-32-46.top_left_CROPNUMBER_0_UUID_DROSO_05_LUT_19_F.jpg,0.421052631578947,4.22275,110153,6.94006928515625,LUT,19,F,5,test
DROSO_05_SIM_19_M,0.948702394962311,00_data/02_resized/crops/crop_2026-01-13_16-04-10.top_right_CROPNUMBER_1_UUID_DROSO_05_SIM_19_M.jpg,0.507936507936508,3.5004375,80184,5.05190521875,SIM,19,M,5,test
DROSO_05_MEL_19_F,0.949138462543488,00_data/02_resized/crops/crop_2026-01-13_16-33-57.top_left_CROPNUMBER_0_UUID_DROSO_05_MEL_19_F.jpg,0.4375,4.064,89503,5.63903862109375,MEL,19,F,5,test
DROSO_05_EQU_19_F,0.950489282608032,00_data/02_resized/crops/crop_2026-01-14_10-03-10.top_left_CROPNUMBER_2_UUID_DROSO_05_EQU_19_F.jpg,0.519721577726218,3.4210625,80949,5.10010320703125,EQU,19,F,5,test
DROSO_05_MEL_19_M,0.950759172439575,00_data/02_resized/crops/crop_2026-01-13_16-33-57.top_right_CROPNUMBER_2_UUID_DROSO_05_MEL_19_M.jpg,0.519721577726218,3.4210625,77189,4.86320851953125,MEL,19,M,5,test
DROSO_05_LUT_19_M,0.951717436313629,00_data/02_resized/crops/crop_2026-01-14_09-32-46.top_right_CROPNUMBER_2_UUID_DROSO_05_LUT_19_M.jpg,0.5,3.556,77376,4.87499025,LUT,19,M,5,test
DROSO_05_SIM_19_F,0.951817572116852,00_data/02_resized/crops/crop_2026-01-13_16-04-10.top_left_CROPNUMBER_3_UUID_DROSO_05_SIM_19_F.jpg,0.524590163934426,3.3893125,84062,5.2962343671875,SIM,19,F,5,test
DROSO_05_SIM_19_F,0.952031135559082,00_data/02_resized/crops/crop_2026-01-13_16-04-10.top_left_CROPNUMBER_2_UUID_DROSO_05_SIM_19_F.jpg,0.501118568232662,3.5480625,84642,5.3327766328125,SIM,19,F,5,test
DROSO_05_MEL_19_M,0.952179193496704,00_data/02_resized/crops/crop_2026-01-13_16-33-57.top_right_CROPNUMBER_1_UUID_DROSO_05_MEL_19_M.jpg,0.503370786516854,3.5321875,81621,5.14244183203125,MEL,19,M,5,test
DROSO_05_SIM_19_F,0.952440559864044,00_data/02_resized/crops/crop_2026-01-13_16-04-10.top_left_CROPNUMBER_1_UUID_DROSO_05_SIM_19_F.jpg,0.493392070484582,3.603625,92853,5.85010170703125,SIM,19,F,5,test
DROSO_05_EQU_19_F,0.95272171497345,00_data/02_resized/crops/crop_2026-01-14_10-03-10.top_left_CROPNUMBER_1_UUID_DROSO_05_EQU_19_F.jpg,0.528301886792453,3.3655,70117,4.41764489453125,EQU,19,F,5,test
DROSO_05_SIM_19_M,0.9530428647995,00_data/02_resized/crops/crop_2026-01-13_16-04-10.top_right_CROPNUMBER_0_UUID_DROSO_05_SIM_19_M.jpg,0.512585812356979,3.4686875,79673,5.01971022265625,SIM,19,M,5,test
DROSO_05_EQU_19_F,0.953069925308228,00_data/02_resized/crops/crop_2026-01-14_10-03-10.top_left_CROPNUMBER_0_UUID_DROSO_05_EQU_19_F.jpg,0.417132216014898,4.2624375,97921,6.16940550390625,EQU,19,F,5,test
DROSO_05_SIM_19_F,0.954419553279877,00_data/02_resized/crops/crop_2026-01-13_16-04-10.top_left_CROPNUMBER_0_UUID_DROSO_05_SIM_19_F.jpg,0.498886414253898,3.5639375,91387,5.75773798046875,SIM,19,F,5,test
DROSO_05_LUT_19_M,0.954754948616028,00_data/02_resized/crops/crop_2026-01-14_09-32-46.top_right_CROPNUMBER_1_UUID_DROSO_05_LUT_19_M.jpg,0.458077709611452,3.8814375,86566,5.4539961484375,LUT,19,M,5,test
DROSO_05_MEL_19_M,0.956200897693634,00_data/02_resized/crops/crop_2026-01-13_16-33-57.top_right_CROPNUMBER_0_UUID_DROSO_05_MEL_19_M.jpg,0.494481236203091,3.5956875,82258,5.1825753203125,MEL,19,M,5,test
DROSO_05_LUT_19_M,0.958680868148804,00_data/02_resized/crops/crop_2026-01-14_09-32-46.top_right_CROPNUMBER_0_UUID_DROSO_05_LUT_19_M.jpg,0.490153172866521,3.6274375,90095,5.67633693359375,LUT,19,M,5,test
DROSO_06_MEL_28_M,0.904510140419006,00_data/02_resized/crops/crop_2026-01-14_13-32-17.top_right_CROPNUMBER_26_UUID_DROSO_06_MEL_28_M.jpg,0.562814070351759,3.159125,64998,4.0951278984375,MEL,28,M,6,train
DROSO_06_LUT_28_F,0.906352698802948,00_data/02_resized/crops/crop_2026-01-14_14-28-40.top_left_CROPNUMBER_34_UUID_DROSO_06_LUT_28_F.jpg,0.586387434554974,3.032125,52186,3.2879218515625,LUT,28,F,6,train
DROSO_06_LUT_28_M,0.907300293445587,00_data/02_resized/crops/crop_2026-01-14_14-28-40.top_right_CROPNUMBER_31_UUID_DROSO_06_LUT_28_M.jpg,0.620498614958449,2.8654375,42684,2.689258734375,LUT,28,M,6,train
DROSO_06_MEL_28_M,0.910198211669922,00_data/02_resized/crops/crop_2026-01-14_13-32-17.top_right_CROPNUMBER_25_UUID_DROSO_06_MEL_28_M.jpg,0.615384615384615,2.88925,49793,3.13715350390625,MEL,28,M,6,train
DROSO_06_MEL_28_M,0.912791907787323,00_data/02_resized/crops/crop_2026-01-14_13-32-17.top_right_CROPNUMBER_24_UUID_DROSO_06_MEL_28_M.jpg,0.4796573875803,3.7068125,69891,4.40340601171875,MEL,28,M,6,train
DROSO_06_SIM_28_M,0.913226902484894,00_data/02_resized/crops/crop_2026-01-14_10-37-17.top_right_CROPNUMBER_16_UUID_DROSO_06_SIM_28_M.jpg,0.4282982791587,4.1513125,63594,4.0066704140625,SIM,28,M,6,train
DROSO_06_VIR_28_F,0.913464248180389,00_data/02_resized/crops/crop_2026-01-14_15-07-20.top_left_CROPNUMBER_8_UUID_DROSO_06_VIR_28_F.jpg,0.367816091954023,4.8339375,119224,7.51157771875,VIR,28,F,6,train
DROSO_06_LUT_28_F,0.914555370807648,00_data/02_resized/crops/crop_2026-01-14_14-28-40.top_left_CROPNUMBER_33_UUID_DROSO_06_LUT_28_F.jpg,0.473572938689218,3.7544375,81562,5.1387246015625,LUT,28,F,6,train
DROSO_06_SIM_28_M,0.915952801704407,00_data/02_resized/crops/crop_2026-01-14_10-37-17.top_right_CROPNUMBER_15_UUID_DROSO_06_SIM_28_M.jpg,0.617079889807163,2.8813125,41462,2.6122679609375,SIM,28,M,6,train
DROSO_06_LUT_28_F,0.917241990566254,00_data/02_resized/crops/crop_2026-01-14_14-28-40.top_left_CROPNUMBER_32_UUID_DROSO_06_LUT_28_F.jpg,0.562814070351759,3.159125,58490,3.6850984765625,LUT,28,F,6,train
DROSO_06_SIM_28_F,0.919500768184662,00_data/02_resized/crops/crop_2026-01-14_10-37-17.top_left_CROPNUMBER_12_UUID_DROSO_06_SIM_28_F.jpg,0.565656565656566,3.14325,52005,3.27651814453125,SIM,28,F,6,train
DROSO_06_SIM_28_F,0.91951596736908,00_data/02_resized/crops/crop_2026-01-14_10-37-17.top_left_CROPNUMBER_11_UUID_DROSO_06_SIM_28_F.jpg,0.562814070351759,3.159125,55414,3.4912984609375,SIM,28,F,6,train
DROSO_06_EQU_28_F,0.919966340065002,00_data/02_resized/crops/crop_2026-01-14_14-00-27.top_left_CROPNUMBER_10_UUID_DROSO_06_EQU_28_F.jpg,0.868217054263566,2.047875,26546,1.6725016953125,EQU,28,F,6,train
DROSO_06_SIM_28_F,0.92003732919693,00_data/02_resized/crops/crop_2026-01-14_10-37-17.top_left_CROPNUMBER_10_UUID_DROSO_06_SIM_28_F.jpg,0.54368932038835,3.27025,61330,3.8640295703125,SIM,28,F,6,train
DROSO_06_SIM_28_M,0.92042750120163,00_data/02_resized/crops/crop_2026-01-14_10-37-17.top_right_CROPNUMBER_14_UUID_DROSO_06_SIM_28_M.jpg,0.636363636363636,2.794,47810,3.0122167578125,SIM,28,M,6,train
DROSO_06_VIR_28_M,0.920782744884491,00_data/02_resized/crops/crop_2026-01-14_15-07-20.top_right_CROPNUMBER_7_UUID_DROSO_06_VIR_28_M.jpg,0.400715563506261,4.4370625,88264,5.56097678125,VIR,28,M,6,train
DROSO_06_LUT_28_M,0.921326518058777,00_data/02_resized/crops/crop_2026-01-14_14-28-40.top_right_CROPNUMBER_30_UUID_DROSO_06_LUT_28_M.jpg,0.56140350877193,3.1670625,54755,3.44977888671875,LUT,28,M,6,train
DROSO_06_SIM_28_M,0.922008872032166,00_data/02_resized/crops/crop_2026-01-14_10-37-17.top_right_CROPNUMBER_13_UUID_DROSO_06_SIM_28_M.jpg,0.615384615384615,2.88925,43759,2.75698793359375,SIM,28,M,6,train
DROSO_06_SIM_28_M,0.923000514507294,00_data/02_resized/crops/crop_2026-01-14_10-37-17.top_right_CROPNUMBER_12_UUID_DROSO_06_SIM_28_M.jpg,0.586387434554974,3.032125,49124,3.095003890625,SIM,28,M,6,train
DROSO_06_SIM_28_M,0.923695802688599,00_data/02_resized/crops/crop_2026-01-14_10-37-17.top_right_CROPNUMBER_11_UUID_DROSO_06_SIM_28_M.jpg,0.654970760233918,2.714625,45347,2.85703813671875,SIM,28,M,6,train
DROSO_06_SIM_28_M,0.923831164836884,00_data/02_resized/crops/crop_2026-01-14_10-37-17.top_right_CROPNUMBER_10_UUID_DROSO_06_SIM_28_M.jpg,0.662721893491124,2.682875,49823,3.13904362109375,SIM,28,M,6,train
DROSO_06_EQU_28_M,0.923909306526184,00_data/02_resized/crops/crop_2026-01-14_14-00-27.top_right_CROPNUMBER_10_UUID_DROSO_06_EQU_28_M.jpg,0.551724137931035,3.222625,49548,3.121717546875,EQU,28,M,6,train
DROSO_06_LUT_28_F,0.924053728580475,00_data/02_resized/crops/crop_2026-01-14_14-28-40.top_left_CROPNUMBER_31_UUID_DROSO_06_LUT_28_F.jpg,0.672672672672673,2.6431875,51713,3.25812100390625,LUT,28,F,6,train
DROSO_06_SIM_28_M,0.924401164054871,00_data/02_resized/crops/crop_2026-01-14_10-37-17.top_right_CROPNUMBER_9_UUID_DROSO_06_SIM_28_M.jpg,0.734426229508197,2.4209375,44456,2.80090165625,SIM,28,M,6,train
DROSO_06_EQU_28_M,0.924506962299347,00_data/02_resized/crops/crop_2026-01-14_14-00-27.top_right_CROPNUMBER_9_UUID_DROSO_06_EQU_28_M.jpg,0.664688427299703,2.6749375,42586,2.6830843515625,EQU,28,M,6,train
DROSO_06_MEL_28_F,0.924568295478821,00_data/02_resized/crops/crop_2026-01-14_13-32-17.top_left_CROPNUMBER_14_UUID_DROSO_06_MEL_28_F.jpg,0.503370786516854,3.5321875,84827,5.34443235546875,MEL,28,F,6,train
DROSO_06_LUT_28_F,0.924709737300873,00_data/02_resized/crops/crop_2026-01-14_14-28-40.top_left_CROPNUMBER_30_UUID_DROSO_06_LUT_28_F.jpg,0.713375796178344,2.492375,47467,2.99060641796875,LUT,28,F,6,train
DROSO_06_MEL_28_F,0.924712777137756,00_data/02_resized/crops/crop_2026-01-14_13-32-17.top_left_CROPNUMBER_13_UUID_DROSO_06_MEL_28_F.jpg,0.460905349794239,3.857625,94168,5.93295184375,MEL,28,F,6,train
DROSO_06_SIM_28_M,0.924938857555389,00_data/02_resized/crops/crop_2026-01-14_10-37-17.top_right_CROPNUMBER_8_UUID_DROSO_06_SIM_28_M.jpg,0.587926509186352,3.0241875,50307,3.16953751171875,SIM,28,M,6,train
DROSO_06_EQU_28_M,0.925283491611481,00_data/02_resized/crops/crop_2026-01-14_14-00-27.top_right_CROPNUMBER_8_UUID_DROSO_06_EQU_28_M.jpg,0.457142857142857,3.889375,57091,3.59695601171875,EQU,28,M,6,train
DROSO_06_LUT_28_F,0.925284624099731,00_data/02_resized/crops/crop_2026-01-14_14-28-40.top_left_CROPNUMBER_29_UUID_DROSO_06_LUT_28_F.jpg,0.502242152466368,3.540125,71383,4.49740783984375,LUT,28,F,6,train
DROSO_06_LUT_28_M,0.925480902194977,00_data/02_resized/crops/crop_2026-01-14_14-28-40.top_right_CROPNUMBER_29_UUID_DROSO_06_LUT_28_M.jpg,0.557213930348259,3.190875,55195,3.47750060546875,LUT,28,M,6,train
DROSO_06_EQU_28_F,0.925576210021973,00_data/02_resized/crops/crop_2026-01-14_14-00-27.top_left_CROPNUMBER_9_UUID_DROSO_06_EQU_28_F.jpg,0.739273927392739,2.4050625,40233,2.53483616015625,EQU,28,F,6,train
DROSO_06_LUT_28_M,0.925589561462403,00_data/02_resized/crops/crop_2026-01-14_14-28-40.top_right_CROPNUMBER_28_UUID_DROSO_06_LUT_28_M.jpg,0.695652173913044,2.555875,47637,3.00131708203125,LUT,28,M,6,train
DROSO_06_SIM_28_M,0.92587685585022,00_data/02_resized/crops/crop_2026-01-14_10-37-17.top_right_CROPNUMBER_7_UUID_DROSO_06_SIM_28_M.jpg,0.568527918781726,3.127375,57082,3.5963889765625,SIM,28,M,6,train
DROSO_06_LUT_28_M,0.926076948642731,00_data/02_resized/crops/crop_2026-01-14_14-28-40.top_right_CROPNUMBER_27_UUID_DROSO_06_LUT_28_M.jpg,0.656891495601173,2.7066875,41691,2.62669585546875,LUT,28,M,6,train
DROSO_06_MEL_28_M,0.926713645458221,00_data/02_resized/crops/crop_2026-01-14_13-32-17.top_right_CROPNUMBER_23_UUID_DROSO_06_MEL_28_M.jpg,0.572890025575448,3.1035625,65278,4.1127689921875,MEL,28,M,6,train
DROSO_06_SIM_28_M,0.926787674427032,00_data/02_resized/crops/crop_2026-01-14_10-37-17.top_right_CROPNUMBER_6_UUID_DROSO_06_SIM_28_M.jpg,0.583333333333333,3.048,52061,3.28004636328125,SIM,28,M,6,train
DROSO_06_LUT_28_M,0.926860868930817,00_data/02_resized/crops/crop_2026-01-14_14-28-40.top_right_CROPNUMBER_26_UUID_DROSO_06_LUT_28_M.jpg,0.554455445544555,3.20675,51442,3.2410469453125,LUT,28,M,6,train
DROSO_06_LUT_28_F,0.927138864994049,00_data/02_resized/crops/crop_2026-01-14_14-28-40.top_left_CROPNUMBER_28_UUID_DROSO_06_LUT_28_F.jpg,0.617079889807163,2.8813125,53861,3.39345339453125,LUT,28,F,6,train
DROSO_06_LUT_28_M,0.927312016487122,00_data/02_resized/crops/crop_2026-01-14_14-28-40.top_right_CROPNUMBER_25_UUID_DROSO_06_LUT_28_M.jpg,0.539759036144578,3.2940625,49854,3.1409967421875,LUT,28,M,6,train
DROSO_06_SIM_28_F,0.927340686321258,00_data/02_resized/crops/crop_2026-01-14_10-37-17.top_left_CROPNUMBER_9_UUID_DROSO_06_SIM_28_F.jpg,0.547677261613692,3.2464375,63731,4.01530194921875,SIM,28,F,6,train
DROSO_06_LUT_28_M,0.927716970443726,00_data/02_resized/crops/crop_2026-01-14_14-28-40.top_right_CROPNUMBER_24_UUID_DROSO_06_LUT_28_M.jpg,0.727272727272727,2.44475,37652,2.372223078125,LUT,28,M,6,train
DROSO_06_EQU_28_F,0.927735328674316,00_data/02_resized/crops/crop_2026-01-14_14-00-27.top_left_CROPNUMBER_8_UUID_DROSO_06_EQU_28_F.jpg,0.580310880829016,3.063875,56303,3.54730893359375,EQU,28,F,6,train
DROSO_06_VIR_28_M,0.927774548530579,00_data/02_resized/crops/crop_2026-01-14_15-07-20.top_right_CROPNUMBER_6_UUID_DROSO_06_VIR_28_M.jpg,0.424242424242424,4.191,104371,6.57578069921875,VIR,28,M,6,train
DROSO_06_LUT_28_M,0.92795330286026,00_data/02_resized/crops/crop_2026-01-14_14-28-40.top_right_CROPNUMBER_23_UUID_DROSO_06_LUT_28_M.jpg,0.541062801932367,3.286125,48855,3.07805583984375,LUT,28,M,6,train
DROSO_06_SIM_28_F,0.928060412406921,00_data/02_resized/crops/crop_2026-01-14_10-37-17.top_left_CROPNUMBER_8_UUID_DROSO_06_SIM_28_F.jpg,0.509090909090909,3.4925,79118,4.9847430546875,SIM,28,F,6,train
DROSO_06_LUT_28_M,0.928153812885284,00_data/02_resized/crops/crop_2026-01-14_14-28-40.top_right_CROPNUMBER_22_UUID_DROSO_06_LUT_28_M.jpg,0.512585812356979,3.4686875,48567,3.05991071484375,LUT,28,M,6,train
DROSO_06_LUT_28_F,0.928411900997162,00_data/02_resized/crops/crop_2026-01-14_14-28-40.top_left_CROPNUMBER_27_UUID_DROSO_06_LUT_28_F.jpg,0.541062801932367,3.286125,58839,3.70708683984375,LUT,28,F,6,train
DROSO_06_VIR_28_F,0.928440034389496,00_data/02_resized/crops/crop_2026-01-14_15-07-20.top_left_CROPNUMBER_7_UUID_DROSO_06_VIR_28_F.jpg,0.455284552845528,3.90525,99170,6.2480973828125,VIR,28,F,6,train
DROSO_06_MEL_28_F,0.928789734840393,00_data/02_resized/crops/crop_2026-01-14_13-32-17.top_left_CROPNUMBER_12_UUID_DROSO_06_MEL_28_F.jpg,0.56,3.175,62910,3.9635757421875,MEL,28,F,6,train
DROSO_06_SIM_28_M,0.928818762302399,00_data/02_resized/crops/crop_2026-01-14_10-37-17.top_right_CROPNUMBER_5_UUID_DROSO_06_SIM_28_M.jpg,0.572890025575448,3.1035625,53598,3.3768833671875,SIM,28,M,6,train
DROSO_06_SIM_28_F,0.928834080696106,00_data/02_resized/crops/crop_2026-01-14_10-37-17.top_left_CROPNUMBER_7_UUID_DROSO_06_SIM_28_F.jpg,0.647398843930636,2.746375,53108,3.346011453125,SIM,28,F,6,train
DROSO_06_LUT_28_M,0.928923845291138,00_data/02_resized/crops/crop_2026-01-14_14-28-40.top_right_CROPNUMBER_21_UUID_DROSO_06_LUT_28_M.jpg,0.574358974358974,3.095625,62258,3.9224971953125,LUT,28,M,6,train
DROSO_06_EQU_28_M,0.928974390029907,00_data/02_resized/crops/crop_2026-01-14_14-00-27.top_right_CROPNUMBER_7_UUID_DROSO_06_EQU_28_M.jpg,0.549019607843137,3.2385,43049,2.71225516015625,EQU,28,M,6,train
DROSO_06_MEL_28_M,0.929262936115265,00_data/02_resized/crops/crop_2026-01-14_13-32-17.top_right_CROPNUMBER_22_UUID_DROSO_06_MEL_28_M.jpg,0.377740303541315,4.7069375,89901,5.66411417578125,MEL,28,M,6,train
DROSO_06_MEL_28_M,0.929520130157471,00_data/02_resized/crops/crop_2026-01-14_13-32-17.top_right_CROPNUMBER_21_UUID_DROSO_06_MEL_28_M.jpg,0.523364485981308,3.39725,61616,3.8820486875,MEL,28,M,6,train
DROSO_06_EQU_28_F,0.92963308095932,00_data/02_resized/crops/crop_2026-01-14_14-00-27.top_left_CROPNUMBER_7_UUID_DROSO_06_EQU_28_F.jpg,0.672672672672673,2.6431875,38216,2.40775728125,EQU,28,F,6,train
DROSO_06_LUT_28_M,0.929722368717194,00_data/02_resized/crops/crop_2026-01-14_14-28-40.top_right_CROPNUMBER_20_UUID_DROSO_06_LUT_28_M.jpg,0.583333333333333,3.048,49271,3.10426546484375,LUT,28,M,6,train
DROSO_06_LUT_28_F,0.929889023303986,00_data/02_resized/crops/crop_2026-01-14_14-28-40.top_left_CROPNUMBER_26_UUID_DROSO_06_LUT_28_F.jpg,0.502242152466368,3.540125,68755,4.33183357421875,LUT,28,F,6,train
DROSO_06_LUT_28_M,0.929930865764618,00_data/02_resized/crops/crop_2026-01-14_14-28-40.top_right_CROPNUMBER_19_UUID_DROSO_06_LUT_28_M.jpg,0.530805687203792,3.349625,50773,3.19889733203125,LUT,28,M,6,train
DROSO_06_EQU_28_M,0.930057287216186,00_data/02_resized/crops/crop_2026-01-14_14-00-27.top_right_CROPNUMBER_6_UUID_DROSO_06_EQU_28_M.jpg,0.491228070175439,3.6195,53853,3.39294936328125,EQU,28,M,6,train
DROSO_06_LUT_28_M,0.930119693279266,00_data/02_resized/crops/crop_2026-01-14_14-28-40.top_right_CROPNUMBER_18_UUID_DROSO_06_LUT_28_M.jpg,0.567088607594937,3.1353125,59073,3.72182975390625,LUT,28,M,6,train
DROSO_06_MEL_28_M,0.930225908756256,00_data/02_resized/crops/crop_2026-01-14_13-32-17.top_right_CROPNUMBER_20_UUID_DROSO_06_MEL_28_M.jpg,0.625698324022346,2.841625,61007,3.84367930859375,MEL,28,M,6,train
DROSO_06_LUT_28_M,0.9304279088974,00_data/02_resized/crops/crop_2026-01-14_14-28-40.top_right_CROPNUMBER_17_UUID_DROSO_06_LUT_28_M.jpg,0.549019607843137,3.2385,50831,3.20255155859375,LUT,28,M,6,train
DROSO_06_MEL_28_F,0.930477976799011,00_data/02_resized/crops/crop_2026-01-14_13-32-17.top_left_CROPNUMBER_11_UUID_DROSO_06_MEL_28_F.jpg,0.493392070484582,3.603625,76491,4.81923179296875,MEL,28,F,6,train
DROSO_06_MEL_28_M,0.930625677108765,00_data/02_resized/crops/crop_2026-01-14_13-32-17.top_right_CROPNUMBER_19_UUID_DROSO_06_MEL_28_M.jpg,0.627450980392157,2.8336875,52386,3.3005226328125,MEL,28,M,6,train
DROSO_06_MEL_28_F,0.930751264095306,00_data/02_resized/crops/crop_2026-01-14_13-32-17.top_left_CROPNUMBER_10_UUID_DROSO_06_MEL_28_F.jpg,0.56140350877193,3.1670625,72697,4.58019497265625,MEL,28,F,6,train
DROSO_06_SIM_28_F,0.930853188037872,00_data/02_resized/crops/crop_2026-01-14_10-37-17.top_left_CROPNUMBER_6_UUID_DROSO_06_SIM_28_F.jpg,0.555831265508685,3.1988125,73150,4.6087357421875,SIM,28,F,6,train
DROSO_06_EQU_28_F,0.931044220924377,00_data/02_resized/crops/crop_2026-01-14_14-00-27.top_left_CROPNUMBER_6_UUID_DROSO_06_EQU_28_F.jpg,0.613698630136986,2.8971875,45805,2.88589392578125,EQU,28,F,6,train
DROSO_06_SIM_28_F,0.931204438209534,00_data/02_resized/crops/crop_2026-01-14_10-37-17.top_left_CROPNUMBER_5_UUID_DROSO_06_SIM_28_F.jpg,0.636363636363636,2.794,58350,3.6762779296875,SIM,28,F,6,train
DROSO_06_LUT_28_M,0.931240022182465,00_data/02_resized/crops/crop_2026-01-14_14-28-40.top_right_CROPNUMBER_16_UUID_DROSO_06_LUT_28_M.jpg,0.555831265508685,3.1988125,61327,3.86384055859375,LUT,28,M,6,train
DROSO_06_LUT_28_M,0.931251168251038,00_data/02_resized/crops/crop_2026-01-14_14-28-40.top_right_CROPNUMBER_15_UUID_DROSO_06_LUT_28_M.jpg,0.492307692307692,3.6115625,62412,3.932199796875,LUT,28,M,6,train
DROSO_06_LUT_28_F,0.931312143802643,00_data/02_resized/crops/crop_2026-01-14_14-28-40.top_left_CROPNUMBER_25_UUID_DROSO_06_LUT_28_F.jpg,0.52093023255814,3.413125,75089,4.73090031640625,LUT,28,F,6,train
DROSO_06_EQU_28_F,0.931492626667023,00_data/02_resized/crops/crop_2026-01-14_14-00-27.top_left_CROPNUMBER_5_UUID_DROSO_06_EQU_28_F.jpg,0.636363636363636,2.794,52939,3.33536379296875,EQU,28,F,6,train
DROSO_06_EQU_28_F,0.931535005569458,00_data/02_resized/crops/crop_2026-01-14_14-00-27.top_left_CROPNUMBER_4_UUID_DROSO_06_EQU_28_F.jpg,0.64,2.778125,43061,2.71301120703125,EQU,28,F,6,train
DROSO_06_LUT_28_F,0.931675970554352,00_data/02_resized/crops/crop_2026-01-14_14-28-40.top_left_CROPNUMBER_24_UUID_DROSO_06_LUT_28_F.jpg,0.504504504504505,3.52425,80379,5.06419098046875,LUT,28,F,6,train
DROSO_06_LUT_28_F,0.931770622730255,00_data/02_resized/crops/crop_2026-01-14_14-28-40.top_left_CROPNUMBER_23_UUID_DROSO_06_LUT_28_F.jpg,0.554455445544555,3.20675,60139,3.78899191796875,LUT,28,F,6,train
DROSO_06_SIM_28_F,0.931787371635437,00_data/02_resized/crops/crop_2026-01-14_10-37-17.top_left_CROPNUMBER_4_UUID_DROSO_06_SIM_28_F.jpg,0.586387434554974,3.032125,64863,4.08662237109375,SIM,28,F,6,train
DROSO_06_MEL_28_F,0.931928992271423,00_data/02_resized/crops/crop_2026-01-14_13-32-17.top_left_CROPNUMBER_9_UUID_DROSO_06_MEL_28_F.jpg,0.529550827423168,3.3575625,74155,4.67205466796875,MEL,28,F,6,train
DROSO_06_EQU_28_M,0.932405889034271,00_data/02_resized/crops/crop_2026-01-14_14-00-27.top_right_CROPNUMBER_5_UUID_DROSO_06_EQU_28_M.jpg,0.711111111111111,2.5003125,42667,2.68818766796875,EQU,28,M,6,train
DROSO_06_SIM_28_F,0.932427883148193,00_data/02_resized/crops/crop_2026-01-14_10-37-17.top_left_CROPNUMBER_3_UUID_DROSO_06_SIM_28_F.jpg,0.538461538461538,3.302,72714,4.5812660390625,SIM,28,F,6,train
DROSO_06_VIR_28_F,0.932493090629578,00_data/02_resized/crops/crop_2026-01-14_15-07-20.top_left_CROPNUMBER_6_UUID_DROSO_06_VIR_28_F.jpg,0.360708534621578,4.9291875,131521,8.28633675390625,VIR,28,F,6,train
DROSO_06_LUT_28_F,0.933121800422668,00_data/02_resized/crops/crop_2026-01-14_14-28-40.top_left_CROPNUMBER_22_UUID_DROSO_06_LUT_28_F.jpg,0.541062801932367,3.286125,68492,4.315263546875,LUT,28,F,6,train
DROSO_06_LUT_28_M,0.933416128158569,00_data/02_resized/crops/crop_2026-01-14_14-28-40.top_right_CROPNUMBER_14_UUID_DROSO_06_LUT_28_M.jpg,0.605405405405405,2.936875,54373,3.42571139453125,LUT,28,M,6,train
DROSO_06_EQU_28_M,0.933603823184967,00_data/02_resized/crops/crop_2026-01-14_14-00-27.top_right_CROPNUMBER_4_UUID_DROSO_06_EQU_28_M.jpg,0.660766961651917,2.6908125,47584,2.997977875,EQU,28,M,6,train
DROSO_06_LUT_28_M,0.934089958667755,00_data/02_resized/crops/crop_2026-01-14_14-28-40.top_right_CROPNUMBER_13_UUID_DROSO_06_LUT_28_M.jpg,0.562814070351759,3.159125,57050,3.5943728515625,LUT,28,M,6,train
DROSO_06_LUT_28_M,0.93416029214859,00_data/02_resized/crops/crop_2026-01-14_14-28-40.top_right_CROPNUMBER_12_UUID_DROSO_06_LUT_28_M.jpg,0.584856396866841,3.0400625,56643,3.56873026171875,LUT,28,M,6,train
DROSO_06_EQU_28_M,0.934282422065735,00_data/02_resized/crops/crop_2026-01-14_14-00-27.top_right_CROPNUMBER_3_UUID_DROSO_06_EQU_28_M.jpg,0.583333333333333,3.048,56545,3.56255587890625,EQU,28,M,6,train
DROSO_06_EQU_28_F,0.934416890144348,00_data/02_resized/crops/crop_2026-01-14_14-00-27.top_left_CROPNUMBER_3_UUID_DROSO_06_EQU_28_F.jpg,0.562814070351759,3.159125,56560,3.5635009375,EQU,28,F,6,train
DROSO_06_LUT_28_F,0.934528708457947,00_data/02_resized/crops/crop_2026-01-14_14-28-40.top_left_CROPNUMBER_21_UUID_DROSO_06_LUT_28_F.jpg,0.453441295546559,3.921125,86272,5.435473,LUT,28,F,6,train
DROSO_06_LUT_28_M,0.934576392173767,00_data/02_resized/crops/crop_2026-01-14_14-28-40.top_right_CROPNUMBER_11_UUID_DROSO_06_LUT_28_M.jpg,0.574358974358974,3.095625,64691,4.07578569921875,LUT,28,M,6,train
DROSO_06_LUT_28_F,0.934698522090912,00_data/02_resized/crops/crop_2026-01-14_14-28-40.top_left_CROPNUMBER_20_UUID_DROSO_06_LUT_28_F.jpg,0.502242152466368,3.540125,68192,4.296362375,LUT,28,F,6,train
DROSO_06_LUT_28_F,0.934706568717956,00_data/02_resized/crops/crop_2026-01-14_14-28-40.top_left_CROPNUMBER_19_UUID_DROSO_06_LUT_28_F.jpg,0.645533141210375,2.7543125,54529,3.43554000390625,LUT,28,F,6,train
DROSO_06_MEL_28_M,0.934891223907471,00_data/02_resized/crops/crop_2026-01-14_13-32-17.top_right_CROPNUMBER_18_UUID_DROSO_06_MEL_28_M.jpg,0.48068669527897,3.698875,77049,4.85438797265625,MEL,28,M,6,train
DROSO_06_MEL_28_M,0.934938132762909,00_data/02_resized/crops/crop_2026-01-14_13-32-17.top_right_CROPNUMBER_17_UUID_DROSO_06_MEL_28_M.jpg,0.414814814814815,4.28625,90407,5.69599415234375,MEL,28,M,6,train
DROSO_06_MEL_28_F,0.934999167919159,00_data/02_resized/crops/crop_2026-01-14_13-32-17.top_left_CROPNUMBER_8_UUID_DROSO_06_MEL_28_F.jpg,0.516129032258065,3.444875,70203,4.42306323046875,MEL,28,F,6,train
DROSO_06_LUT_28_F,0.935003697872162,00_data/02_resized/crops/crop_2026-01-14_14-28-40.top_left_CROPNUMBER_18_UUID_DROSO_06_LUT_28_F.jpg,0.622222222222222,2.8575,54330,3.4230022265625,LUT,28,F,6,train
DROSO_06_LUT_28_M,0.935143530368805,00_data/02_resized/crops/crop_2026-01-14_14-28-40.top_right_CROPNUMBER_10_UUID_DROSO_06_LUT_28_M.jpg,0.569974554707379,3.1194375,56078,3.5331330546875,LUT,28,M,6,train
DROSO_06_LUT_28_F,0.935153901576996,00_data/02_resized/crops/crop_2026-01-14_14-28-40.top_left_CROPNUMBER_17_UUID_DROSO_06_LUT_28_F.jpg,0.572890025575448,3.1035625,53835,3.39181529296875,LUT,28,F,6,train
DROSO_06_SIM_28_M,0.93521249294281,00_data/02_resized/crops/crop_2026-01-14_10-37-17.top_right_CROPNUMBER_4_UUID_DROSO_06_SIM_28_M.jpg,0.589473684210526,3.01625,51598,3.2508755546875,SIM,28,M,6,train
DROSO_06_LUT_28_F,0.93523496389389,00_data/02_resized/crops/crop_2026-01-14_14-28-40.top_left_CROPNUMBER_16_UUID_DROSO_06_LUT_28_F.jpg,0.592592592592593,3.000375,64388,4.056695515625,LUT,28,F,6,train
DROSO_06_LUT_28_F,0.93524843454361,00_data/02_resized/crops/crop_2026-01-14_14-28-40.top_left_CROPNUMBER_15_UUID_DROSO_06_LUT_28_F.jpg,0.52093023255814,3.413125,59017,3.71830153515625,LUT,28,F,6,train
DROSO_06_MEL_28_M,0.935416340827942,00_data/02_resized/crops/crop_2026-01-14_13-32-17.top_right_CROPNUMBER_16_UUID_DROSO_06_MEL_28_M.jpg,0.451612903225806,3.937,87148,5.490664421875,MEL,28,M,6,train
DROSO_06_EQU_28_F,0.935427010059357,00_data/02_resized/crops/crop_2026-01-14_14-00-27.top_left_CROPNUMBER_2_UUID_DROSO_06_EQU_28_F.jpg,0.48590021691974,3.6591875,47819,3.01278379296875,EQU,28,F,6,train
DROSO_06_MEL_28_M,0.93543291091919,00_data/02_resized/crops/crop_2026-01-14_13-32-17.top_right_CROPNUMBER_15_UUID_DROSO_06_MEL_28_M.jpg,0.510250569476082,3.4845625,75480,4.75553484375,MEL,28,M,6,train
DROSO_06_MEL_28_F,0.93571150302887,00_data/02_resized/crops/crop_2026-01-14_13-32-17.top_left_CROPNUMBER_7_UUID_DROSO_06_MEL_28_F.jpg,0.477611940298507,3.7226875,92342,5.8179067109375,MEL,28,F,6,train
DROSO_06_MEL_28_M,0.935732305049896,00_data/02_resized/crops/crop_2026-01-14_13-32-17.top_right_CROPNUMBER_14_UUID_DROSO_06_MEL_28_M.jpg,0.538461538461538,3.302,63342,3.9907934296875,MEL,28,M,6,train
DROSO_06_LUT_28_F,0.935876667499542,00_data/02_resized/crops/crop_2026-01-14_14-28-40.top_left_CROPNUMBER_14_UUID_DROSO_06_LUT_28_F.jpg,0.555831265508685,3.1988125,60742,3.8269832734375,LUT,28,F,6,train
DROSO_06_VIR_28_M,0.935988068580627,00_data/02_resized/crops/crop_2026-01-14_15-07-20.top_right_CROPNUMBER_5_UUID_DROSO_06_VIR_28_M.jpg,0.458077709611452,3.8814375,111678,7.0361502421875,VIR,28,M,6,train
DROSO_06_EQU_28_M,0.936039924621582,00_data/02_resized/crops/crop_2026-01-14_14-00-27.top_right_CROPNUMBER_2_UUID_DROSO_06_EQU_28_M.jpg,0.512585812356979,3.4686875,56209,3.54138656640625,EQU,28,M,6,train
DROSO_06_SIM_28_M,0.936089813709259,00_data/02_resized/crops/crop_2026-01-14_10-37-17.top_right_CROPNUMBER_3_UUID_DROSO_06_SIM_28_M.jpg,0.720257234726688,2.4685625,50061,3.15403855078125,SIM,28,M,6,train
DROSO_06_VIR_28_M,0.936152517795563,00_data/02_resized/crops/crop_2026-01-14_15-07-20.top_right_CROPNUMBER_4_UUID_DROSO_06_VIR_28_M.jpg,0.4375,4.064,90726,5.7160923984375,VIR,28,M,6,train
DROSO_06_VIR_28_F,0.936267971992493,00_data/02_resized/crops/crop_2026-01-14_15-07-20.top_left_CROPNUMBER_5_UUID_DROSO_06_VIR_28_F.jpg,0.420262664165103,4.2306875,106092,6.684210421875,VIR,28,F,6,train
DROSO_06_SIM_28_M,0.93633633852005,00_data/02_resized/crops/crop_2026-01-14_10-37-17.top_right_CROPNUMBER_2_UUID_DROSO_06_SIM_28_M.jpg,0.605405405405405,2.936875,53048,3.34223121875,SIM,28,M,6,train
DROSO_06_MEL_28_M,0.93647563457489,00_data/02_resized/crops/crop_2026-01-14_13-32-17.top_right_CROPNUMBER_13_UUID_DROSO_06_MEL_28_M.jpg,0.565656565656566,3.14325,71485,4.50383423828125,MEL,28,M,6,train
DROSO_06_MEL_28_F,0.936564326286316,00_data/02_resized/crops/crop_2026-01-14_13-32-17.top_left_CROPNUMBER_6_UUID_DROSO_06_MEL_28_F.jpg,0.537170263788969,3.3099375,72171,4.54705491796875,MEL,28,F,6,train
DROSO_06_MEL_28_M,0.936673939228058,00_data/02_resized/crops/crop_2026-01-14_13-32-17.top_right_CROPNUMBER_12_UUID_DROSO_06_MEL_28_M.jpg,0.629213483146067,2.82575,64032,4.034266125,MEL,28,M,6,train
DROSO_06_VIR_28_M,0.936751186847687,00_data/02_resized/crops/crop_2026-01-14_15-07-20.top_right_CROPNUMBER_3_UUID_DROSO_06_VIR_28_M.jpg,0.402154398563734,4.4211875,106580,6.714956328125,VIR,28,M,6,train
DROSO_06_MEL_28_M,0.936776220798492,00_data/02_resized/crops/crop_2026-01-14_13-32-17.top_right_CROPNUMBER_11_UUID_DROSO_06_MEL_28_M.jpg,0.814545454545455,2.1828125,47956,3.021415328125,MEL,28,M,6,train
DROSO_06_LUT_28_F,0.936800360679626,00_data/02_resized/crops/crop_2026-01-14_14-28-40.top_left_CROPNUMBER_13_UUID_DROSO_06_LUT_28_F.jpg,0.44181459566075,4.0243125,78387,4.93868719921875,LUT,28,F,6,train
DROSO_06_MEL_28_M,0.936837196350098,00_data/02_resized/crops/crop_2026-01-14_13-32-17.top_right_CROPNUMBER_10_UUID_DROSO_06_MEL_28_M.jpg,0.528301886792453,3.3655,73975,4.66071396484375,MEL,28,M,6,train
DROSO_06_LUT_28_M,0.936930418014526,00_data/02_resized/crops/crop_2026-01-14_14-28-40.top_right_CROPNUMBER_9_UUID_DROSO_06_LUT_28_M.jpg,0.510250569476082,3.4845625,54466,3.4315707578125,LUT,28,M,6,train
DROSO_06_MEL_28_F,0.937106788158417,00_data/02_resized/crops/crop_2026-01-14_13-32-17.top_left_CROPNUMBER_5_UUID_DROSO_06_MEL_28_F.jpg,0.473572938689218,3.7544375,100437,6.32792333203125,MEL,28,F,6,train
DROSO_06_LUT_28_F,0.937264263629913,00_data/02_resized/crops/crop_2026-01-14_14-28-40.top_left_CROPNUMBER_12_UUID_DROSO_06_LUT_28_F.jpg,0.519721577726218,3.4210625,64148,4.041574578125,LUT,28,F,6,train
DROSO_06_VIR_28_M,0.937283933162689,00_data/02_resized/crops/crop_2026-01-14_15-07-20.top_right_CROPNUMBER_2_UUID_DROSO_06_VIR_28_M.jpg,0.384219554030875,4.6275625,99479,6.26756558984375,VIR,28,M,6,train
DROSO_06_MEL_28_M,0.93747341632843,00_data/02_resized/crops/crop_2026-01-14_13-32-17.top_right_CROPNUMBER_9_UUID_DROSO_06_MEL_28_M.jpg,0.518518518518519,3.429,71732,4.519396203125,MEL,28,M,6,train
DROSO_06_LUT_28_M,0.937557816505432,00_data/02_resized/crops/crop_2026-01-14_14-28-40.top_right_CROPNUMBER_8_UUID_DROSO_06_LUT_28_M.jpg,0.55860349127182,3.1829375,77351,4.87341515234375,LUT,28,M,6,train
DROSO_06_MEL_28_M,0.937859177589416,00_data/02_resized/crops/crop_2026-01-14_13-32-17.top_right_CROPNUMBER_8_UUID_DROSO_06_MEL_28_M.jpg,0.504504504504505,3.52425,69116,4.354577984375,MEL,28,M,6,train
DROSO_06_MEL_28_F,0.937904119491577,00_data/02_resized/crops/crop_2026-01-14_13-32-17.top_left_CROPNUMBER_4_UUID_DROSO_06_MEL_28_F.jpg,0.456211812627291,3.8973125,97526,6.1445189609375,MEL,28,F,6,train
DROSO_06_LUT_28_F,0.937941551208496,00_data/02_resized/crops/crop_2026-01-14_14-28-40.top_left_CROPNUMBER_11_UUID_DROSO_06_LUT_28_F.jpg,0.474576271186441,3.7465,79633,5.01719006640625,LUT,28,F,6,train
DROSO_06_LUT_28_M,0.938068091869354,00_data/02_resized/crops/crop_2026-01-14_14-28-40.top_right_CROPNUMBER_7_UUID_DROSO_06_LUT_28_M.jpg,0.492307692307692,3.6115625,48625,3.06356494140625,LUT,28,M,6,train
DROSO_06_SIM_28_F,0.938115298748016,00_data/02_resized/crops/crop_2026-01-14_10-37-17.top_left_CROPNUMBER_2_UUID_DROSO_06_SIM_28_F.jpg,0.518518518518519,3.429,74624,4.7016035,SIM,28,F,6,train
DROSO_06_EQU_28_M,0.938182234764099,00_data/02_resized/crops/crop_2026-01-14_14-00-27.top_right_CROPNUMBER_1_UUID_DROSO_06_EQU_28_M.jpg,0.615384615384615,2.88925,57001,3.59128566015625,EQU,28,M,6,train
DROSO_06_LUT_28_F,0.938190937042236,00_data/02_resized/crops/crop_2026-01-14_14-28-40.top_left_CROPNUMBER_10_UUID_DROSO_06_LUT_28_F.jpg,0.4880174291939,3.6433125,70199,4.42281121484375,LUT,28,F,6,train
DROSO_06_VIR_28_F,0.938401997089386,00_data/02_resized/crops/crop_2026-01-14_15-07-20.top_left_CROPNUMBER_4_UUID_DROSO_06_VIR_28_F.jpg,0.35725677830941,4.9768125,106985,6.74047291015625,VIR,28,F,6,train
DROSO_06_LUT_28_M,0.938601136207581,00_data/02_resized/crops/crop_2026-01-14_14-28-40.top_right_CROPNUMBER_6_UUID_DROSO_06_LUT_28_M.jpg,0.654970760233918,2.714625,39741,2.50383823828125,LUT,28,M,6,train
DROSO_06_MEL_28_M,0.9388228058815,00_data/02_resized/crops/crop_2026-01-14_13-32-17.top_right_CROPNUMBER_7_UUID_DROSO_06_MEL_28_M.jpg,0.534606205250597,3.3258125,70111,4.41726687109375,MEL,28,M,6,train
DROSO_06_LUT_28_F,0.938906848430634,00_data/02_resized/crops/crop_2026-01-14_14-28-40.top_left_CROPNUMBER_9_UUID_DROSO_06_LUT_28_F.jpg,0.48695652173913,3.65125,63118,3.9766805546875,LUT,28,F,6,train
DROSO_06_SIM_28_M,0.938939571380615,00_data/02_resized/crops/crop_2026-01-14_10-37-17.top_right_CROPNUMBER_1_UUID_DROSO_06_SIM_28_M.jpg,0.55036855036855,3.2305625,68018,4.2853996953125,SIM,28,M,6,train
DROSO_06_MEL_28_M,0.939225077629089,00_data/02_resized/crops/crop_2026-01-14_13-32-17.top_right_CROPNUMBER_6_UUID_DROSO_06_MEL_28_M.jpg,0.494481236203091,3.5956875,76375,4.81192333984375,MEL,28,M,6,train
DROSO_06_EQU_28_F,0.939263999462128,00_data/02_resized/crops/crop_2026-01-14_14-00-27.top_left_CROPNUMBER_1_UUID_DROSO_06_EQU_28_F.jpg,0.577319587628866,3.07975,64236,4.047118921875,EQU,28,F,6,train
DROSO_06_LUT_28_M,0.939464688301086,00_data/02_resized/crops/crop_2026-01-14_14-28-40.top_right_CROPNUMBER_5_UUID_DROSO_06_LUT_28_M.jpg,0.600536193029491,2.9606875,56311,3.54781296484375,LUT,28,M,6,train
DROSO_06_SIM_28_F,0.939508378505707,00_data/02_resized/crops/crop_2026-01-14_10-37-17.top_left_CROPNUMBER_1_UUID_DROSO_06_SIM_28_F.jpg,0.504504504504505,3.52425,83807,5.28016837109375,SIM,28,F,6,train
DROSO_06_MEL_28_M,0.940244257450104,00_data/02_resized/crops/crop_2026-01-14_13-32-17.top_right_CROPNUMBER_5_UUID_DROSO_06_MEL_28_M.jpg,0.527058823529412,3.3734375,69576,4.38355978125,MEL,28,M,6,train
DROSO_06_MEL_28_M,0.940407931804657,00_data/02_resized/crops/crop_2026-01-14_13-32-17.top_right_CROPNUMBER_4_UUID_DROSO_06_MEL_28_M.jpg,0.468619246861925,3.794125,74724,4.707903890625,MEL,28,M,6,train
DROSO_06_MEL_28_M,0.940646886825562,00_data/02_resized/crops/crop_2026-01-14_13-32-17.top_right_CROPNUMBER_3_UUID_DROSO_06_MEL_28_M.jpg,0.583333333333333,3.048,63361,3.99199050390625,MEL,28,M,6,train
DROSO_06_LUT_28_M,0.940720856189728,00_data/02_resized/crops/crop_2026-01-14_14-28-40.top_right_CROPNUMBER_4_UUID_DROSO_06_LUT_28_M.jpg,0.680851063829787,2.6114375,34170,2.1528434765625,LUT,28,M,6,train
DROSO_06_EQU_28_F,0.940917611122131,00_data/02_resized/crops/crop_2026-01-14_14-00-27.top_left_CROPNUMBER_0_UUID_DROSO_06_EQU_28_F.jpg,0.591029023746702,3.0083125,57905,3.64824119140625,EQU,28,F,6,train
DROSO_06_SIM_28_F,0.940970718860626,00_data/02_resized/crops/crop_2026-01-14_10-37-17.top_left_CROPNUMBER_0_UUID_DROSO_06_SIM_28_F.jpg,0.545012165450122,3.2623125,81954,5.1634221328125,SIM,28,F,6,train
DROSO_06_LUT_28_M,0.941073656082153,00_data/02_resized/crops/crop_2026-01-14_14-28-40.top_right_CROPNUMBER_3_UUID_DROSO_06_LUT_28_M.jpg,0.578811369509044,3.0718125,60979,3.84191519921875,LUT,28,M,6,train
DROSO_06_LUT_28_M,0.941175103187561,00_data/02_resized/crops/crop_2026-01-14_14-28-40.top_right_CROPNUMBER_2_UUID_DROSO_06_LUT_28_M.jpg,0.496674057649667,3.5798125,63186,3.9809648203125,LUT,28,M,6,train
DROSO_06_LUT_28_F,0.9411780834198,00_data/02_resized/crops/crop_2026-01-14_14-28-40.top_left_CROPNUMBER_8_UUID_DROSO_06_LUT_28_F.jpg,0.600536193029491,2.9606875,62859,3.96036254296875,LUT,28,F,6,train
DROSO_06_SIM_28_M,0.941421747207642,00_data/02_resized/crops/crop_2026-01-14_10-37-17.top_right_CROPNUMBER_0_UUID_DROSO_06_SIM_28_M.jpg,0.539759036144578,3.2940625,65135,4.10375943359375,SIM,28,M,6,train
DROSO_06_VIR_28_M,0.94152420759201,00_data/02_resized/crops/crop_2026-01-14_15-07-20.top_right_CROPNUMBER_1_UUID_DROSO_06_VIR_28_M.jpg,0.456211812627291,3.8973125,110335,6.95153599609375,VIR,28,M,6,train
DROSO_06_VIR_28_M,0.941549718379974,00_data/02_resized/crops/crop_2026-01-14_15-07-20.top_right_CROPNUMBER_0_UUID_DROSO_06_VIR_28_M.jpg,0.438356164383562,4.0560625,103841,6.54238862890625,VIR,28,M,6,train
DROSO_06_LUT_28_F,0.941694796085358,00_data/02_resized/crops/crop_2026-01-14_14-28-40.top_left_CROPNUMBER_7_UUID_DROSO_06_LUT_28_F.jpg,0.517321016166282,3.4369375,72982,4.5981510859375,LUT,28,F,6,train
DROSO_06_MEL_28_M,0.94174724817276,00_data/02_resized/crops/crop_2026-01-14_13-32-17.top_right_CROPNUMBER_2_UUID_DROSO_06_MEL_28_M.jpg,0.55036855036855,3.2305625,71022,4.4746634296875,MEL,28,M,6,train
DROSO_06_VIR_28_F,0.941996932029724,00_data/02_resized/crops/crop_2026-01-14_15-07-20.top_left_CROPNUMBER_3_UUID_DROSO_06_VIR_28_F.jpg,0.374581939799331,4.746625,133404,8.404973109375,VIR,28,F,6,train
DROSO_06_LUT_28_F,0.942224979400635,00_data/02_resized/crops/crop_2026-01-14_14-28-40.top_left_CROPNUMBER_6_UUID_DROSO_06_LUT_28_F.jpg,0.506787330316742,3.508375,70442,4.4381211640625,LUT,28,F,6,train
DROSO_06_VIR_28_F,0.942576229572296,00_data/02_resized/crops/crop_2026-01-14_15-07-20.top_left_CROPNUMBER_2_UUID_DROSO_06_VIR_28_F.jpg,0.371475953565506,4.7863125,121598,7.6611489921875,VIR,28,F,6,train
DROSO_06_MEL_28_F,0.943177461624146,00_data/02_resized/crops/crop_2026-01-14_13-32-17.top_left_CROPNUMBER_3_UUID_DROSO_06_MEL_28_F.jpg,0.495575221238938,3.58775,66005,4.15857283203125,MEL,28,F,6,train
DROSO_06_MEL_28_M,0.943741619586945,00_data/02_resized/crops/crop_2026-01-14_13-32-17.top_right_CROPNUMBER_1_UUID_DROSO_06_MEL_28_M.jpg,0.546341463414634,3.254375,90073,5.67495084765625,MEL,28,M,6,train
DROSO_06_LUT_28_F,0.944120168685913,00_data/02_resized/crops/crop_2026-01-14_14-28-40.top_left_CROPNUMBER_5_UUID_DROSO_06_LUT_28_F.jpg,0.504504504504505,3.52425,69958,4.4076272734375,LUT,28,F,6,train
DROSO_06_MEL_28_F,0.944294273853302,00_data/02_resized/crops/crop_2026-01-14_13-32-17.top_left_CROPNUMBER_2_UUID_DROSO_06_MEL_28_F.jpg,0.477611940298507,3.7226875,87964,5.542075609375,MEL,28,F,6,train
DROSO_06_LUT_28_F,0.945901691913605,00_data/02_resized/crops/crop_2026-01-14_14-28-40.top_left_CROPNUMBER_4_UUID_DROSO_06_LUT_28_F.jpg,0.503370786516854,3.5321875,66878,4.2135752421875,LUT,28,F,6,train
DROSO_06_VIR_28_F,0.946322858333588,00_data/02_resized/crops/crop_2026-01-14_15-07-20.top_left_CROPNUMBER_1_UUID_DROSO_06_VIR_28_F.jpg,0.397868561278863,4.4688125,129724,8.173118734375,VIR,28,F,6,train
DROSO_06_VIR_28_F,0.947047233581543,00_data/02_resized/crops/crop_2026-01-14_15-07-20.top_left_CROPNUMBER_0_UUID_DROSO_06_VIR_28_F.jpg,0.415584415584416,4.2783125,110874,6.9854951015625,VIR,28,F,6,train
DROSO_06_LUT_28_F,0.947110533714294,00_data/02_resized/crops/crop_2026-01-14_14-28-40.top_left_CROPNUMBER_3_UUID_DROSO_06_LUT_28_F.jpg,0.511415525114155,3.476625,73662,4.6409937421875,LUT,28,F,6,train
DROSO_06_LUT_28_F,0.947522580623627,00_data/02_resized/crops/crop_2026-01-14_14-28-40.top_left_CROPNUMBER_2_UUID_DROSO_06_LUT_28_F.jpg,0.533333333333333,3.33375,68926,4.3426072421875,LUT,28,F,6,train
DROSO_06_MEL_28_F,0.949694514274597,00_data/02_resized/crops/crop_2026-01-14_13-32-17.top_left_CROPNUMBER_1_UUID_DROSO_06_MEL_28_F.jpg,0.477611940298507,3.7226875,74928,4.7207566875,MEL,28,F,6,train
DROSO_06_LUT_28_M,0.950619220733643,00_data/02_resized/crops/crop_2026-01-14_14-28-40.top_right_CROPNUMBER_1_UUID_DROSO_06_LUT_28_M.jpg,0.534606205250597,3.3258125,64146,4.0414485703125,LUT,28,M,6,train
DROSO_06_LUT_28_F,0.95074063539505,00_data/02_resized/crops/crop_2026-01-14_14-28-40.top_left_CROPNUMBER_1_UUID_DROSO_06_LUT_28_F.jpg,0.491228070175439,3.6195,71995,4.53596623046875,LUT,28,F,6,train
DROSO_06_LUT_28_M,0.952494025230408,00_data/02_resized/crops/crop_2026-01-14_14-28-40.top_right_CROPNUMBER_0_UUID_DROSO_06_LUT_28_M.jpg,0.48590021691974,3.6591875,63208,3.98235090625,LUT,28,M,6,train
DROSO_06_LUT_28_F,0.95256644487381,00_data/02_resized/crops/crop_2026-01-14_14-28-40.top_left_CROPNUMBER_0_UUID_DROSO_06_LUT_28_F.jpg,0.524590163934426,3.3893125,75226,4.7395318515625,LUT,28,F,6,train
DROSO_06_MEL_28_F,0.953708589076996,00_data/02_resized/crops/crop_2026-01-14_13-32-17.top_left_CROPNUMBER_0_UUID_DROSO_06_MEL_28_F.jpg,0.495575221238938,3.58775,86381,5.44234042578125,MEL,28,F,6,train
DROSO_06_MEL_28_M,0.954557478427887,00_data/02_resized/crops/crop_2026-01-14_13-32-17.top_right_CROPNUMBER_0_UUID_DROSO_06_MEL_28_M.jpg,0.502242152466368,3.540125,83409,5.25509281640625,MEL,28,M,6,train
DROSO_06_EQU_28_M,0.956820964813232,00_data/02_resized/crops/crop_2026-01-14_14-00-27.top_right_CROPNUMBER_0_UUID_DROSO_06_EQU_28_M.jpg,0.494481236203091,3.5956875,62632,3.94606065625,EQU,28,M,6,train
DROSO_07_SIM_28_M,0.909431576728821,00_data/02_resized/crops/crop_2026-01-14_10-43-25.top_right_CROPNUMBER_26_UUID_DROSO_07_SIM_28_M.jpg,0.605405405405405,2.936875,50347,3.17205766796875,SIM,28,M,7,train
DROSO_07_SIM_28_M,0.910496473312378,00_data/02_resized/crops/crop_2026-01-14_10-43-25.top_right_CROPNUMBER_25_UUID_DROSO_07_SIM_28_M.jpg,0.625698324022346,2.841625,44926,2.8305134921875,SIM,28,M,7,train
DROSO_07_EQU_28_M,0.911321818828583,00_data/02_resized/crops/crop_2026-01-14_14-06-04.top_right_CROPNUMBER_13_UUID_DROSO_07_EQU_28_M.jpg,0.724919093851133,2.4526875,42769,2.69461406640625,EQU,28,M,7,train
DROSO_07_LUT_28_M,0.913847744464874,00_data/02_resized/crops/crop_2026-01-14_14-37-08.top_right_CROPNUMBER_30_UUID_DROSO_07_LUT_28_M.jpg,0.636363636363636,2.794,51796,3.263350328125,LUT,28,M,7,train
DROSO_07_LUT_28_M,0.914143443107605,00_data/02_resized/crops/crop_2026-01-14_14-37-08.top_right_CROPNUMBER_29_UUID_DROSO_07_LUT_28_M.jpg,0.524590163934426,3.3893125,55213,3.47863467578125,LUT,28,M,7,train
DROSO_07_LUT_28_M,0.914387583732605,00_data/02_resized/crops/crop_2026-01-14_14-37-08.top_right_CROPNUMBER_28_UUID_DROSO_07_LUT_28_M.jpg,0.553086419753086,3.2146875,51198,3.2256739921875,LUT,28,M,7,train
DROSO_07_MEL_28_M,0.914684593677521,00_data/02_resized/crops/crop_2026-01-14_13-37-48.top_right_CROPNUMBER_15_UUID_DROSO_07_MEL_28_M.jpg,0.403603603603604,4.4053125,78300,4.933205859375,MEL,28,M,7,train
DROSO_07_VIR_28_F,0.914728879928589,00_data/02_resized/crops/crop_2026-01-14_15-14-14.top_left_CROPNUMBER_11_UUID_DROSO_07_VIR_28_F.jpg,0.458077709611452,3.8814375,95213,5.99879092578125,VIR,28,F,7,train
DROSO_07_LUT_28_M,0.916393160820007,00_data/02_resized/crops/crop_2026-01-14_14-37-08.top_right_CROPNUMBER_27_UUID_DROSO_07_LUT_28_M.jpg,0.474576271186441,3.7465,52548,3.310729265625,LUT,28,M,7,train
DROSO_07_SIM_28_F,0.916727840900421,00_data/02_resized/crops/crop_2026-01-14_10-43-25.top_left_CROPNUMBER_29_UUID_DROSO_07_SIM_28_F.jpg,0.568527918781726,3.127375,59906,3.7743120078125,SIM,28,F,7,train
DROSO_07_SIM_28_F,0.919451177120209,00_data/02_resized/crops/crop_2026-01-14_10-43-25.top_left_CROPNUMBER_28_UUID_DROSO_07_SIM_28_F.jpg,0.564231738035265,3.1511875,57011,3.59191569921875,SIM,28,F,7,train
DROSO_07_EQU_28_M,0.919511616230011,00_data/02_resized/crops/crop_2026-01-14_14-06-04.top_right_CROPNUMBER_12_UUID_DROSO_07_EQU_28_M.jpg,0.674698795180723,2.63525,37213,2.34456436328125,EQU,28,M,7,train
DROSO_07_SIM_28_M,0.91985809803009,00_data/02_resized/crops/crop_2026-01-14_10-43-25.top_right_CROPNUMBER_24_UUID_DROSO_07_SIM_28_M.jpg,0.592592592592593,3.000375,50134,3.1586378359375,SIM,28,M,7,train
DROSO_07_SIM_28_M,0.921092808246612,00_data/02_resized/crops/crop_2026-01-14_10-43-25.top_right_CROPNUMBER_23_UUID_DROSO_07_SIM_28_M.jpg,0.600536193029491,2.9606875,49228,3.101556296875,SIM,28,M,7,train
DROSO_07_EQU_28_F,0.921675145626068,00_data/02_resized/crops/crop_2026-01-14_14-06-04.top_left_CROPNUMBER_9_UUID_DROSO_07_EQU_28_F.jpg,0.623955431754875,2.8495625,34395,2.16701935546875,EQU,28,F,7,train
DROSO_07_SIM_28_M,0.922524869441986,00_data/02_resized/crops/crop_2026-01-14_10-43-25.top_right_CROPNUMBER_22_UUID_DROSO_07_SIM_28_M.jpg,0.638176638176638,2.7860625,47914,3.0187691640625,SIM,28,M,7,train
DROSO_07_SIM_28_F,0.922823011875153,00_data/02_resized/crops/crop_2026-01-14_10-43-25.top_left_CROPNUMBER_27_UUID_DROSO_07_SIM_28_F.jpg,0.649275362318841,2.7384375,47625,3.00056103515625,SIM,28,F,7,train
DROSO_07_LUT_28_M,0.923107147216797,00_data/02_resized/crops/crop_2026-01-14_14-37-08.top_right_CROPNUMBER_26_UUID_DROSO_07_LUT_28_M.jpg,0.532066508313539,3.3416875,54864,3.4566463125,LUT,28,M,7,train
DROSO_07_SIM_28_M,0.923244595527649,00_data/02_resized/crops/crop_2026-01-14_10-43-25.top_right_CROPNUMBER_21_UUID_DROSO_07_SIM_28_M.jpg,0.689230769230769,2.5796875,46840,2.95110296875,SIM,28,M,7,train
DROSO_07_MEL_28_F,0.923278570175171,00_data/02_resized/crops/crop_2026-01-14_13-37-48.top_left_CROPNUMBER_14_UUID_DROSO_07_MEL_28_F.jpg,0.530805687203792,3.349625,56949,3.58800945703125,MEL,28,F,7,train
DROSO_07_MEL_28_M,0.92338103055954,00_data/02_resized/crops/crop_2026-01-14_13-37-48.top_right_CROPNUMBER_14_UUID_DROSO_07_MEL_28_M.jpg,0.608695652173913,2.921,55811,3.51631101171875,MEL,28,M,7,train
DROSO_07_SIM_28_M,0.92387068271637,00_data/02_resized/crops/crop_2026-01-14_10-43-25.top_right_CROPNUMBER_20_UUID_DROSO_07_SIM_28_M.jpg,0.620498614958449,2.8654375,49201,3.09985519140625,SIM,28,M,7,train
DROSO_07_VIR_28_M,0.92443722486496,00_data/02_resized/crops/crop_2026-01-14_15-14-14.top_right_CROPNUMBER_12_UUID_DROSO_07_VIR_28_M.jpg,0.419475655430712,4.238625,113960,7.17992515625,VIR,28,M,7,train
DROSO_07_SIM_28_M,0.924539744853973,00_data/02_resized/crops/crop_2026-01-14_10-43-25.top_right_CROPNUMBER_19_UUID_DROSO_07_SIM_28_M.jpg,0.70440251572327,2.524125,47169,2.97183125390625,SIM,28,M,7,train
DROSO_07_SIM_28_M,0.924598455429077,00_data/02_resized/crops/crop_2026-01-14_10-43-25.top_right_CROPNUMBER_18_UUID_DROSO_07_SIM_28_M.jpg,0.638176638176638,2.7860625,49006,3.0875694296875,SIM,28,M,7,train
DROSO_07_MEL_28_F,0.924682319164276,00_data/02_resized/crops/crop_2026-01-14_13-37-48.top_left_CROPNUMBER_13_UUID_DROSO_07_MEL_28_F.jpg,0.587926509186352,3.0241875,67423,4.24791237109375,MEL,28,F,7,train
DROSO_07_VIR_28_M,0.924747586250305,00_data/02_resized/crops/crop_2026-01-14_15-14-14.top_right_CROPNUMBER_11_UUID_DROSO_07_VIR_28_M.jpg,0.387543252595156,4.587875,92464,5.8255931875,VIR,28,M,7,train
DROSO_07_SIM_28_F,0.925328314304352,00_data/02_resized/crops/crop_2026-01-14_10-43-25.top_left_CROPNUMBER_26_UUID_DROSO_07_SIM_28_F.jpg,0.64,2.778125,48971,3.08536429296875,SIM,28,F,7,train
DROSO_07_SIM_28_F,0.925418734550476,00_data/02_resized/crops/crop_2026-01-14_10-43-25.top_left_CROPNUMBER_25_UUID_DROSO_07_SIM_28_F.jpg,0.630985915492958,2.8178125,60252,3.796111359375,SIM,28,F,7,train
DROSO_07_MEL_28_F,0.925672292709351,00_data/02_resized/crops/crop_2026-01-14_13-37-48.top_left_CROPNUMBER_12_UUID_DROSO_07_MEL_28_F.jpg,0.555831265508685,3.1988125,71814,4.5245625234375,MEL,28,F,7,train
DROSO_07_EQU_28_F,0.925846874713898,00_data/02_resized/crops/crop_2026-01-14_14-06-04.top_left_CROPNUMBER_8_UUID_DROSO_07_EQU_28_F.jpg,0.622222222222222,2.8575,47361,2.98392800390625,EQU,28,F,7,train
DROSO_07_MEL_28_M,0.926078021526337,00_data/02_resized/crops/crop_2026-01-14_13-37-48.top_right_CROPNUMBER_13_UUID_DROSO_07_MEL_28_M.jpg,0.554455445544555,3.20675,58048,3.65725075,MEL,28,M,7,train
DROSO_07_SIM_28_M,0.926397919654846,00_data/02_resized/crops/crop_2026-01-14_10-43-25.top_right_CROPNUMBER_17_UUID_DROSO_07_SIM_28_M.jpg,0.756756756756757,2.3495,45203,2.84796557421875,SIM,28,M,7,train
DROSO_07_SIM_28_F,0.926437377929688,00_data/02_resized/crops/crop_2026-01-14_10-43-25.top_left_CROPNUMBER_24_UUID_DROSO_07_SIM_28_F.jpg,0.586387434554974,3.032125,54646,3.4429114609375,SIM,28,F,7,train
DROSO_07_VIR_28_F,0.926466524600983,00_data/02_resized/crops/crop_2026-01-14_15-14-14.top_left_CROPNUMBER_10_UUID_DROSO_07_VIR_28_F.jpg,0.39646017699115,4.4846875,97093,6.11723826953125,VIR,28,F,7,train
DROSO_07_LUT_28_M,0.926560878753662,00_data/02_resized/crops/crop_2026-01-14_14-37-08.top_right_CROPNUMBER_25_UUID_DROSO_07_LUT_28_M.jpg,0.608695652173913,2.921,53048,3.34223121875,LUT,28,M,7,train
DROSO_07_MEL_28_F,0.926712810993195,00_data/02_resized/crops/crop_2026-01-14_13-37-48.top_left_CROPNUMBER_11_UUID_DROSO_07_MEL_28_F.jpg,0.607046070460705,2.9289375,72984,4.59827709375,MEL,28,F,7,train
DROSO_07_LUT_28_M,0.926748752593994,00_data/02_resized/crops/crop_2026-01-14_14-37-08.top_right_CROPNUMBER_24_UUID_DROSO_07_LUT_28_M.jpg,0.532066508313539,3.3416875,61540,3.877260390625,LUT,28,M,7,train
DROSO_07_LUT_28_M,0.926920354366302,00_data/02_resized/crops/crop_2026-01-14_14-37-08.top_right_CROPNUMBER_23_UUID_DROSO_07_LUT_28_M.jpg,0.591029023746702,3.0083125,57265,3.60791869140625,LUT,28,M,7,train
DROSO_07_SIM_28_F,0.926969110965729,00_data/02_resized/crops/crop_2026-01-14_10-43-25.top_left_CROPNUMBER_23_UUID_DROSO_07_SIM_28_F.jpg,0.617079889807163,2.8813125,56100,3.534519140625,SIM,28,F,7,train
DROSO_07_SIM_28_F,0.927142977714539,00_data/02_resized/crops/crop_2026-01-14_10-43-25.top_left_CROPNUMBER_22_UUID_DROSO_07_SIM_28_F.jpg,0.574358974358974,3.095625,67156,4.231090328125,SIM,28,F,7,train
DROSO_07_LUT_28_M,0.927336871623993,00_data/02_resized/crops/crop_2026-01-14_14-37-08.top_right_CROPNUMBER_22_UUID_DROSO_07_LUT_28_M.jpg,0.592592592592593,3.000375,51665,3.25509681640625,LUT,28,M,7,train
DROSO_07_EQU_28_M,0.92777943611145,00_data/02_resized/crops/crop_2026-01-14_14-06-04.top_right_CROPNUMBER_11_UUID_DROSO_07_EQU_28_M.jpg,0.617079889807163,2.8813125,51421,3.23972386328125,EQU,28,M,7,train
DROSO_07_SIM_28_F,0.927812278270721,00_data/02_resized/crops/crop_2026-01-14_10-43-25.top_left_CROPNUMBER_21_UUID_DROSO_07_SIM_28_F.jpg,0.501118568232662,3.5480625,79822,5.0290978046875,SIM,28,F,7,train
DROSO_07_MEL_28_F,0.928040862083435,00_data/02_resized/crops/crop_2026-01-14_13-37-48.top_left_CROPNUMBER_10_UUID_DROSO_07_MEL_28_F.jpg,0.475583864118896,3.7385625,75084,4.730585296875,MEL,28,F,7,train
DROSO_07_LUT_28_M,0.928105890750885,00_data/02_resized/crops/crop_2026-01-14_14-37-08.top_right_CROPNUMBER_21_UUID_DROSO_07_LUT_28_M.jpg,0.591029023746702,3.0083125,51560,3.24848140625,LUT,28,M,7,train
DROSO_07_LUT_28_M,0.928367495536804,00_data/02_resized/crops/crop_2026-01-14_14-37-08.top_right_CROPNUMBER_20_UUID_DROSO_07_LUT_28_M.jpg,0.501118568232662,3.5480625,55424,3.4919285,LUT,28,M,7,train
DROSO_07_LUT_28_M,0.928406119346619,00_data/02_resized/crops/crop_2026-01-14_14-37-08.top_right_CROPNUMBER_19_UUID_DROSO_07_LUT_28_M.jpg,0.551724137931035,3.222625,56529,3.56154781640625,LUT,28,M,7,train
DROSO_07_SIM_28_F,0.928705453872681,00_data/02_resized/crops/crop_2026-01-14_10-43-25.top_left_CROPNUMBER_20_UUID_DROSO_07_SIM_28_F.jpg,0.496674057649667,3.5798125,72575,4.57250849609375,SIM,28,F,7,train
DROSO_07_MEL_28_M,0.928726196289062,00_data/02_resized/crops/crop_2026-01-14_13-37-48.top_right_CROPNUMBER_12_UUID_DROSO_07_MEL_28_M.jpg,0.598930481283422,2.968625,60041,3.78281753515625,MEL,28,M,7,train
DROSO_07_SIM_28_M,0.928900420665741,00_data/02_resized/crops/crop_2026-01-14_10-43-25.top_right_CROPNUMBER_16_UUID_DROSO_07_SIM_28_M.jpg,0.602150537634409,2.95275,54044,3.404983109375,SIM,28,M,7,train
DROSO_07_VIR_28_M,0.928946733474731,00_data/02_resized/crops/crop_2026-01-14_15-14-14.top_right_CROPNUMBER_10_UUID_DROSO_07_VIR_28_M.jpg,0.429942418426104,4.1354375,98595,6.21187013671875,VIR,28,M,7,train
DROSO_07_LUT_28_F,0.928976535797119,00_data/02_resized/crops/crop_2026-01-14_14-37-08.top_left_CROPNUMBER_13_UUID_DROSO_07_LUT_28_F.jpg,0.370247933884298,4.8021875,92040,5.79887953125,LUT,28,F,7,train
DROSO_07_SIM_28_F,0.929114818572998,00_data/02_resized/crops/crop_2026-01-14_10-43-25.top_left_CROPNUMBER_19_UUID_DROSO_07_SIM_28_F.jpg,0.534606205250597,3.3258125,59529,3.75055953515625,SIM,28,F,7,train
DROSO_07_LUT_28_M,0.929178237915039,00_data/02_resized/crops/crop_2026-01-14_14-37-08.top_right_CROPNUMBER_18_UUID_DROSO_07_LUT_28_M.jpg,0.583333333333333,3.048,51379,3.23707769921875,LUT,28,M,7,train
DROSO_07_SIM_28_M,0.929411113262176,00_data/02_resized/crops/crop_2026-01-14_10-43-25.top_right_CROPNUMBER_15_UUID_DROSO_07_SIM_28_M.jpg,0.602150537634409,2.95275,48188,3.036032234375,SIM,28,M,7,train
DROSO_07_SIM_28_F,0.929801821708679,00_data/02_resized/crops/crop_2026-01-14_10-43-25.top_left_CROPNUMBER_18_UUID_DROSO_07_SIM_28_F.jpg,0.61878453038674,2.873375,57012,3.591978703125,SIM,28,F,7,train
DROSO_07_MEL_28_M,0.929802119731903,00_data/02_resized/crops/crop_2026-01-14_13-37-48.top_right_CROPNUMBER_11_UUID_DROSO_07_MEL_28_M.jpg,0.547677261613692,3.2464375,68861,4.33851198828125,MEL,28,M,7,train
DROSO_07_VIR_28_M,0.930093705654144,00_data/02_resized/crops/crop_2026-01-14_15-14-14.top_right_CROPNUMBER_9_UUID_DROSO_07_VIR_28_M.jpg,0.397868561278863,4.4688125,104265,6.56910228515625,VIR,28,M,7,train
DROSO_07_SIM_28_F,0.930149674415588,00_data/02_resized/crops/crop_2026-01-14_10-43-25.top_left_CROPNUMBER_17_UUID_DROSO_07_SIM_28_F.jpg,0.537170263788969,3.3099375,60048,3.7832585625,SIM,28,F,7,train
DROSO_07_SIM_28_F,0.930253863334656,00_data/02_resized/crops/crop_2026-01-14_10-43-25.top_left_CROPNUMBER_16_UUID_DROSO_07_SIM_28_F.jpg,0.476595744680851,3.730625,72051,4.53949444921875,SIM,28,F,7,train
DROSO_07_LUT_28_F,0.930363357067108,00_data/02_resized/crops/crop_2026-01-14_14-37-08.top_left_CROPNUMBER_12_UUID_DROSO_07_LUT_28_F.jpg,0.489082969432314,3.635375,73312,4.618942375,LUT,28,F,7,train
DROSO_07_SIM_28_F,0.930936336517334,00_data/02_resized/crops/crop_2026-01-14_10-43-25.top_left_CROPNUMBER_15_UUID_DROSO_07_SIM_28_F.jpg,0.54368932038835,3.27025,56001,3.52828175390625,SIM,28,F,7,train
DROSO_07_LUT_28_M,0.930983364582062,00_data/02_resized/crops/crop_2026-01-14_14-37-08.top_right_CROPNUMBER_17_UUID_DROSO_07_LUT_28_M.jpg,0.594164456233422,2.9924375,46217,2.91185153515625,LUT,28,M,7,train
DROSO_07_LUT_28_F,0.931132793426514,00_data/02_resized/crops/crop_2026-01-14_14-37-08.top_left_CROPNUMBER_11_UUID_DROSO_07_LUT_28_F.jpg,0.509090909090909,3.4925,73054,4.6026873671875,LUT,28,F,7,train
DROSO_07_MEL_28_F,0.931180953979492,00_data/02_resized/crops/crop_2026-01-14_13-37-48.top_left_CROPNUMBER_9_UUID_DROSO_07_MEL_28_F.jpg,0.472573839662447,3.762375,98381,6.19838730078125,MEL,28,F,7,train
DROSO_07_EQU_28_M,0.931200325489044,00_data/02_resized/crops/crop_2026-01-14_14-06-04.top_right_CROPNUMBER_10_UUID_DROSO_07_EQU_28_M.jpg,0.8,2.2225,41144,2.59223271875,EQU,28,M,7,train
DROSO_07_SIM_28_F,0.931241869926453,00_data/02_resized/crops/crop_2026-01-14_10-43-25.top_left_CROPNUMBER_14_UUID_DROSO_07_SIM_28_F.jpg,0.60377358490566,2.9448125,66028,4.160021921875,SIM,28,F,7,train
DROSO_07_MEL_28_M,0.931336879730225,00_data/02_resized/crops/crop_2026-01-14_13-37-48.top_right_CROPNUMBER_10_UUID_DROSO_07_MEL_28_M.jpg,0.562814070351759,3.159125,59064,3.72126271875,MEL,28,M,7,train
DROSO_07_LUT_28_M,0.931505680084228,00_data/02_resized/crops/crop_2026-01-14_14-37-08.top_right_CROPNUMBER_16_UUID_DROSO_07_LUT_28_M.jpg,0.629213483146067,2.82575,53691,3.38274273046875,LUT,28,M,7,train
DROSO_07_SIM_28_F,0.931619107723236,00_data/02_resized/crops/crop_2026-01-14_10-43-25.top_left_CROPNUMBER_13_UUID_DROSO_07_SIM_28_F.jpg,0.54368932038835,3.27025,56127,3.53622024609375,SIM,28,F,7,train
DROSO_07_VIR_28_F,0.931985557079315,00_data/02_resized/crops/crop_2026-01-14_15-14-14.top_left_CROPNUMBER_9_UUID_DROSO_07_VIR_28_F.jpg,0.460905349794239,3.857625,98885,6.23014126953125,VIR,28,F,7,train
DROSO_07_VIR_28_M,0.932000994682312,00_data/02_resized/crops/crop_2026-01-14_15-14-14.top_right_CROPNUMBER_8_UUID_DROSO_07_VIR_28_M.jpg,0.399286987522282,4.4529375,88915,5.60199232421875,VIR,28,M,7,train
DROSO_07_EQU_28_M,0.932191669940948,00_data/02_resized/crops/crop_2026-01-14_14-06-04.top_right_CROPNUMBER_9_UUID_DROSO_07_EQU_28_M.jpg,0.658823529411765,2.69875,41698,2.6271368828125,EQU,28,M,7,train
DROSO_07_EQU_28_F,0.932195782661438,00_data/02_resized/crops/crop_2026-01-14_14-06-04.top_left_CROPNUMBER_7_UUID_DROSO_07_EQU_28_F.jpg,0.623955431754875,2.8495625,49312,3.106848625,EQU,28,F,7,train
DROSO_07_SIM_28_F,0.932324767112732,00_data/02_resized/crops/crop_2026-01-14_10-43-25.top_left_CROPNUMBER_12_UUID_DROSO_07_SIM_28_F.jpg,0.589473684210526,3.01625,66584,4.19505209375,SIM,28,F,7,train
DROSO_07_VIR_28_F,0.932359397411346,00_data/02_resized/crops/crop_2026-01-14_15-14-14.top_left_CROPNUMBER_8_UUID_DROSO_07_VIR_28_F.jpg,0.459958932238193,3.8655625,94377,5.94611966015625,VIR,28,F,7,train
DROSO_07_VIR_28_M,0.932409882545471,00_data/02_resized/crops/crop_2026-01-14_15-14-14.top_right_CROPNUMBER_7_UUID_DROSO_07_VIR_28_M.jpg,0.415584415584416,4.2783125,103822,6.5411915546875,VIR,28,M,7,train
DROSO_07_SIM_28_M,0.932454109191894,00_data/02_resized/crops/crop_2026-01-14_10-43-25.top_right_CROPNUMBER_14_UUID_DROSO_07_SIM_28_M.jpg,0.658823529411765,2.69875,46449,2.92646844140625,SIM,28,M,7,train
DROSO_07_SIM_28_M,0.932620525360107,00_data/02_resized/crops/crop_2026-01-14_10-43-25.top_right_CROPNUMBER_13_UUID_DROSO_07_SIM_28_M.jpg,0.672672672672673,2.6431875,52963,3.33687588671875,SIM,28,M,7,train
DROSO_07_SIM_28_M,0.932633996009827,00_data/02_resized/crops/crop_2026-01-14_10-43-25.top_right_CROPNUMBER_12_UUID_DROSO_07_SIM_28_M.jpg,0.600536193029491,2.9606875,54941,3.46149761328125,SIM,28,M,7,train
DROSO_07_SIM_28_F,0.932643532752991,00_data/02_resized/crops/crop_2026-01-14_10-43-25.top_left_CROPNUMBER_11_UUID_DROSO_07_SIM_28_F.jpg,0.553086419753086,3.2146875,72480,4.566523125,SIM,28,F,7,train
DROSO_07_EQU_28_M,0.932692587375641,00_data/02_resized/crops/crop_2026-01-14_14-06-04.top_right_CROPNUMBER_8_UUID_DROSO_07_EQU_28_M.jpg,0.697819314641745,2.5479375,45644,2.875750296875,EQU,28,M,7,train
DROSO_07_EQU_28_F,0.932766199111938,00_data/02_resized/crops/crop_2026-01-14_14-06-04.top_left_CROPNUMBER_6_UUID_DROSO_07_EQU_28_F.jpg,0.620498614958449,2.8654375,52995,3.33889201171875,EQU,28,F,7,train
DROSO_07_SIM_28_M,0.932807385921478,00_data/02_resized/crops/crop_2026-01-14_10-43-25.top_right_CROPNUMBER_11_UUID_DROSO_07_SIM_28_M.jpg,0.662721893491124,2.682875,51879,3.26857965234375,SIM,28,M,7,train
DROSO_07_MEL_28_F,0.932862460613251,00_data/02_resized/crops/crop_2026-01-14_13-37-48.top_left_CROPNUMBER_8_UUID_DROSO_07_MEL_28_F.jpg,0.469601677148847,3.7861875,74214,4.6757718984375,MEL,28,F,7,train
DROSO_07_SIM_28_F,0.933067917823792,00_data/02_resized/crops/crop_2026-01-14_10-43-25.top_left_CROPNUMBER_10_UUID_DROSO_07_SIM_28_F.jpg,0.524590163934426,3.3893125,71483,4.50370823046875,SIM,28,F,7,train
DROSO_07_EQU_28_F,0.933072686195374,00_data/02_resized/crops/crop_2026-01-14_14-06-04.top_left_CROPNUMBER_5_UUID_DROSO_07_EQU_28_F.jpg,0.759322033898305,2.3415625,41245,2.59859611328125,EQU,28,F,7,train
DROSO_07_EQU_28_F,0.933094561100006,00_data/02_resized/crops/crop_2026-01-14_14-06-04.top_left_CROPNUMBER_4_UUID_DROSO_07_EQU_28_F.jpg,0.634560906515581,2.8019375,50636,3.190265796875,EQU,28,F,7,train
DROSO_07_VIR_28_M,0.933204829692841,00_data/02_resized/crops/crop_2026-01-14_15-14-14.top_right_CROPNUMBER_6_UUID_DROSO_07_VIR_28_M.jpg,0.502242152466368,3.540125,90243,5.68566151171875,VIR,28,M,7,train
DROSO_07_SIM_28_F,0.933232426643372,00_data/02_resized/crops/crop_2026-01-14_10-43-25.top_left_CROPNUMBER_9_UUID_DROSO_07_SIM_28_F.jpg,0.55036855036855,3.2305625,55470,3.4948266796875,SIM,28,F,7,train
DROSO_07_SIM_28_F,0.933244287967682,00_data/02_resized/crops/crop_2026-01-14_10-43-25.top_left_CROPNUMBER_8_UUID_DROSO_07_SIM_28_F.jpg,0.574358974358974,3.095625,66088,4.16380215625,SIM,28,F,7,train
DROSO_07_MEL_28_M,0.933413147926331,00_data/02_resized/crops/crop_2026-01-14_13-37-48.top_right_CROPNUMBER_9_UUID_DROSO_07_MEL_28_M.jpg,0.61878453038674,2.873375,59729,3.76316031640625,MEL,28,M,7,train
DROSO_07_SIM_28_M,0.933428287506104,00_data/02_resized/crops/crop_2026-01-14_10-43-25.top_right_CROPNUMBER_10_UUID_DROSO_07_SIM_28_M.jpg,0.607046070460705,2.9289375,46124,2.905992171875,SIM,28,M,7,train
DROSO_07_MEL_28_M,0.933434963226318,00_data/02_resized/crops/crop_2026-01-14_13-37-48.top_right_CROPNUMBER_8_UUID_DROSO_07_MEL_28_M.jpg,0.528301886792453,3.3655,46856,2.95211103125,MEL,28,M,7,train
DROSO_07_SIM_28_F,0.933669328689575,00_data/02_resized/crops/crop_2026-01-14_10-43-25.top_left_CROPNUMBER_7_UUID_DROSO_07_SIM_28_F.jpg,0.565656565656566,3.14325,67376,4.2449511875,SIM,28,F,7,train
DROSO_07_LUT_28_M,0.933728575706482,00_data/02_resized/crops/crop_2026-01-14_14-37-08.top_right_CROPNUMBER_15_UUID_DROSO_07_LUT_28_M.jpg,0.55860349127182,3.1829375,53228,3.353571921875,LUT,28,M,7,train
DROSO_07_SIM_28_F,0.933755993843079,00_data/02_resized/crops/crop_2026-01-14_10-43-25.top_left_CROPNUMBER_6_UUID_DROSO_07_SIM_28_F.jpg,0.527058823529412,3.3734375,73624,4.63859959375,SIM,28,F,7,train
DROSO_07_EQU_28_M,0.934022486209869,00_data/02_resized/crops/crop_2026-01-14_14-06-04.top_right_CROPNUMBER_7_UUID_DROSO_07_EQU_28_M.jpg,0.744186046511628,2.3891875,42672,2.6885026875,EQU,28,M,7,train
DROSO_07_LUT_28_M,0.934198796749115,00_data/02_resized/crops/crop_2026-01-14_14-37-08.top_right_CROPNUMBER_14_UUID_DROSO_07_LUT_28_M.jpg,0.527058823529412,3.3734375,58057,3.65781778515625,LUT,28,M,7,train
DROSO_07_SIM_28_M,0.93422657251358,00_data/02_resized/crops/crop_2026-01-14_10-43-25.top_right_CROPNUMBER_9_UUID_DROSO_07_SIM_28_M.jpg,0.610354223433243,2.9130625,48227,3.03848938671875,SIM,28,M,7,train
DROSO_07_LUT_28_M,0.934338390827179,00_data/02_resized/crops/crop_2026-01-14_14-37-08.top_right_CROPNUMBER_13_UUID_DROSO_07_LUT_28_M.jpg,0.56,3.175,54917,3.45998551953125,LUT,28,M,7,train
DROSO_07_MEL_28_M,0.934521794319153,00_data/02_resized/crops/crop_2026-01-14_13-37-48.top_right_CROPNUMBER_7_UUID_DROSO_07_MEL_28_M.jpg,0.476595744680851,3.730625,102910,6.4837319921875,MEL,28,M,7,train
DROSO_07_MEL_28_F,0.934531211853027,00_data/02_resized/crops/crop_2026-01-14_13-37-48.top_left_CROPNUMBER_7_UUID_DROSO_07_MEL_28_F.jpg,0.448,3.96875,88077,5.54919505078125,MEL,28,F,7,train
DROSO_07_LUT_28_M,0.934568762779236,00_data/02_resized/crops/crop_2026-01-14_14-37-08.top_right_CROPNUMBER_12_UUID_DROSO_07_LUT_28_M.jpg,0.581818181818182,3.0559375,59129,3.72535797265625,LUT,28,M,7,train
DROSO_07_EQU_28_M,0.934603869915008,00_data/02_resized/crops/crop_2026-01-14_14-06-04.top_right_CROPNUMBER_6_UUID_DROSO_07_EQU_28_M.jpg,0.629213483146067,2.82575,42439,2.67382277734375,EQU,28,M,7,train
DROSO_07_VIR_28_F,0.934961080551148,00_data/02_resized/crops/crop_2026-01-14_15-14-14.top_left_CROPNUMBER_7_UUID_DROSO_07_VIR_28_F.jpg,0.397868561278863,4.4688125,98984,6.23637865625,VIR,28,F,7,train
DROSO_07_SIM_28_M,0.934963464736938,00_data/02_resized/crops/crop_2026-01-14_10-43-25.top_right_CROPNUMBER_8_UUID_DROSO_07_SIM_28_M.jpg,0.720257234726688,2.4685625,49629,3.12682086328125,SIM,28,M,7,train
DROSO_07_EQU_28_M,0.935036599636078,00_data/02_resized/crops/crop_2026-01-14_14-06-04.top_right_CROPNUMBER_5_UUID_DROSO_07_EQU_28_M.jpg,0.602150537634409,2.95275,50046,3.1530934921875,EQU,28,M,7,train
DROSO_07_LUT_28_M,0.935174524784088,00_data/02_resized/crops/crop_2026-01-14_14-37-08.top_right_CROPNUMBER_11_UUID_DROSO_07_LUT_28_M.jpg,0.595744680851064,2.9845,59234,3.7319733828125,LUT,28,M,7,train
DROSO_07_LUT_28_M,0.935244381427765,00_data/02_resized/crops/crop_2026-01-14_14-37-08.top_right_CROPNUMBER_10_UUID_DROSO_07_LUT_28_M.jpg,0.664688427299703,2.6749375,42923,2.70431666796875,LUT,28,M,7,train
DROSO_07_MEL_28_M,0.935388803482056,00_data/02_resized/crops/crop_2026-01-14_13-37-48.top_right_CROPNUMBER_6_UUID_DROSO_07_MEL_28_M.jpg,0.589473684210526,3.01625,64533,4.06583108203125,MEL,28,M,7,train
DROSO_07_LUT_28_M,0.93548572063446,00_data/02_resized/crops/crop_2026-01-14_14-37-08.top_right_CROPNUMBER_9_UUID_DROSO_07_LUT_28_M.jpg,0.676737160120846,2.6273125,43095,2.71515333984375,LUT,28,M,7,train
DROSO_07_SIM_28_M,0.93550044298172,00_data/02_resized/crops/crop_2026-01-14_10-43-25.top_right_CROPNUMBER_7_UUID_DROSO_07_SIM_28_M.jpg,0.600536193029491,2.9606875,53285,3.35716314453125,SIM,28,M,7,train
DROSO_07_MEL_28_F,0.935597956180572,00_data/02_resized/crops/crop_2026-01-14_13-37-48.top_left_CROPNUMBER_6_UUID_DROSO_07_MEL_28_F.jpg,0.397868561278863,4.4688125,90677,5.71300520703125,MEL,28,F,7,train
DROSO_07_VIR_28_F,0.935793042182922,00_data/02_resized/crops/crop_2026-01-14_15-14-14.top_left_CROPNUMBER_6_UUID_DROSO_07_VIR_28_F.jpg,0.402154398563734,4.4211875,127085,8.00685142578125,VIR,28,F,7,train
DROSO_07_VIR_28_M,0.935934126377106,00_data/02_resized/crops/crop_2026-01-14_15-14-14.top_right_CROPNUMBER_5_UUID_DROSO_07_VIR_28_M.jpg,0.384219554030875,4.6275625,120633,7.60035022265625,VIR,28,M,7,train
DROSO_07_EQU_28_F,0.935946106910706,00_data/02_resized/crops/crop_2026-01-14_14-06-04.top_left_CROPNUMBER_3_UUID_DROSO_07_EQU_28_F.jpg,0.636363636363636,2.794,47372,2.984621046875,EQU,28,F,7,train
DROSO_07_MEL_28_M,0.936100780963898,00_data/02_resized/crops/crop_2026-01-14_13-37-48.top_right_CROPNUMBER_5_UUID_DROSO_07_MEL_28_M.jpg,0.538461538461538,3.302,71571,4.50925257421875,MEL,28,M,7,train
DROSO_07_VIR_28_F,0.936105728149414,00_data/02_resized/crops/crop_2026-01-14_15-14-14.top_left_CROPNUMBER_5_UUID_DROSO_07_VIR_28_F.jpg,0.375209380234506,4.7386875,101924,6.421610140625,VIR,28,F,7,train
DROSO_07_SIM_28_M,0.936162829399109,00_data/02_resized/crops/crop_2026-01-14_10-43-25.top_right_CROPNUMBER_6_UUID_DROSO_07_SIM_28_M.jpg,0.629213483146067,2.82575,55185,3.47687056640625,SIM,28,M,7,train
DROSO_07_EQU_28_M,0.936318099498749,00_data/02_resized/crops/crop_2026-01-14_14-06-04.top_right_CROPNUMBER_4_UUID_DROSO_07_EQU_28_M.jpg,0.729641693811075,2.4368125,47050,2.9643337890625,EQU,28,M,7,train
DROSO_07_EQU_28_M,0.936630427837372,00_data/02_resized/crops/crop_2026-01-14_14-06-04.top_right_CROPNUMBER_3_UUID_DROSO_07_EQU_28_M.jpg,0.61878453038674,2.873375,48723,3.06973932421875,EQU,28,M,7,train
DROSO_07_SIM_28_F,0.936634480953217,00_data/02_resized/crops/crop_2026-01-14_10-43-25.top_left_CROPNUMBER_5_UUID_DROSO_07_SIM_28_F.jpg,0.572890025575448,3.1035625,55097,3.47132622265625,SIM,28,F,7,train
DROSO_07_SIM_28_F,0.936718583106995,00_data/02_resized/crops/crop_2026-01-14_10-43-25.top_left_CROPNUMBER_4_UUID_DROSO_07_SIM_28_F.jpg,0.547677261613692,3.2464375,63487,3.99992899609375,SIM,28,F,7,train
DROSO_07_SIM_28_M,0.936835825443268,00_data/02_resized/crops/crop_2026-01-14_10-43-25.top_right_CROPNUMBER_5_UUID_DROSO_07_SIM_28_M.jpg,0.736842105263158,2.413,48032,3.026203625,SIM,28,M,7,train
DROSO_07_VIR_28_M,0.936854541301727,00_data/02_resized/crops/crop_2026-01-14_15-14-14.top_right_CROPNUMBER_4_UUID_DROSO_07_VIR_28_M.jpg,0.405063291139241,4.3894375,109108,6.874230203125,VIR,28,M,7,train
DROSO_07_LUT_28_M,0.937144815921783,00_data/02_resized/crops/crop_2026-01-14_14-37-08.top_right_CROPNUMBER_8_UUID_DROSO_07_LUT_28_M.jpg,0.453441295546559,3.921125,67264,4.23789475,LUT,28,M,7,train
DROSO_07_SIM_28_M,0.937239527702332,00_data/02_resized/crops/crop_2026-01-14_10-43-25.top_right_CROPNUMBER_4_UUID_DROSO_07_SIM_28_M.jpg,0.55036855036855,3.2305625,62028,3.908006296875,SIM,28,M,7,train
DROSO_07_LUT_28_M,0.937249481678009,00_data/02_resized/crops/crop_2026-01-14_14-37-08.top_right_CROPNUMBER_7_UUID_DROSO_07_LUT_28_M.jpg,0.595744680851064,2.9845,71117,4.48064880078125,LUT,28,M,7,train
DROSO_07_SIM_28_F,0.937421262264252,00_data/02_resized/crops/crop_2026-01-14_10-43-25.top_left_CROPNUMBER_3_UUID_DROSO_07_SIM_28_F.jpg,0.589473684210526,3.01625,62311,3.92583640234375,SIM,28,F,7,train
DROSO_07_MEL_28_M,0.937432169914246,00_data/02_resized/crops/crop_2026-01-14_13-37-48.top_right_CROPNUMBER_4_UUID_DROSO_07_MEL_28_M.jpg,0.56,3.175,68259,4.30058363671875,MEL,28,M,7,train
DROSO_07_SIM_28_M,0.937560200691223,00_data/02_resized/crops/crop_2026-01-14_10-43-25.top_right_CROPNUMBER_3_UUID_DROSO_07_SIM_28_M.jpg,0.622222222222222,2.8575,53111,3.34620046484375,SIM,28,M,7,train
DROSO_07_EQU_28_F,0.937701344490051,00_data/02_resized/crops/crop_2026-01-14_14-06-04.top_left_CROPNUMBER_2_UUID_DROSO_07_EQU_28_F.jpg,0.630985915492958,2.8178125,53672,3.38154565625,EQU,28,F,7,train
DROSO_07_VIR_28_M,0.937719702720642,00_data/02_resized/crops/crop_2026-01-14_15-14-14.top_right_CROPNUMBER_3_UUID_DROSO_07_VIR_28_M.jpg,0.391608391608392,4.54025,112888,7.11238496875,VIR,28,M,7,train
DROSO_07_LUT_28_M,0.937762379646301,00_data/02_resized/crops/crop_2026-01-14_14-37-08.top_right_CROPNUMBER_6_UUID_DROSO_07_LUT_28_M.jpg,0.617079889807163,2.8813125,53272,3.35634409375,LUT,28,M,7,train
DROSO_07_VIR_28_M,0.938028931617737,00_data/02_resized/crops/crop_2026-01-14_15-14-14.top_right_CROPNUMBER_2_UUID_DROSO_07_VIR_28_M.jpg,0.467640918580376,3.8020625,102208,6.43950325,VIR,28,M,7,train
DROSO_07_VIR_28_F,0.938107073307037,00_data/02_resized/crops/crop_2026-01-14_15-14-14.top_left_CROPNUMBER_4_UUID_DROSO_07_VIR_28_F.jpg,0.379018612521151,4.6910625,110501,6.96199464453125,VIR,28,F,7,train
DROSO_07_MEL_28_M,0.938134968280792,00_data/02_resized/crops/crop_2026-01-14_13-37-48.top_right_CROPNUMBER_3_UUID_DROSO_07_MEL_28_M.jpg,0.54368932038835,3.27025,70707,4.45481719921875,MEL,28,M,7,train
DROSO_07_LUT_28_F,0.938435971736908,00_data/02_resized/crops/crop_2026-01-14_14-37-08.top_left_CROPNUMBER_10_UUID_DROSO_07_LUT_28_F.jpg,0.534606205250597,3.3258125,64343,4.05386033984375,LUT,28,F,7,train
DROSO_07_LUT_28_F,0.938620805740356,00_data/02_resized/crops/crop_2026-01-14_14-37-08.top_left_CROPNUMBER_9_UUID_DROSO_07_LUT_28_F.jpg,0.527058823529412,3.3734375,70860,4.464456796875,LUT,28,F,7,train
DROSO_07_LUT_28_M,0.938652813434601,00_data/02_resized/crops/crop_2026-01-14_14-37-08.top_right_CROPNUMBER_5_UUID_DROSO_07_LUT_28_M.jpg,0.676737160120846,2.6273125,59751,3.76454640234375,LUT,28,M,7,train
DROSO_07_SIM_28_M,0.938747346401215,00_data/02_resized/crops/crop_2026-01-14_10-43-25.top_right_CROPNUMBER_2_UUID_DROSO_07_SIM_28_M.jpg,0.717948717948718,2.4765,51602,3.2511275703125,SIM,28,M,7,train
DROSO_07_MEL_28_F,0.938988864421844,00_data/02_resized/crops/crop_2026-01-14_13-37-48.top_left_CROPNUMBER_5_UUID_DROSO_07_MEL_28_F.jpg,0.490153172866521,3.6274375,75216,4.7389018125,MEL,28,F,7,train
DROSO_07_LUT_28_M,0.939367055892944,00_data/02_resized/crops/crop_2026-01-14_14-37-08.top_right_CROPNUMBER_4_UUID_DROSO_07_LUT_28_M.jpg,0.533333333333333,3.33375,64753,4.07969194140625,LUT,28,M,7,train
DROSO_07_LUT_28_M,0.939377665519714,00_data/02_resized/crops/crop_2026-01-14_14-37-08.top_right_CROPNUMBER_3_UUID_DROSO_07_LUT_28_M.jpg,0.595744680851064,2.9845,56881,3.58372519140625,LUT,28,M,7,train
DROSO_07_MEL_28_F,0.93952351808548,00_data/02_resized/crops/crop_2026-01-14_13-37-48.top_left_CROPNUMBER_4_UUID_DROSO_07_MEL_28_F.jpg,0.503370786516854,3.5321875,70262,4.4267804609375,MEL,28,F,7,train
DROSO_07_LUT_28_F,0.939808011054993,00_data/02_resized/crops/crop_2026-01-14_14-37-08.top_left_CROPNUMBER_8_UUID_DROSO_07_LUT_28_F.jpg,0.516129032258065,3.444875,57849,3.64471297265625,LUT,28,F,7,train
DROSO_07_MEL_28_F,0.939834356307983,00_data/02_resized/crops/crop_2026-01-14_13-37-48.top_left_CROPNUMBER_3_UUID_DROSO_07_MEL_28_F.jpg,0.522144522144522,3.4051875,74118,4.6697235234375,MEL,28,F,7,train
DROSO_07_LUT_28_F,0.940224826335907,00_data/02_resized/crops/crop_2026-01-14_14-37-08.top_left_CROPNUMBER_7_UUID_DROSO_07_LUT_28_F.jpg,0.504504504504505,3.52425,73026,4.6009232578125,LUT,28,F,7,train
DROSO_07_MEL_28_M,0.940675675868988,00_data/02_resized/crops/crop_2026-01-14_13-37-48.top_right_CROPNUMBER_2_UUID_DROSO_07_MEL_28_M.jpg,0.509090909090909,3.4925,70416,4.4364830625,MEL,28,M,7,train
DROSO_07_EQU_28_F,0.940876245498657,00_data/02_resized/crops/crop_2026-01-14_14-06-04.top_left_CROPNUMBER_1_UUID_DROSO_07_EQU_28_F.jpg,0.64367816091954,2.76225,51956,3.273430953125,EQU,28,F,7,train
DROSO_07_LUT_28_M,0.940878450870514,00_data/02_resized/crops/crop_2026-01-14_14-37-08.top_right_CROPNUMBER_2_UUID_DROSO_07_LUT_28_M.jpg,0.507936507936508,3.5004375,57087,3.59670399609375,LUT,28,M,7,train
DROSO_07_EQU_28_F,0.940885543823242,00_data/02_resized/crops/crop_2026-01-14_14-06-04.top_left_CROPNUMBER_0_UUID_DROSO_07_EQU_28_F.jpg,0.780487804878049,2.2780625,36873,2.32314303515625,EQU,28,F,7,train
DROSO_07_EQU_28_M,0.941411137580872,00_data/02_resized/crops/crop_2026-01-14_14-06-04.top_right_CROPNUMBER_2_UUID_DROSO_07_EQU_28_M.jpg,0.504504504504505,3.52425,60134,3.7886768984375,EQU,28,M,7,train
DROSO_07_LUT_28_M,0.94172728061676,00_data/02_resized/crops/crop_2026-01-14_14-37-08.top_right_CROPNUMBER_1_UUID_DROSO_07_LUT_28_M.jpg,0.607046070460705,2.9289375,54637,3.44234442578125,LUT,28,M,7,train
DROSO_07_EQU_28_M,0.942199528217316,00_data/02_resized/crops/crop_2026-01-14_14-06-04.top_right_CROPNUMBER_1_UUID_DROSO_07_EQU_28_M.jpg,0.797153024911032,2.2304375,46495,2.92936662109375,EQU,28,M,7,train
DROSO_07_VIR_28_M,0.942495346069336,00_data/02_resized/crops/crop_2026-01-14_15-14-14.top_right_CROPNUMBER_1_UUID_DROSO_07_VIR_28_M.jpg,0.389565217391304,4.5640625,110764,6.978564671875,VIR,28,M,7,train
DROSO_07_MEL_28_F,0.942646265029907,00_data/02_resized/crops/crop_2026-01-14_13-37-48.top_left_CROPNUMBER_2_UUID_DROSO_07_MEL_28_F.jpg,0.518518518518519,3.429,77161,4.86144441015625,MEL,28,F,7,train
DROSO_07_SIM_28_F,0.942850291728973,00_data/02_resized/crops/crop_2026-01-14_10-43-25.top_left_CROPNUMBER_2_UUID_DROSO_07_SIM_28_F.jpg,0.654970760233918,2.714625,59946,3.7768321640625,SIM,28,F,7,train
DROSO_07_SIM_28_F,0.942924380302429,00_data/02_resized/crops/crop_2026-01-14_10-43-25.top_left_CROPNUMBER_1_UUID_DROSO_07_SIM_28_F.jpg,0.525821596244132,3.381375,72323,4.55663151171875,SIM,28,F,7,train
DROSO_07_EQU_28_M,0.943167388439178,00_data/02_resized/crops/crop_2026-01-14_14-06-04.top_right_CROPNUMBER_0_UUID_DROSO_07_EQU_28_M.jpg,0.612021857923497,2.905125,38408,2.41985403125,EQU,28,M,7,train
DROSO_07_LUT_28_M,0.943502902984619,00_data/02_resized/crops/crop_2026-01-14_14-37-08.top_right_CROPNUMBER_0_UUID_DROSO_07_LUT_28_M.jpg,0.472573839662447,3.762375,64546,4.0666501328125,LUT,28,M,7,train
DROSO_07_LUT_28_F,0.943761587142944,00_data/02_resized/crops/crop_2026-01-14_14-37-08.top_left_CROPNUMBER_6_UUID_DROSO_07_LUT_28_F.jpg,0.494481236203091,3.5956875,78019,4.91550176171875,LUT,28,F,7,train
DROSO_07_VIR_28_F,0.943779766559601,00_data/02_resized/crops/crop_2026-01-14_15-14-14.top_left_CROPNUMBER_3_UUID_DROSO_07_VIR_28_F.jpg,0.388888888888889,4.572,131929,8.31204234765625,VIR,28,F,7,train
DROSO_07_SIM_28_F,0.943794846534729,00_data/02_resized/crops/crop_2026-01-14_10-43-25.top_left_CROPNUMBER_0_UUID_DROSO_07_SIM_28_F.jpg,0.493392070484582,3.603625,67818,4.2727989140625,SIM,28,F,7,train
DROSO_07_MEL_28_M,0.943951368331909,00_data/02_resized/crops/crop_2026-01-14_13-37-48.top_right_CROPNUMBER_1_UUID_DROSO_07_MEL_28_M.jpg,0.534606205250597,3.3258125,75197,4.73770473828125,MEL,28,M,7,train
DROSO_07_VIR_28_M,0.944153249263763,00_data/02_resized/crops/crop_2026-01-14_15-14-14.top_right_CROPNUMBER_0_UUID_DROSO_07_VIR_28_M.jpg,0.401433691756272,4.429125,126565,7.97408939453125,VIR,28,M,7,train
DROSO_07_LUT_28_F,0.945017635822296,00_data/02_resized/crops/crop_2026-01-14_14-37-08.top_left_CROPNUMBER_5_UUID_DROSO_07_LUT_28_F.jpg,0.542372881355932,3.2781875,68547,4.31872876171875,LUT,28,F,7,train
DROSO_07_VIR_28_F,0.945335686206818,00_data/02_resized/crops/crop_2026-01-14_15-14-14.top_left_CROPNUMBER_2_UUID_DROSO_07_VIR_28_F.jpg,0.44007858546169,4.0401875,119064,7.50149709375,VIR,28,F,7,train
DROSO_07_VIR_28_F,0.946105778217316,00_data/02_resized/crops/crop_2026-01-14_15-14-14.top_left_CROPNUMBER_1_UUID_DROSO_07_VIR_28_F.jpg,0.390924956369983,4.5481875,134576,8.4788136875,VIR,28,F,7,train
DROSO_07_MEL_28_F,0.94676673412323,00_data/02_resized/crops/crop_2026-01-14_13-37-48.top_left_CROPNUMBER_1_UUID_DROSO_07_MEL_28_F.jpg,0.489082969432314,3.635375,79351,4.99942296484375,MEL,28,F,7,train
DROSO_07_SIM_28_M,0.946905970573425,00_data/02_resized/crops/crop_2026-01-14_10-43-25.top_right_CROPNUMBER_1_UUID_DROSO_07_SIM_28_M.jpg,0.591029023746702,3.0083125,50472,3.17993315625,SIM,28,M,7,train
DROSO_07_VIR_28_F,0.94728034734726,00_data/02_resized/crops/crop_2026-01-14_15-14-14.top_left_CROPNUMBER_0_UUID_DROSO_07_VIR_28_F.jpg,0.399286987522282,4.4529375,121497,7.65478559765625,VIR,28,F,7,train
DROSO_07_MEL_28_F,0.947383403778076,00_data/02_resized/crops/crop_2026-01-14_13-37-48.top_left_CROPNUMBER_0_UUID_DROSO_07_MEL_28_F.jpg,0.417910447761194,4.2545,96595,6.08586232421875,MEL,28,F,7,train
DROSO_07_LUT_28_F,0.948824405670166,00_data/02_resized/crops/crop_2026-01-14_14-37-08.top_left_CROPNUMBER_4_UUID_DROSO_07_LUT_28_F.jpg,0.494481236203091,3.5956875,64673,4.07465162890625,LUT,28,F,7,train
DROSO_07_LUT_28_F,0.949075520038605,00_data/02_resized/crops/crop_2026-01-14_14-37-08.top_left_CROPNUMBER_3_UUID_DROSO_07_LUT_28_F.jpg,0.469601677148847,3.7861875,74535,4.69599615234375,LUT,28,F,7,train
DROSO_07_MEL_28_M,0.94943356513977,00_data/02_resized/crops/crop_2026-01-14_13-37-48.top_right_CROPNUMBER_0_UUID_DROSO_07_MEL_28_M.jpg,0.525821596244132,3.381375,79935,5.03621724609375,MEL,28,M,7,train
DROSO_07_LUT_28_F,0.949843108654022,00_data/02_resized/crops/crop_2026-01-14_14-37-08.top_left_CROPNUMBER_2_UUID_DROSO_07_LUT_28_F.jpg,0.507936507936508,3.5004375,73925,4.65756376953125,LUT,28,F,7,train
DROSO_07_SIM_28_M,0.952023148536682,00_data/02_resized/crops/crop_2026-01-14_10-43-25.top_right_CROPNUMBER_0_UUID_DROSO_07_SIM_28_M.jpg,0.506787330316742,3.508375,59815,3.76857865234375,SIM,28,M,7,train
DROSO_07_LUT_28_F,0.954256653785706,00_data/02_resized/crops/crop_2026-01-14_14-37-08.top_left_CROPNUMBER_1_UUID_DROSO_07_LUT_28_F.jpg,0.528301886792453,3.3655,69171,4.35804319921875,LUT,28,F,7,train
DROSO_07_LUT_28_F,0.955852448940277,00_data/02_resized/crops/crop_2026-01-14_14-37-08.top_left_CROPNUMBER_0_UUID_DROSO_07_LUT_28_F.jpg,0.517321016166282,3.4369375,70959,4.47069418359375,LUT,28,F,7,train
DROSO_08_SIM_28_F,0.900493443012238,00_data/02_resized/crops/crop_2026-01-14_10-50-00.top_left_CROPNUMBER_24_UUID_DROSO_08_SIM_28_F.jpg,0.562814070351759,3.159125,54895,3.45859943359375,SIM,28,F,8,train
DROSO_08_MEL_28_M,0.904310524463654,00_data/02_resized/crops/crop_2026-01-14_13-43-30.top_right_CROPNUMBER_22_UUID_DROSO_08_MEL_28_M.jpg,0.557213930348259,3.190875,60013,3.78105342578125,MEL,28,M,8,train
DROSO_08_SIM_28_M,0.909406542778015,00_data/02_resized/crops/crop_2026-01-14_10-50-00.top_right_CROPNUMBER_20_UUID_DROSO_08_SIM_28_M.jpg,0.575835475578406,3.0876875,49526,3.1203314609375,SIM,28,M,8,train
DROSO_08_MEL_28_M,0.910406947135925,00_data/02_resized/crops/crop_2026-01-14_13-43-30.top_right_CROPNUMBER_21_UUID_DROSO_08_MEL_28_M.jpg,0.43495145631068,4.0878125,92139,5.80511691796875,MEL,28,M,8,train
DROSO_08_SIM_28_M,0.910684406757355,00_data/02_resized/crops/crop_2026-01-14_10-50-00.top_right_CROPNUMBER_19_UUID_DROSO_08_SIM_28_M.jpg,0.598930481283422,2.968625,46547,2.93264282421875,SIM,28,M,8,train
DROSO_08_SIM_28_F,0.914625763893127,00_data/02_resized/crops/crop_2026-01-14_10-50-00.top_left_CROPNUMBER_23_UUID_DROSO_08_SIM_28_F.jpg,0.607046070460705,2.9289375,59031,3.71918358984375,SIM,28,F,8,train
DROSO_08_VIR_28_M,0.915065944194794,00_data/02_resized/crops/crop_2026-01-14_15-19-47.top_right_CROPNUMBER_12_UUID_DROSO_08_VIR_28_M.jpg,0.32510885341074,5.4689375,103133,6.49778186328125,VIR,28,M,8,train
DROSO_08_SIM_28_F,0.918044447898865,00_data/02_resized/crops/crop_2026-01-14_10-50-00.top_left_CROPNUMBER_22_UUID_DROSO_08_SIM_28_F.jpg,0.528301886792453,3.3655,56407,3.55386133984375,SIM,28,F,8,train
DROSO_08_MEL_28_M,0.918581962585449,00_data/02_resized/crops/crop_2026-01-14_13-43-30.top_right_CROPNUMBER_20_UUID_DROSO_08_MEL_28_M.jpg,0.64,2.778125,59313,3.73695069140625,MEL,28,M,8,train
DROSO_08_EQU_28_M,0.918625593185425,00_data/02_resized/crops/crop_2026-01-14_14-11-31.top_right_CROPNUMBER_8_UUID_DROSO_08_EQU_28_M.jpg,0.645533141210375,2.7543125,47891,3.01732007421875,EQU,28,M,8,train
DROSO_08_SIM_28_F,0.920044720172882,00_data/02_resized/crops/crop_2026-01-14_10-50-00.top_left_CROPNUMBER_21_UUID_DROSO_08_SIM_28_F.jpg,0.56140350877193,3.1670625,61389,3.86774680078125,SIM,28,F,8,train
DROSO_08_SIM_28_M,0.920498907566071,00_data/02_resized/crops/crop_2026-01-14_10-50-00.top_right_CROPNUMBER_18_UUID_DROSO_08_SIM_28_M.jpg,0.608695652173913,2.921,51979,3.27488004296875,SIM,28,M,8,train
DROSO_08_VIR_28_M,0.920983195304871,00_data/02_resized/crops/crop_2026-01-14_15-19-47.top_right_CROPNUMBER_11_UUID_DROSO_08_VIR_28_M.jpg,0.421845574387947,4.2148125,109354,6.8897291640625,VIR,28,M,8,train
DROSO_08_MEL_28_M,0.921061992645264,00_data/02_resized/crops/crop_2026-01-14_13-43-30.top_right_CROPNUMBER_19_UUID_DROSO_08_MEL_28_M.jpg,0.337858220211161,5.2625625,91404,5.758809046875,MEL,28,M,8,train
DROSO_08_LUT_28_M,0.922159671783447,00_data/02_resized/crops/crop_2026-01-14_14-45-22.top_right_CROPNUMBER_23_UUID_DROSO_08_LUT_28_M.jpg,0.471578947368421,3.7703125,53028,3.340971140625,LUT,28,M,8,train
DROSO_08_SIM_28_F,0.922170996665955,00_data/02_resized/crops/crop_2026-01-14_10-50-00.top_left_CROPNUMBER_20_UUID_DROSO_08_SIM_28_F.jpg,0.584856396866841,3.0400625,71042,4.4759235078125,SIM,28,F,8,train
DROSO_08_EQU_28_M,0.922361314296722,00_data/02_resized/crops/crop_2026-01-14_14-11-31.top_right_CROPNUMBER_7_UUID_DROSO_08_EQU_28_M.jpg,0.594164456233422,2.9924375,39775,2.50598037109375,EQU,28,M,8,train
DROSO_08_EQU_28_M,0.922761380672455,00_data/02_resized/crops/crop_2026-01-14_14-11-31.top_right_CROPNUMBER_6_UUID_DROSO_08_EQU_28_M.jpg,0.627450980392157,2.8336875,43666,2.7511285703125,EQU,28,M,8,train
DROSO_08_SIM_28_F,0.923095047473908,00_data/02_resized/crops/crop_2026-01-14_10-50-00.top_left_CROPNUMBER_19_UUID_DROSO_08_SIM_28_F.jpg,0.557213930348259,3.190875,60744,3.82710928125,SIM,28,F,8,train
DROSO_08_SIM_28_M,0.923178493976593,00_data/02_resized/crops/crop_2026-01-14_10-50-00.top_right_CROPNUMBER_17_UUID_DROSO_08_SIM_28_M.jpg,0.634560906515581,2.8019375,46831,2.95053593359375,SIM,28,M,8,train
DROSO_08_MEL_28_M,0.923485577106476,00_data/02_resized/crops/crop_2026-01-14_13-43-30.top_right_CROPNUMBER_18_UUID_DROSO_08_MEL_28_M.jpg,0.454361054766734,3.9131875,84327,5.31293040234375,MEL,28,M,8,train
DROSO_08_EQU_28_M,0.923699140548706,00_data/02_resized/crops/crop_2026-01-14_14-11-31.top_right_CROPNUMBER_5_UUID_DROSO_08_EQU_28_M.jpg,0.597333333333333,2.9765625,51821,3.26492542578125,EQU,28,M,8,train
DROSO_08_SIM_28_M,0.923930883407593,00_data/02_resized/crops/crop_2026-01-14_10-50-00.top_right_CROPNUMBER_16_UUID_DROSO_08_SIM_28_M.jpg,0.691358024691358,2.57175,49652,3.128269953125,SIM,28,M,8,train
DROSO_08_SIM_28_F,0.92411196231842,00_data/02_resized/crops/crop_2026-01-14_10-50-00.top_left_CROPNUMBER_18_UUID_DROSO_08_SIM_28_F.jpg,0.651162790697675,2.7305,47419,2.98758223046875,SIM,28,F,8,train
DROSO_08_SIM_28_F,0.924273252487183,00_data/02_resized/crops/crop_2026-01-14_10-50-00.top_left_CROPNUMBER_17_UUID_DROSO_08_SIM_28_F.jpg,0.535885167464115,3.317875,68160,4.29434625,SIM,28,F,8,train
DROSO_08_LUT_28_F,0.924387216567993,00_data/02_resized/crops/crop_2026-01-14_14-45-22.top_left_CROPNUMBER_19_UUID_DROSO_08_LUT_28_F.jpg,0.448,3.96875,57930,3.6498162890625,LUT,28,F,8,train
DROSO_08_SIM_28_F,0.924523234367371,00_data/02_resized/crops/crop_2026-01-14_10-50-00.top_left_CROPNUMBER_16_UUID_DROSO_08_SIM_28_F.jpg,0.514942528735632,3.4528125,68864,4.338701,SIM,28,F,8,train
DROSO_08_SIM_28_F,0.924681186676025,00_data/02_resized/crops/crop_2026-01-14_10-50-00.top_left_CROPNUMBER_15_UUID_DROSO_08_SIM_28_F.jpg,0.653061224489796,2.7225625,50405,3.17571189453125,SIM,28,F,8,train
DROSO_08_MEL_28_M,0.92474102973938,00_data/02_resized/crops/crop_2026-01-14_13-43-30.top_right_CROPNUMBER_17_UUID_DROSO_08_MEL_28_M.jpg,0.541062801932367,3.286125,62075,3.91096748046875,MEL,28,M,8,train
DROSO_08_EQU_28_F,0.925002574920654,00_data/02_resized/crops/crop_2026-01-14_14-11-31.top_left_CROPNUMBER_3_UUID_DROSO_08_EQU_28_F.jpg,0.447105788423154,3.9766875,61244,3.858611234375,EQU,28,F,8,train
DROSO_08_SIM_28_M,0.925021648406982,00_data/02_resized/crops/crop_2026-01-14_10-50-00.top_right_CROPNUMBER_15_UUID_DROSO_08_SIM_28_M.jpg,0.645533141210375,2.7543125,46153,2.90781928515625,SIM,28,M,8,train
DROSO_08_LUT_28_M,0.925026655197144,00_data/02_resized/crops/crop_2026-01-14_14-45-22.top_right_CROPNUMBER_22_UUID_DROSO_08_LUT_28_M.jpg,0.533333333333333,3.33375,52877,3.33145755078125,LUT,28,M,8,train
DROSO_08_LUT_28_M,0.925528168678284,00_data/02_resized/crops/crop_2026-01-14_14-45-22.top_right_CROPNUMBER_21_UUID_DROSO_08_LUT_28_M.jpg,0.620498614958449,2.8654375,46482,2.9285475703125,LUT,28,M,8,train
DROSO_08_LUT_28_M,0.925950407981873,00_data/02_resized/crops/crop_2026-01-14_14-45-22.top_right_CROPNUMBER_20_UUID_DROSO_08_LUT_28_M.jpg,0.549019607843137,3.2385,58052,3.657502765625,LUT,28,M,8,train
DROSO_08_SIM_28_M,0.926028430461884,00_data/02_resized/crops/crop_2026-01-14_10-50-00.top_right_CROPNUMBER_14_UUID_DROSO_08_SIM_28_M.jpg,0.612021857923497,2.905125,48956,3.084419234375,SIM,28,M,8,train
DROSO_08_LUT_28_M,0.926044762134552,00_data/02_resized/crops/crop_2026-01-14_14-45-22.top_right_CROPNUMBER_19_UUID_DROSO_08_LUT_28_M.jpg,0.629213483146067,2.82575,42157,2.65605567578125,LUT,28,M,8,train
DROSO_08_SIM_28_M,0.926196932792664,00_data/02_resized/crops/crop_2026-01-14_10-50-00.top_right_CROPNUMBER_13_UUID_DROSO_08_SIM_28_M.jpg,0.647398843930636,2.746375,47364,2.984117015625,SIM,28,M,8,train
DROSO_08_VIR_28_F,0.926453173160553,00_data/02_resized/crops/crop_2026-01-14_15-19-47.top_left_CROPNUMBER_10_UUID_DROSO_08_VIR_28_F.jpg,0.456211812627291,3.8973125,96850,6.1019283203125,VIR,28,F,8,train
DROSO_08_SIM_28_F,0.926800966262817,00_data/02_resized/crops/crop_2026-01-14_10-50-00.top_left_CROPNUMBER_14_UUID_DROSO_08_SIM_28_F.jpg,0.577319587628866,3.07975,66537,4.19209091015625,SIM,28,F,8,train
DROSO_08_VIR_28_M,0.926811814308166,00_data/02_resized/crops/crop_2026-01-14_15-19-47.top_right_CROPNUMBER_10_UUID_DROSO_08_VIR_28_M.jpg,0.421052631578947,4.22275,97366,6.1344383359375,VIR,28,M,8,train
DROSO_08_VIR_28_M,0.926892817020416,00_data/02_resized/crops/crop_2026-01-14_15-19-47.top_right_CROPNUMBER_9_UUID_DROSO_08_VIR_28_M.jpg,0.386206896551724,4.60375,98676,6.216973453125,VIR,28,M,8,train
DROSO_08_SIM_28_F,0.927814841270447,00_data/02_resized/crops/crop_2026-01-14_10-50-00.top_left_CROPNUMBER_13_UUID_DROSO_08_SIM_28_F.jpg,0.534606205250597,3.3258125,57879,3.64660308984375,SIM,28,F,8,train
DROSO_08_LUT_28_M,0.928238153457642,00_data/02_resized/crops/crop_2026-01-14_14-45-22.top_right_CROPNUMBER_18_UUID_DROSO_08_LUT_28_M.jpg,0.562814070351759,3.159125,60779,3.82931441796875,LUT,28,M,8,train
DROSO_08_EQU_28_M,0.92833936214447,00_data/02_resized/crops/crop_2026-01-14_14-11-31.top_right_CROPNUMBER_4_UUID_DROSO_08_EQU_28_M.jpg,0.539759036144578,3.2940625,49898,3.1437689140625,EQU,28,M,8,train
DROSO_08_LUT_28_F,0.928377270698547,00_data/02_resized/crops/crop_2026-01-14_14-45-22.top_left_CROPNUMBER_18_UUID_DROSO_08_LUT_28_F.jpg,0.554455445544555,3.20675,70878,4.4655908671875,LUT,28,F,8,train
DROSO_08_LUT_28_M,0.928407847881317,00_data/02_resized/crops/crop_2026-01-14_14-45-22.top_right_CROPNUMBER_17_UUID_DROSO_08_LUT_28_M.jpg,0.546341463414634,3.254375,55602,3.5031431953125,LUT,28,M,8,train
DROSO_08_SIM_28_F,0.928612589836121,00_data/02_resized/crops/crop_2026-01-14_10-50-00.top_left_CROPNUMBER_12_UUID_DROSO_08_SIM_28_F.jpg,0.577319587628866,3.07975,61415,3.86938490234375,SIM,28,F,8,train
DROSO_08_VIR_28_M,0.928836345672607,00_data/02_resized/crops/crop_2026-01-14_15-19-47.top_right_CROPNUMBER_8_UUID_DROSO_08_VIR_28_M.jpg,0.505643340857788,3.5163125,97562,6.1467871015625,VIR,28,M,8,train
DROSO_08_SIM_28_F,0.929072201251984,00_data/02_resized/crops/crop_2026-01-14_10-50-00.top_left_CROPNUMBER_11_UUID_DROSO_08_SIM_28_F.jpg,0.524590163934426,3.3893125,69015,4.34821458984375,SIM,28,F,8,train
DROSO_08_MEL_28_M,0.929388463497162,00_data/02_resized/crops/crop_2026-01-14_13-43-30.top_right_CROPNUMBER_16_UUID_DROSO_08_MEL_28_M.jpg,0.44181459566075,4.0243125,81487,5.13399930859375,MEL,28,M,8,train
DROSO_08_SIM_28_M,0.929499983787537,00_data/02_resized/crops/crop_2026-01-14_10-50-00.top_right_CROPNUMBER_12_UUID_DROSO_08_SIM_28_M.jpg,0.608695652173913,2.921,50118,3.1576297734375,SIM,28,M,8,train
DROSO_08_VIR_28_F,0.929683566093445,00_data/02_resized/crops/crop_2026-01-14_15-19-47.top_left_CROPNUMBER_9_UUID_DROSO_08_VIR_28_F.jpg,0.417910447761194,4.2545,105843,6.66852244921875,VIR,28,F,8,train
DROSO_08_EQU_28_M,0.929693818092346,00_data/02_resized/crops/crop_2026-01-14_14-11-31.top_right_CROPNUMBER_3_UUID_DROSO_08_EQU_28_M.jpg,0.571428571428571,3.1115,51510,3.2453312109375,EQU,28,M,8,train
DROSO_08_EQU_28_F,0.930140018463135,00_data/02_resized/crops/crop_2026-01-14_14-11-31.top_left_CROPNUMBER_2_UUID_DROSO_08_EQU_28_F.jpg,0.702194357366771,2.5320625,46761,2.94612566015625,EQU,28,F,8,train
DROSO_08_LUT_28_F,0.930486679077148,00_data/02_resized/crops/crop_2026-01-14_14-45-22.top_left_CROPNUMBER_17_UUID_DROSO_08_LUT_28_F.jpg,0.634560906515581,2.8019375,52945,3.33574181640625,LUT,28,F,8,train
DROSO_08_SIM_28_M,0.930491089820862,00_data/02_resized/crops/crop_2026-01-14_10-50-00.top_right_CROPNUMBER_11_UUID_DROSO_08_SIM_28_M.jpg,0.678787878787879,2.619375,49522,3.1200794453125,SIM,28,M,8,train
DROSO_08_SIM_28_F,0.931128859519958,00_data/02_resized/crops/crop_2026-01-14_10-50-00.top_left_CROPNUMBER_10_UUID_DROSO_08_SIM_28_F.jpg,0.564231738035265,3.1511875,69036,4.349537671875,SIM,28,F,8,train
DROSO_08_SIM_28_M,0.931168556213379,00_data/02_resized/crops/crop_2026-01-14_10-50-00.top_right_CROPNUMBER_10_UUID_DROSO_08_SIM_28_M.jpg,0.676737160120846,2.6273125,51447,3.24136196484375,SIM,28,M,8,train
DROSO_08_SIM_28_M,0.931224703788757,00_data/02_resized/crops/crop_2026-01-14_10-50-00.top_right_CROPNUMBER_9_UUID_DROSO_08_SIM_28_M.jpg,0.541062801932367,3.286125,60355,3.80260076171875,SIM,28,M,8,train
DROSO_08_LUT_28_M,0.931307196617126,00_data/02_resized/crops/crop_2026-01-14_14-45-22.top_right_CROPNUMBER_16_UUID_DROSO_08_LUT_28_M.jpg,0.514942528735632,3.4528125,54687,3.44549462109375,LUT,28,M,8,train
DROSO_08_SIM_28_M,0.931412696838379,00_data/02_resized/crops/crop_2026-01-14_10-50-00.top_right_CROPNUMBER_8_UUID_DROSO_08_SIM_28_M.jpg,0.653061224489796,2.7225625,46497,2.92949262890625,SIM,28,M,8,train
DROSO_08_SIM_28_F,0.931423544883728,00_data/02_resized/crops/crop_2026-01-14_10-50-00.top_left_CROPNUMBER_9_UUID_DROSO_08_SIM_28_F.jpg,0.523364485981308,3.39725,57833,3.64370491015625,SIM,28,F,8,train
DROSO_08_LUT_28_M,0.93144690990448,00_data/02_resized/crops/crop_2026-01-14_14-45-22.top_right_CROPNUMBER_15_UUID_DROSO_08_LUT_28_M.jpg,0.600536193029491,2.9606875,45407,2.86081837109375,LUT,28,M,8,train
DROSO_08_VIR_28_M,0.93192195892334,00_data/02_resized/crops/crop_2026-01-14_15-19-47.top_right_CROPNUMBER_7_UUID_DROSO_08_VIR_28_M.jpg,0.394366197183099,4.5085,108412,6.830379484375,VIR,28,M,8,train
DROSO_08_LUT_28_M,0.931969165802002,00_data/02_resized/crops/crop_2026-01-14_14-45-22.top_right_CROPNUMBER_14_UUID_DROSO_08_LUT_28_M.jpg,0.539759036144578,3.2940625,58003,3.65441557421875,LUT,28,M,8,train
DROSO_08_SIM_28_F,0.932026326656342,00_data/02_resized/crops/crop_2026-01-14_10-50-00.top_left_CROPNUMBER_8_UUID_DROSO_08_SIM_28_F.jpg,0.589473684210526,3.01625,56116,3.535527203125,SIM,28,F,8,train
DROSO_08_SIM_28_F,0.932066082954407,00_data/02_resized/crops/crop_2026-01-14_10-50-00.top_left_CROPNUMBER_7_UUID_DROSO_08_SIM_28_F.jpg,0.555831265508685,3.1988125,57882,3.6467921015625,SIM,28,F,8,train
DROSO_08_MEL_28_M,0.932232856750488,00_data/02_resized/crops/crop_2026-01-14_13-43-30.top_right_CROPNUMBER_15_UUID_DROSO_08_MEL_28_M.jpg,0.581818181818182,3.0559375,71335,4.49438365234375,MEL,28,M,8,train
DROSO_08_SIM_28_M,0.932497560977936,00_data/02_resized/crops/crop_2026-01-14_10-50-00.top_right_CROPNUMBER_7_UUID_DROSO_08_SIM_28_M.jpg,0.649275362318841,2.7384375,56718,3.5734555546875,SIM,28,M,8,train
DROSO_08_MEL_28_M,0.932575404644013,00_data/02_resized/crops/crop_2026-01-14_13-43-30.top_right_CROPNUMBER_14_UUID_DROSO_08_MEL_28_M.jpg,0.608695652173913,2.921,62481,3.93654706640625,MEL,28,M,8,train
DROSO_08_SIM_28_M,0.93272066116333,00_data/02_resized/crops/crop_2026-01-14_10-50-00.top_right_CROPNUMBER_6_UUID_DROSO_08_SIM_28_M.jpg,0.691358024691358,2.57175,47779,3.01026363671875,SIM,28,M,8,train
DROSO_08_VIR_28_M,0.93277096748352,00_data/02_resized/crops/crop_2026-01-14_15-19-47.top_right_CROPNUMBER_6_UUID_DROSO_08_VIR_28_M.jpg,0.392982456140351,4.524375,96991,6.11081187109375,VIR,28,M,8,train
DROSO_08_SIM_28_F,0.932986974716186,00_data/02_resized/crops/crop_2026-01-14_10-50-00.top_left_CROPNUMBER_6_UUID_DROSO_08_SIM_28_F.jpg,0.636363636363636,2.794,62009,3.90680922265625,SIM,28,F,8,train
DROSO_08_VIR_28_M,0.9329953789711,00_data/02_resized/crops/crop_2026-01-14_15-19-47.top_right_CROPNUMBER_5_UUID_DROSO_08_VIR_28_M.jpg,0.406533575317604,4.3735625,98746,6.2213837265625,VIR,28,M,8,train
DROSO_08_MEL_28_F,0.93309211730957,00_data/02_resized/crops/crop_2026-01-14_13-43-30.top_left_CROPNUMBER_8_UUID_DROSO_08_MEL_28_F.jpg,0.412523020257827,4.3100625,95155,5.99513669921875,MEL,28,F,8,train
DROSO_08_SIM_28_M,0.933272182941437,00_data/02_resized/crops/crop_2026-01-14_10-50-00.top_right_CROPNUMBER_5_UUID_DROSO_08_SIM_28_M.jpg,0.534606205250597,3.3258125,72583,4.57301252734375,SIM,28,M,8,train
DROSO_08_LUT_28_F,0.933740794658661,00_data/02_resized/crops/crop_2026-01-14_14-45-22.top_left_CROPNUMBER_16_UUID_DROSO_08_LUT_28_F.jpg,0.534606205250597,3.3258125,67154,4.2309643203125,LUT,28,F,8,train
DROSO_08_SIM_28_F,0.933771193027496,00_data/02_resized/crops/crop_2026-01-14_10-50-00.top_left_CROPNUMBER_5_UUID_DROSO_08_SIM_28_F.jpg,0.625698324022346,2.841625,64705,4.07666775390625,SIM,28,F,8,train
DROSO_08_SIM_28_F,0.933902680873871,00_data/02_resized/crops/crop_2026-01-14_10-50-00.top_left_CROPNUMBER_4_UUID_DROSO_08_SIM_28_F.jpg,0.702194357366771,2.5320625,56672,3.570557375,SIM,28,F,8,train
DROSO_08_MEL_28_M,0.934003949165344,00_data/02_resized/crops/crop_2026-01-14_13-43-30.top_right_CROPNUMBER_13_UUID_DROSO_08_MEL_28_M.jpg,0.534606205250597,3.3258125,70585,4.44713072265625,MEL,28,M,8,train
DROSO_08_LUT_28_M,0.93401175737381,00_data/02_resized/crops/crop_2026-01-14_14-45-22.top_right_CROPNUMBER_13_UUID_DROSO_08_LUT_28_M.jpg,0.551724137931035,3.222625,56391,3.55285327734375,LUT,28,M,8,train
DROSO_08_VIR_28_F,0.934039235115051,00_data/02_resized/crops/crop_2026-01-14_15-19-47.top_left_CROPNUMBER_8_UUID_DROSO_08_VIR_28_F.jpg,0.371475953565506,4.7863125,109657,6.90881934765625,VIR,28,F,8,train
DROSO_08_SIM_28_F,0.93435400724411,00_data/02_resized/crops/crop_2026-01-14_10-50-00.top_left_CROPNUMBER_3_UUID_DROSO_08_SIM_28_F.jpg,0.571428571428571,3.1115,72302,4.5553084296875,SIM,28,F,8,train
DROSO_08_MEL_28_F,0.934440612792969,00_data/02_resized/crops/crop_2026-01-14_13-43-30.top_left_CROPNUMBER_7_UUID_DROSO_08_MEL_28_F.jpg,0.403603603603604,4.4053125,96781,6.09758105078125,MEL,28,F,8,train
DROSO_08_VIR_28_M,0.93451315164566,00_data/02_resized/crops/crop_2026-01-14_15-19-47.top_right_CROPNUMBER_4_UUID_DROSO_08_VIR_28_M.jpg,0.41025641025641,4.333875,103864,6.54383771875,VIR,28,M,8,train
DROSO_08_VIR_28_M,0.934729278087616,00_data/02_resized/crops/crop_2026-01-14_15-19-47.top_right_CROPNUMBER_3_UUID_DROSO_08_VIR_28_M.jpg,0.392982456140351,4.524375,108845,6.85766017578125,VIR,28,M,8,train
DROSO_08_LUT_28_M,0.934765100479126,00_data/02_resized/crops/crop_2026-01-14_14-45-22.top_right_CROPNUMBER_12_UUID_DROSO_08_LUT_28_M.jpg,0.622222222222222,2.8575,53498,3.3705829765625,LUT,28,M,8,train
DROSO_08_MEL_28_M,0.934814691543579,00_data/02_resized/crops/crop_2026-01-14_13-43-30.top_right_CROPNUMBER_12_UUID_DROSO_08_MEL_28_M.jpg,0.528301886792453,3.3655,66834,4.2108030703125,MEL,28,M,8,train
DROSO_08_EQU_28_M,0.934844851493835,00_data/02_resized/crops/crop_2026-01-14_14-11-31.top_right_CROPNUMBER_2_UUID_DROSO_08_EQU_28_M.jpg,0.574358974358974,3.095625,54090,3.4078812890625,EQU,28,M,8,train
DROSO_08_LUT_28_M,0.93491530418396,00_data/02_resized/crops/crop_2026-01-14_14-45-22.top_right_CROPNUMBER_11_UUID_DROSO_08_LUT_28_M.jpg,0.629213483146067,2.82575,58077,3.65907786328125,LUT,28,M,8,train
DROSO_08_SIM_28_F,0.934920310974121,00_data/02_resized/crops/crop_2026-01-14_10-50-00.top_left_CROPNUMBER_2_UUID_DROSO_08_SIM_28_F.jpg,0.535885167464115,3.317875,76924,4.846512484375,SIM,28,F,8,train
DROSO_08_VIR_28_F,0.935042679309845,00_data/02_resized/crops/crop_2026-01-14_15-19-47.top_left_CROPNUMBER_7_UUID_DROSO_08_VIR_28_F.jpg,0.421845574387947,4.2148125,105438,6.6430058671875,VIR,28,F,8,train
DROSO_08_LUT_28_F,0.935055375099182,00_data/02_resized/crops/crop_2026-01-14_14-45-22.top_left_CROPNUMBER_15_UUID_DROSO_08_LUT_28_F.jpg,0.523364485981308,3.39725,63836,4.021917359375,LUT,28,F,8,train
DROSO_08_MEL_28_M,0.93519389629364,00_data/02_resized/crops/crop_2026-01-14_13-43-30.top_right_CROPNUMBER_11_UUID_DROSO_08_MEL_28_M.jpg,0.497777777777778,3.571875,76845,4.84153517578125,MEL,28,M,8,train
DROSO_08_LUT_28_F,0.935206294059753,00_data/02_resized/crops/crop_2026-01-14_14-45-22.top_left_CROPNUMBER_14_UUID_DROSO_08_LUT_28_F.jpg,0.415584415584416,4.2783125,85886,5.4111534921875,LUT,28,F,8,train
DROSO_08_LUT_28_M,0.935876667499542,00_data/02_resized/crops/crop_2026-01-14_14-45-22.top_right_CROPNUMBER_10_UUID_DROSO_08_LUT_28_M.jpg,0.578811369509044,3.0718125,55666,3.5071754453125,LUT,28,M,8,train
DROSO_08_SIM_28_M,0.935948073863983,00_data/02_resized/crops/crop_2026-01-14_10-50-00.top_right_CROPNUMBER_4_UUID_DROSO_08_SIM_28_M.jpg,0.636363636363636,2.794,52966,3.3370648984375,SIM,28,M,8,train
DROSO_08_MEL_28_M,0.935963749885559,00_data/02_resized/crops/crop_2026-01-14_13-43-30.top_right_CROPNUMBER_10_UUID_DROSO_08_MEL_28_M.jpg,0.641833810888252,2.7701875,64682,4.0752186640625,MEL,28,M,8,train
DROSO_08_MEL_28_M,0.936060190200806,00_data/02_resized/crops/crop_2026-01-14_13-43-30.top_right_CROPNUMBER_9_UUID_DROSO_08_MEL_28_M.jpg,0.602150537634409,2.95275,65635,4.13526138671875,MEL,28,M,8,train
DROSO_08_MEL_28_M,0.936271727085114,00_data/02_resized/crops/crop_2026-01-14_13-43-30.top_right_CROPNUMBER_8_UUID_DROSO_08_MEL_28_M.jpg,0.641833810888252,2.7701875,59802,3.7677596015625,MEL,28,M,8,train
DROSO_08_MEL_28_M,0.936688959598541,00_data/02_resized/crops/crop_2026-01-14_13-43-30.top_right_CROPNUMBER_7_UUID_DROSO_08_MEL_28_M.jpg,0.532066508313539,3.3416875,70399,4.43541199609375,MEL,28,M,8,train
DROSO_08_MEL_28_M,0.936717092990875,00_data/02_resized/crops/crop_2026-01-14_13-43-30.top_right_CROPNUMBER_6_UUID_DROSO_08_MEL_28_M.jpg,0.527058823529412,3.3734375,62346,3.9280415390625,MEL,28,M,8,train
DROSO_08_LUT_28_F,0.936809360980988,00_data/02_resized/crops/crop_2026-01-14_14-45-22.top_left_CROPNUMBER_13_UUID_DROSO_08_LUT_28_F.jpg,0.529550827423168,3.3575625,65951,4.15517062109375,LUT,28,F,8,train
DROSO_08_EQU_28_M,0.936885833740234,00_data/02_resized/crops/crop_2026-01-14_14-11-31.top_right_CROPNUMBER_1_UUID_DROSO_08_EQU_28_M.jpg,0.574358974358974,3.095625,65626,4.1346943515625,EQU,28,M,8,train
DROSO_08_SIM_28_M,0.936923921108246,00_data/02_resized/crops/crop_2026-01-14_10-50-00.top_right_CROPNUMBER_3_UUID_DROSO_08_SIM_28_M.jpg,0.713375796178344,2.492375,50075,3.15492060546875,SIM,28,M,8,train
DROSO_08_SIM_28_F,0.936947464942932,00_data/02_resized/crops/crop_2026-01-14_10-50-00.top_left_CROPNUMBER_1_UUID_DROSO_08_SIM_28_F.jpg,0.519721577726218,3.4210625,70916,4.467985015625,SIM,28,F,8,train
DROSO_08_VIR_28_F,0.936953902244568,00_data/02_resized/crops/crop_2026-01-14_15-19-47.top_left_CROPNUMBER_6_UUID_DROSO_08_VIR_28_F.jpg,0.393673110720562,4.5164375,134922,8.5006130390625,VIR,28,F,8,train
DROSO_08_LUT_28_F,0.93719607591629,00_data/02_resized/crops/crop_2026-01-14_14-45-22.top_left_CROPNUMBER_12_UUID_DROSO_08_LUT_28_F.jpg,0.577319587628866,3.07975,54872,3.45715034375,LUT,28,F,8,train
DROSO_08_MEL_28_M,0.937528133392334,00_data/02_resized/crops/crop_2026-01-14_13-43-30.top_right_CROPNUMBER_5_UUID_DROSO_08_MEL_28_M.jpg,0.511415525114155,3.476625,62921,3.96426878515625,MEL,28,M,8,train
DROSO_08_VIR_28_F,0.937531411647797,00_data/02_resized/crops/crop_2026-01-14_15-19-47.top_left_CROPNUMBER_5_UUID_DROSO_08_VIR_28_F.jpg,0.39646017699115,4.4846875,118887,7.49034540234375,VIR,28,F,8,train
DROSO_08_VIR_28_F,0.937540590763092,00_data/02_resized/crops/crop_2026-01-14_15-19-47.top_left_CROPNUMBER_4_UUID_DROSO_08_VIR_28_F.jpg,0.379018612521151,4.6910625,126439,7.96615090234375,VIR,28,F,8,train
DROSO_08_LUT_28_M,0.93768721818924,00_data/02_resized/crops/crop_2026-01-14_14-45-22.top_right_CROPNUMBER_9_UUID_DROSO_08_LUT_28_M.jpg,0.587926509186352,3.0241875,65766,4.1435148984375,LUT,28,M,8,train
DROSO_08_MEL_28_M,0.937702536582947,00_data/02_resized/crops/crop_2026-01-14_13-43-30.top_right_CROPNUMBER_4_UUID_DROSO_08_MEL_28_M.jpg,0.597333333333333,2.9765625,63572,4.005284328125,MEL,28,M,8,train
DROSO_08_LUT_28_F,0.937763094902039,00_data/02_resized/crops/crop_2026-01-14_14-45-22.top_left_CROPNUMBER_11_UUID_DROSO_08_LUT_28_F.jpg,0.547677261613692,3.2464375,65754,4.1427588515625,LUT,28,F,8,train
DROSO_08_SIM_28_M,0.938240885734558,00_data/02_resized/crops/crop_2026-01-14_10-50-00.top_right_CROPNUMBER_2_UUID_DROSO_08_SIM_28_M.jpg,0.600536193029491,2.9606875,60894,3.8365598671875,SIM,28,M,8,train
DROSO_08_VIR_28_F,0.938429296016693,00_data/02_resized/crops/crop_2026-01-14_15-19-47.top_left_CROPNUMBER_3_UUID_DROSO_08_VIR_28_F.jpg,0.361290322580645,4.92125,113613,7.15806280078125,VIR,28,F,8,train
DROSO_08_LUT_28_M,0.938434720039368,00_data/02_resized/crops/crop_2026-01-14_14-45-22.top_right_CROPNUMBER_8_UUID_DROSO_08_LUT_28_M.jpg,0.641833810888252,2.7701875,46567,2.93390290234375,LUT,28,M,8,train
DROSO_08_VIR_28_F,0.938864827156067,00_data/02_resized/crops/crop_2026-01-14_15-19-47.top_left_CROPNUMBER_2_UUID_DROSO_08_VIR_28_F.jpg,0.375209380234506,4.7386875,131097,8.25962309765625,VIR,28,F,8,train
DROSO_08_VIR_28_M,0.938933432102203,00_data/02_resized/crops/crop_2026-01-14_15-19-47.top_right_CROPNUMBER_2_UUID_DROSO_08_VIR_28_M.jpg,0.356687898089172,4.98475,117152,7.381033625,VIR,28,M,8,train
DROSO_08_VIR_28_F,0.938981354236603,00_data/02_resized/crops/crop_2026-01-14_15-19-47.top_left_CROPNUMBER_1_UUID_DROSO_08_VIR_28_F.jpg,0.385542168674699,4.6116875,120110,7.5673991796875,VIR,28,F,8,train
DROSO_08_MEL_28_F,0.939263761043549,00_data/02_resized/crops/crop_2026-01-14_13-43-30.top_left_CROPNUMBER_6_UUID_DROSO_08_MEL_28_F.jpg,0.469601677148847,3.7861875,94213,5.93578701953125,MEL,28,F,8,train
DROSO_08_LUT_28_F,0.939352214336395,00_data/02_resized/crops/crop_2026-01-14_14-45-22.top_left_CROPNUMBER_10_UUID_DROSO_08_LUT_28_F.jpg,0.43579766536965,4.079875,84278,5.3098432109375,LUT,28,F,8,train
DROSO_08_LUT_28_M,0.939472079277039,00_data/02_resized/crops/crop_2026-01-14_14-45-22.top_right_CROPNUMBER_7_UUID_DROSO_08_LUT_28_M.jpg,0.706624605678234,2.5161875,46490,2.9290516015625,LUT,28,M,8,train
DROSO_08_EQU_28_M,0.939473211765289,00_data/02_resized/crops/crop_2026-01-14_14-11-31.top_right_CROPNUMBER_0_UUID_DROSO_08_EQU_28_M.jpg,0.607046070460705,2.9289375,48371,3.04756194921875,EQU,28,M,8,train
DROSO_08_LUT_28_M,0.939482867717743,00_data/02_resized/crops/crop_2026-01-14_14-45-22.top_right_CROPNUMBER_6_UUID_DROSO_08_LUT_28_M.jpg,0.61878453038674,2.873375,58254,3.6702295546875,LUT,28,M,8,train
DROSO_08_SIM_28_F,0.939524054527283,00_data/02_resized/crops/crop_2026-01-14_10-50-00.top_left_CROPNUMBER_0_UUID_DROSO_08_SIM_28_F.jpg,0.494481236203091,3.5956875,69740,4.393892421875,SIM,28,F,8,train
DROSO_08_SIM_28_M,0.939577102661133,00_data/02_resized/crops/crop_2026-01-14_10-50-00.top_right_CROPNUMBER_1_UUID_DROSO_08_SIM_28_M.jpg,0.605405405405405,2.936875,55808,3.516122,SIM,28,M,8,train
DROSO_08_SIM_28_M,0.94009280204773,00_data/02_resized/crops/crop_2026-01-14_10-50-00.top_right_CROPNUMBER_0_UUID_DROSO_08_SIM_28_M.jpg,0.64367816091954,2.76225,54738,3.4487078203125,SIM,28,M,8,train
DROSO_08_VIR_28_M,0.940097153186798,00_data/02_resized/crops/crop_2026-01-14_15-19-47.top_right_CROPNUMBER_1_UUID_DROSO_08_VIR_28_M.jpg,0.392294220665499,4.5323125,117188,7.383301765625,VIR,28,M,8,train
DROSO_08_MEL_28_F,0.940830111503601,00_data/02_resized/crops/crop_2026-01-14_13-43-30.top_left_CROPNUMBER_5_UUID_DROSO_08_MEL_28_F.jpg,0.522144522144522,3.4051875,80591,5.07754780859375,MEL,28,F,8,train
DROSO_08_EQU_28_F,0.940891742706299,00_data/02_resized/crops/crop_2026-01-14_14-11-31.top_left_CROPNUMBER_1_UUID_DROSO_08_EQU_28_F.jpg,0.662721893491124,2.682875,48862,3.0784968671875,EQU,28,F,8,train
DROSO_08_LUT_28_M,0.941073715686798,00_data/02_resized/crops/crop_2026-01-14_14-45-22.top_right_CROPNUMBER_5_UUID_DROSO_08_LUT_28_M.jpg,0.600536193029491,2.9606875,56129,3.53634625390625,LUT,28,M,8,train
DROSO_08_MEL_28_F,0.94112229347229,00_data/02_resized/crops/crop_2026-01-14_13-43-30.top_left_CROPNUMBER_4_UUID_DROSO_08_MEL_28_F.jpg,0.533333333333333,3.33375,73492,4.630283078125,MEL,28,F,8,train
DROSO_08_EQU_28_F,0.942239582538605,00_data/02_resized/crops/crop_2026-01-14_14-11-31.top_left_CROPNUMBER_0_UUID_DROSO_08_EQU_28_F.jpg,0.660766961651917,2.6908125,46707,2.94272344921875,EQU,28,F,8,train
DROSO_08_LUT_28_F,0.94232040643692,00_data/02_resized/crops/crop_2026-01-14_14-45-22.top_left_CROPNUMBER_9_UUID_DROSO_08_LUT_28_F.jpg,0.529550827423168,3.3575625,68451,4.31268038671875,LUT,28,F,8,train
DROSO_08_LUT_28_M,0.942570209503174,00_data/02_resized/crops/crop_2026-01-14_14-45-22.top_right_CROPNUMBER_4_UUID_DROSO_08_LUT_28_M.jpg,0.512585812356979,3.4686875,68581,4.32087089453125,LUT,28,M,8,train
DROSO_08_LUT_28_M,0.942582786083221,00_data/02_resized/crops/crop_2026-01-14_14-45-22.top_right_CROPNUMBER_3_UUID_DROSO_08_LUT_28_M.jpg,0.814545454545455,2.1828125,36072,2.27267690625,LUT,28,M,8,train
DROSO_08_LUT_28_F,0.942775726318359,00_data/02_resized/crops/crop_2026-01-14_14-45-22.top_left_CROPNUMBER_8_UUID_DROSO_08_LUT_28_F.jpg,0.511415525114155,3.476625,66582,4.1949260859375,LUT,28,F,8,train
DROSO_08_LUT_28_F,0.942924618721008,00_data/02_resized/crops/crop_2026-01-14_14-45-22.top_left_CROPNUMBER_7_UUID_DROSO_08_LUT_28_F.jpg,0.450704225352113,3.9449375,92410,5.8221909765625,LUT,28,F,8,train
DROSO_08_VIR_28_M,0.942992627620697,00_data/02_resized/crops/crop_2026-01-14_15-19-47.top_right_CROPNUMBER_0_UUID_DROSO_08_VIR_28_M.jpg,0.373333333333333,4.7625,117122,7.3791435078125,VIR,28,M,8,train
DROSO_08_MEL_28_F,0.943067908287049,00_data/02_resized/crops/crop_2026-01-14_13-43-30.top_left_CROPNUMBER_3_UUID_DROSO_08_MEL_28_F.jpg,0.513761467889908,3.46075,78121,4.92192816015625,MEL,28,F,8,train
DROSO_08_MEL_28_M,0.943310678005218,00_data/02_resized/crops/crop_2026-01-14_13-43-30.top_right_CROPNUMBER_3_UUID_DROSO_08_MEL_28_M.jpg,0.542372881355932,3.2781875,68042,4.2869117890625,MEL,28,M,8,train
DROSO_08_LUT_28_F,0.943525612354279,00_data/02_resized/crops/crop_2026-01-14_14-45-22.top_left_CROPNUMBER_6_UUID_DROSO_08_LUT_28_F.jpg,0.502242152466368,3.540125,74699,4.70632879296875,LUT,28,F,8,train
DROSO_08_MEL_28_M,0.943690896034241,00_data/02_resized/crops/crop_2026-01-14_13-43-30.top_right_CROPNUMBER_2_UUID_DROSO_08_MEL_28_M.jpg,0.587926509186352,3.0241875,62377,3.92999466015625,MEL,28,M,8,train
DROSO_08_LUT_28_F,0.9443279504776,00_data/02_resized/crops/crop_2026-01-14_14-45-22.top_left_CROPNUMBER_5_UUID_DROSO_08_LUT_28_F.jpg,0.43495145631068,4.0878125,73480,4.62952703125,LUT,28,F,8,train
DROSO_08_LUT_28_M,0.944349348545074,00_data/02_resized/crops/crop_2026-01-14_14-45-22.top_right_CROPNUMBER_2_UUID_DROSO_08_LUT_28_M.jpg,0.595744680851064,2.9845,56552,3.56299690625,LUT,28,M,8,train
DROSO_08_MEL_28_F,0.944512248039246,00_data/02_resized/crops/crop_2026-01-14_13-43-30.top_left_CROPNUMBER_2_UUID_DROSO_08_MEL_28_F.jpg,0.511415525114155,3.476625,71925,4.53155595703125,MEL,28,F,8,train
DROSO_08_LUT_28_F,0.944989442825317,00_data/02_resized/crops/crop_2026-01-14_14-45-22.top_left_CROPNUMBER_4_UUID_DROSO_08_LUT_28_F.jpg,0.535885167464115,3.317875,78627,4.95380813671875,LUT,28,F,8,train
DROSO_08_VIR_28_F,0.945396900177002,00_data/02_resized/crops/crop_2026-01-14_15-19-47.top_left_CROPNUMBER_0_UUID_DROSO_08_VIR_28_F.jpg,0.413284132841328,4.302125,125319,7.89558652734375,VIR,28,F,8,train
DROSO_08_MEL_28_M,0.945782423019409,00_data/02_resized/crops/crop_2026-01-14_13-43-30.top_right_CROPNUMBER_1_UUID_DROSO_08_MEL_28_M.jpg,0.506787330316742,3.508375,72109,4.54314867578125,MEL,28,M,8,train
DROSO_08_LUT_28_M,0.94643497467041,00_data/02_resized/crops/crop_2026-01-14_14-45-22.top_right_CROPNUMBER_1_UUID_DROSO_08_LUT_28_M.jpg,0.524590163934426,3.3893125,78685,4.95746236328125,LUT,28,M,8,train
DROSO_08_LUT_28_F,0.946889102458954,00_data/02_resized/crops/crop_2026-01-14_14-45-22.top_left_CROPNUMBER_3_UUID_DROSO_08_LUT_28_F.jpg,0.517321016166282,3.4369375,71413,4.49929795703125,LUT,28,F,8,train
DROSO_08_MEL_28_M,0.948109269142151,00_data/02_resized/crops/crop_2026-01-14_13-43-30.top_right_CROPNUMBER_0_UUID_DROSO_08_MEL_28_M.jpg,0.498886414253898,3.5639375,76049,4.79138406640625,MEL,28,M,8,train
DROSO_08_MEL_28_F,0.948782026767731,00_data/02_resized/crops/crop_2026-01-14_13-43-30.top_left_CROPNUMBER_1_UUID_DROSO_08_MEL_28_F.jpg,0.493392070484582,3.603625,80831,5.09266874609375,MEL,28,F,8,train
DROSO_08_LUT_28_F,0.951209247112274,00_data/02_resized/crops/crop_2026-01-14_14-45-22.top_left_CROPNUMBER_2_UUID_DROSO_08_LUT_28_F.jpg,0.532066508313539,3.3416875,75852,4.778972296875,LUT,28,F,8,train
DROSO_08_LUT_28_F,0.951242625713348,00_data/02_resized/crops/crop_2026-01-14_14-45-22.top_left_CROPNUMBER_1_UUID_DROSO_08_LUT_28_F.jpg,0.516129032258065,3.444875,73738,4.6457820390625,LUT,28,F,8,train
DROSO_08_LUT_28_F,0.951257050037384,00_data/02_resized/crops/crop_2026-01-14_14-45-22.top_left_CROPNUMBER_0_UUID_DROSO_08_LUT_28_F.jpg,0.541062801932367,3.286125,76101,4.79466026953125,LUT,28,F,8,train
DROSO_08_MEL_28_F,0.952079653739929,00_data/02_resized/crops/crop_2026-01-14_13-43-30.top_left_CROPNUMBER_0_UUID_DROSO_08_MEL_28_F.jpg,0.493392070484582,3.603625,82113,5.17343975390625,MEL,28,F,8,train
DROSO_08_LUT_28_M,0.955540716648102,00_data/02_resized/crops/crop_2026-01-14_14-45-22.top_right_CROPNUMBER_0_UUID_DROSO_08_LUT_28_M.jpg,0.506787330316742,3.508375,59460,3.746212265625,LUT,28,M,8,train
DROSO_09_EQU_28_F,0.91045069694519,00_data/02_resized/crops/crop_2026-01-14_14-17-05.top_left_CROPNUMBER_8_UUID_DROSO_09_EQU_28_F.jpg,0.910569105691057,1.952625,29904,1.8840688125,EQU,28,F,9,val
DROSO_09_LUT_28_M,0.91205620765686,00_data/02_resized/crops/crop_2026-01-14_14-51-03.top_right_CROPNUMBER_19_UUID_DROSO_09_LUT_28_M.jpg,0.537170263788969,3.3099375,52224,3.290316,LUT,28,M,9,val
DROSO_09_SIM_28_M,0.91226989030838,00_data/02_resized/crops/crop_2026-01-14_10-55-35.top_right_CROPNUMBER_27_UUID_DROSO_09_SIM_28_M.jpg,0.60377358490566,2.9448125,52516,3.308713140625,SIM,28,M,9,val
DROSO_09_LUT_28_M,0.91284567117691,00_data/02_resized/crops/crop_2026-01-14_14-51-03.top_right_CROPNUMBER_18_UUID_DROSO_09_LUT_28_M.jpg,0.464730290456432,3.825875,67805,4.27197986328125,LUT,28,M,9,val
DROSO_09_SIM_28_M,0.914558529853821,00_data/02_resized/crops/crop_2026-01-14_10-55-35.top_right_CROPNUMBER_26_UUID_DROSO_09_SIM_28_M.jpg,0.597333333333333,2.9765625,46696,2.94203040625,SIM,28,M,9,val
DROSO_09_LUT_28_M,0.914988577365875,00_data/02_resized/crops/crop_2026-01-14_14-51-03.top_right_CROPNUMBER_17_UUID_DROSO_09_LUT_28_M.jpg,0.775086505190311,2.2939375,36226,2.2823795078125,LUT,28,M,9,val
DROSO_09_VIR_28_M,0.91510009765625,00_data/02_resized/crops/crop_2026-01-14_15-26-12.top_right_CROPNUMBER_11_UUID_DROSO_09_VIR_28_M.jpg,0.448897795591182,3.9608125,92321,5.81658362890625,VIR,28,M,9,val
DROSO_09_SIM_28_M,0.915707349777222,00_data/02_resized/crops/crop_2026-01-14_10-55-35.top_right_CROPNUMBER_25_UUID_DROSO_09_SIM_28_M.jpg,0.595744680851064,2.9845,46615,2.93692708984375,SIM,28,M,9,val
DROSO_09_MEL_28_M,0.916389346122742,00_data/02_resized/crops/crop_2026-01-14_13-49-04.top_right_CROPNUMBER_19_UUID_DROSO_09_MEL_28_M.jpg,0.600536193029491,2.9606875,54033,3.40429006640625,MEL,28,M,9,val
DROSO_09_SIM_28_F,0.917862892150879,00_data/02_resized/crops/crop_2026-01-14_10-55-35.top_left_CROPNUMBER_23_UUID_DROSO_09_SIM_28_F.jpg,0.600536193029491,2.9606875,51058,3.2168534453125,SIM,28,F,9,val
DROSO_09_VIR_28_M,0.918334603309631,00_data/02_resized/crops/crop_2026-01-14_15-26-12.top_right_CROPNUMBER_10_UUID_DROSO_09_VIR_28_M.jpg,0.390924956369983,4.5481875,98844,6.227558109375,VIR,28,M,9,val
DROSO_09_SIM_28_M,0.918832302093506,00_data/02_resized/crops/crop_2026-01-14_10-55-35.top_right_CROPNUMBER_24_UUID_DROSO_09_SIM_28_M.jpg,0.64,2.778125,50102,3.1566217109375,SIM,28,M,9,val
DROSO_09_SIM_28_F,0.919045209884644,00_data/02_resized/crops/crop_2026-01-14_10-55-35.top_left_CROPNUMBER_22_UUID_DROSO_09_SIM_28_F.jpg,0.524590163934426,3.3893125,62118,3.9136766484375,SIM,28,F,9,val
DROSO_09_MEL_28_F,0.91937243938446,00_data/02_resized/crops/crop_2026-01-14_13-49-04.top_left_CROPNUMBER_16_UUID_DROSO_09_MEL_28_F.jpg,0.524590163934426,3.3893125,59908,3.774438015625,MEL,28,F,9,val
DROSO_09_SIM_28_M,0.919516742229462,00_data/02_resized/crops/crop_2026-01-14_10-55-35.top_right_CROPNUMBER_23_UUID_DROSO_09_SIM_28_M.jpg,0.658823529411765,2.69875,42667,2.68818766796875,SIM,28,M,9,val
DROSO_09_MEL_28_M,0.921139359474182,00_data/02_resized/crops/crop_2026-01-14_13-49-04.top_right_CROPNUMBER_18_UUID_DROSO_09_MEL_28_M.jpg,0.572890025575448,3.1035625,56891,3.58435523046875,MEL,28,M,9,val
DROSO_09_VIR_28_F,0.92126876115799,00_data/02_resized/crops/crop_2026-01-14_15-26-12.top_left_CROPNUMBER_15_UUID_DROSO_09_VIR_28_F.jpg,0.402877697841727,4.41325,124404,7.837937953125,VIR,28,F,9,val
DROSO_09_SIM_28_M,0.921531498432159,00_data/02_resized/crops/crop_2026-01-14_10-55-35.top_right_CROPNUMBER_22_UUID_DROSO_09_SIM_28_M.jpg,0.594164456233422,2.9924375,51404,3.238652796875,SIM,28,M,9,val
DROSO_09_MEL_28_F,0.921639800071716,00_data/02_resized/crops/crop_2026-01-14_13-49-04.top_left_CROPNUMBER_15_UUID_DROSO_09_MEL_28_F.jpg,0.502242152466368,3.540125,71302,4.4923045234375,MEL,28,F,9,val
DROSO_09_SIM_28_M,0.921720504760742,00_data/02_resized/crops/crop_2026-01-14_10-55-35.top_right_CROPNUMBER_21_UUID_DROSO_09_SIM_28_M.jpg,0.589473684210526,3.01625,48968,3.08517528125,SIM,28,M,9,val
DROSO_09_SIM_28_F,0.922611892223358,00_data/02_resized/crops/crop_2026-01-14_10-55-35.top_left_CROPNUMBER_21_UUID_DROSO_09_SIM_28_F.jpg,0.636363636363636,2.794,51885,3.26895767578125,SIM,28,F,9,val
DROSO_09_LUT_28_F,0.922696232795715,00_data/02_resized/crops/crop_2026-01-14_14-51-03.top_left_CROPNUMBER_17_UUID_DROSO_09_LUT_28_F.jpg,0.519721577726218,3.4210625,59881,3.77273691015625,LUT,28,F,9,val
DROSO_09_MEL_28_M,0.923300921916962,00_data/02_resized/crops/crop_2026-01-14_13-49-04.top_right_CROPNUMBER_17_UUID_DROSO_09_MEL_28_M.jpg,0.612021857923497,2.905125,53855,3.39307537109375,MEL,28,M,9,val
DROSO_09_MEL_28_M,0.923436403274536,00_data/02_resized/crops/crop_2026-01-14_13-49-04.top_right_CROPNUMBER_16_UUID_DROSO_09_MEL_28_M.jpg,0.56,3.175,61917,3.90101286328125,MEL,28,M,9,val
DROSO_09_LUT_28_M,0.923744022846222,00_data/02_resized/crops/crop_2026-01-14_14-51-03.top_right_CROPNUMBER_16_UUID_DROSO_09_LUT_28_M.jpg,0.567088607594937,3.1353125,63182,3.9807128046875,LUT,28,M,9,val
DROSO_09_LUT_28_F,0.92399388551712,00_data/02_resized/crops/crop_2026-01-14_14-51-03.top_left_CROPNUMBER_16_UUID_DROSO_09_LUT_28_F.jpg,0.492307692307692,3.6115625,77329,4.87202906640625,LUT,28,F,9,val
DROSO_09_SIM_28_F,0.924764573574066,00_data/02_resized/crops/crop_2026-01-14_10-55-35.top_left_CROPNUMBER_20_UUID_DROSO_09_SIM_28_F.jpg,0.529550827423168,3.3575625,60545,3.81457150390625,SIM,28,F,9,val
DROSO_09_SIM_28_F,0.925023317337036,00_data/02_resized/crops/crop_2026-01-14_10-55-35.top_left_CROPNUMBER_19_UUID_DROSO_09_SIM_28_F.jpg,0.577319587628866,3.07975,52111,3.28319655859375,SIM,28,F,9,val
DROSO_09_LUT_28_M,0.925053000450134,00_data/02_resized/crops/crop_2026-01-14_14-51-03.top_right_CROPNUMBER_15_UUID_DROSO_09_LUT_28_M.jpg,0.567088607594937,3.1353125,50976,3.211687125,LUT,28,M,9,val
DROSO_09_SIM_28_M,0.925293684005737,00_data/02_resized/crops/crop_2026-01-14_10-55-35.top_right_CROPNUMBER_20_UUID_DROSO_09_SIM_28_M.jpg,0.647398843930636,2.746375,49253,3.10313139453125,SIM,28,M,9,val
DROSO_09_SIM_28_M,0.92555421590805,00_data/02_resized/crops/crop_2026-01-14_10-55-35.top_right_CROPNUMBER_19_UUID_DROSO_09_SIM_28_M.jpg,0.571428571428571,3.1115,58556,3.689256734375,SIM,28,M,9,val
DROSO_09_EQU_28_M,0.925697028636932,00_data/02_resized/crops/crop_2026-01-14_14-17-05.top_right_CROPNUMBER_5_UUID_DROSO_09_EQU_28_M.jpg,0.653061224489796,2.7225625,42543,2.68037518359375,EQU,28,M,9,val
DROSO_09_SIM_28_M,0.925810694694519,00_data/02_resized/crops/crop_2026-01-14_10-55-35.top_right_CROPNUMBER_18_UUID_DROSO_09_SIM_28_M.jpg,0.589473684210526,3.01625,52122,3.2838896015625,SIM,28,M,9,val
DROSO_09_VIR_28_F,0.925894320011139,00_data/02_resized/crops/crop_2026-01-14_15-26-12.top_left_CROPNUMBER_14_UUID_DROSO_09_VIR_28_F.jpg,0.400715563506261,4.4370625,86886,5.4741573984375,VIR,28,F,9,val
DROSO_09_LUT_28_F,0.92603188753128,00_data/02_resized/crops/crop_2026-01-14_14-51-03.top_left_CROPNUMBER_15_UUID_DROSO_09_LUT_28_F.jpg,0.54368932038835,3.27025,65706,4.1397346640625,LUT,28,F,9,val
DROSO_09_LUT_28_M,0.926582515239716,00_data/02_resized/crops/crop_2026-01-14_14-51-03.top_right_CROPNUMBER_14_UUID_DROSO_09_LUT_28_M.jpg,0.545012165450122,3.2623125,56306,3.5474979453125,LUT,28,M,9,val
DROSO_09_SIM_28_M,0.92663437128067,00_data/02_resized/crops/crop_2026-01-14_10-55-35.top_right_CROPNUMBER_17_UUID_DROSO_09_SIM_28_M.jpg,0.586387434554974,3.032125,50810,3.2012284765625,SIM,28,M,9,val
DROSO_09_EQU_28_F,0.926656782627106,00_data/02_resized/crops/crop_2026-01-14_14-17-05.top_left_CROPNUMBER_7_UUID_DROSO_09_EQU_28_F.jpg,0.653061224489796,2.7225625,41046,2.5860583359375,EQU,28,F,9,val
DROSO_09_SIM_28_M,0.927059710025787,00_data/02_resized/crops/crop_2026-01-14_10-55-35.top_right_CROPNUMBER_16_UUID_DROSO_09_SIM_28_M.jpg,0.64367816091954,2.76225,48493,3.05524842578125,SIM,28,M,9,val
DROSO_09_MEL_28_F,0.927284121513367,00_data/02_resized/crops/crop_2026-01-14_13-49-04.top_left_CROPNUMBER_14_UUID_DROSO_09_MEL_28_F.jpg,0.4796573875803,3.7068125,75345,4.74702931640625,MEL,28,F,9,val
DROSO_09_LUT_28_F,0.927377700805664,00_data/02_resized/crops/crop_2026-01-14_14-51-03.top_left_CROPNUMBER_14_UUID_DROSO_09_LUT_28_F.jpg,0.654970760233918,2.714625,48437,3.05172020703125,LUT,28,F,9,val
DROSO_09_MEL_28_M,0.927426993846893,00_data/02_resized/crops/crop_2026-01-14_13-49-04.top_right_CROPNUMBER_15_UUID_DROSO_09_MEL_28_M.jpg,0.529550827423168,3.3575625,65000,4.09525390625,MEL,28,M,9,val
DROSO_09_LUT_28_F,0.927511096000671,00_data/02_resized/crops/crop_2026-01-14_14-51-03.top_left_CROPNUMBER_13_UUID_DROSO_09_LUT_28_F.jpg,0.517321016166282,3.4369375,70053,4.41361264453125,LUT,28,F,9,val
DROSO_09_SIM_28_M,0.927527189254761,00_data/02_resized/crops/crop_2026-01-14_10-55-35.top_right_CROPNUMBER_15_UUID_DROSO_09_SIM_28_M.jpg,0.620498614958449,2.8654375,54831,3.45456718359375,SIM,28,M,9,val
DROSO_09_SIM_28_M,0.927615523338318,00_data/02_resized/crops/crop_2026-01-14_10-55-35.top_right_CROPNUMBER_14_UUID_DROSO_09_SIM_28_M.jpg,0.634560906515581,2.8019375,51291,3.23153335546875,SIM,28,M,9,val
DROSO_09_SIM_28_F,0.927690088748932,00_data/02_resized/crops/crop_2026-01-14_10-55-35.top_left_CROPNUMBER_18_UUID_DROSO_09_SIM_28_F.jpg,0.425047438330171,4.1830625,72144,4.5453538125,SIM,28,F,9,val
DROSO_09_VIR_28_M,0.92781263589859,00_data/02_resized/crops/crop_2026-01-14_15-26-12.top_right_CROPNUMBER_9_UUID_DROSO_09_VIR_28_M.jpg,0.408759124087591,4.34975,100641,6.34077612890625,VIR,28,M,9,val
DROSO_09_LUT_28_M,0.928141415119171,00_data/02_resized/crops/crop_2026-01-14_14-51-03.top_right_CROPNUMBER_13_UUID_DROSO_09_LUT_28_M.jpg,0.607046070460705,2.9289375,51256,3.22932821875,LUT,28,M,9,val
DROSO_09_SIM_28_F,0.928448438644409,00_data/02_resized/crops/crop_2026-01-14_10-55-35.top_left_CROPNUMBER_17_UUID_DROSO_09_SIM_28_F.jpg,0.562814070351759,3.159125,58096,3.6602749375,SIM,28,F,9,val
DROSO_09_LUT_28_F,0.928598821163178,00_data/02_resized/crops/crop_2026-01-14_14-51-03.top_left_CROPNUMBER_12_UUID_DROSO_09_LUT_28_F.jpg,0.55860349127182,3.1829375,47414,2.9872672109375,LUT,28,F,9,val
DROSO_09_SIM_28_F,0.928747773170471,00_data/02_resized/crops/crop_2026-01-14_10-55-35.top_left_CROPNUMBER_16_UUID_DROSO_09_SIM_28_F.jpg,0.532066508313539,3.3416875,66539,4.19221691796875,SIM,28,F,9,val
DROSO_09_SIM_28_F,0.92880767583847,00_data/02_resized/crops/crop_2026-01-14_10-55-35.top_left_CROPNUMBER_15_UUID_DROSO_09_SIM_28_F.jpg,0.636363636363636,2.794,60751,3.82755030859375,SIM,28,F,9,val
DROSO_09_SIM_28_F,0.928866446018219,00_data/02_resized/crops/crop_2026-01-14_10-55-35.top_left_CROPNUMBER_14_UUID_DROSO_09_SIM_28_F.jpg,0.554455445544555,3.20675,62472,3.93598003125,SIM,28,F,9,val
DROSO_09_LUT_28_M,0.92896842956543,00_data/02_resized/crops/crop_2026-01-14_14-51-03.top_right_CROPNUMBER_12_UUID_DROSO_09_LUT_28_M.jpg,0.674698795180723,2.63525,45197,2.84758755078125,LUT,28,M,9,val
DROSO_09_MEL_28_M,0.929025948047638,00_data/02_resized/crops/crop_2026-01-14_13-49-04.top_right_CROPNUMBER_14_UUID_DROSO_09_MEL_28_M.jpg,0.554455445544555,3.20675,63316,3.989155328125,MEL,28,M,9,val
DROSO_09_VIR_28_F,0.929162085056305,00_data/02_resized/crops/crop_2026-01-14_15-26-12.top_left_CROPNUMBER_13_UUID_DROSO_09_VIR_28_F.jpg,0.380305602716469,4.6751875,126235,7.95329810546875,VIR,28,F,9,val
DROSO_09_VIR_28_M,0.929307639598846,00_data/02_resized/crops/crop_2026-01-14_15-26-12.top_right_CROPNUMBER_8_UUID_DROSO_09_VIR_28_M.jpg,0.431599229287091,4.1195625,93455,5.88803005859375,VIR,28,M,9,val
DROSO_09_LUT_28_M,0.929418683052063,00_data/02_resized/crops/crop_2026-01-14_14-51-03.top_right_CROPNUMBER_11_UUID_DROSO_09_LUT_28_M.jpg,0.446215139442231,3.984625,67696,4.2651124375,LUT,28,M,9,val
DROSO_09_SIM_28_M,0.929605841636658,00_data/02_resized/crops/crop_2026-01-14_10-55-35.top_right_CROPNUMBER_13_UUID_DROSO_09_SIM_28_M.jpg,0.630985915492958,2.8178125,54169,3.41285859765625,SIM,28,M,9,val
DROSO_09_SIM_28_F,0.930126667022705,00_data/02_resized/crops/crop_2026-01-14_10-55-35.top_left_CROPNUMBER_13_UUID_DROSO_09_SIM_28_F.jpg,0.530805687203792,3.349625,67019,4.22245879296875,SIM,28,F,9,val
DROSO_09_SIM_28_M,0.930381894111633,00_data/02_resized/crops/crop_2026-01-14_10-55-35.top_right_CROPNUMBER_12_UUID_DROSO_09_SIM_28_M.jpg,0.612021857923497,2.905125,53974,3.4005728359375,SIM,28,M,9,val
DROSO_09_LUT_28_M,0.9304478764534,00_data/02_resized/crops/crop_2026-01-14_14-51-03.top_right_CROPNUMBER_10_UUID_DROSO_09_LUT_28_M.jpg,0.783216783216783,2.270125,43798,2.7594450859375,LUT,28,M,9,val
DROSO_09_SIM_28_M,0.930753827095032,00_data/02_resized/crops/crop_2026-01-14_10-55-35.top_right_CROPNUMBER_11_UUID_DROSO_09_SIM_28_M.jpg,0.682926829268293,2.6035,48899,3.08082801171875,SIM,28,M,9,val
DROSO_09_LUT_28_F,0.930846691131592,00_data/02_resized/crops/crop_2026-01-14_14-51-03.top_left_CROPNUMBER_11_UUID_DROSO_09_LUT_28_F.jpg,0.530805687203792,3.349625,63775,4.01807412109375,LUT,28,F,9,val
DROSO_09_MEL_28_M,0.930883884429932,00_data/02_resized/crops/crop_2026-01-14_13-49-04.top_right_CROPNUMBER_13_UUID_DROSO_09_MEL_28_M.jpg,0.513761467889908,3.46075,70971,4.47145023046875,MEL,28,M,9,val
DROSO_09_VIR_28_F,0.931022524833679,00_data/02_resized/crops/crop_2026-01-14_15-26-12.top_left_CROPNUMBER_12_UUID_DROSO_09_VIR_28_F.jpg,0.426666666666667,4.1671875,109703,6.91171752734375,VIR,28,F,9,val
DROSO_09_MEL_28_M,0.931211471557617,00_data/02_resized/crops/crop_2026-01-14_13-49-04.top_right_CROPNUMBER_12_UUID_DROSO_09_MEL_28_M.jpg,0.600536193029491,2.9606875,58974,3.7155923671875,MEL,28,M,9,val
DROSO_09_VIR_28_F,0.931438028812408,00_data/02_resized/crops/crop_2026-01-14_15-26-12.top_left_CROPNUMBER_11_UUID_DROSO_09_VIR_28_F.jpg,0.353870458135861,5.0244375,128948,8.124227703125,VIR,28,F,9,val
DROSO_09_EQU_28_F,0.931447923183441,00_data/02_resized/crops/crop_2026-01-14_14-17-05.top_left_CROPNUMBER_6_UUID_DROSO_09_EQU_28_F.jpg,0.7,2.54,37824,2.38305975,EQU,28,F,9,val
DROSO_09_EQU_28_M,0.931561291217804,00_data/02_resized/crops/crop_2026-01-14_14-17-05.top_right_CROPNUMBER_4_UUID_DROSO_09_EQU_28_M.jpg,0.662721893491124,2.682875,47877,3.01643801953125,EQU,28,M,9,val
DROSO_09_EQU_28_F,0.931584477424622,00_data/02_resized/crops/crop_2026-01-14_14-17-05.top_left_CROPNUMBER_5_UUID_DROSO_09_EQU_28_F.jpg,0.569974554707379,3.1194375,55508,3.497220828125,EQU,28,F,9,val
DROSO_09_SIM_28_F,0.931825578212738,00_data/02_resized/crops/crop_2026-01-14_10-55-35.top_left_CROPNUMBER_12_UUID_DROSO_09_SIM_28_F.jpg,0.668656716417911,2.6590625,49241,3.10237534765625,SIM,28,F,9,val
DROSO_09_SIM_28_M,0.932202935218811,00_data/02_resized/crops/crop_2026-01-14_10-55-35.top_right_CROPNUMBER_10_UUID_DROSO_09_SIM_28_M.jpg,0.7,2.54,54134,3.4106534609375,SIM,28,M,9,val
DROSO_09_LUT_28_F,0.932578384876251,00_data/02_resized/crops/crop_2026-01-14_14-51-03.top_left_CROPNUMBER_10_UUID_DROSO_09_LUT_28_F.jpg,0.507936507936508,3.5004375,65887,4.15113837109375,LUT,28,F,9,val
DROSO_09_LUT_28_M,0.932703256607056,00_data/02_resized/crops/crop_2026-01-14_14-51-03.top_right_CROPNUMBER_9_UUID_DROSO_09_LUT_28_M.jpg,0.502242152466368,3.540125,51720,3.25856203125,LUT,28,M,9,val
DROSO_09_SIM_28_M,0.932806134223938,00_data/02_resized/crops/crop_2026-01-14_10-55-35.top_right_CROPNUMBER_9_UUID_DROSO_09_SIM_28_M.jpg,0.525821596244132,3.381375,56475,3.55814560546875,SIM,28,M,9,val
DROSO_09_MEL_28_F,0.932885587215424,00_data/02_resized/crops/crop_2026-01-14_13-49-04.top_left_CROPNUMBER_13_UUID_DROSO_09_MEL_28_F.jpg,0.52093023255814,3.413125,68745,4.33120353515625,MEL,28,F,9,val
DROSO_09_MEL_28_M,0.933147430419922,00_data/02_resized/crops/crop_2026-01-14_13-49-04.top_right_CROPNUMBER_11_UUID_DROSO_09_MEL_28_M.jpg,0.546341463414634,3.254375,70585,4.44713072265625,MEL,28,M,9,val
DROSO_09_MEL_28_F,0.933254957199097,00_data/02_resized/crops/crop_2026-01-14_13-49-04.top_left_CROPNUMBER_12_UUID_DROSO_09_MEL_28_F.jpg,0.537170263788969,3.3099375,72438,4.5638769609375,MEL,28,F,9,val
DROSO_09_SIM_28_M,0.933338463306427,00_data/02_resized/crops/crop_2026-01-14_10-55-35.top_right_CROPNUMBER_8_UUID_DROSO_09_SIM_28_M.jpg,0.649275362318841,2.7384375,50149,3.15958289453125,SIM,28,M,9,val
DROSO_09_EQU_28_M,0.933401823043823,00_data/02_resized/crops/crop_2026-01-14_14-17-05.top_right_CROPNUMBER_3_UUID_DROSO_09_EQU_28_M.jpg,0.645533141210375,2.7543125,47065,2.96527884765625,EQU,28,M,9,val
DROSO_09_MEL_28_M,0.933408975601196,00_data/02_resized/crops/crop_2026-01-14_13-49-04.top_right_CROPNUMBER_10_UUID_DROSO_09_MEL_28_M.jpg,0.580310880829016,3.063875,68522,4.3171536640625,MEL,28,M,9,val
DROSO_09_LUT_28_F,0.933461546897888,00_data/02_resized/crops/crop_2026-01-14_14-51-03.top_left_CROPNUMBER_9_UUID_DROSO_09_LUT_28_F.jpg,0.481720430107527,3.6909375,81834,5.1558616640625,LUT,28,F,9,val
DROSO_09_MEL_28_F,0.933483123779297,00_data/02_resized/crops/crop_2026-01-14_13-49-04.top_left_CROPNUMBER_11_UUID_DROSO_09_MEL_28_F.jpg,0.392982456140351,4.524375,98964,6.235118578125,MEL,28,F,9,val
DROSO_09_VIR_28_F,0.933841228485107,00_data/02_resized/crops/crop_2026-01-14_15-26-12.top_left_CROPNUMBER_10_UUID_DROSO_09_VIR_28_F.jpg,0.391608391608392,4.54025,150968,9.51157371875,VIR,28,F,9,val
DROSO_09_LUT_28_F,0.933987021446228,00_data/02_resized/crops/crop_2026-01-14_14-51-03.top_left_CROPNUMBER_8_UUID_DROSO_09_LUT_28_F.jpg,0.5,3.556,67977,4.28281653515625,LUT,28,F,9,val
DROSO_09_VIR_28_F,0.934044182300568,00_data/02_resized/crops/crop_2026-01-14_15-26-12.top_left_CROPNUMBER_9_UUID_DROSO_09_VIR_28_F.jpg,0.462809917355372,3.84175,89098,5.6135220390625,VIR,28,F,9,val
DROSO_09_SIM_28_F,0.934114515781403,00_data/02_resized/crops/crop_2026-01-14_10-55-35.top_left_CROPNUMBER_11_UUID_DROSO_09_SIM_28_F.jpg,0.574358974358974,3.095625,50710,3.1949280859375,SIM,28,F,9,val
DROSO_09_SIM_28_M,0.934171497821808,00_data/02_resized/crops/crop_2026-01-14_10-55-35.top_right_CROPNUMBER_7_UUID_DROSO_09_SIM_28_M.jpg,0.545012165450122,3.2623125,61689,3.88664797265625,SIM,28,M,9,val
DROSO_09_VIR_28_M,0.93433666229248,00_data/02_resized/crops/crop_2026-01-14_15-26-12.top_right_CROPNUMBER_7_UUID_DROSO_09_VIR_28_M.jpg,0.408014571948998,4.3576875,108114,6.8116043203125,VIR,28,M,9,val
DROSO_09_MEL_28_F,0.934408128261566,00_data/02_resized/crops/crop_2026-01-14_13-49-04.top_left_CROPNUMBER_10_UUID_DROSO_09_MEL_28_F.jpg,0.572890025575448,3.1035625,68363,4.30713604296875,MEL,28,F,9,val
DROSO_09_LUT_28_M,0.934437930583954,00_data/02_resized/crops/crop_2026-01-14_14-51-03.top_right_CROPNUMBER_8_UUID_DROSO_09_LUT_28_M.jpg,0.55036855036855,3.2305625,59660,3.758813046875,LUT,28,M,9,val
DROSO_09_VIR_28_F,0.934445083141327,00_data/02_resized/crops/crop_2026-01-14_15-26-12.top_left_CROPNUMBER_8_UUID_DROSO_09_VIR_28_F.jpg,0.38160136286201,4.6593125,117656,7.41278759375,VIR,28,F,9,val
DROSO_09_SIM_28_M,0.934448301792145,00_data/02_resized/crops/crop_2026-01-14_10-55-35.top_right_CROPNUMBER_6_UUID_DROSO_09_SIM_28_M.jpg,0.668656716417911,2.6590625,48707,3.06873126171875,SIM,28,M,9,val
DROSO_09_LUT_28_F,0.934506177902222,00_data/02_resized/crops/crop_2026-01-14_14-51-03.top_left_CROPNUMBER_7_UUID_DROSO_09_LUT_28_F.jpg,0.506787330316742,3.508375,63991,4.03168296484375,LUT,28,F,9,val
DROSO_09_VIR_28_F,0.934864580631256,00_data/02_resized/crops/crop_2026-01-14_15-26-12.top_left_CROPNUMBER_7_UUID_DROSO_09_VIR_28_F.jpg,0.366013071895425,4.85775,102895,6.48278693359375,VIR,28,F,9,val
DROSO_09_SIM_28_F,0.93487811088562,00_data/02_resized/crops/crop_2026-01-14_10-55-35.top_left_CROPNUMBER_10_UUID_DROSO_09_SIM_28_F.jpg,0.44181459566075,4.0243125,75164,4.735625609375,SIM,28,F,9,val
DROSO_09_LUT_28_M,0.934912502765656,00_data/02_resized/crops/crop_2026-01-14_14-51-03.top_right_CROPNUMBER_7_UUID_DROSO_09_LUT_28_M.jpg,0.567088607594937,3.1353125,59927,3.77563508984375,LUT,28,M,9,val
DROSO_09_EQU_28_F,0.935109794139862,00_data/02_resized/crops/crop_2026-01-14_14-17-05.top_left_CROPNUMBER_4_UUID_DROSO_09_EQU_28_F.jpg,0.632768361581921,2.809875,50955,3.21036404296875,EQU,28,F,9,val
DROSO_09_SIM_28_M,0.935292363166809,00_data/02_resized/crops/crop_2026-01-14_10-55-35.top_right_CROPNUMBER_5_UUID_DROSO_09_SIM_28_M.jpg,0.656891495601173,2.7066875,56645,3.56885626953125,SIM,28,M,9,val
DROSO_09_VIR_28_F,0.935299634933472,00_data/02_resized/crops/crop_2026-01-14_15-26-12.top_left_CROPNUMBER_6_UUID_DROSO_09_VIR_28_F.jpg,0.370247933884298,4.8021875,113363,7.14231182421875,VIR,28,F,9,val
DROSO_09_SIM_28_F,0.935445427894592,00_data/02_resized/crops/crop_2026-01-14_10-55-35.top_left_CROPNUMBER_9_UUID_DROSO_09_SIM_28_F.jpg,0.608695652173913,2.921,64512,4.064508,SIM,28,F,9,val
DROSO_09_LUT_28_F,0.935561895370483,00_data/02_resized/crops/crop_2026-01-14_14-51-03.top_left_CROPNUMBER_6_UUID_DROSO_09_LUT_28_F.jpg,0.623955431754875,2.8495625,51353,3.23543959765625,LUT,28,F,9,val
DROSO_09_SIM_28_M,0.935811817646027,00_data/02_resized/crops/crop_2026-01-14_10-55-35.top_right_CROPNUMBER_4_UUID_DROSO_09_SIM_28_M.jpg,0.720257234726688,2.4685625,52916,3.333914703125,SIM,28,M,9,val
DROSO_09_EQU_28_F,0.936084389686584,00_data/02_resized/crops/crop_2026-01-14_14-17-05.top_left_CROPNUMBER_3_UUID_DROSO_09_EQU_28_F.jpg,0.549019607843137,3.2385,55074,3.4698771328125,EQU,28,F,9,val
DROSO_09_MEL_28_M,0.936168730258942,00_data/02_resized/crops/crop_2026-01-14_13-49-04.top_right_CROPNUMBER_9_UUID_DROSO_09_MEL_28_M.jpg,0.577319587628866,3.07975,64313,4.05197022265625,MEL,28,M,9,val
DROSO_09_LUT_28_F,0.936243116855621,00_data/02_resized/crops/crop_2026-01-14_14-51-03.top_left_CROPNUMBER_5_UUID_DROSO_09_LUT_28_F.jpg,0.512585812356979,3.4686875,64740,4.078872890625,LUT,28,F,9,val
DROSO_09_VIR_28_F,0.936264097690582,00_data/02_resized/crops/crop_2026-01-14_15-26-12.top_left_CROPNUMBER_5_UUID_DROSO_09_VIR_28_F.jpg,0.387543252595156,4.587875,121276,7.640861734375,VIR,28,F,9,val
DROSO_09_LUT_28_M,0.936359822750092,00_data/02_resized/crops/crop_2026-01-14_14-51-03.top_right_CROPNUMBER_6_UUID_DROSO_09_LUT_28_M.jpg,0.577319587628866,3.07975,52973,3.33750592578125,LUT,28,M,9,val
DROSO_09_EQU_28_M,0.936521053314209,00_data/02_resized/crops/crop_2026-01-14_14-17-05.top_right_CROPNUMBER_2_UUID_DROSO_09_EQU_28_M.jpg,0.578811369509044,3.0718125,56422,3.5548063984375,EQU,28,M,9,val
DROSO_09_VIR_28_F,0.936674654483795,00_data/02_resized/crops/crop_2026-01-14_15-26-12.top_left_CROPNUMBER_4_UUID_DROSO_09_VIR_28_F.jpg,0.399286987522282,4.4529375,130550,8.2251599609375,VIR,28,F,9,val
DROSO_09_SIM_28_M,0.936800181865692,00_data/02_resized/crops/crop_2026-01-14_10-55-35.top_right_CROPNUMBER_3_UUID_DROSO_09_SIM_28_M.jpg,0.654970760233918,2.714625,50102,3.1566217109375,SIM,28,M,9,val
DROSO_09_SIM_28_F,0.936925411224365,00_data/02_resized/crops/crop_2026-01-14_10-55-35.top_left_CROPNUMBER_8_UUID_DROSO_09_SIM_28_F.jpg,0.55036855036855,3.2305625,66952,4.21823753125,SIM,28,F,9,val
DROSO_09_VIR_28_M,0.936975836753845,00_data/02_resized/crops/crop_2026-01-14_15-26-12.top_right_CROPNUMBER_6_UUID_DROSO_09_VIR_28_M.jpg,0.425047438330171,4.1830625,100473,6.33019147265625,VIR,28,M,9,val
DROSO_09_SIM_28_F,0.937027335166931,00_data/02_resized/crops/crop_2026-01-14_10-55-35.top_left_CROPNUMBER_7_UUID_DROSO_09_SIM_28_F.jpg,0.589473684210526,3.01625,67562,4.2566699140625,SIM,28,F,9,val
DROSO_09_SIM_28_M,0.937064528465271,00_data/02_resized/crops/crop_2026-01-14_10-55-35.top_right_CROPNUMBER_2_UUID_DROSO_09_SIM_28_M.jpg,0.574358974358974,3.095625,65007,4.09569493359375,SIM,28,M,9,val
DROSO_09_VIR_28_F,0.937084913253784,00_data/02_resized/crops/crop_2026-01-14_15-26-12.top_left_CROPNUMBER_3_UUID_DROSO_09_VIR_28_F.jpg,0.406533575317604,4.3735625,95347,6.00723344921875,VIR,28,F,9,val
DROSO_09_SIM_28_M,0.937202095985413,00_data/02_resized/crops/crop_2026-01-14_10-55-35.top_right_CROPNUMBER_1_UUID_DROSO_09_SIM_28_M.jpg,0.658823529411765,2.69875,51831,3.26555546484375,SIM,28,M,9,val
DROSO_09_MEL_28_F,0.937669098377228,00_data/02_resized/crops/crop_2026-01-14_13-49-04.top_left_CROPNUMBER_9_UUID_DROSO_09_MEL_28_F.jpg,0.525821596244132,3.381375,66867,4.21288219921875,MEL,28,F,9,val
DROSO_09_LUT_28_M,0.937683641910553,00_data/02_resized/crops/crop_2026-01-14_14-51-03.top_right_CROPNUMBER_5_UUID_DROSO_09_LUT_28_M.jpg,0.632768361581921,2.809875,49906,3.1442729453125,LUT,28,M,9,val
DROSO_09_EQU_28_F,0.937753260135651,00_data/02_resized/crops/crop_2026-01-14_14-17-05.top_left_CROPNUMBER_2_UUID_DROSO_09_EQU_28_F.jpg,0.612021857923497,2.905125,52465,3.30549994140625,EQU,28,F,9,val
DROSO_09_VIR_28_M,0.937760412693024,00_data/02_resized/crops/crop_2026-01-14_15-26-12.top_right_CROPNUMBER_5_UUID_DROSO_09_VIR_28_M.jpg,0.392294220665499,4.5323125,100486,6.3310105234375,VIR,28,M,9,val
DROSO_09_VIR_28_M,0.937954246997833,00_data/02_resized/crops/crop_2026-01-14_15-26-12.top_right_CROPNUMBER_4_UUID_DROSO_09_VIR_28_M.jpg,0.402877697841727,4.41325,117075,7.37618232421875,VIR,28,M,9,val
DROSO_09_EQU_28_F,0.937958121299744,00_data/02_resized/crops/crop_2026-01-14_14-17-05.top_left_CROPNUMBER_1_UUID_DROSO_09_EQU_28_F.jpg,0.523364485981308,3.39725,58775,3.70305458984375,EQU,28,F,9,val
DROSO_09_MEL_28_M,0.938080728054047,00_data/02_resized/crops/crop_2026-01-14_13-49-04.top_right_CROPNUMBER_8_UUID_DROSO_09_MEL_28_M.jpg,0.654970760233918,2.714625,62229,3.92067008203125,MEL,28,M,9,val
DROSO_09_VIR_28_M,0.938127338886261,00_data/02_resized/crops/crop_2026-01-14_15-26-12.top_right_CROPNUMBER_3_UUID_DROSO_09_VIR_28_M.jpg,0.385542168674699,4.6116875,123906,7.8065620078125,VIR,28,M,9,val
DROSO_09_SIM_28_F,0.938136994838715,00_data/02_resized/crops/crop_2026-01-14_10-55-35.top_left_CROPNUMBER_6_UUID_DROSO_09_SIM_28_F.jpg,0.638176638176638,2.7860625,64128,4.0403145,SIM,28,F,9,val
DROSO_09_MEL_28_M,0.938227117061615,00_data/02_resized/crops/crop_2026-01-14_13-49-04.top_right_CROPNUMBER_7_UUID_DROSO_09_MEL_28_M.jpg,0.514942528735632,3.4528125,76637,4.82843036328125,MEL,28,M,9,val
DROSO_09_LUT_28_F,0.93845397233963,00_data/02_resized/crops/crop_2026-01-14_14-51-03.top_left_CROPNUMBER_4_UUID_DROSO_09_LUT_28_F.jpg,0.547677261613692,3.2464375,60920,3.83819796875,LUT,28,F,9,val
DROSO_09_MEL_28_M,0.938472330570221,00_data/02_resized/crops/crop_2026-01-14_13-49-04.top_right_CROPNUMBER_6_UUID_DROSO_09_MEL_28_M.jpg,0.597333333333333,2.9765625,62774,3.9550072109375,MEL,28,M,9,val
DROSO_09_SIM_28_F,0.938676595687866,00_data/02_resized/crops/crop_2026-01-14_10-55-35.top_left_CROPNUMBER_5_UUID_DROSO_09_SIM_28_F.jpg,0.506787330316742,3.508375,76655,4.82956443359375,SIM,28,F,9,val
DROSO_09_MEL_28_M,0.938909292221069,00_data/02_resized/crops/crop_2026-01-14_13-49-04.top_right_CROPNUMBER_5_UUID_DROSO_09_MEL_28_M.jpg,0.549019607843137,3.2385,63146,3.9784446640625,MEL,28,M,9,val
DROSO_09_LUT_28_M,0.938942074775696,00_data/02_resized/crops/crop_2026-01-14_14-51-03.top_right_CROPNUMBER_4_UUID_DROSO_09_LUT_28_M.jpg,0.577319587628866,3.07975,57933,3.65000530078125,LUT,28,M,9,val
DROSO_09_LUT_28_M,0.939254283905029,00_data/02_resized/crops/crop_2026-01-14_14-51-03.top_right_CROPNUMBER_3_UUID_DROSO_09_LUT_28_M.jpg,0.571428571428571,3.1115,58951,3.71414327734375,LUT,28,M,9,val
DROSO_09_MEL_28_F,0.939275562763214,00_data/02_resized/crops/crop_2026-01-14_13-49-04.top_left_CROPNUMBER_8_UUID_DROSO_09_MEL_28_F.jpg,0.472573839662447,3.762375,76820,4.839960078125,MEL,28,F,9,val
DROSO_09_SIM_28_F,0.939317524433136,00_data/02_resized/crops/crop_2026-01-14_10-55-35.top_left_CROPNUMBER_4_UUID_DROSO_09_SIM_28_F.jpg,0.528301886792453,3.3655,73581,4.63589042578125,SIM,28,F,9,val
DROSO_09_LUT_28_M,0.939410328865051,00_data/02_resized/crops/crop_2026-01-14_14-51-03.top_right_CROPNUMBER_2_UUID_DROSO_09_LUT_28_M.jpg,0.578811369509044,3.0718125,57384,3.61541615625,LUT,28,M,9,val
DROSO_09_VIR_28_F,0.939508855342865,00_data/02_resized/crops/crop_2026-01-14_15-26-12.top_left_CROPNUMBER_2_UUID_DROSO_09_VIR_28_F.jpg,0.405797101449275,4.3815,118678,7.4771775859375,VIR,28,F,9,val
DROSO_09_MEL_28_F,0.939558327198029,00_data/02_resized/crops/crop_2026-01-14_13-49-04.top_left_CROPNUMBER_7_UUID_DROSO_09_MEL_28_F.jpg,0.454361054766734,3.9131875,94357,5.94485958203125,MEL,28,F,9,val
DROSO_09_EQU_28_M,0.939581394195557,00_data/02_resized/crops/crop_2026-01-14_14-17-05.top_right_CROPNUMBER_1_UUID_DROSO_09_EQU_28_M.jpg,0.466666666666667,3.81,58258,3.6704815703125,EQU,28,M,9,val
DROSO_09_MEL_28_F,0.939886271953583,00_data/02_resized/crops/crop_2026-01-14_13-49-04.top_left_CROPNUMBER_6_UUID_DROSO_09_MEL_28_F.jpg,0.44181459566075,4.0243125,87805,5.53205798828125,MEL,28,F,9,val
DROSO_09_SIM_28_F,0.939888060092926,00_data/02_resized/crops/crop_2026-01-14_10-55-35.top_left_CROPNUMBER_3_UUID_DROSO_09_SIM_28_F.jpg,0.569974554707379,3.1194375,72867,4.59090563671875,SIM,28,F,9,val
DROSO_09_MEL_28_F,0.939927935600281,00_data/02_resized/crops/crop_2026-01-14_13-49-04.top_left_CROPNUMBER_5_UUID_DROSO_09_MEL_28_F.jpg,0.501118568232662,3.5480625,69973,4.40857233203125,MEL,28,F,9,val
DROSO_09_MEL_28_M,0.940015375614166,00_data/02_resized/crops/crop_2026-01-14_13-49-04.top_right_CROPNUMBER_4_UUID_DROSO_09_MEL_28_M.jpg,0.717948717948718,2.4765,51252,3.229076203125,MEL,28,M,9,val
DROSO_09_MEL_28_M,0.940259754657745,00_data/02_resized/crops/crop_2026-01-14_13-49-04.top_right_CROPNUMBER_3_UUID_DROSO_09_MEL_28_M.jpg,0.535885167464115,3.317875,66452,4.186735578125,MEL,28,M,9,val
DROSO_09_MEL_28_F,0.94038313627243,00_data/02_resized/crops/crop_2026-01-14_13-49-04.top_left_CROPNUMBER_4_UUID_DROSO_09_MEL_28_F.jpg,0.542372881355932,3.2781875,78491,4.94523960546875,MEL,28,F,9,val
DROSO_09_MEL_28_F,0.940408229827881,00_data/02_resized/crops/crop_2026-01-14_13-49-04.top_left_CROPNUMBER_3_UUID_DROSO_09_MEL_28_F.jpg,0.48068669527897,3.698875,92318,5.8163946171875,MEL,28,F,9,val
DROSO_09_VIR_28_F,0.941157877445221,00_data/02_resized/crops/crop_2026-01-14_15-26-12.top_left_CROPNUMBER_1_UUID_DROSO_09_VIR_28_F.jpg,0.366612111292962,4.8498125,120907,7.61761329296875,VIR,28,F,9,val
DROSO_09_MEL_28_M,0.941177427768707,00_data/02_resized/crops/crop_2026-01-14_13-49-04.top_right_CROPNUMBER_2_UUID_DROSO_09_MEL_28_M.jpg,0.547677261613692,3.2464375,63014,3.9701281484375,MEL,28,M,9,val
DROSO_09_EQU_28_M,0.941248893737793,00_data/02_resized/crops/crop_2026-01-14_14-17-05.top_right_CROPNUMBER_0_UUID_DROSO_09_EQU_28_M.jpg,0.689230769230769,2.5796875,44245,2.78760783203125,EQU,28,M,9,val
DROSO_09_MEL_28_F,0.941286206245422,00_data/02_resized/crops/crop_2026-01-14_13-49-04.top_left_CROPNUMBER_2_UUID_DROSO_09_MEL_28_F.jpg,0.490153172866521,3.6274375,67240,4.23638265625,MEL,28,F,9,val
DROSO_09_MEL_28_M,0.941795468330383,00_data/02_resized/crops/crop_2026-01-14_13-49-04.top_right_CROPNUMBER_1_UUID_DROSO_09_MEL_28_M.jpg,0.4880174291939,3.6433125,68595,4.32175294921875,MEL,28,M,9,val
DROSO_09_LUT_28_M,0.941846430301666,00_data/02_resized/crops/crop_2026-01-14_14-51-03.top_right_CROPNUMBER_1_UUID_DROSO_09_LUT_28_M.jpg,0.662721893491124,2.682875,48945,3.08372619140625,LUT,28,M,9,val
DROSO_09_SIM_28_F,0.943114697933197,00_data/02_resized/crops/crop_2026-01-14_10-55-35.top_left_CROPNUMBER_2_UUID_DROSO_09_SIM_28_F.jpg,0.553086419753086,3.2146875,61638,3.8834347734375,SIM,28,F,9,val
DROSO_09_EQU_28_F,0.943182349205017,00_data/02_resized/crops/crop_2026-01-14_14-17-05.top_left_CROPNUMBER_0_UUID_DROSO_09_EQU_28_F.jpg,0.568527918781726,3.127375,64562,4.0676581953125,EQU,28,F,9,val
DROSO_09_MEL_28_M,0.943949341773987,00_data/02_resized/crops/crop_2026-01-14_13-49-04.top_right_CROPNUMBER_0_UUID_DROSO_09_MEL_28_M.jpg,0.52093023255814,3.413125,84231,5.30688202734375,MEL,28,M,9,val
DROSO_09_VIR_28_M,0.94417929649353,00_data/02_resized/crops/crop_2026-01-14_15-26-12.top_right_CROPNUMBER_2_UUID_DROSO_09_VIR_28_M.jpg,0.459958932238193,3.8655625,80725,5.08599033203125,VIR,28,M,9,val
DROSO_09_SIM_28_F,0.944234430789948,00_data/02_resized/crops/crop_2026-01-14_10-55-35.top_left_CROPNUMBER_1_UUID_DROSO_09_SIM_28_F.jpg,0.52093023255814,3.413125,72956,4.596512984375,SIM,28,F,9,val
DROSO_09_VIR_28_M,0.945460200309753,00_data/02_resized/crops/crop_2026-01-14_15-26-12.top_right_CROPNUMBER_1_UUID_DROSO_09_VIR_28_M.jpg,0.449799196787149,3.952875,91307,5.75269766796875,VIR,28,M,9,val
DROSO_09_LUT_28_F,0.945490777492523,00_data/02_resized/crops/crop_2026-01-14_14-51-03.top_left_CROPNUMBER_3_UUID_DROSO_09_LUT_28_F.jpg,0.505643340857788,3.5163125,65738,4.1417507890625,LUT,28,F,9,val
DROSO_09_MEL_28_F,0.94586968421936,00_data/02_resized/crops/crop_2026-01-14_13-49-04.top_left_CROPNUMBER_1_UUID_DROSO_09_MEL_28_F.jpg,0.48695652173913,3.65125,87278,5.4988549296875,MEL,28,F,9,val
DROSO_09_VIR_28_M,0.946094334125519,00_data/02_resized/crops/crop_2026-01-14_15-26-12.top_right_CROPNUMBER_0_UUID_DROSO_09_VIR_28_M.jpg,0.43921568627451,4.048125,105988,6.677658015625,VIR,28,M,9,val
DROSO_09_VIR_28_F,0.946250796318054,00_data/02_resized/crops/crop_2026-01-14_15-26-12.top_left_CROPNUMBER_0_UUID_DROSO_09_VIR_28_F.jpg,0.427480916030534,4.15925,99515,6.26983373046875,VIR,28,F,9,val
DROSO_09_LUT_28_F,0.946558117866516,00_data/02_resized/crops/crop_2026-01-14_14-51-03.top_left_CROPNUMBER_2_UUID_DROSO_09_LUT_28_F.jpg,0.523364485981308,3.39725,65677,4.13790755078125,LUT,28,F,9,val
DROSO_09_SIM_28_M,0.946934223175049,00_data/02_resized/crops/crop_2026-01-14_10-55-35.top_right_CROPNUMBER_0_UUID_DROSO_09_SIM_28_M.jpg,0.615384615384615,2.88925,59171,3.72800413671875,SIM,28,M,9,val
DROSO_09_LUT_28_F,0.947407364845276,00_data/02_resized/crops/crop_2026-01-14_14-51-03.top_left_CROPNUMBER_1_UUID_DROSO_09_LUT_28_F.jpg,0.539759036144578,3.2940625,52571,3.31217835546875,LUT,28,F,9,val
DROSO_09_LUT_28_M,0.948370456695557,00_data/02_resized/crops/crop_2026-01-14_14-51-03.top_right_CROPNUMBER_0_UUID_DROSO_09_LUT_28_M.jpg,0.532066508313539,3.3416875,66074,4.1629201015625,LUT,28,M,9,val
DROSO_09_MEL_28_F,0.949888527393341,00_data/02_resized/crops/crop_2026-01-14_13-49-04.top_left_CROPNUMBER_0_UUID_DROSO_09_MEL_28_F.jpg,0.506787330316742,3.508375,80661,5.08195808203125,MEL,28,F,9,val
DROSO_09_SIM_28_F,0.952641785144806,00_data/02_resized/crops/crop_2026-01-14_10-55-35.top_left_CROPNUMBER_0_UUID_DROSO_09_SIM_28_F.jpg,0.533333333333333,3.33375,74190,4.6742598046875,SIM,28,F,9,val
DROSO_09_LUT_28_F,0.953550815582275,00_data/02_resized/crops/crop_2026-01-14_14-51-03.top_left_CROPNUMBER_0_UUID_DROSO_09_LUT_28_F.jpg,0.474576271186441,3.7465,75974,4.7866587734375,LUT,28,F,9,val
DROSO_10_SIM_28_M,0.900497972965241,00_data/02_resized/crops/crop_2026-01-14_11-09-18.top_right_CROPNUMBER_13_UUID_DROSO_10_SIM_28_M.jpg,0.581818181818182,3.0559375,51992,3.27569909375,SIM,28,M,10,test
DROSO_10_SIM_28_F,0.909619450569153,00_data/02_resized/crops/crop_2026-01-14_11-09-18.top_left_CROPNUMBER_29_UUID_DROSO_10_SIM_28_F.jpg,0.52093023255814,3.413125,55590,3.5023871484375,SIM,28,F,10,test
DROSO_10_MEL_28_F,0.910343825817108,00_data/02_resized/crops/crop_2026-01-14_13-54-48.top_left_CROPNUMBER_16_UUID_DROSO_10_MEL_28_F.jpg,0.471578947368421,3.7703125,85749,5.40252195703125,MEL,28,F,10,test
DROSO_10_EQU_28_F,0.910619735717773,00_data/02_resized/crops/crop_2026-01-14_14-22-40.top_left_CROPNUMBER_12_UUID_DROSO_10_EQU_28_F.jpg,0.562814070351759,3.159125,45935,2.89408443359375,EQU,28,F,10,test
DROSO_10_LUT_28_F,0.913485109806061,00_data/02_resized/crops/crop_2026-01-14_14-58-36.top_left_CROPNUMBER_28_UUID_DROSO_10_LUT_28_F.jpg,0.503370786516854,3.5321875,63181,3.98064980078125,LUT,28,F,10,test
DROSO_10_LUT_28_M,0.91366970539093,00_data/02_resized/crops/crop_2026-01-14_14-58-36.top_right_CROPNUMBER_27_UUID_DROSO_10_LUT_28_M.jpg,0.565656565656566,3.14325,58401,3.67949112890625,LUT,28,M,10,test
DROSO_10_SIM_28_F,0.913700461387634,00_data/02_resized/crops/crop_2026-01-14_11-09-18.top_left_CROPNUMBER_28_UUID_DROSO_10_SIM_28_F.jpg,0.551724137931035,3.222625,58000,3.6542265625,SIM,28,F,10,test
DROSO_10_EQU_28_F,0.91605418920517,00_data/02_resized/crops/crop_2026-01-14_14-22-40.top_left_CROPNUMBER_11_UUID_DROSO_10_EQU_28_F.jpg,0.594164456233422,2.9924375,38774,2.4429134609375,EQU,28,F,10,test
DROSO_10_SIM_28_F,0.916574478149414,00_data/02_resized/crops/crop_2026-01-14_11-09-18.top_left_CROPNUMBER_27_UUID_DROSO_10_SIM_28_F.jpg,0.542372881355932,3.2781875,56737,3.57465262890625,SIM,28,F,10,test
DROSO_10_MEL_28_F,0.91672956943512,00_data/02_resized/crops/crop_2026-01-14_13-54-48.top_left_CROPNUMBER_15_UUID_DROSO_10_MEL_28_F.jpg,0.529550827423168,3.3575625,62366,3.9293016171875,MEL,28,F,10,test
DROSO_10_LUT_28_M,0.918507814407349,00_data/02_resized/crops/crop_2026-01-14_14-58-36.top_right_CROPNUMBER_26_UUID_DROSO_10_LUT_28_M.jpg,0.660766961651917,2.6908125,35481,2.23544159765625,LUT,28,M,10,test
DROSO_10_LUT_28_F,0.920295655727386,00_data/02_resized/crops/crop_2026-01-14_14-58-36.top_left_CROPNUMBER_27_UUID_DROSO_10_LUT_28_F.jpg,0.551724137931035,3.222625,62143,3.91525174609375,LUT,28,F,10,test
DROSO_10_VIR_28_F,0.92057591676712,00_data/02_resized/crops/crop_2026-01-14_15-32-39.top_left_CROPNUMBER_14_UUID_DROSO_10_VIR_28_F.jpg,0.347826086956522,5.11175,133224,8.39363240625,VIR,28,F,10,test
DROSO_10_EQU_28_F,0.921445846557617,00_data/02_resized/crops/crop_2026-01-14_14-22-40.top_left_CROPNUMBER_10_UUID_DROSO_10_EQU_28_F.jpg,0.600536193029491,2.9606875,45381,2.85918026953125,EQU,28,F,10,test
DROSO_10_LUT_28_M,0.92212700843811,00_data/02_resized/crops/crop_2026-01-14_14-58-36.top_right_CROPNUMBER_25_UUID_DROSO_10_LUT_28_M.jpg,0.54368932038835,3.27025,53566,3.3748672421875,LUT,28,M,10,test
DROSO_10_MEL_28_M,0.922135651111603,00_data/02_resized/crops/crop_2026-01-14_13-54-48.top_right_CROPNUMBER_19_UUID_DROSO_10_MEL_28_M.jpg,0.592592592592593,3.000375,59208,3.73033528125,MEL,28,M,10,test
DROSO_10_LUT_28_F,0.922515630722046,00_data/02_resized/crops/crop_2026-01-14_14-58-36.top_left_CROPNUMBER_26_UUID_DROSO_10_LUT_28_F.jpg,0.623955431754875,2.8495625,45532,2.868693859375,LUT,28,F,10,test
DROSO_10_MEL_28_M,0.922626316547394,00_data/02_resized/crops/crop_2026-01-14_13-54-48.top_right_CROPNUMBER_18_UUID_DROSO_10_MEL_28_M.jpg,0.564231738035265,3.1511875,56322,3.5485060078125,MEL,28,M,10,test
DROSO_10_EQU_28_F,0.92267370223999,00_data/02_resized/crops/crop_2026-01-14_14-22-40.top_left_CROPNUMBER_9_UUID_DROSO_10_EQU_28_F.jpg,0.595744680851064,2.9845,48450,3.0525392578125,EQU,28,F,10,test
DROSO_10_EQU_28_M,0.923431515693665,00_data/02_resized/crops/crop_2026-01-14_14-22-40.top_right_CROPNUMBER_7_UUID_DROSO_10_EQU_28_M.jpg,0.522144522144522,3.4051875,51665,3.25509681640625,EQU,28,M,10,test
DROSO_10_SIM_28_F,0.923792123794556,00_data/02_resized/crops/crop_2026-01-14_11-09-18.top_left_CROPNUMBER_26_UUID_DROSO_10_SIM_28_F.jpg,0.533333333333333,3.33375,62344,3.92791553125,SIM,28,F,10,test
DROSO_10_SIM_28_M,0.924149215221405,00_data/02_resized/crops/crop_2026-01-14_11-09-18.top_right_CROPNUMBER_12_UUID_DROSO_10_SIM_28_M.jpg,0.634560906515581,2.8019375,53475,3.36913388671875,SIM,28,M,10,test
DROSO_10_SIM_28_F,0.924170911312103,00_data/02_resized/crops/crop_2026-01-14_11-09-18.top_left_CROPNUMBER_25_UUID_DROSO_10_SIM_28_F.jpg,0.542372881355932,3.2781875,57803,3.64181479296875,SIM,28,F,10,test
DROSO_10_LUT_28_M,0.924301087856293,00_data/02_resized/crops/crop_2026-01-14_14-58-36.top_right_CROPNUMBER_24_UUID_DROSO_10_LUT_28_M.jpg,0.4282982791587,4.1513125,62781,3.95544823828125,LUT,28,M,10,test
DROSO_10_EQU_28_F,0.924569427967072,00_data/02_resized/crops/crop_2026-01-14_14-22-40.top_left_CROPNUMBER_8_UUID_DROSO_10_EQU_28_F.jpg,0.575835475578406,3.0876875,55183,3.47674455859375,EQU,28,F,10,test
DROSO_10_MEL_28_M,0.924715042114258,00_data/02_resized/crops/crop_2026-01-14_13-54-48.top_right_CROPNUMBER_17_UUID_DROSO_10_MEL_28_M.jpg,0.545012165450122,3.2623125,52381,3.30020761328125,MEL,28,M,10,test
DROSO_10_VIR_28_M,0.924892842769623,00_data/02_resized/crops/crop_2026-01-14_15-32-39.top_right_CROPNUMBER_8_UUID_DROSO_10_VIR_28_M.jpg,0.417910447761194,4.2545,98253,6.19032280078125,VIR,28,M,10,test
DROSO_10_LUT_28_M,0.925701916217804,00_data/02_resized/crops/crop_2026-01-14_14-58-36.top_right_CROPNUMBER_23_UUID_DROSO_10_LUT_28_M.jpg,0.654970760233918,2.714625,42823,2.69801627734375,LUT,28,M,10,test
DROSO_10_SIM_28_F,0.925761759281158,00_data/02_resized/crops/crop_2026-01-14_11-09-18.top_left_CROPNUMBER_24_UUID_DROSO_10_SIM_28_F.jpg,0.622222222222222,2.8575,61804,3.893893421875,SIM,28,F,10,test
DROSO_10_SIM_28_F,0.925907492637634,00_data/02_resized/crops/crop_2026-01-14_11-09-18.top_left_CROPNUMBER_23_UUID_DROSO_10_SIM_28_F.jpg,0.578811369509044,3.0718125,55470,3.4948266796875,SIM,28,F,10,test
DROSO_10_SIM_28_F,0.926134049892426,00_data/02_resized/crops/crop_2026-01-14_11-09-18.top_left_CROPNUMBER_22_UUID_DROSO_10_SIM_28_F.jpg,0.577319587628866,3.07975,46145,2.90731525390625,SIM,28,F,10,test
DROSO_10_LUT_28_M,0.92622298002243,00_data/02_resized/crops/crop_2026-01-14_14-58-36.top_right_CROPNUMBER_22_UUID_DROSO_10_LUT_28_M.jpg,0.605405405405405,2.936875,46801,2.94864581640625,LUT,28,M,10,test
DROSO_10_SIM_28_M,0.926672458648682,00_data/02_resized/crops/crop_2026-01-14_11-09-18.top_right_CROPNUMBER_11_UUID_DROSO_10_SIM_28_M.jpg,0.600536193029491,2.9606875,49352,3.10936878125,SIM,28,M,10,test
DROSO_10_SIM_28_F,0.926913201808929,00_data/02_resized/crops/crop_2026-01-14_11-09-18.top_left_CROPNUMBER_21_UUID_DROSO_10_SIM_28_F.jpg,0.522144522144522,3.4051875,59606,3.7554108359375,SIM,28,F,10,test
DROSO_10_EQU_28_M,0.927013874053955,00_data/02_resized/crops/crop_2026-01-14_14-22-40.top_right_CROPNUMBER_6_UUID_DROSO_10_EQU_28_M.jpg,0.729641693811075,2.4368125,47448,2.98940934375,EQU,28,M,10,test
DROSO_10_LUT_28_F,0.927105784416199,00_data/02_resized/crops/crop_2026-01-14_14-58-36.top_left_CROPNUMBER_25_UUID_DROSO_10_LUT_28_F.jpg,0.537170263788969,3.3099375,71285,4.49123345703125,LUT,28,F,10,test
DROSO_10_LUT_28_M,0.92712926864624,00_data/02_resized/crops/crop_2026-01-14_14-58-36.top_right_CROPNUMBER_21_UUID_DROSO_10_LUT_28_M.jpg,0.574358974358974,3.095625,54049,3.40529812890625,LUT,28,M,10,test
DROSO_10_SIM_28_F,0.927230894565582,00_data/02_resized/crops/crop_2026-01-14_11-09-18.top_left_CROPNUMBER_20_UUID_DROSO_10_SIM_28_F.jpg,0.547677261613692,3.2464375,62198,3.9187169609375,SIM,28,F,10,test
DROSO_10_MEL_28_M,0.927516877651215,00_data/02_resized/crops/crop_2026-01-14_13-54-48.top_right_CROPNUMBER_16_UUID_DROSO_10_MEL_28_M.jpg,0.534606205250597,3.3258125,60864,3.83466975,MEL,28,M,10,test
DROSO_10_MEL_28_M,0.927542805671692,00_data/02_resized/crops/crop_2026-01-14_13-54-48.top_right_CROPNUMBER_15_UUID_DROSO_10_MEL_28_M.jpg,0.417132216014898,4.2624375,76738,4.8347937578125,MEL,28,M,10,test
DROSO_10_LUT_28_M,0.927543938159943,00_data/02_resized/crops/crop_2026-01-14_14-58-36.top_right_CROPNUMBER_20_UUID_DROSO_10_LUT_28_M.jpg,0.571428571428571,3.1115,57659,3.63274223046875,LUT,28,M,10,test
DROSO_10_LUT_28_M,0.927568435668945,00_data/02_resized/crops/crop_2026-01-14_14-58-36.top_right_CROPNUMBER_19_UUID_DROSO_10_LUT_28_M.jpg,0.56140350877193,3.1670625,46657,2.93957325390625,LUT,28,M,10,test
DROSO_10_LUT_28_M,0.927803993225098,00_data/02_resized/crops/crop_2026-01-14_14-58-36.top_right_CROPNUMBER_18_UUID_DROSO_10_LUT_28_M.jpg,0.597333333333333,2.9765625,52225,3.29037900390625,LUT,28,M,10,test
DROSO_10_SIM_28_F,0.927816092967987,00_data/02_resized/crops/crop_2026-01-14_11-09-18.top_left_CROPNUMBER_19_UUID_DROSO_10_SIM_28_F.jpg,0.533333333333333,3.33375,67145,4.23039728515625,SIM,28,F,10,test
DROSO_10_LUT_28_F,0.927905201911926,00_data/02_resized/crops/crop_2026-01-14_14-58-36.top_left_CROPNUMBER_24_UUID_DROSO_10_LUT_28_F.jpg,0.476595744680851,3.730625,70918,4.4681110234375,LUT,28,F,10,test
DROSO_10_LUT_28_M,0.927910089492798,00_data/02_resized/crops/crop_2026-01-14_14-58-36.top_right_CROPNUMBER_17_UUID_DROSO_10_LUT_28_M.jpg,0.534606205250597,3.3258125,67983,4.28319455859375,LUT,28,M,10,test
DROSO_10_SIM_28_F,0.928041994571686,00_data/02_resized/crops/crop_2026-01-14_11-09-18.top_left_CROPNUMBER_18_UUID_DROSO_10_SIM_28_F.jpg,0.607046070460705,2.9289375,58947,3.71389126171875,SIM,28,F,10,test
DROSO_10_LUT_28_F,0.928100228309631,00_data/02_resized/crops/crop_2026-01-14_14-58-36.top_left_CROPNUMBER_23_UUID_DROSO_10_LUT_28_F.jpg,0.580310880829016,3.063875,55101,3.47157823828125,LUT,28,F,10,test
DROSO_10_SIM_28_M,0.92823076248169,00_data/02_resized/crops/crop_2026-01-14_11-09-18.top_right_CROPNUMBER_10_UUID_DROSO_10_SIM_28_M.jpg,0.565656565656566,3.14325,54451,3.43062569921875,SIM,28,M,10,test
DROSO_10_SIM_28_F,0.928301453590393,00_data/02_resized/crops/crop_2026-01-14_11-09-18.top_left_CROPNUMBER_17_UUID_DROSO_10_SIM_28_F.jpg,0.546341463414634,3.254375,61632,3.88305675,SIM,28,F,10,test
DROSO_10_MEL_28_M,0.928310036659241,00_data/02_resized/crops/crop_2026-01-14_13-54-48.top_right_CROPNUMBER_14_UUID_DROSO_10_MEL_28_M.jpg,0.598930481283422,2.968625,59504,3.7489844375,MEL,28,M,10,test
DROSO_10_EQU_28_F,0.928538501262665,00_data/02_resized/crops/crop_2026-01-14_14-22-40.top_left_CROPNUMBER_7_UUID_DROSO_10_EQU_28_F.jpg,0.421845574387947,4.2148125,67018,4.2223957890625,EQU,28,F,10,test
DROSO_10_VIR_28_F,0.928796052932739,00_data/02_resized/crops/crop_2026-01-14_15-32-39.top_left_CROPNUMBER_13_UUID_DROSO_10_VIR_28_F.jpg,0.481720430107527,3.6909375,85901,5.41209855078125,VIR,28,F,10,test
DROSO_10_MEL_28_M,0.928803563117981,00_data/02_resized/crops/crop_2026-01-14_13-54-48.top_right_CROPNUMBER_13_UUID_DROSO_10_MEL_28_M.jpg,0.572890025575448,3.1035625,59798,3.7675075859375,MEL,28,M,10,test
DROSO_10_MEL_28_M,0.928810715675354,00_data/02_resized/crops/crop_2026-01-14_13-54-48.top_right_CROPNUMBER_12_UUID_DROSO_10_MEL_28_M.jpg,0.575835475578406,3.0876875,56738,3.5747156328125,MEL,28,M,10,test
DROSO_10_MEL_28_M,0.928895711898804,00_data/02_resized/crops/crop_2026-01-14_13-54-48.top_right_CROPNUMBER_11_UUID_DROSO_10_MEL_28_M.jpg,0.55036855036855,3.2305625,59680,3.760073125,MEL,28,M,10,test
DROSO_10_LUT_28_M,0.929088056087494,00_data/02_resized/crops/crop_2026-01-14_14-58-36.top_right_CROPNUMBER_16_UUID_DROSO_10_LUT_28_M.jpg,0.602150537634409,2.95275,46636,2.938250171875,LUT,28,M,10,test
DROSO_10_MEL_28_M,0.929201066493988,00_data/02_resized/crops/crop_2026-01-14_13-54-48.top_right_CROPNUMBER_10_UUID_DROSO_10_MEL_28_M.jpg,0.580310880829016,3.063875,68162,4.2944722578125,MEL,28,M,10,test
DROSO_10_MEL_28_F,0.929324686527252,00_data/02_resized/crops/crop_2026-01-14_13-54-48.top_left_CROPNUMBER_14_UUID_DROSO_10_MEL_28_F.jpg,0.52093023255814,3.413125,74536,4.69605915625,MEL,28,F,10,test
DROSO_10_LUT_28_F,0.929574310779572,00_data/02_resized/crops/crop_2026-01-14_14-58-36.top_left_CROPNUMBER_22_UUID_DROSO_10_LUT_28_F.jpg,0.514942528735632,3.4528125,71729,4.51920719140625,LUT,28,F,10,test
DROSO_10_MEL_28_M,0.929968595504761,00_data/02_resized/crops/crop_2026-01-14_13-54-48.top_right_CROPNUMBER_9_UUID_DROSO_10_MEL_28_M.jpg,0.567088607594937,3.1353125,63443,3.99715682421875,MEL,28,M,10,test
DROSO_10_SIM_28_M,0.930201470851898,00_data/02_resized/crops/crop_2026-01-14_11-09-18.top_right_CROPNUMBER_9_UUID_DROSO_10_SIM_28_M.jpg,0.571428571428571,3.1115,56471,3.55789358984375,SIM,28,M,10,test
DROSO_10_MEL_28_F,0.930265307426453,00_data/02_resized/crops/crop_2026-01-14_13-54-48.top_left_CROPNUMBER_13_UUID_DROSO_10_MEL_28_F.jpg,0.547677261613692,3.2464375,69727,4.39307337109375,MEL,28,F,10,test
DROSO_10_VIR_28_F,0.93034040927887,00_data/02_resized/crops/crop_2026-01-14_15-32-39.top_left_CROPNUMBER_12_UUID_DROSO_10_VIR_28_F.jpg,0.386206896551724,4.60375,123117,7.75685192578125,VIR,28,F,10,test
DROSO_10_SIM_28_F,0.930352926254272,00_data/02_resized/crops/crop_2026-01-14_11-09-18.top_left_CROPNUMBER_16_UUID_DROSO_10_SIM_28_F.jpg,0.557213930348259,3.190875,60212,3.793591203125,SIM,28,F,10,test
DROSO_10_VIR_28_F,0.930396378040314,00_data/02_resized/crops/crop_2026-01-14_15-32-39.top_left_CROPNUMBER_11_UUID_DROSO_10_VIR_28_F.jpg,0.348909657320872,5.095875,109840,6.9203490625,VIR,28,F,10,test
DROSO_10_SIM_28_F,0.930671751499176,00_data/02_resized/crops/crop_2026-01-14_11-09-18.top_left_CROPNUMBER_15_UUID_DROSO_10_SIM_28_F.jpg,0.632768361581921,2.809875,56499,3.55965769921875,SIM,28,F,10,test
DROSO_10_LUT_28_M,0.93076479434967,00_data/02_resized/crops/crop_2026-01-14_14-58-36.top_right_CROPNUMBER_15_UUID_DROSO_10_LUT_28_M.jpg,0.595744680851064,2.9845,58223,3.66827643359375,LUT,28,M,10,test
DROSO_10_SIM_28_F,0.931196689605713,00_data/02_resized/crops/crop_2026-01-14_11-09-18.top_left_CROPNUMBER_14_UUID_DROSO_10_SIM_28_F.jpg,0.514942528735632,3.4528125,66582,4.1949260859375,SIM,28,F,10,test
DROSO_10_VIR_28_F,0.931208372116089,00_data/02_resized/crops/crop_2026-01-14_15-32-39.top_left_CROPNUMBER_10_UUID_DROSO_10_VIR_28_F.jpg,0.390924956369983,4.5481875,108493,6.83548280078125,VIR,28,F,10,test
DROSO_10_VIR_28_M,0.931337058544159,00_data/02_resized/crops/crop_2026-01-14_15-32-39.top_right_CROPNUMBER_7_UUID_DROSO_10_VIR_28_M.jpg,0.408759124087591,4.34975,97786,6.1608999765625,VIR,28,M,10,test
DROSO_10_LUT_28_F,0.931400179862976,00_data/02_resized/crops/crop_2026-01-14_14-58-36.top_left_CROPNUMBER_21_UUID_DROSO_10_LUT_28_F.jpg,0.551724137931035,3.222625,62064,3.9102744375,LUT,28,F,10,test
DROSO_10_SIM_28_F,0.931572258472443,00_data/02_resized/crops/crop_2026-01-14_11-09-18.top_left_CROPNUMBER_13_UUID_DROSO_10_SIM_28_F.jpg,0.542372881355932,3.2781875,68985,4.34632447265625,SIM,28,F,10,test
DROSO_10_EQU_28_F,0.93176007270813,00_data/02_resized/crops/crop_2026-01-14_14-22-40.top_left_CROPNUMBER_6_UUID_DROSO_10_EQU_28_F.jpg,0.466666666666667,3.81,69355,4.36963591796875,EQU,28,F,10,test
DROSO_10_SIM_28_F,0.931826233863831,00_data/02_resized/crops/crop_2026-01-14_11-09-18.top_left_CROPNUMBER_12_UUID_DROSO_10_SIM_28_F.jpg,0.572890025575448,3.1035625,64732,4.078368859375,SIM,28,F,10,test
DROSO_10_EQU_28_F,0.931969165802002,00_data/02_resized/crops/crop_2026-01-14_14-22-40.top_left_CROPNUMBER_5_UUID_DROSO_10_EQU_28_F.jpg,0.783216783216783,2.270125,39340,2.478573671875,EQU,28,F,10,test
DROSO_10_EQU_28_M,0.932021260261536,00_data/02_resized/crops/crop_2026-01-14_14-22-40.top_right_CROPNUMBER_5_UUID_DROSO_10_EQU_28_M.jpg,0.678787878787879,2.619375,35920,2.2631003125,EQU,28,M,10,test
DROSO_10_LUT_28_F,0.932183563709259,00_data/02_resized/crops/crop_2026-01-14_14-58-36.top_left_CROPNUMBER_20_UUID_DROSO_10_LUT_28_F.jpg,0.658823529411765,2.69875,53499,3.37064598046875,LUT,28,F,10,test
DROSO_10_SIM_28_M,0.932310879230499,00_data/02_resized/crops/crop_2026-01-14_11-09-18.top_right_CROPNUMBER_8_UUID_DROSO_10_SIM_28_M.jpg,0.623955431754875,2.8495625,52564,3.311737328125,SIM,28,M,10,test
DROSO_10_LUT_28_M,0.932352244853973,00_data/02_resized/crops/crop_2026-01-14_14-58-36.top_right_CROPNUMBER_14_UUID_DROSO_10_LUT_28_M.jpg,0.602150537634409,2.95275,47132,2.969500109375,LUT,28,M,10,test
DROSO_10_SIM_28_M,0.932533204555512,00_data/02_resized/crops/crop_2026-01-14_11-09-18.top_right_CROPNUMBER_7_UUID_DROSO_10_SIM_28_M.jpg,0.564231738035265,3.1511875,60429,3.80726305078125,SIM,28,M,10,test
DROSO_10_MEL_28_F,0.93264776468277,00_data/02_resized/crops/crop_2026-01-14_13-54-48.top_left_CROPNUMBER_12_UUID_DROSO_10_MEL_28_F.jpg,0.55036855036855,3.2305625,80682,5.0832811640625,MEL,28,F,10,test
DROSO_10_LUT_28_M,0.932673275470734,00_data/02_resized/crops/crop_2026-01-14_14-58-36.top_right_CROPNUMBER_13_UUID_DROSO_10_LUT_28_M.jpg,0.4796573875803,3.7068125,61109,3.85010570703125,LUT,28,M,10,test
DROSO_10_LUT_28_M,0.93268221616745,00_data/02_resized/crops/crop_2026-01-14_14-58-36.top_right_CROPNUMBER_12_UUID_DROSO_10_LUT_28_M.jpg,0.577319587628866,3.07975,55607,3.50345821484375,LUT,28,M,10,test
DROSO_10_SIM_28_F,0.932778656482696,00_data/02_resized/crops/crop_2026-01-14_11-09-18.top_left_CROPNUMBER_11_UUID_DROSO_10_SIM_28_F.jpg,0.553086419753086,3.2146875,64430,4.0593416796875,SIM,28,F,10,test
DROSO_10_LUT_28_M,0.93293309211731,00_data/02_resized/crops/crop_2026-01-14_14-58-36.top_right_CROPNUMBER_11_UUID_DROSO_10_LUT_28_M.jpg,0.554455445544555,3.20675,60319,3.80033262109375,LUT,28,M,10,test
DROSO_10_LUT_28_M,0.933086812496185,00_data/02_resized/crops/crop_2026-01-14_14-58-36.top_right_CROPNUMBER_10_UUID_DROSO_10_LUT_28_M.jpg,0.569974554707379,3.1194375,62169,3.91688984765625,LUT,28,M,10,test
DROSO_10_LUT_28_F,0.933098435401916,00_data/02_resized/crops/crop_2026-01-14_14-58-36.top_left_CROPNUMBER_19_UUID_DROSO_10_LUT_28_F.jpg,0.538461538461538,3.302,67333,4.24224201953125,LUT,28,F,10,test
DROSO_10_SIM_28_F,0.933137774467468,00_data/02_resized/crops/crop_2026-01-14_11-09-18.top_left_CROPNUMBER_10_UUID_DROSO_10_SIM_28_F.jpg,0.598930481283422,2.968625,60671,3.82250999609375,SIM,28,F,10,test
DROSO_10_LUT_28_M,0.933443963527679,00_data/02_resized/crops/crop_2026-01-14_14-58-36.top_right_CROPNUMBER_9_UUID_DROSO_10_LUT_28_M.jpg,0.584856396866841,3.0400625,56575,3.56444599609375,LUT,28,M,10,test
DROSO_10_VIR_28_M,0.933572769165039,00_data/02_resized/crops/crop_2026-01-14_15-32-39.top_right_CROPNUMBER_6_UUID_DROSO_10_VIR_28_M.jpg,0.44007858546169,4.0401875,91394,5.7581790078125,VIR,28,M,10,test
DROSO_10_LUT_28_M,0.933632552623749,00_data/02_resized/crops/crop_2026-01-14_14-58-36.top_right_CROPNUMBER_8_UUID_DROSO_10_LUT_28_M.jpg,0.636363636363636,2.794,40711,2.56495202734375,LUT,28,M,10,test
DROSO_10_VIR_28_F,0.933933258056641,00_data/02_resized/crops/crop_2026-01-14_15-32-39.top_left_CROPNUMBER_9_UUID_DROSO_10_VIR_28_F.jpg,0.411764705882353,4.318,98054,6.1777850234375,VIR,28,F,10,test
DROSO_10_SIM_28_M,0.934137940406799,00_data/02_resized/crops/crop_2026-01-14_11-09-18.top_right_CROPNUMBER_6_UUID_DROSO_10_SIM_28_M.jpg,0.564231738035265,3.1511875,55326,3.4857541171875,SIM,28,M,10,test
DROSO_10_MEL_28_F,0.93437534570694,00_data/02_resized/crops/crop_2026-01-14_13-54-48.top_left_CROPNUMBER_11_UUID_DROSO_10_MEL_28_F.jpg,0.482758620689655,3.683,91192,5.74545221875,MEL,28,F,10,test
DROSO_10_LUT_28_F,0.934400677680969,00_data/02_resized/crops/crop_2026-01-14_14-58-36.top_left_CROPNUMBER_18_UUID_DROSO_10_LUT_28_F.jpg,0.490153172866521,3.6274375,68185,4.29592134765625,LUT,28,F,10,test
DROSO_10_VIR_28_F,0.934605658054352,00_data/02_resized/crops/crop_2026-01-14_15-32-39.top_left_CROPNUMBER_8_UUID_DROSO_10_VIR_28_F.jpg,0.38160136286201,4.6593125,110814,6.9817148671875,VIR,28,F,10,test
DROSO_10_LUT_28_M,0.934617817401886,00_data/02_resized/crops/crop_2026-01-14_14-58-36.top_right_CROPNUMBER_7_UUID_DROSO_10_LUT_28_M.jpg,0.607046070460705,2.9289375,54092,3.408007296875,LUT,28,M,10,test
DROSO_10_MEL_28_M,0.93464583158493,00_data/02_resized/crops/crop_2026-01-14_13-54-48.top_right_CROPNUMBER_8_UUID_DROSO_10_MEL_28_M.jpg,0.592592592592593,3.000375,60514,3.8126183828125,MEL,28,M,10,test
DROSO_10_MEL_28_F,0.935091435909271,00_data/02_resized/crops/crop_2026-01-14_13-54-48.top_left_CROPNUMBER_10_UUID_DROSO_10_MEL_28_F.jpg,0.546341463414634,3.254375,74407,4.68793165234375,MEL,28,F,10,test
DROSO_10_SIM_28_M,0.935157418251038,00_data/02_resized/crops/crop_2026-01-14_11-09-18.top_right_CROPNUMBER_5_UUID_DROSO_10_SIM_28_M.jpg,0.615384615384615,2.88925,49564,3.122725609375,SIM,28,M,10,test
DROSO_10_VIR_28_F,0.935212075710297,00_data/02_resized/crops/crop_2026-01-14_15-32-39.top_left_CROPNUMBER_7_UUID_DROSO_10_VIR_28_F.jpg,0.406533575317604,4.3735625,111074,6.9980958828125,VIR,28,F,10,test
DROSO_10_LUT_28_F,0.935243129730225,00_data/02_resized/crops/crop_2026-01-14_14-58-36.top_left_CROPNUMBER_17_UUID_DROSO_10_LUT_28_F.jpg,0.528301886792453,3.3655,61609,3.88160766015625,LUT,28,F,10,test
DROSO_10_MEL_28_M,0.935266077518463,00_data/02_resized/crops/crop_2026-01-14_13-54-48.top_right_CROPNUMBER_7_UUID_DROSO_10_MEL_28_M.jpg,0.577319587628866,3.07975,59936,3.776202125,MEL,28,M,10,test
DROSO_10_EQU_28_M,0.935286164283752,00_data/02_resized/crops/crop_2026-01-14_14-22-40.top_right_CROPNUMBER_4_UUID_DROSO_10_EQU_28_M.jpg,0.589473684210526,3.01625,49658,3.1286479765625,EQU,28,M,10,test
DROSO_10_MEL_28_F,0.935366928577423,00_data/02_resized/crops/crop_2026-01-14_13-54-48.top_left_CROPNUMBER_9_UUID_DROSO_10_MEL_28_F.jpg,0.492307692307692,3.6115625,91171,5.74412913671875,MEL,28,F,10,test
DROSO_10_SIM_28_M,0.935646414756775,00_data/02_resized/crops/crop_2026-01-14_11-09-18.top_right_CROPNUMBER_4_UUID_DROSO_10_SIM_28_M.jpg,0.693498452012384,2.5638125,46856,2.95211103125,SIM,28,M,10,test
DROSO_10_VIR_28_F,0.935861110687256,00_data/02_resized/crops/crop_2026-01-14_15-32-39.top_left_CROPNUMBER_6_UUID_DROSO_10_VIR_28_F.jpg,0.374581939799331,4.746625,120843,7.61358104296875,VIR,28,F,10,test
DROSO_10_EQU_28_F,0.935924291610718,00_data/02_resized/crops/crop_2026-01-14_14-22-40.top_left_CROPNUMBER_4_UUID_DROSO_10_EQU_28_F.jpg,0.674698795180723,2.63525,43969,2.77021875390625,EQU,28,F,10,test
DROSO_10_EQU_28_F,0.936047434806824,00_data/02_resized/crops/crop_2026-01-14_14-22-40.top_left_CROPNUMBER_3_UUID_DROSO_10_EQU_28_F.jpg,0.672672672672673,2.6431875,53574,3.3753712734375,EQU,28,F,10,test
DROSO_10_MEL_28_M,0.936176657676697,00_data/02_resized/crops/crop_2026-01-14_13-54-48.top_right_CROPNUMBER_6_UUID_DROSO_10_MEL_28_M.jpg,0.64,2.778125,59493,3.74829139453125,MEL,28,M,10,test
DROSO_10_MEL_28_F,0.936351239681244,00_data/02_resized/crops/crop_2026-01-14_13-54-48.top_left_CROPNUMBER_8_UUID_DROSO_10_MEL_28_F.jpg,0.4282982791587,4.1513125,106477,6.70846692578125,MEL,28,F,10,test
DROSO_10_MEL_28_M,0.936355769634247,00_data/02_resized/crops/crop_2026-01-14_13-54-48.top_right_CROPNUMBER_5_UUID_DROSO_10_MEL_28_M.jpg,0.597333333333333,2.9765625,66111,4.16525124609375,MEL,28,M,10,test
DROSO_10_SIM_28_F,0.936692535877228,00_data/02_resized/crops/crop_2026-01-14_11-09-18.top_left_CROPNUMBER_9_UUID_DROSO_10_SIM_28_F.jpg,0.627450980392157,2.8336875,64759,4.08006996484375,SIM,28,F,10,test
DROSO_10_LUT_28_F,0.936895489692688,00_data/02_resized/crops/crop_2026-01-14_14-58-36.top_left_CROPNUMBER_16_UUID_DROSO_10_LUT_28_F.jpg,0.55860349127182,3.1829375,69621,4.38639495703125,LUT,28,F,10,test
DROSO_10_VIR_28_M,0.937011361122131,00_data/02_resized/crops/crop_2026-01-14_15-32-39.top_right_CROPNUMBER_5_UUID_DROSO_10_VIR_28_M.jpg,0.408014571948998,4.3576875,115429,7.27247789453125,VIR,28,M,10,test
DROSO_10_SIM_28_M,0.937129616737366,00_data/02_resized/crops/crop_2026-01-14_11-09-18.top_right_CROPNUMBER_3_UUID_DROSO_10_SIM_28_M.jpg,0.629213483146067,2.82575,59950,3.7770841796875,SIM,28,M,10,test
DROSO_10_MEL_28_M,0.937140941619873,00_data/02_resized/crops/crop_2026-01-14_13-54-48.top_right_CROPNUMBER_4_UUID_DROSO_10_MEL_28_M.jpg,0.61878453038674,2.873375,61232,3.8578551875,MEL,28,M,10,test
DROSO_10_SIM_28_M,0.93725723028183,00_data/02_resized/crops/crop_2026-01-14_11-09-18.top_right_CROPNUMBER_2_UUID_DROSO_10_SIM_28_M.jpg,0.602150537634409,2.95275,55258,3.4814698515625,SIM,28,M,10,test
DROSO_10_MEL_28_F,0.937311589717865,00_data/02_resized/crops/crop_2026-01-14_13-54-48.top_left_CROPNUMBER_7_UUID_DROSO_10_MEL_28_F.jpg,0.537170263788969,3.3099375,76387,4.81267938671875,MEL,28,F,10,test
DROSO_10_LUT_28_M,0.937421262264252,00_data/02_resized/crops/crop_2026-01-14_14-58-36.top_right_CROPNUMBER_6_UUID_DROSO_10_LUT_28_M.jpg,0.697819314641745,2.5479375,46815,2.94952787109375,LUT,28,M,10,test
DROSO_10_SIM_28_F,0.937474727630615,00_data/02_resized/crops/crop_2026-01-14_11-09-18.top_left_CROPNUMBER_8_UUID_DROSO_10_SIM_28_F.jpg,0.512585812356979,3.4686875,70424,4.43698709375,SIM,28,F,10,test
DROSO_10_EQU_28_F,0.937482953071594,00_data/02_resized/crops/crop_2026-01-14_14-22-40.top_left_CROPNUMBER_2_UUID_DROSO_10_EQU_28_F.jpg,0.625698324022346,2.841625,53885,3.39496548828125,EQU,28,F,10,test
DROSO_10_VIR_28_F,0.937616050243378,00_data/02_resized/crops/crop_2026-01-14_15-32-39.top_left_CROPNUMBER_5_UUID_DROSO_10_VIR_28_F.jpg,0.385542168674699,4.6116875,121087,7.62895399609375,VIR,28,F,10,test
DROSO_10_SIM_28_F,0.937617719173431,00_data/02_resized/crops/crop_2026-01-14_11-09-18.top_left_CROPNUMBER_7_UUID_DROSO_10_SIM_28_F.jpg,0.56140350877193,3.1670625,70124,4.418085921875,SIM,28,F,10,test
DROSO_10_LUT_28_M,0.937813937664032,00_data/02_resized/crops/crop_2026-01-14_14-58-36.top_right_CROPNUMBER_5_UUID_DROSO_10_LUT_28_M.jpg,0.541062801932367,3.286125,58059,3.65794379296875,LUT,28,M,10,test
DROSO_10_EQU_28_F,0.937940120697022,00_data/02_resized/crops/crop_2026-01-14_14-22-40.top_left_CROPNUMBER_1_UUID_DROSO_10_EQU_28_F.jpg,0.613698630136986,2.8971875,49096,3.09323978125,EQU,28,F,10,test
DROSO_10_LUT_28_F,0.938122808933258,00_data/02_resized/crops/crop_2026-01-14_14-58-36.top_left_CROPNUMBER_15_UUID_DROSO_10_LUT_28_F.jpg,0.501118568232662,3.5480625,68126,4.2922041171875,LUT,28,F,10,test
DROSO_10_LUT_28_F,0.938169002532959,00_data/02_resized/crops/crop_2026-01-14_14-58-36.top_left_CROPNUMBER_14_UUID_DROSO_10_LUT_28_F.jpg,0.414048059149723,4.2941875,91323,5.75370573046875,LUT,28,F,10,test
DROSO_10_EQU_28_M,0.938219785690308,00_data/02_resized/crops/crop_2026-01-14_14-22-40.top_right_CROPNUMBER_3_UUID_DROSO_10_EQU_28_M.jpg,0.516129032258065,3.444875,52358,3.2987585234375,EQU,28,M,10,test
DROSO_10_LUT_28_F,0.938260495662689,00_data/02_resized/crops/crop_2026-01-14_14-58-36.top_left_CROPNUMBER_13_UUID_DROSO_10_LUT_28_F.jpg,0.455284552845528,3.90525,80949,5.10010320703125,LUT,28,F,10,test
DROSO_10_MEL_28_F,0.938345730304718,00_data/02_resized/crops/crop_2026-01-14_13-54-48.top_left_CROPNUMBER_6_UUID_DROSO_10_MEL_28_F.jpg,0.501118568232662,3.5480625,69191,4.35930327734375,MEL,28,F,10,test
DROSO_10_EQU_28_M,0.938386857509613,00_data/02_resized/crops/crop_2026-01-14_14-22-40.top_right_CROPNUMBER_2_UUID_DROSO_10_EQU_28_M.jpg,0.629213483146067,2.82575,47497,2.99249653515625,EQU,28,M,10,test
DROSO_10_SIM_28_M,0.938544571399689,00_data/02_resized/crops/crop_2026-01-14_11-09-18.top_right_CROPNUMBER_1_UUID_DROSO_10_SIM_28_M.jpg,0.539759036144578,3.2940625,58452,3.682704328125,SIM,28,M,10,test
DROSO_10_MEL_28_M,0.938650846481323,00_data/02_resized/crops/crop_2026-01-14_13-54-48.top_right_CROPNUMBER_3_UUID_DROSO_10_MEL_28_M.jpg,0.634560906515581,2.8019375,58202,3.6669533515625,MEL,28,M,10,test
DROSO_10_SIM_28_F,0.938862919807434,00_data/02_resized/crops/crop_2026-01-14_11-09-18.top_left_CROPNUMBER_6_UUID_DROSO_10_SIM_28_F.jpg,0.594164456233422,2.9924375,49229,3.10161930078125,SIM,28,F,10,test
DROSO_10_LUT_28_F,0.939098298549652,00_data/02_resized/crops/crop_2026-01-14_14-58-36.top_left_CROPNUMBER_12_UUID_DROSO_10_LUT_28_F.jpg,0.668656716417911,2.6590625,50234,3.1649382265625,LUT,28,F,10,test
DROSO_10_SIM_28_F,0.939141988754272,00_data/02_resized/crops/crop_2026-01-14_11-09-18.top_left_CROPNUMBER_5_UUID_DROSO_10_SIM_28_F.jpg,0.627450980392157,2.8336875,56363,3.55108916796875,SIM,28,F,10,test
DROSO_10_VIR_28_F,0.939226150512695,00_data/02_resized/crops/crop_2026-01-14_15-32-39.top_left_CROPNUMBER_4_UUID_DROSO_10_VIR_28_F.jpg,0.341463414634146,5.207,136582,8.6051995234375,VIR,28,F,10,test
DROSO_10_VIR_28_M,0.939335942268372,00_data/02_resized/crops/crop_2026-01-14_15-32-39.top_right_CROPNUMBER_4_UUID_DROSO_10_VIR_28_M.jpg,0.412523020257827,4.3100625,114347,7.20430766796875,VIR,28,M,10,test
DROSO_10_SIM_28_F,0.939455449581146,00_data/02_resized/crops/crop_2026-01-14_11-09-18.top_left_CROPNUMBER_4_UUID_DROSO_10_SIM_28_F.jpg,0.574358974358974,3.095625,61109,3.85010570703125,SIM,28,F,10,test
DROSO_10_LUT_28_F,0.939491748809815,00_data/02_resized/crops/crop_2026-01-14_14-58-36.top_left_CROPNUMBER_11_UUID_DROSO_10_LUT_28_F.jpg,0.542372881355932,3.2781875,72822,4.5880704609375,LUT,28,F,10,test
DROSO_10_LUT_28_F,0.939715564250946,00_data/02_resized/crops/crop_2026-01-14_14-58-36.top_left_CROPNUMBER_10_UUID_DROSO_10_LUT_28_F.jpg,0.511415525114155,3.476625,73008,4.5997891875,LUT,28,F,10,test
DROSO_10_MEL_28_M,0.939783275127411,00_data/02_resized/crops/crop_2026-01-14_13-54-48.top_right_CROPNUMBER_2_UUID_DROSO_10_MEL_28_M.jpg,0.615384615384615,2.88925,68411,4.31016023046875,MEL,28,M,10,test
DROSO_10_LUT_28_M,0.939958393573761,00_data/02_resized/crops/crop_2026-01-14_14-58-36.top_right_CROPNUMBER_4_UUID_DROSO_10_LUT_28_M.jpg,0.568527918781726,3.127375,58491,3.68516148046875,LUT,28,M,10,test
DROSO_10_LUT_28_M,0.940031290054321,00_data/02_resized/crops/crop_2026-01-14_14-58-36.top_right_CROPNUMBER_3_UUID_DROSO_10_LUT_28_M.jpg,0.734426229508197,2.4209375,41063,2.58712940234375,LUT,28,M,10,test
DROSO_10_VIR_28_F,0.940112948417664,00_data/02_resized/crops/crop_2026-01-14_15-32-39.top_left_CROPNUMBER_3_UUID_DROSO_10_VIR_28_F.jpg,0.44181459566075,4.0243125,105987,6.67759501171875,VIR,28,F,10,test
DROSO_10_LUT_28_F,0.94028890132904,00_data/02_resized/crops/crop_2026-01-14_14-58-36.top_left_CROPNUMBER_9_UUID_DROSO_10_LUT_28_F.jpg,0.513761467889908,3.46075,69867,4.40189391796875,LUT,28,F,10,test
DROSO_10_LUT_28_F,0.940439164638519,00_data/02_resized/crops/crop_2026-01-14_14-58-36.top_left_CROPNUMBER_8_UUID_DROSO_10_LUT_28_F.jpg,0.506787330316742,3.508375,71829,4.52550758203125,LUT,28,F,10,test
DROSO_10_LUT_28_M,0.940508842468262,00_data/02_resized/crops/crop_2026-01-14_14-58-36.top_right_CROPNUMBER_2_UUID_DROSO_10_LUT_28_M.jpg,0.567088607594937,3.1353125,55285,3.48317095703125,LUT,28,M,10,test
DROSO_10_EQU_28_M,0.94063800573349,00_data/02_resized/crops/crop_2026-01-14_14-22-40.top_right_CROPNUMBER_1_UUID_DROSO_10_EQU_28_M.jpg,0.632768361581921,2.809875,44946,2.8317735703125,EQU,28,M,10,test
DROSO_10_LUT_28_M,0.940708696842194,00_data/02_resized/crops/crop_2026-01-14_14-58-36.top_right_CROPNUMBER_1_UUID_DROSO_10_LUT_28_M.jpg,0.532066508313539,3.3416875,56913,3.58574131640625,LUT,28,M,10,test
DROSO_10_MEL_28_M,0.94092845916748,00_data/02_resized/crops/crop_2026-01-14_13-54-48.top_right_CROPNUMBER_1_UUID_DROSO_10_MEL_28_M.jpg,0.55860349127182,3.1829375,68412,4.310223234375,MEL,28,M,10,test
DROSO_10_SIM_28_F,0.941087245941162,00_data/02_resized/crops/crop_2026-01-14_11-09-18.top_left_CROPNUMBER_3_UUID_DROSO_10_SIM_28_F.jpg,0.547677261613692,3.2464375,67790,4.2710348046875,SIM,28,F,10,test
DROSO_10_LUT_28_F,0.941133797168732,00_data/02_resized/crops/crop_2026-01-14_14-58-36.top_left_CROPNUMBER_7_UUID_DROSO_10_LUT_28_F.jpg,0.630985915492958,2.8178125,54911,3.45960749609375,LUT,28,F,10,test
DROSO_10_VIR_28_M,0.941154599189758,00_data/02_resized/crops/crop_2026-01-14_15-32-39.top_right_CROPNUMBER_3_UUID_DROSO_10_VIR_28_M.jpg,0.42911877394636,4.143375,117172,7.382293703125,VIR,28,M,10,test
DROSO_10_LUT_28_F,0.941368162631988,00_data/02_resized/crops/crop_2026-01-14_14-58-36.top_left_CROPNUMBER_6_UUID_DROSO_10_LUT_28_F.jpg,0.4282982791587,4.1513125,84152,5.30190471875,LUT,28,F,10,test
DROSO_10_LUT_28_F,0.941991746425629,00_data/02_resized/crops/crop_2026-01-14_14-58-36.top_left_CROPNUMBER_5_UUID_DROSO_10_LUT_28_F.jpg,0.546341463414634,3.254375,88401,5.56960831640625,LUT,28,F,10,test
DROSO_10_EQU_28_F,0.942281663417816,00_data/02_resized/crops/crop_2026-01-14_14-22-40.top_left_CROPNUMBER_0_UUID_DROSO_10_EQU_28_F.jpg,0.510250569476082,3.4845625,65647,4.13601743359375,EQU,28,F,10,test
DROSO_10_MEL_28_F,0.94232189655304,00_data/02_resized/crops/crop_2026-01-14_13-54-48.top_left_CROPNUMBER_5_UUID_DROSO_10_MEL_28_F.jpg,0.534606205250597,3.3258125,85949,5.41512273828125,MEL,28,F,10,test
DROSO_10_LUT_28_F,0.942358732223511,00_data/02_resized/crops/crop_2026-01-14_14-58-36.top_left_CROPNUMBER_4_UUID_DROSO_10_LUT_28_F.jpg,0.511415525114155,3.476625,69638,4.3874660234375,LUT,28,F,10,test
DROSO_10_VIR_28_F,0.942592322826386,00_data/02_resized/crops/crop_2026-01-14_15-32-39.top_left_CROPNUMBER_2_UUID_DROSO_10_VIR_28_F.jpg,0.387543252595156,4.587875,143415,9.03570521484375,VIR,28,F,10,test
DROSO_10_VIR_28_M,0.942651629447937,00_data/02_resized/crops/crop_2026-01-14_15-32-39.top_right_CROPNUMBER_2_UUID_DROSO_10_VIR_28_M.jpg,0.378378378378378,4.699,122411,7.71237116796875,VIR,28,M,10,test
DROSO_10_MEL_28_F,0.942901492118835,00_data/02_resized/crops/crop_2026-01-14_13-54-48.top_left_CROPNUMBER_4_UUID_DROSO_10_MEL_28_F.jpg,0.48068669527897,3.698875,78619,4.95330410546875,MEL,28,F,10,test
DROSO_10_VIR_28_F,0.943290412425995,00_data/02_resized/crops/crop_2026-01-14_15-32-39.top_left_CROPNUMBER_1_UUID_DROSO_10_VIR_28_F.jpg,0.351648351648352,5.0561875,129390,8.1520754296875,VIR,28,F,10,test
DROSO_10_MEL_28_F,0.943930149078369,00_data/02_resized/crops/crop_2026-01-14_13-54-48.top_left_CROPNUMBER_3_UUID_DROSO_10_MEL_28_F.jpg,0.483801295896328,3.6750625,89966,5.6682094296875,MEL,28,F,10,test
DROSO_10_SIM_28_F,0.944520652294159,00_data/02_resized/crops/crop_2026-01-14_11-09-18.top_left_CROPNUMBER_2_UUID_DROSO_10_SIM_28_F.jpg,0.519721577726218,3.4210625,75112,4.73234940625,SIM,28,F,10,test
DROSO_10_EQU_28_M,0.944583177566528,00_data/02_resized/crops/crop_2026-01-14_14-22-40.top_right_CROPNUMBER_0_UUID_DROSO_10_EQU_28_M.jpg,0.674698795180723,2.63525,37175,2.34217021484375,EQU,28,M,10,test
DROSO_10_VIR_28_M,0.944590508937836,00_data/02_resized/crops/crop_2026-01-14_15-32-39.top_right_CROPNUMBER_1_UUID_DROSO_10_VIR_28_M.jpg,0.41635687732342,4.270375,124270,7.8294954296875,VIR,28,M,10,test
DROSO_10_MEL_28_F,0.94506174325943,00_data/02_resized/crops/crop_2026-01-14_13-54-48.top_left_CROPNUMBER_2_UUID_DROSO_10_MEL_28_F.jpg,0.492307692307692,3.6115625,80098,5.0464868828125,MEL,28,F,10,test
DROSO_10_MEL_28_M,0.945604383945465,00_data/02_resized/crops/crop_2026-01-14_13-54-48.top_right_CROPNUMBER_0_UUID_DROSO_10_MEL_28_M.jpg,0.545012165450122,3.2623125,65297,4.11396606640625,MEL,28,M,10,test
DROSO_10_VIR_28_F,0.946333348751068,00_data/02_resized/crops/crop_2026-01-14_15-32-39.top_left_CROPNUMBER_0_UUID_DROSO_10_VIR_28_F.jpg,0.305177111716621,5.826125,137187,8.64331688671875,VIR,28,F,10,test
DROSO_10_VIR_28_M,0.946364045143127,00_data/02_resized/crops/crop_2026-01-14_15-32-39.top_right_CROPNUMBER_0_UUID_DROSO_10_VIR_28_M.jpg,0.411764705882353,4.318,116656,7.3497836875,VIR,28,M,10,test
DROSO_10_SIM_28_F,0.946398019790649,00_data/02_resized/crops/crop_2026-01-14_11-09-18.top_left_CROPNUMBER_1_UUID_DROSO_10_SIM_28_F.jpg,0.577319587628866,3.07975,65362,4.1180613203125,SIM,28,F,10,test
DROSO_10_SIM_28_M,0.947128713130951,00_data/02_resized/crops/crop_2026-01-14_11-09-18.top_right_CROPNUMBER_0_UUID_DROSO_10_SIM_28_M.jpg,0.514942528735632,3.4528125,70727,4.45607727734375,SIM,28,M,10,test
DROSO_10_MEL_28_F,0.947637796401978,00_data/02_resized/crops/crop_2026-01-14_13-54-48.top_left_CROPNUMBER_1_UUID_DROSO_10_MEL_28_F.jpg,0.510250569476082,3.4845625,78272,4.93144175,MEL,28,F,10,test
DROSO_10_SIM_28_F,0.948024153709412,00_data/02_resized/crops/crop_2026-01-14_11-09-18.top_left_CROPNUMBER_0_UUID_DROSO_10_SIM_28_F.jpg,0.545012165450122,3.2623125,73271,4.61635921484375,SIM,28,F,10,test
DROSO_10_LUT_28_M,0.948647141456604,00_data/02_resized/crops/crop_2026-01-14_14-58-36.top_right_CROPNUMBER_0_UUID_DROSO_10_LUT_28_M.jpg,0.702194357366771,2.5320625,55464,3.49444865625,LUT,28,M,10,test
DROSO_10_LUT_28_F,0.94886702299118,00_data/02_resized/crops/crop_2026-01-14_14-58-36.top_left_CROPNUMBER_3_UUID_DROSO_10_LUT_28_F.jpg,0.497777777777778,3.571875,55598,3.5028911796875,LUT,28,F,10,test
DROSO_10_LUT_28_F,0.949119567871094,00_data/02_resized/crops/crop_2026-01-14_14-58-36.top_left_CROPNUMBER_2_UUID_DROSO_10_LUT_28_F.jpg,0.48590021691974,3.6591875,79739,5.02386848046875,LUT,28,F,10,test
DROSO_10_LUT_28_F,0.949170231819153,00_data/02_resized/crops/crop_2026-01-14_14-58-36.top_left_CROPNUMBER_1_UUID_DROSO_10_LUT_28_F.jpg,0.475583864118896,3.7385625,72004,4.536533265625,LUT,28,F,10,test
DROSO_10_LUT_28_F,0.94960218667984,00_data/02_resized/crops/crop_2026-01-14_14-58-36.top_left_CROPNUMBER_0_UUID_DROSO_10_LUT_28_F.jpg,0.48590021691974,3.6591875,64457,4.06104278515625,LUT,28,F,10,test
DROSO_10_MEL_28_F,0.954642951488495,00_data/02_resized/crops/crop_2026-01-14_13-54-48.top_left_CROPNUMBER_0_UUID_DROSO_10_MEL_28_F.jpg,0.503370786516854,3.5321875,80981,5.10211933203125,MEL,28,F,10,test
